display_id,patient,task,word,category,mds1,mds2,mds3d_1,mds3d_2,mds3d_3,pc1,pc2,pc3
NUEx041,AA,picture,mouse(object/tool),object/tool,0.300671977279915,-0.2467692136289246,0.2957224374197357,-0.1431248627644957,-0.2021075331048697,2.015712409044728,-1.6100775549651196,-0.7790195895527126
NUEx041,AA,picture,nose,body part,0.0807460223697261,-0.2051770103126811,0.0651526451681842,-0.0754181479609558,-0.1937505636401453,2.3251277437189146,-0.2189217860995689,0.4739947356430072
NUEx041,AA,picture,nut(object/tool),object/tool,0.0451766222987296,-0.0010203363504018,0.0679630795229478,0.0389843963364699,0.0193950250400889,-0.1057139961919456,-0.5827145440963847,-0.7284046463047071
NUEx041,AA,picture,toe,body part,-0.0267291404251019,-0.3961543929953331,0.1216438551007872,0.0961152745411208,-0.3621530716145556,3.255686905769268,0.5876570625549082,-1.9038118225550424
NUEx041,AA,picture,nose,body part,0.0082341769559406,-0.0567569116632059,-0.0081086719813543,-0.0247985165352453,-0.0591945502421196,0.5442010309082769,0.2476505485468607,0.2941378382137519
NUEx041,AA,picture,lock,object/tool,0.0062102119134971,0.0606203110135743,0.0414560907805659,0.0424270954843023,0.0579401075790421,-0.4183020268916531,-0.4131955357371946,-0.6258012370576881
NUEx041,AA,picture,nail(object/tool),object/tool,-0.0865185537596522,-0.1080961844361705,0.0698617465602907,0.118201616310731,-0.0461099070203547,0.3382145182246101,-0.040560571222951,-1.1636954665535426
NUEx041,AA,picture,bat(animal),animal,-0.078381787847013,-0.0484384801567836,-0.0615785713173101,0.0551338370301941,-0.0524536747273097,0.0792235313136211,0.7678020640131887,-0.1507382343612385
NUEx041,AA,picture,key,object/tool,0.0688049291964994,0.0795981405423437,0.0746064657550307,0.013675799684815,0.0808285353702609,-0.5287200231103351,-0.9045682598705764,-0.5506218045483988
NUEx041,AA,picture,ladder,object/tool,-0.1426360032938471,0.0158834541283865,-0.0368265782653294,0.1350870581398184,0.0209047706771879,-0.5225394407529432,0.6759395691294111,-0.9742238600267512
NUEx041,AA,picture,dog,animal,-0.0351017130457585,-0.0492407348765235,-0.0488239864049386,-0.0023186814292636,-0.0550379399762413,0.3374876643550582,0.6912597539721367,0.1329359039841393
NUEx041,AA,picture,deer,animal,0.115001623905247,-0.0977839888892467,0.0150955665706646,-0.1314402621777893,-0.0853916235579978,1.0187829080474105,-0.3687257037765101,1.496756771157558
NUEx041,AA,picture,ladder,object/tool,-0.0116504502949794,0.1254999569267715,-0.0733604213303056,-0.0505204049520013,0.0940472513356878,-1.131213884496536,0.1633813317054998,1.0471168301058202
NUEx041,AA,picture,hammer,object/tool,0.0759522444710701,-0.0621902194132732,0.0833291757142777,-0.0312157687400914,-0.0458313521334298,0.5647504437964356,-0.5412567727803267,-0.3903535069782426
NUEx041,AA,picture,mouse(animal),animal,0.0008930671469834,0.0252644174636257,-0.0128185593970115,-0.0108595049443778,0.0216629225312522,-0.2990054366381284,-0.0091152738679133,0.2242364007377104
NUEx041,AA,picture,ear,body part,0.0492097989095553,-0.27294791607891,0.1048583951590071,-0.0009472936823034,-0.2530009763374297,2.3692232850544475,-0.0887675553626011,-0.710860637530736
NUEx041,AA,picture,knife,object/tool,0.0941190519517769,-0.008750789457184,0.1009476008476119,-0.0089980743009832,0.0107223738814962,0.1684848705403129,-0.9210389110312472,-0.4166274087878047
NUEx041,AA,picture,deer,animal,-0.0138060781690828,-0.0643202596856291,0.0182856348109481,0.0431155017478299,-0.0547008947666458,0.2833924699255873,0.1859035292568606,-0.2336413808316708
NUEx041,AA,picture,milk,food/fruit,-0.0539254068480984,0.0350735888264538,-0.0966680940017701,-0.0496638085833032,0.0131933363706531,-0.3272608327679223,0.690318706661013,0.996624978626801
NUEx041,AA,picture,nut(object/tool),object/tool,-0.0857289926550362,-0.1057508712449445,0.1063594898678975,0.1098979475832883,-0.0091212718980585,0.0770299801631258,-0.3477196592785463,-0.9826724110974584
NUEx041,AA,picture,knife,object/tool,-0.1486296911153475,-0.0898655288909904,0.0950769274023614,0.150370521009593,-0.0096439526343826,0.1853704341588787,-0.2786362540765422,-1.7322610640601612
NUEx041,AA,picture,nut(food/fruit),food/fruit,-0.034898509698847,0.0397921427840123,-0.0247934276627611,0.0264044615880844,0.0394760274343882,-0.5044453266620427,0.213891658749137,0.0101243098126697
NUEx041,AA,picture,deer,animal,-0.0262326983660693,0.0145567198591311,-0.0354817138966235,0.014707601035738,0.0100257436782774,-0.3210335597106931,0.2727602818638456,0.4471695000708499
NUEx041,AA,picture,head,body part,0.0010242421811523,-0.0120112379003003,0.0007825409074138,-5.4217990372537065e-05,-0.0113501134490947,0.0715920628275518,0.0570540506807163,0.0640521847315442
NUEx041,AA,picture,saw,object/tool,-0.2273457654960577,0.1196070149579975,0.2130675454773413,0.0782030415790037,0.1055616954305652,-0.3585417527633989,-1.592744346078934,-1.3194853748798272
NUEx041,AA,picture,cookie,food/fruit,-0.0162069867122594,0.0080486010099827,-0.0281434785342788,-0.0057426161799963,0.0025414138055724,-0.0980972621410451,0.2700436198017881,0.1433317151461963
NUEx041,AA,picture,wrench,object/tool,0.2563564653471233,0.0451102792620285,0.2468969657774664,0.0069358344891959,0.0706672024354434,0.0612398998607595,-1.816845641343696,-1.017223102519229
NUEx041,AA,picture,head,body part,0.0438684804938902,-0.065721218629061,0.0747431278399316,0.0138910622818416,-0.0425836335009104,0.5235796253375089,-0.4555520613600902,-0.5278303196200776
NUEx041,AA,picture,book,object/tool,-0.098071369852863,0.0488661571754175,-0.0939488548338994,0.0529180964909267,0.0294721978545827,-0.4466165901645521,0.7341721793135211,-0.2778379403168802
NUEx041,AA,picture,muscle,body part,-0.1155991719649235,-0.2522754312399116,-0.1141877273374841,0.0152231497789039,-0.2501635075476068,1.3828692482958342,1.2041316723416604,-0.1988538310554919
NUEx041,AA,picture,bat(object/tool),object/tool,-0.185485620170551,-0.0879410547423369,0.1548374613915918,0.1348711662625308,0.0285925683872944,-0.0724900360055752,-0.7962712696480961,-1.531051626634348
NUEx041,AA,picture,fly,animal,-0.0752574409815158,-0.0377636049135909,-0.0803118545188376,0.0291021051302729,-0.043769114907297,-0.0234895539949303,0.9912435716592676,0.3357642245697815
NUEx041,AA,picture,mouth,body part,-0.0116679433620902,0.0377640998655049,-0.0051120265641641,0.0151366959088899,0.0378882710317407,-0.5567295055865494,-0.0144348578515058,-0.1237372947227809
NUEx041,AA,picture,cow,animal,-0.1581510202901919,-0.0238834174899381,-0.1628512671070664,-0.0331140718976539,-0.0217100396348456,-0.3371921869350194,1.0327119806725864,0.8548581039459228
NUEx041,AA,picture,mouse(animal),animal,0.0522010572937569,0.0459817400688307,0.063917320603001,0.0188359493494697,0.0505117840293519,-0.3194536762696909,-0.7112027425159755,-0.5104994747529286
NUEx041,AA,picture,bat(object/tool),object/tool,0.0377778136796487,0.0614475343890186,-0.091683973531832,-0.0380111253645781,-0.0042979843666726,-0.2472157368878751,0.1054156664952451,-0.1792099957432651
NUEx041,AA,picture,bat(animal),animal,-0.0108957681776699,0.0217990668487488,0.025332997801152,0.0386321606352586,0.0301069918698591,-0.2853973785086856,-0.2529858425180347,-0.6799783082056655
NUEx041,AA,picture,cat,animal,-0.0629128772219435,-0.1632872352117082,-0.0865923757157247,-0.0255098493699418,-0.1518881279019368,1.188236241954986,1.2620606808361017,0.4939590324911582
NUEx041,AA,picture,nut(food/fruit),food/fruit,-0.0788944746280971,-0.1091443945185766,0.0095597767345715,0.105104090380654,-0.0857781133587679,0.5457119074143671,0.5650954169549703,-0.7267909693183584
NUEx041,AA,picture,muscle,body part,-0.0057856317222282,-0.3561870141453865,0.0696544313166112,0.0443773186361197,-0.3435227501812876,2.79823928125407,0.6218330345090609,-1.1371535126087486
NUEx041,AA,picture,saw,object/tool,-0.1056555497886196,0.0348234434960298,-0.0050524041715234,0.1057018581951513,0.047333262976321,-0.5379296767287146,0.3356285625361201,-0.5399477345252731
NUEx041,AA,picture,hammer,object/tool,0.0664378765837804,-0.0440720378786374,0.0934864950424391,0.0217587214465197,-0.0128998809271394,0.2686213456112004,-0.5770742401004689,-0.4005094649803159
NUEx041,AA,picture,book,object/tool,-0.1306379467876198,0.1035208021564716,-0.1292191528514971,0.0675270701233382,0.07947887010287,-1.1538411263890211,1.150567732355208,-0.1725405525002264
NUEx041,AA,picture,bear,animal,-0.1024919325345966,-0.0022444709795753,-0.0800030125318247,0.0686391027043361,-0.0098348171361211,-0.2612063851711126,1.157951822494504,-0.3282421746171928
NUEx041,AA,picture,mouse(animal),animal,0.117924326398181,-0.0150342060504347,-0.0497168569320949,-0.1299080105213204,-0.0182231719259756,0.1401277131764462,0.0193859752109753,0.9770449417641508
NUEx041,AA,picture,cookie,food/fruit,0.0202971917349402,0.0629310984823872,0.0102144933487265,-0.017839028206131,0.0638926923769258,-0.6762848908700947,-0.5140518231300707,0.2914084980816511
NUEx041,AA,picture,leg,body part,0.1530431585760339,-0.1951659559714424,0.1915183382994901,-0.0191808247522145,-0.1535333890516008,1.807235585109816,-0.954216898466988,-0.3270136801181789
NUEx041,AA,picture,bird,animal,-0.0134116050031908,0.0492398211907937,-0.0171878272745086,0.0037996973908657,0.0470090446014018,-0.6288147955992353,0.0155188749987535,0.1205791607476104
NUEx041,AA,picture,bird,animal,-0.0111931679314502,-0.0467684945977179,-0.0190757251539734,-0.0002057749945099,-0.0507190101715231,0.2719844401599504,0.3820952509113337,0.25369885804694
NUEx041,AA,picture,milk,food/fruit,0.1846636171378722,0.0803574195961935,-0.0653722938512158,-0.1902515028294721,0.0109047710214751,0.0283579090401558,-0.2462100032859051,1.6330381926481243
NUEx041,AA,picture,toe,body part,0.1082787845722784,-0.4428351132376604,0.0517270359629056,-0.149958985456112,-0.4245467151780313,4.576526649595978,0.8337246023691067,1.0713542390461783
NUEx041,AA,picture,hand,body part,0.0570559356532502,-0.136308751136545,0.0796027171510477,-0.014183569281501,-0.1213923695324998,1.559144648586254,-0.4366941300374031,-0.3455817199858793
NUEx041,AA,picture,car,vehicle,0.0176699904259963,0.1825220550839396,0.0018961973571738,-0.0368845184461003,0.1751643266431438,-1.008134568599563,-0.5901727121774419,0.1681447847984908
NUEx041,AA,picture,flower,nature,-0.0365038174632241,0.1027063454472534,-0.0211253707428591,0.0402339285148046,0.0988383279933224,-0.9984778214696624,0.0120545213880203,-0.23289094925488
NUEx041,AA,picture,nut(object/tool),object/tool,0.1634265537287036,-0.0788480608004996,0.137233874001133,-0.0996401606644663,-0.0589914321016583,0.9699954582016668,-1.2967171322191446,0.2291272960768266
NUEx041,AA,picture,wrench,object/tool,0.0047918559435662,-0.0898266597547336,0.0892811162183071,0.0802380887453463,-0.0218803261795691,0.1080980307793176,-0.176329909563828,-0.5072995775030574
NUEx041,AA,picture,cow,animal,0.0401103610725046,-0.0327430128594388,0.0196015222906523,-0.0420455081170848,-0.0311013995095866,0.5171652456753173,-0.2817066875238748,0.434701123361313
NUEx041,AA,picture,mouth,body part,-0.0048648366129868,-0.0791343206581154,-0.0092511519047977,-0.0066174881468209,-0.0806581765891923,0.8013784921361071,0.4099349719342809,0.0252544808377173
NUEx041,AA,picture,hurricane,nature,0.0337332137949684,0.0285859956576241,-0.0297092177979462,-0.0696667068981911,0.0148484912622861,-0.1245842595164627,-0.0467069076241761,0.7552465456389952
NUEx041,AA,picture,lock,object/tool,0.0643966339605975,0.0980446392447584,0.0491502795469567,-0.0283947116613893,0.1004207664232819,-0.7450962794145171,-0.8322641677627329,0.1174865336586813
NUEx041,AA,picture,island,nature,-0.0361111502988646,-0.0963631491269013,0.0174074233117598,0.0553116425064923,-0.0855034497126609,0.6852907664115759,0.2178579630732185,-0.736108132720493
NUEx041,AA,picture,leg,body part,0.0481828918233734,-0.2372575308326982,0.0644376255098731,-0.0377057068625457,-0.2270283014124766,2.491022971436976,0.0851839449465032,-0.0839250532698976
NUEx041,AA,picture,bus,vehicle,0.0168131924815869,0.0216911260023574,0.014568857653428,-0.0067526606769887,0.024009078082808,-0.2258922246805947,-0.3937995198603629,-0.0348240649249977
NUEx041,AA,picture,tree,nature,0.0886493504901441,0.0124662073855364,0.0505643212638412,-0.0840442300426067,0.0217137316007294,0.0502636336895789,-0.5028981891891173,0.0080015926256494
NUEx041,AA,picture,island,nature,-0.0368532157464003,0.1789867996910937,-0.0074207359860566,0.0528949391651984,0.169184659201539,-0.8869448184035408,-0.1315378494278739,-0.3551312578551625
NUEx041,AA,picture,crane,vehicle,0.018013250418026,0.1466992984094203,0.0128605892151742,-0.0227321617024987,0.1418501966670909,-0.9361838474336516,-0.6111461489102872,0.1267880935311589
NUEx041,AA,picture,mountain,nature,-0.1694548783957026,0.058616801517835,-0.0802155155343201,0.1465491822507806,0.0566065412638661,-0.8842960841825143,1.0158630141588998,-0.99684317898175
NUEx041,AA,picture,dog,animal,-0.0256832868597561,-0.1616830653954802,-0.0467207266016035,-0.0525925176325518,-0.1491756941008423,1.088345007454607,0.410025080068263,0.0253494529539987
NUEx041,AA,picture,subway,vehicle,-0.218848485836565,0.0601532236264558,-0.1159046265548484,0.1825515790629202,0.0559135501042051,-0.8838783316337329,1.2743540952637733,-1.30941189566757
NUEx041,AA,picture,bed,object/tool,0.1132570008157023,0.1698089179258699,0.11602363273201,-0.0023269492636106,0.1622264834036861,-0.7825795956767577,-1.2024995368912876,-0.6015546474965701
NUEx041,AA,picture,boat,vehicle,0.110901109514746,0.0640263039020654,-0.007369039297711,-0.1266370413800887,0.0393700218070631,-0.2058817206809337,-0.5231190056385236,0.6485709947177989
NUEx041,AA,picture,saw,object/tool,0.1374416826302293,0.0130416123554697,0.1145395737801696,-0.070586394910299,0.027077677313002,0.1413606215969347,-1.3878537171358627,0.3619572583633852
NUEx041,AA,picture,nut(food/fruit),food/fruit,-0.0049492396293523,0.0643155834834774,-0.0261020093593697,-0.0200597964575209,0.056990669380116,-0.6170407963360953,-0.0932779256309643,0.2657763719572626
NUEx041,AA,picture,leg,body part,0.1363949088924345,-0.2873925219395197,0.121700455283497,-0.1105679092496413,-0.268473771693157,3.032618702807986,-0.5980511572113072,0.2883054272402511
NUEx041,AA,picture,deer,animal,-0.0755417042041587,-0.0191588828380895,-0.0771648388599757,0.0328722650807504,-0.0265373686616851,-0.1125184731882904,0.9051366910385704,0.1422782979573457
NUEx041,AA,picture,knife,object/tool,0.1109219851776609,0.1234346512134955,0.0863634667742044,-0.0555344207677629,0.1261804258485094,-0.8169701827801583,-1.4813727341802754,0.2554816331932721
NUEx041,AA,picture,pear,food/fruit,0.112081038967833,0.0152782597406902,-0.0061500818729938,-0.1236472385272092,0.0071215784723841,0.0250678201062529,-0.2973834671434859,0.1092177006864088
NUEx041,AA,picture,train,vehicle,-0.0517070886710997,0.0994033012198025,-0.0904408339125904,-0.0164444822996595,0.0718764953459626,-0.8791374094177568,0.4884908801440902,0.507254521686963
NUEx041,AA,picture,mountain,nature,-0.1225540410419252,0.0884334569164553,-0.1310928057300228,0.0484987100308709,0.0606636942427105,-0.9096621325407118,1.0989703210395492,-0.0721701204377865
NUEx041,AA,picture,head,body part,-0.0685252924208752,-0.0629663171413662,-0.0531558252770684,0.0523192454064273,-0.0662373605398673,0.1171260317258725,0.5478727894383251,0.1333715448992168
NUEx041,AA,picture,bat(animal),animal,-0.0590783384150587,-0.0037689375874792,-0.0761136071920052,-0.0017955928567826,-0.0129032389515339,-0.1131604674787743,0.5673016599741284,0.2521902779536184
NUEx041,AA,picture,nut(food/fruit),food/fruit,0.1328344425113134,-0.0011279585152252,0.1096661975232041,-0.0719149707888111,0.0112663505311967,0.2468832079363503,-1.203101318245987,0.347793719317627
NUEx041,AA,picture,leg,body part,-0.0027036161324521,-0.3286693212242764,0.0395618070507873,0.0119142323693908,-0.3233026640594968,3.2818309710191413,1.0537804499160544,-0.4795881854394997
NUEx041,AA,picture,nose,body part,0.0446721125456903,-0.1115169283790494,0.0092338637852693,-0.0606032867946864,-0.1066116255363464,1.1692360784111338,0.1142020847978865,0.6503156622637124
NUEx041,AA,picture,tree,nature,0.0357008000362882,0.1889237158619649,-0.01456026416393,-0.0565348202324507,0.1790752552717215,-1.5811664191630996,-0.8284720944616033,0.6799777976842267
NUEx041,AA,picture,hammer,object/tool,0.0407912588497457,-0.1205441389690914,0.0868469413253591,0.0368141023746795,-0.0937028771799868,0.7474887283260022,-0.1350540273250285,-0.2493391051207098
NUEx041,AA,picture,bear,animal,0.1134416439886233,-0.0318419016469369,-0.0652024526905059,-0.1262258807193092,-0.0282920296854706,0.2063164900399641,0.1363603794432011,1.5237847297239888
NUEx041,AA,picture,river,nature,-0.172117151727165,0.2691331264409002,-0.0322588173492041,0.1708580627693444,0.262289016118941,-1.4065689067847569,0.0633607648249967,-1.192151092719541
NUEx041,AA,picture,bat(object/tool),object/tool,-0.0454897172089939,-0.1300309563974846,0.071139024669305,0.0976612958016674,-0.0810427225913484,0.5150247243526814,-0.0416901250533844,-0.8656729665680529
NUEx041,AA,picture,flower,nature,0.0439089214846256,0.1085073357573833,-0.0701756858188335,-0.1033304341179525,0.0401013828573421,-0.3334434945358055,-0.0082863249216013,0.8571123923023958
NUEx041,AA,picture,mouse(animal),animal,-0.011286204638698,-0.0785518676018075,-0.0710094772719745,-0.0656944099810468,-0.0626026537850113,0.3135876538027543,0.5008194152559193,0.878814069400243
NUEx041,AA,picture,banana,food/fruit,-0.0258827123367595,0.0577372652855885,-0.0429043023987225,0.0015249319948406,0.0499599490969881,-0.7543212672659931,0.241561609071913,0.285561034568997
NUEx041,AA,picture,boat,vehicle,-0.0580505609592873,0.0378304190318802,-0.0643675105922069,0.0262071930407277,0.0264235859292907,-0.5240673114552638,0.541593836945393,-0.054993405117709
NUEx041,AA,picture,bat(animal),animal,0.0059331473685434,-0.0541687206180595,0.0126587069082513,0.0007576772462226,-0.0525707888052989,0.6120925604690525,0.1170888543163401,-0.1716449150924419
NUEx041,AA,picture,saw,object/tool,0.0624125344038542,-0.009132411471,0.0740264269599246,0.0013441707033748,0.0066720566349243,0.127196874434616,-0.7229359249415714,-0.3499340507965526
NUEx041,AA,picture,bat(animal),animal,-0.1012289009105375,0.0259774907167696,-0.0443529740270396,0.0919587700699747,0.0257697828750884,-0.5744179060971165,0.710797109732406,-0.8297550630763556
NUEx041,AA,picture,bat(object/tool),object/tool,0.0725106170559001,0.0335741281754209,0.0778897789658394,0.0006853837364696,0.0432014048550778,-0.2026753405163395,-0.9057998308732982,-0.3627839699084546
NUEx041,AA,picture,cherry,food/fruit,-0.0971634017955868,0.0744160290863394,-0.0070576044772127,0.091650207271006,0.0805822944038247,-0.5835803282308433,0.2005021616764196,-0.5287653052616483
NUEx041,AA,picture,cat,animal,-0.015718805396887,-0.172192619778295,-0.0573593739927264,-0.0401974682224921,-0.1614871743805476,1.3535603335056408,0.997896415801358,0.8406512506070011
NUEx041,AA,picture,hand,body part,0.1473130421732314,-0.2070425805927408,0.2021419231181441,0.0162442306570448,-0.1518254743597688,1.6414389842277968,-0.9060107441746712,-0.866667122043789
NUEx041,AA,picture,shark,animal,-0.0022664337585642,0.0864253403449016,-0.0032178700912826,0.0101563590884253,0.0849998874958925,-0.956770327333361,-0.2648625074868131,0.0062646820553805
NUEx041,AA,picture,bike,vehicle,0.1041876561435024,0.0389387456452981,0.101363574474591,0.0552476034945031,0.0420671095342496,-0.2538227854572432,-0.4196472456295498,-0.2397694722756493
NUEx041,AA,picture,toe,body part,0.0629909052203031,-0.2475835872240275,0.088892186014281,-0.0374218295174179,-0.2327686480313628,2.6193320623004173,-0.1111890465875264,-0.2436984590757357
NUEx041,AA,picture,crane,vehicle,0.1532596188661094,0.1507928697296549,0.1686230148741025,0.0676409471159408,0.1059713488561968,-0.458749305529609,-1.411751708971178,-1.149458110550962
NUEx041,AA,picture,bird,animal,0.0311891644045645,0.0198338826338867,0.0388164606949417,-0.000719686682588,0.0289554269608652,-0.2195082861797221,-0.51736236368539,-0.0743322319832021
NUEx041,AA,picture,bus,vehicle,-0.1413130240741712,0.1551594750790732,-0.1277872347483445,0.0898331300708202,0.1355632911632207,-1.3428968890973685,0.8920062281110138,-0.4636146347647721
NUEx041,AA,picture,sky,nature,0.0305283009594532,0.1366225375827023,0.0100812066305729,-0.0285453577128503,0.1333060690236312,-0.9541827090551456,-0.5384617205295394,0.2804189265551698
NUEx041,AA,picture,mouth,body part,0.0244074622839162,-0.0765014207932196,0.0252071741913881,-0.0173397156647277,-0.0729784921665703,0.9880744270003652,-0.0343566290807023,0.1200325063748917
NUEx041,AA,picture,sky,nature,-0.0446605740149496,0.056709571482835,-0.0452580272799795,0.0270151463926462,0.0504425932142652,-0.6827756229016663,0.3526159922786249,-0.1268030193516207
NUEx041,AA,picture,milk,food/fruit,0.1367405993664203,-0.0789212467522966,0.0510346363940351,-0.1312967789168001,-0.0753244933921743,0.7538036731666377,-0.5174341593443814,0.2893418082237051
NUEx041,AA,picture,boat,vehicle,0.0404105967926958,0.0233588359387279,0.016882122790586,-0.0494735319580157,0.0234902046112106,-0.0377284557639148,-0.4448155447845551,0.2457959573431944
NUEx041,AA,picture,banana,food/fruit,0.0607826369048208,-0.1494115761832705,0.1025642579651981,0.0051587380140836,-0.1246273518050631,1.4124576291763506,-0.436374522315579,-0.5348781683491046
NUEx041,AA,picture,nail(body part),body part,0.1788758857317753,-0.2721522873472533,0.0802142644365052,-0.1792194201623821,-0.2549778082854118,2.147177255411414,-0.433811667988304,0.1382530039039051
NUEx041,AA,picture,beach,nature,-0.0455549391169561,0.1388363441983575,-0.0654561120860718,0.0125290910925705,0.128271722609642,-1.4170937435867077,0.1800714454637103,0.1302566891326741
NUEx041,AA,picture,train,vehicle,-0.0893382399086781,0.1392225908049614,-0.1092424651600581,0.0320639286149878,0.118349936199916,-1.3706125921997512,0.655143381763058,0.0791346047977372
NUEx041,AA,picture,book,object/tool,0.0463937992390551,0.1420685300999194,-0.0089643541110665,-0.0643690650335595,0.1321642076811373,-1.0576082213625408,-0.6507390144618256,0.5115780100334321
NUEx041,AA,picture,ear,body part,0.0938470390978508,-0.232843352745479,0.0836630863119109,-0.0747274817764739,-0.2211867658589718,2.646615317768544,-0.310342779888275,0.4256389041594516
NUEx041,AA,picture,crane,vehicle,0.0429315354337743,0.0595205416613882,0.0433112188817682,-0.0037939771518963,0.0628098122880689,-0.4967965956302614,-0.7690574761028247,-0.2436611415045471
NUEx041,AA,picture,mouse(object/tool),object/tool,0.0889379711273173,-0.032350614069,0.0742905443342467,-0.0574820111200208,-0.0202582628741761,0.518258994664701,-0.988636005373461,0.2712912405064395
NUEx041,AA,picture,subway,vehicle,-0.0528984445327458,0.1134087463606101,-0.0845398599337328,0.0086994526479994,0.0944975069194356,-0.9414848458167716,0.3268629371241662,0.083249535415335
NUEx041,AA,picture,airplane,vehicle,-0.0253570121371479,0.0393256607890542,-0.0308895528584126,0.0081884104053344,0.0366355236973506,-0.5631873950644672,0.2857403442943224,0.2632791643259066
NUEx041,AA,picture,cow,animal,0.0220808427078063,-0.0259083136451485,-0.0104254791354558,-0.0446393567533897,-0.0275472205669386,0.2763584378319734,0.0531474174418747,0.811059232809687
NUEx041,AA,picture,orange,food/fruit,0.1251508730874309,-0.0023069386670252,0.088180688010822,-0.0952069109904094,0.0273321235108512,0.1129170241529456,-0.5167188986413024,0.3103054725069749
NUEx041,AA,picture,mouse(animal),animal,-0.0043520953277211,-0.0301888728085163,-0.0187107589317656,-0.0169268030756427,-0.0335494882678838,0.39671606725644,0.3393020703407565,0.3781821887089104
NUEx041,AA,picture,pizza,food/fruit,0.1462436951113023,0.1734308847241222,0.0532973545223618,-0.1415437036044799,0.1622189999243786,-0.8985187164313293,-1.4049683793257928,1.016221077103041
NUEx041,AA,picture,shark,animal,-0.1237589986208834,0.044756560986105,-0.0538627290767762,0.1109095744382836,0.0427464463608776,-0.752220247776856,0.6579103122117544,-0.6429237723022471
NUEx041,AA,picture,lemon,food/fruit,-0.0017870535141463,-0.0206039467281052,0.0067007205749579,0.0080251445566895,-0.0175650665212973,0.2205483510663478,0.1052379885849738,-0.0590924143717189
NUEx041,AA,picture,cookie,food/fruit,0.1759202077064353,0.0562433412123385,0.1056471775775732,-0.1352447738830873,0.0606116184516082,-0.0172466189584974,-1.7385931453518353,0.9106949589060364
NUEx041,AA,picture,lock,object/tool,0.0296648647296296,-0.0085805107800318,0.0494004683037707,0.0218615371157706,0.0060621604040293,-0.0465587939265838,-0.3825728326245945,-0.3041226154342852
NUEx041,AA,picture,bike,vehicle,-0.0033404827800898,0.0276247137496932,-0.0098059783763605,-0.0037179071080745,0.025702616818411,-0.3507133329278094,-0.0220870789176791,0.1543877255651019
NUEx041,AA,picture,lung,body part,-0.0010100988861614,-0.1114852851340254,0.007794791484922,-0.000371020037472,-0.1096555175223505,1.135956658381989,0.3689726456488056,-0.1206744740970822
NUEx041,AA,picture,nail(body part),body part,0.1373753818760309,-0.224400824273476,0.1215652212155486,-0.1025675886160323,-0.2056492266122492,2.572261839214796,-0.8410855158492443,0.6388007076187646
NUEx041,AA,picture,muscle,body part,-0.2010177137210125,-0.1971393979363828,-0.043366705594555,0.2029165902398443,-0.184372189558227,0.8524906852997982,1.1018146855817923,-1.537013094818623
NUEx041,AA,picture,tree,nature,-0.0602648803760203,0.1132368960546109,-0.0823906607536354,0.0106391132123687,0.0981266183523229,-1.21923248904325,0.511206371972878,0.2601293392711052
NUEx041,AA,picture,book,object/tool,0.2038930161671214,0.0198978382074446,0.1631027323312794,-0.1122199454372786,0.0394801082482189,0.2852920869274317,-1.9354961956596488,0.3363257529461237
NUEx041,AA,picture,train,vehicle,0.0080944697916637,0.0432713968513083,-0.0166978919584016,-0.0252129860402291,0.0386574164281955,-0.4874834406861155,-0.1130385652167491,0.516878177475776
NUEx041,AA,picture,river,nature,-0.0789658767529344,0.0960420669844126,-0.0751885949491266,0.0492799515356259,0.0853731114656198,-1.0931066972561658,0.5850850753934688,-0.0636254556954257
NUEx041,AA,picture,bear,animal,-0.0210486444676431,-0.0222692160474687,-0.0485253185777283,-0.0244213043738122,-0.0272253030396822,0.113841045417381,0.6036454605539331,0.7640897882966892
NUEx041,AA,picture,leaf,nature,0.1517564544773403,0.1087282713416157,0.1308818787433768,-0.0573866318562784,0.1132363716380906,-0.5691988371272789,-1.6993914493914506,0.1645492385387593
NUEx041,AA,picture,beach,nature,-0.0435867641629699,0.0431083849470803,-0.0490235536939307,0.0162672713150821,0.0346532664504454,-0.5717362002322869,0.4945633482898627,-0.0062738910394961
NUEx041,AA,picture,bed,object/tool,0.0246529716628537,0.0662267289648353,-0.0580124825317047,-0.0703299404017403,0.0293042494452626,-0.2518556038325608,0.0658732601727979,0.313972885023737
NUEx041,AA,picture,leaf,nature,-0.0116674451631731,0.003069099843358,-0.0101043554142498,0.0102553808605396,0.0015405672284831,-0.1205932807214726,0.1203078300539503,-0.1188830614010114
NUEx041,AA,picture,chair,object/tool,-0.120756756173634,0.1064912135770677,-0.0626949279254585,0.1048855622284311,0.1007257074641302,-1.2868216564073285,0.6484252501433924,-0.582385505487282
NUEx041,AA,picture,pear,food/fruit,0.0749989874730543,0.1062244658777375,0.045184296054356,-0.0610993964029674,0.1033788869629078,-0.6448087931234482,-0.8796395567323365,0.3869017146103211
NUEx041,AA,picture,banana,food/fruit,-0.0476481994932618,0.0138090546129981,-0.0641495774557586,0.017473070282559,0.004611479916725,-0.3673074226503376,0.5270762215284153,0.1859131356536515
NUEx041,AA,picture,truck,vehicle,-0.0369963644800015,-0.0081468273098339,0.021945913954075,0.0651878687524293,0.0152265624730811,-0.2986434268488187,-0.0160068415661846,-0.3397771343936943
NUEx041,AA,picture,hill,nature,-0.0820137410385615,0.2833214799780024,-0.1943991300699733,-0.0778307860951926,0.2022276640816075,-1.1279888262791506,0.2977874954427139,0.1320654735549903
NUEx041,AA,picture,fly,animal,-0.0280578165779123,-0.010344673942949,-0.0407674670195038,-0.0067052222016475,-0.0155165869250727,-0.0967542480235444,0.2304033544189634,0.1817371835020479
NUEx041,AA,picture,river,nature,-0.0015801255399124,0.0912731729437394,-0.0093178986020848,-0.0054705003400009,0.0884544718527979,-0.9144160818700008,-0.2971758639731301,0.1044927694286208
NUEx041,AA,picture,cat,animal,-0.0220710223098616,-0.0470268639575077,-0.0044968912102043,0.0209858740109058,-0.0476044254890383,0.3916103278183909,0.2527107309058911,-0.1993180915572823
NUEx041,AA,picture,cherry,food/fruit,0.1665685367315713,-0.0697985109775686,0.0030679156193685,-0.1707128027986101,-0.0712409399167697,0.7580757073790306,-0.3507175010652688,0.9555238435654037
NUEx041,AA,picture,mouse(animal),animal,0.0123951352331104,0.0129737296532742,-0.0410779106820369,-0.0530551045102836,0.0007672789898195,-0.0597813576728015,0.123354827130747,0.3815201464651178
NUEx041,AA,picture,head,body part,0.0846782032811976,-0.05252989393404,0.0724583559596359,-0.0645178759998061,-0.0364550849654911,0.6082666646532996,-0.7001043322180677,0.4030374359543677
NUEx041,AA,picture,dog,animal,-0.0505629898887612,-0.0510454277547782,-0.0843395086136027,-0.038801382766875,-0.0469263209209682,0.1359058009286445,0.6647829740611814,0.543948843989255
NUEx041,AA,picture,fly,animal,-0.0294940347066525,0.0507204756576226,-0.016596015302855,0.028234298843919,0.0498846633342959,-0.7180375631269467,0.1227545347473244,-0.2297291224858781
NUEx041,AA,picture,hill,nature,-0.0141998040681675,0.0917188739523324,-0.0395839733204623,-0.0140051962118149,0.0827746188491512,-0.9961159576653162,0.0284070084142525,0.4366380508937499
NUEx041,AA,picture,book,object/tool,0.0331373938330262,-0.1265119960724242,0.0068128489750641,-0.0461813255020494,-0.1227882028196711,1.381151577369838,0.2695099652063067,0.55107623660168
NUEx041,AA,picture,knife,object/tool,0.1349910696770534,-0.0216203241261903,0.1409941883055973,0.0228263052793094,0.0087427262786828,0.2115498758043206,-1.075156183435926,-0.7369810494248915
NUEx041,AA,picture,cherry,food/fruit,0.0958153093559559,-0.1236769005856743,0.0798439472348203,-0.0719378856544907,-0.1113867753464009,1.5016939178208308,-0.6991882730116068,0.36359377281292
NUEx041,AA,picture,island,nature,-0.1327003471083809,0.1008716111432202,-0.0772163632985059,0.1092417797071691,0.0945852445249378,-1.136104618976972,0.7297119496084894,-0.8138852817674092
NUEx041,AA,picture,lock,object/tool,-0.0084860653322202,-0.1369116426015043,0.0059543476828088,0.0202231612352409,-0.1352925619352174,1.0162635069141486,0.3578676336436521,-0.2373047365379346
NUEx041,AA,picture,nail(object/tool),object/tool,-0.0063848939419292,-0.0263155119771676,0.0259603439571742,0.0306781454088342,-0.0136364303612553,0.1487547267467738,-0.0510503740025758,-0.4435491978475765
NUEx041,AA,picture,chair,object/tool,0.006882617933885,-0.0073698605948535,-0.0202318687803679,-0.0272058443902715,-0.0120899528215175,0.0378270886140589,0.1938323499854871,0.5738917839688645
NUEx041,AA,picture,muscle,body part,0.071650359582715,-0.238912990862267,-0.0081669781074791,-0.1174839498167278,-0.2194550586206056,2.244959507880929,0.453156421728034,1.2134824696025226
NUEx041,AA,picture,apple,food/fruit,0.0615997597729678,0.03895784456926,0.0265617786526074,-0.0655597486491111,0.03881396650152,-0.1444148945339426,-0.5673895144372336,0.5358916511314369
NUEx041,AA,picture,nut(object/tool),object/tool,0.0802746698199697,0.0048760619383863,0.0687621786031828,-0.0444519183096683,0.0170805921312735,0.0813605954526786,-0.8098197248984333,0.141996445736914
NUEx041,AA,picture,hammer,object/tool,0.0168549345600676,0.0683782539794223,-0.0485600965117175,-0.0493883100764562,0.0497293945354815,-0.4516811376513507,0.0658789613670995,0.2407755663184377
NUEx041,AA,picture,cat,animal,0.0473632695883927,-0.0406366255487891,0.0198917900374702,-0.0523200608086403,-0.0387613275331442,0.4647434740222835,-0.2915451745161934,0.638467120596981
NUEx041,AA,picture,shark,animal,-0.0155098134794453,0.0187987090898583,-0.0411070057991456,-0.0231002135109387,0.0112150971866444,-0.2009138863174974,0.347895335195087,0.6082829180821461
NUEx041,AA,picture,subway,vehicle,-0.1740999797998303,0.0645846322992603,-0.0311242432605604,0.164651933456542,0.0683114722344621,-0.8184294623470972,0.5000268987983174,-1.31205420499251
NUEx041,AA,picture,apple,food/fruit,-0.0636171914710145,0.094329042255724,-0.0798501956610848,0.0143399668519716,0.0808433344268899,-0.8628751851158637,0.4727139107306408,0.105474935520709
NUEx041,AA,picture,saw,object/tool,0.007677936331723,0.1557105407486225,-0.0021964638917652,-0.036551846465681,0.1469857657908687,-0.5986941634927642,-0.3139196353343008,-0.1191673519005611
NUEx041,AA,picture,toe,body part,-0.0532397826596692,-0.158648811225888,-0.0228260451407539,0.0385520868025186,-0.1583744435212392,1.236765579708598,0.778773164046521,-0.4855772991395886
NUEx041,AA,picture,bike,vehicle,0.0071469655982102,0.0807867954047715,0.0098392605445472,0.0057431077953412,0.0801453674437127,-0.8771009614466752,-0.4170112293098919,-0.0052773493335972
NUEx041,AA,picture,truck,vehicle,-0.1335111710959625,0.0684523582834746,-0.073761851364506,0.1113787140216423,0.0626472247533438,-0.879255402916388,0.8101651905752572,-0.8865378193597457
NUEx041,AA,picture,grape,food/fruit,-0.0753795933674506,0.061285886424441,-0.0882578414886085,0.0236786449027758,0.0436348036630302,-0.6463556819713481,0.6291217109667155,0.0040589023944374
NUEx041,AA,picture,sky,nature,-0.1527495142992959,0.0534344666955858,-0.1528923041279352,0.0549074238308082,0.0227982668756417,-0.6060684715553891,1.331086094229625,-0.0908763027868672
NUEx041,AA,picture,grape,food/fruit,-0.1382503876732908,-0.0235869887071711,0.0450774127673581,0.1337337972181848,0.0179885804014471,-0.2686843720508681,0.1421121170322233,-1.038549841536892
NUEx041,AA,picture,apple,food/fruit,0.0312538649377956,0.0886807736122072,-0.02236609507797,-0.0545033463357016,0.0767483348414905,-0.8228636226671093,-0.313835433005781,0.8829945322484942
NUEx041,AA,picture,cookie,food/fruit,0.017017303567479,0.1287288229133517,-0.0479520902767221,-0.0742695800693281,0.0986053910198197,-0.8847953140319157,-0.1979201172629088,1.0687492903036548
NUEx041,AA,picture,lung,body part,0.0002908140498703,0.0873089729780601,0.0212764798484034,0.0296225662605244,0.0834273716320909,-0.713141732009488,-0.3610522464205788,-0.4248960481961831
NUEx041,AA,picture,wrench,object/tool,0.1567165781817509,0.0068264439295203,0.1545020173063868,-0.0058946568996703,0.0303388204844117,0.1537944741976211,-1.433130571306123,-0.6581156545216781
NUEx041,AA,picture,pizza,food/fruit,0.0964817901778107,0.0117101838736559,0.0637096648958874,-0.071812953489869,0.0197968423512934,0.06460065988922,-0.9219034285073796,0.4768650687721689
NUEx041,AA,picture,dog,animal,-0.0415347420912379,-0.0938690816682822,-0.0167930642319112,0.0382508982865953,-0.0933280369766544,0.7099487598215685,0.6099397299034854,-0.502426153826387
NUEx041,AA,picture,lung,body part,0.0199361760349017,-0.0606584025335437,0.0579964826431304,0.0231599639232632,-0.0398287390992814,0.5168907686145172,-0.2595727242561983,-0.5515335436712386
NUEx041,AA,picture,knife,object/tool,0.2641327418957029,-0.0148590593558189,0.2533189182716779,0.0633396206457392,0.0309921103318918,0.1993925143827015,-0.8491163791055037,-1.7603741884399482
NUEx041,AA,picture,nail(object/tool),object/tool,-0.0135582009678412,-0.1376418705674567,0.0876017459263575,0.0743424683532389,-0.0899409135244538,0.6477164384447317,-0.1065894817563266,-0.611667429736173
NUEx041,AA,picture,nose,body part,0.0217484989212639,-0.1068516822007866,0.0242761684006012,-0.0136883813586331,-0.1042627889242668,1.0645478117170846,0.1063952625582188,0.0556795700254876
NUEx041,AA,picture,orange,food/fruit,0.0376195421636363,0.0383097330032694,0.0413097126886817,-0.0051901071450536,0.0436526351319247,-0.3117249019833082,-0.6376843497466643,-0.1345302594263676
NUEx041,AA,picture,cookie,food/fruit,0.035502763640815,0.1115539383956624,-0.0252737711601207,-0.0580848927874095,0.100234267903883,-0.893270690102973,-0.3089470434261216,0.5293117196381977
NUEx041,AA,picture,deer,animal,-0.0467600734200823,-0.0032248420813586,-0.0265995922353173,0.0381875101625889,-0.005052255348963,-0.1040716787149917,0.4205952958281199,-0.3329995327321604
NUEx041,AA,picture,hurricane,nature,-0.0616818349029135,0.0736247603724371,-0.0691403082710101,0.0243972363323218,0.0638806739907171,-0.9384556750496096,0.5679390856965352,0.1286628658697177
NUEx041,AA,picture,truck,vehicle,-0.1561867007148977,0.0508882690420229,0.0609376981023269,0.1329158166810096,0.072445775672495,-0.5734733281057912,-0.1869924198311004,-1.4276374619480985
NUEx041,AA,picture,nose,body part,0.0246527136137721,-0.1561898095517256,0.0404611686907985,-0.009764253327397,-0.1504664802198206,1.375159533177828,0.2106276038359834,0.229591440329883
NUEx041,AA,picture,ear,body part,0.0839834841765044,-0.1714956354739724,-0.0005384045201776,-0.1124528392623863,-0.1579059377118269,1.5639754696072576,0.1108351655407751,1.0103882818324297
NUEx041,AA,picture,wrench,object/tool,-0.0266906336724331,-0.0083700025460712,0.0032433491043963,0.0411637382440318,-0.0008925746252648,-0.1283630794591552,0.2317477465344297,-0.4366308581258884
NUEx041,AA,picture,nail(object/tool),object/tool,-0.0244025680047762,0.0167202795359811,-0.0683966614647067,-0.0507622021933034,0.0096748575814408,-0.2557913943028647,0.3399751651827958,0.7747325813481297
NUEx041,AA,picture,bird,animal,-0.0379347805731817,0.0035263637990262,-0.0649307363899814,-0.0261110266152527,-0.0043809164241371,-0.1900748660669489,0.3829375789668292,0.4388304893233319
NUEx041,AA,picture,hill,nature,-0.0917666043820972,0.1148924619547368,-0.1282936949676014,0.0101304043609692,0.0767859480273958,-0.9311048355850984,0.7728218857468606,0.2999917772484051
NUEx041,AA,picture,duck,animal,-0.1727124699727881,-0.0858230294952781,-0.1532122990236893,0.0727702512709323,-0.0919253632943374,0.3051895450632523,1.694646667148041,0.1239453473022652
NUEx041,AA,picture,deer,animal,0.1385030503573504,0.0796713915800328,0.0807437436840122,-0.1091286188098383,0.080779954948134,-0.1868474471515338,-0.9979278185111428,0.3925639186082409
NUEx041,AA,picture,key,object/tool,0.0339680471118538,-0.0291469962002608,-0.0125393220995042,-0.0568805100858265,-0.0323344772857847,0.3096219537504141,-0.0101722964881551,0.5836722478031863
NUEx041,AA,picture,strawberry,food/fruit,-0.0850710974116248,-0.005572688073629,-0.1024187900327896,0.0036656604295003,-0.0145062992888148,-0.1341483924320007,0.5472245591532745,-0.1099019600140023
NUEx041,AA,picture,car,vehicle,0.0023236445858659,0.0223560749376645,-0.0140386123858204,-0.017417986331093,0.0192853863144108,-0.3043071403655674,-0.0117345900214438,0.4481362522940281
NUEx041,AA,picture,mouth,body part,-0.1436605032591185,-0.1242558491690574,-0.1512450501584574,0.0181387483597762,-0.1171851333893186,0.6186919164585165,1.9856752692350597,0.533490457067779
NUEx041,AA,picture,flower,nature,-0.0875457300281036,-0.0480447168187273,0.0697703140388206,0.0987624864368317,0.0136562956940343,-0.1507575255586133,-0.2827220220744159,-1.2008060708867376
NUEx041,AA,picture,duck,animal,0.081084542635433,0.042380228984273,0.084525960718501,-0.0002252365111389,0.050469613263491,-0.2890605674831763,-0.9594581412823496,-0.2850738758056806
NUEx041,AA,picture,crab,animal,-0.1184685490595892,-0.0753325334581643,-0.1012894726805722,0.0561863489798462,-0.0828204697348546,0.3766416321375777,1.3926864549025608,-0.3073946818875598
NUEx041,AA,picture,bus,vehicle,0.1796966517859656,-0.1071000756768877,0.1528097276478588,0.1020645404801053,-0.0965740891271167,0.5196918125363905,-0.1748991911353196,0.0511718378606136
NUEx041,AA,picture,lemon,food/fruit,0.0267739070354134,0.0005190607589052,0.0252046231579589,-0.0128666898701366,0.0048349103067912,0.0423306382103145,-0.457583550013995,0.0686437925447333
NUEx041,AA,picture,hammer,object/tool,0.1204418327022468,0.0815697633788617,0.1251373899188295,0.0348275668570755,0.0754291224665813,-0.3583373314611263,-1.1127550428047766,-0.8388759327401558
NUEx041,AA,picture,key,object/tool,0.1605010064861015,-0.1101646573219209,0.1801635553224123,0.078763556003681,-0.0430682092292468,0.6403140403879198,-0.9955334627121007,-1.2959148712167323
NUEx041,AA,picture,taxi,vehicle,-0.0997156264778709,-0.0255443988394768,-0.1169367091280981,-0.001406748402339,-0.0294357962120642,-0.1315648863092152,1.057868986183203,0.4592254761468036
NUEx041,AA,picture,key,object/tool,-0.0723333807506694,-0.0346646519911715,-0.0827094630243473,0.0180960225470639,-0.0435278609992632,-0.0030887677992666,0.8297535935847409,0.1334324401619314
NUEx041,AA,picture,strawberry,food/fruit,0.0818161973868989,0.1457040658774266,0.007568042913704,-0.1004074433614682,0.1301495556148622,-0.7601013877664661,-0.7870363560193172,0.5488660671480723
NUEx041,AA,picture,leaf,nature,-0.0829104729615574,0.0436049104628716,0.0103789673306183,0.0850483431069054,0.0536090137580419,-0.5279036833464471,0.0129008386396394,-0.8602130754484847
NUEx041,AA,picture,lemon,food/fruit,0.0502682487657454,0.0042992722031306,0.0332064878455114,-0.041145344165757,0.0084421052938401,0.0616429429060079,-0.4160712993860418,0.1034506113715931
NUEx041,AA,picture,bat(object/tool),object/tool,0.1228999497330392,-0.0862278390085914,0.1398191597200129,-0.0209721258441354,-0.0566675917868495,0.880880506347814,-1.1245998382357725,-0.3874351017052385
NUEx041,AA,picture,pizza,food/fruit,0.125651147518497,0.054705263248316,0.0194031466807016,-0.1320304143223085,0.0419184626949511,-0.168165286827332,-0.8207391896107127,1.1612761348899838
NUEx041,AA,picture,grape,food/fruit,0.1070262888251375,0.0800979268250296,0.00425375444989,-0.122397218251111,0.0630501637258654,-0.428975115960278,-0.7171233917417631,1.4605720910432356
NUEx041,AA,picture,airplane,vehicle,-0.1207156098309525,0.1405443933005071,-0.1359237473176551,0.0610802563649565,0.1081283193145285,-1.185184999530364,0.684522645768745,0.3621241987560937
NUEx041,AA,picture,taxi,vehicle,-0.0381236266792623,0.063544059729061,-0.0430975547105424,0.020736942652745,0.0573559915814395,-0.7837404283427261,0.2720666164433972,0.0041103469614018
NUEx041,AA,picture,nut(object/tool),object/tool,0.0593024631499991,0.0294878224944553,-0.0285336310410899,-0.0823369067420375,0.0111714856520115,-0.2269537030701253,-0.0952709737411321,0.5615459409107253
NUEx041,AA,picture,crab,animal,0.1492301695961332,0.0972460767630732,-0.1012426778435255,-0.1520210322491519,0.0103945020747365,-0.2318430217266801,0.1743615212106524,1.6887991523763313
NUEx041,AA,picture,hand,body part,-0.0378641711969598,-0.2191426512931238,-0.0157802339259008,0.0241584843338202,-0.2173838682542664,1.8470446874089368,1.0301982077992615,0.0650399270964898
NUEx041,AA,picture,ear,body part,0.0348218980178407,-0.200967903805809,0.0240112726977313,-0.0413606510090017,-0.1960799466958386,1.9722973982803176,0.3408569180848302,0.3209057313101994
NUEx041,AA,picture,duck,animal,-0.0323480206735427,0.0470933692526019,-0.0546541981058667,-0.0094675746194659,0.0356967256549021,-0.5504093331533996,0.4134313934560823,0.4427514092857476
NUEx041,AA,picture,fly,animal,0.0601105238375889,-0.0121914643506976,0.0032318312049877,-0.0726588251944924,-0.0142232836996455,0.0599403370295937,-0.1981007236233568,0.667302173974724
NUEx041,AA,picture,bear,animal,-0.0570618725058365,0.0025578739900581,-0.0689178745637128,0.0098827578124393,-0.008031034748048,-0.1383203332020685,0.8994214668509939,0.249220201259178
NUEx041,AA,picture,taxi,vehicle,0.001678095092568,0.0607424257998396,0.0246232661967143,0.0197361243126166,0.0612024582347005,-0.406524123590925,-0.3418517919579467,-0.3649988353135986
NUEx041,AA,picture,crab,animal,0.0131652259923661,0.054841152236332,-0.0439964911271012,-0.055293912608991,0.0377855668184043,-0.4783327156589553,0.0860011576236239,1.0718792945654616
NUEx041,AA,picture,beach,nature,0.0826045055599364,0.1561724282265265,-0.0446056377349856,-0.1287913395234486,0.1086162787540888,-0.8032020937400348,-0.4346562857922665,1.129988524181474
NUEx041,AA,picture,car,vehicle,-0.0154475474940112,0.0313528222042179,0.0032470155046956,0.0281338512373875,0.0343993414468761,-0.5228042910977508,-0.0208338657931331,-0.1640879657614093
NUEx041,AA,picture,airplane,vehicle,-0.0367103157888569,0.1221641356007363,-0.060085232044246,0.0133422467195791,0.1109757951321731,-1.0268784539520917,0.2072959584826163,0.0020467121391744
NUEx041,AA,picture,muscle,body part,0.0084066473266502,-0.2534866213878141,0.0469672426377544,0.0033775348875752,-0.2455951546434994,2.294929028474686,0.4607617513990565,-0.5823368382929323
NUEx041,AA,picture,mouse(object/tool),object/tool,0.092600706031857,0.0274615543484792,-0.1050649630069249,-0.0621006015115381,-0.0304691084783512,-0.2126000399380519,0.1406348772107239,0.0866697723844861
NUEx041,AA,picture,chair,object/tool,-0.0071974157078788,0.0603770519506568,0.0088533549413468,0.0207134583512131,0.0606355939731684,-0.7152248827155117,-0.3021629603951737,-0.3158459757910296
NUEx041,AA,picture,ladder,object/tool,-0.0309559937838265,0.0381599232708821,-0.0380443808425951,0.0291800787860073,0.0339420091970993,-0.5916348220342423,0.3043257508771297,0.2158433139288576
NUEx041,AA,picture,head,body part,-0.0082172883538296,-0.0443701434665063,0.0197248226847999,0.0324386931642683,-0.0352793134721547,0.254199480929528,0.1436120432512773,-0.2140844344793973
NUEx041,AA,picture,bed,object/tool,-0.0566886743509546,0.0900075489739192,-0.0855876872742853,0.0029639646492895,0.0691523295733266,-0.9505048657166209,0.6194126691059618,0.3897836139057769
NUEx041,AA,picture,pear,food/fruit,0.062960166964453,-0.0064318981970721,0.049604528542936,-0.0410139370219057,0.0005920959311048,0.2659323905766678,-0.8387455479667904,0.2690948636561929
NUEx041,AA,picture,strawberry,food/fruit,-0.0578658109840861,0.0748132785999412,-0.0556752608434156,0.0395448010612416,0.068222146737146,-0.8810549033685678,0.3954199791264307,-0.1425698119730074
NUEx041,AA,picture,nail(body part),body part,0.0820236026663034,-0.2021953840895557,0.1495102258285048,0.0321213981750923,-0.1561498075630351,1.5000181646554742,-0.6678491597691764,-1.1379902945052145
NUEx041,AA,picture,mountain,nature,-0.0667534052414317,0.1856861496880329,-0.0982596886978582,-0.0086611679470213,0.1669740282989958,-0.8549604079687129,0.1675411551171785,0.0156212627923279
NUEx041,AA,picture,cow,animal,-0.1502253608248132,-0.1523210303337888,-0.1376835581942021,0.0574708514437504,-0.1519236655174631,0.7999608070606504,1.9628478494509665,-0.0083215071033521
NUEx041,AA,picture,nut(food/fruit),food/fruit,0.1719269048036415,0.0447814527516422,0.0667133943879735,-0.1596250090722257,0.0380293321740732,0.0139088229207951,-1.2386667346879248,1.2111414621708367
NUEx041,AA,picture,mouse(object/tool),object/tool,0.0258185081407968,-0.0440546265066045,0.0301536887235034,-0.0153849875903736,-0.0390109548884418,0.4102887794113122,-0.1544183702304393,0.1986737852668504
NUEx041,AA,picture,nose,body part,0.0225562481181711,0.0837158761170602,0.0032921516833232,-0.0335818212778532,0.0788854242991978,-0.6302355011679223,-0.5005692352850916,0.2169826658865881
NUEx041,AA,picture,nut(object/tool),object/tool,0.081646663464641,0.0471905935014431,0.0561978650484229,-0.0538170421013336,0.053842122511785,-0.3554891554669168,-0.4176483996532379,0.4360031090615014
NUEx041,AA,picture,toe,body part,0.1471886520017515,-0.2609230290322639,0.0932354202746606,-0.1389628282037448,-0.2449229006646913,3.070194501771415,-0.5947981799300592,1.2733544652636737
NUEx041,AA,picture,nose,body part,0.0306519204833316,-0.0381397588735558,0.0241576018325604,-0.0308693288779681,-0.0352883836701505,0.4508374754966348,-0.2096406286320392,0.1205311841027504
NUEx041,AA,picture,nail(object/tool),object/tool,0.023638414719516,0.145394315274488,0.0202930396310717,-0.0072436570982695,0.1414726519275057,-0.9668321656902784,-0.5775645907000737,-0.0148000057128847
NUEx041,AA,picture,bat(animal),animal,-0.1389654625009683,-0.1106064940589524,-0.0594150205882789,0.1272771850654368,-0.1055976281565627,0.4711976680931053,1.0302738393839694,-1.033476647400683
NUEx041,AA,picture,key,object/tool,0.1010837095295426,0.1151478069748394,0.0791925993174412,-0.052030331381018,0.1164147821828905,-0.7094129317051852,-1.3932945121264646,0.0879186943761232
NUEx041,AA,picture,ladder,object/tool,-0.0179506659591032,0.0259876479752526,-0.0259326632221914,0.0001046721395159,0.0221743751773248,-0.3647088610230397,0.2447775272063204,0.2321215461509569
NUEx041,AA,picture,dog,animal,0.0193845423819504,-0.0572572369905318,0.0119705862778176,-0.0248150806737226,-0.0572151311618548,0.5168934524209753,0.0972426758986229,0.486514325954677
NUEx041,AA,picture,cookie,food/fruit,0.0335755361879351,0.1305667758740061,-0.0280494111821863,-0.0588625676658941,0.1180094278535617,-1.0826981302088114,-0.4028196151257518,0.6886479443432438
NUEx041,AA,picture,deer,animal,-0.0634092563319164,-0.0492187791533795,-0.048168992051424,0.0405847308301323,-0.0555035385285366,0.3009770446309237,0.7767514518737594,-0.1992138094161493
NUEx041,AA,picture,ladder,object/tool,-0.05808994215834,0.1047475237445215,-0.0333056654427308,0.05140314820804,0.101490675814975,-1.2345702322432677,0.160230392235959,-0.3726406559371273
NUEx041,AA,picture,hammer,object/tool,0.0023951472864293,0.0546766556962837,-0.019123804273173,-0.0163506686882737,0.0522168174586146,-0.5547208965378214,-0.0304219662877898,0.1896874162139849
NUEx041,AA,picture,mouse(animal),animal,0.0174297794675839,-0.0737495164478855,0.0221758858308593,-0.0078506167650684,-0.0710700795625569,0.8426633123468696,0.0329048175986211,0.0629035172889881
NUEx041,AA,picture,ear,body part,0.0535505066796877,-0.1307971057258966,0.0335853058689742,-0.0540727895661319,-0.1248325579233112,1.548787874752489,-0.075100096809454,0.3660081366973323
NUEx041,AA,picture,knife,object/tool,0.0108987842520117,0.0321038600044933,-0.017377294202394,-0.0341275648887992,0.0270243551509161,-0.32369057669127,-0.0411211004213259,0.6972120112317143
NUEx041,AA,picture,deer,animal,0.0733097804879449,0.0932195382491299,0.0752652447167149,0.0012586293475198,0.0937394002649568,-0.7020447200150253,-1.097797850150448,-0.3303563723399451
NUEx041,AA,picture,milk,food/fruit,0.1798921396875288,0.0226877218482675,0.1546396186975199,-0.0783619627882782,0.0450303199022757,0.1735935424590747,-1.6661349675198878,0.0100496774064501
NUEx041,AA,picture,nut(object/tool),object/tool,0.0339420028731055,0.0152876000275677,0.010720298415805,-0.0424797589115817,0.0168395079882623,-0.0999579625636956,-0.3371235132275699,0.5689441352533161
NUEx041,AA,picture,knife,object/tool,-0.0418567557145947,0.060222994835474,0.0020800348357687,0.0501433030175252,0.0597944542094555,-0.4073630553673916,-0.0391312478496305,-0.5119258599647433
NUEx041,AA,picture,nut(food/fruit),food/fruit,-0.0446939407704791,0.112217110639666,-0.094412497797473,-0.030964250873387,0.0741765652154707,-0.7540776548876618,0.2927708651578978,0.1865285911295634
NUEx041,AA,picture,deer,animal,-0.0034425399348036,-0.0084342639303252,-0.0129016862822491,-0.0071186288527313,-0.0108854931315461,0.0540273979781354,0.2099020065753955,0.3038931315441316
NUEx041,AA,picture,head,body part,-0.0642376536588771,-0.071905139697502,0.0191763021086185,0.0941813634120868,-0.0438067346213269,0.0604724548700087,0.1019207504770901,-0.1606637518997499
NUEx041,AA,picture,saw,object/tool,0.2083060919412347,-0.02589010192942,0.1956454651649772,-0.0687696726270407,0.0029353536552016,0.5131854276321595,-1.7565655857430955,-0.1915051579681252
NUEx041,AA,picture,cookie,food/fruit,-0.111160794954394,0.0848187446541934,-0.0950994670568332,0.0720747477543497,0.0720410858879421,-0.9338434744706344,0.8761742524401811,-0.2534111601493616
NUEx041,AA,picture,wrench,object/tool,0.0336491792201122,-0.0015068297321664,0.0550403474274477,0.0247930011085436,0.0144334914857823,-0.0510547271257343,-0.4473408627172355,-0.5195807216017783
NUEx041,AA,picture,head,body part,0.0081988634372456,-0.193155862103491,0.012724605827679,-0.0138595487989521,-0.1897109975818192,1.8412520769087493,0.4459357251230692,0.1399412618366629
NUEx041,AA,picture,book,object/tool,-0.0559844497354927,-0.057933811899489,-0.0504360728693898,0.0276769869618252,-0.0649500162500224,0.3372981264597734,0.7115283190496703,-0.183433073647099
NUEx041,AA,picture,muscle,body part,0.0461856813763064,-0.1650100214445373,0.048352934195182,-0.0319490806217965,-0.1583917120837513,1.7154729315530166,0.0203858804839028,0.0578601954543247
NUEx041,AA,picture,bat(object/tool),object/tool,0.1846178894331673,0.0438563537857288,0.1697803912434329,-0.033341805031652,0.0708093567042831,0.0326587042520847,-1.2725544562958084,-0.6282112588038126
NUEx041,AA,picture,fly,animal,-0.0213251465425349,-0.0249724901907135,-0.0439001291755625,-0.0227052050804001,-0.0301561335274588,0.1552644553477336,0.4780051369822677,0.5481124189381118
NUEx041,AA,picture,mouth,body part,0.0080507679073887,-0.1080030703071797,0.0676145467234914,0.0438690704339626,-0.0810760894503532,0.7483133602124065,-0.1224937911266843,-0.5041431281407178
NUEx041,AA,picture,cow,animal,-0.1126877206623163,-0.0684811194849042,-0.1214683336075835,0.0189708387976261,-0.0699033779509833,0.1485091146944661,1.2630885886937653,0.2405180490215584
NUEx041,AA,picture,mouse(animal),animal,0.0115881470100277,0.0060573726626623,0.012181956146089,-0.0022980805790921,0.0085814802871007,-0.0588166408232426,-0.2087990814882193,-0.0516654892073609
NUEx041,AA,picture,bat(object/tool),object/tool,0.0255733915703178,-0.0646210099586487,0.0439354013595236,0.0314589972302849,-0.0544324902139598,0.2480850814078173,-0.005129885710135,0.0064350630773636
NUEx041,AA,picture,bat(animal),animal,-0.0179528840943516,0.0654755563496198,-0.006981843405454,0.0378596367803683,0.0637974166175908,-0.6074133834880022,0.0101141193633275,-0.0808158726013452
NUEx041,AA,picture,cat,animal,0.0422965554902242,-0.0955745046129254,0.0304163618043718,-0.0380750212139892,-0.0919980992153869,1.0940072932364202,-0.0782014798804321,0.472667543012232
NUEx041,AA,picture,muscle,body part,0.0549357291265059,-0.3263906011664452,0.0667095213469624,-0.0433360061464382,-0.3182834102959557,3.422401204876916,0.4632801401471034,-0.112840022911803
NUEx041,AA,picture,cow,animal,-0.1287392249246483,0.0712307191830211,-0.1192053971491458,0.0720088081125914,0.0489544958740659,-0.866838346745451,1.2060263031540612,-0.2175373003253476
NUEx041,AA,picture,saw,object/tool,0.0183515830174876,0.1125549772180055,0.0025849406627505,-0.0271360325066296,0.1092382495508202,-0.8108548647477473,-0.438890356611915,0.1834178716912876
NUEx041,AA,picture,hammer,object/tool,0.0949377798206742,0.0522261138903487,0.09984907972764,0.0061664081703002,0.059076611811499,-0.2906560449264095,-0.8770837075073415,-0.1466501538562955
NUEx041,AA,picture,book,object/tool,0.0386587156323075,0.1601190725332121,0.0728790883678217,0.0616349862182775,0.1293299788304533,-0.9826068850546816,-0.7988141772478822,-0.8390709298653628
NUEx041,AA,picture,mouse(animal),animal,-0.0061440678485743,-0.0129372628361098,0.0121834765389972,0.0226691401357936,-0.0060714018054152,-0.0053210476924415,0.0495494475390385,-0.1723291936500781
NUEx041,AA,picture,cookie,food/fruit,0.0023457832449455,0.043497119321888,-0.0247998503990263,-0.0233293815594889,0.0384418808429429,-0.5639597685263811,0.0194244269735267,0.6175099959395778
NUEx041,AA,picture,leg,body part,0.0300668420900143,-0.1608273780793863,-0.0313989687430842,-0.0794632280490425,-0.1450455115459744,1.540566645702091,0.657184350458352,1.2029665825129705
NUEx041,AA,picture,bird,animal,-0.0077951568465873,0.013212339536967,-0.0080879044321452,0.0083322431656317,0.013968700761825,-0.2997563179202566,0.119085720934443,0.1660737641574232
NUEx041,AA,picture,bird,animal,-0.1794761950907058,0.0018212582311556,-0.1628390201733616,0.0750971786828971,-0.0115027875072829,-0.327082523071549,1.2371071569299597,-0.0561775156418074
NUEx041,AA,picture,nose,body part,0.049423751624548,-0.0570751366171422,-0.0044045126843225,-0.0682313599866445,-0.0559500298202885,0.5991131491633529,-0.0566195892624768,0.7305985169985313
NUEx041,AA,picture,nut(object/tool),object/tool,0.1244390883246037,0.0220648620581416,0.1111395737912411,-0.0473523117384282,0.0351097088603358,0.0251985573893254,-1.1813465542400297,0.0244022238854848
NUEx041,AA,picture,toe,body part,0.0369256079948096,-0.3347351976941755,0.1024759368037799,0.0114498899912042,-0.317398459048972,3.300827157409445,0.2915749373111866,-0.964591290993065
NUEx041,AA,picture,nose,body part,-0.0239507547996909,0.0051608345433773,-0.0385117271270795,-0.0014593499886197,-0.0012861214939957,-0.1163001736598774,0.4709209761230324,0.1702490417160778
NUEx041,AA,picture,bat(animal),animal,-0.0539540829650263,0.0551982500909133,-0.0652478332802354,0.0198009310866154,0.0438999442789724,-0.7697407578076157,0.6387719169095618,0.209308779664015
NUEx041,AA,picture,key,object/tool,0.0154928892515983,0.0836030118276976,-0.0277420885580665,-0.0597232768702471,0.065379939291325,-0.4649465107001463,-0.083472273579175,0.3988016729434043
NUEx041,AA,picture,ladder,object/tool,0.0468428390395045,0.032619664308816,0.0598175378996092,0.0258003500696923,0.0410280064039718,-0.2943335319600473,-0.5395759145039064,-0.4089703721294452
NUEx041,AA,picture,dog,animal,0.0133687726203202,-0.0102084833454893,-0.0137581228258624,-0.0332987458655372,-0.013754119586904,0.1808658929100779,0.0517758003098445,0.5284884034222933
NUEx041,AA,picture,cookie,food/fruit,-0.0128687838547527,0.0811054595526869,-0.0263264536480069,-0.0018348595466446,0.0784487634697031,-0.9137145002487636,0.0073475718713959,0.3499649721933374
NUEx041,AA,picture,deer,animal,-0.0392902508754301,0.0878759654477312,-0.0545534323419457,0.012662736109516,0.0808790965842132,-1.0724175726850813,0.3264652851129105,0.3895418292985751
NUEx041,AA,picture,ladder,object/tool,-0.1252558564110749,0.0026790604091978,-0.1113758138634982,0.067185348283964,-0.0058770162681843,-0.4499246133044531,1.146761049359605,0.1506320815613957
NUEx041,AA,picture,hammer,object/tool,-0.0111212278910073,0.1147554566754293,-0.0420053778306542,-0.0224695142701723,0.1042286354335798,-1.0409903928023465,-0.070601923540538,0.4548503561338698
NUEx041,AA,picture,mouse(animal),animal,-0.1205994747450917,-0.0052428775915729,-0.0664499211876112,0.1016342045299806,-0.0068453868981926,-0.3462241470852149,0.9420256527814468,-0.4014118698957463
NUEx041,AA,picture,ear,body part,-0.0351634449329416,-0.0465810490508867,-0.0385273439525098,0.0074051581496184,-0.0532005826447795,0.35311914350219,0.633916890746196,0.100988229435814
NUEx041,AA,picture,knife,object/tool,0.074065218624314,0.1177530707518692,0.0876358671906228,0.0447109310698669,0.1014419588086463,-0.7638991497205878,-0.884893627842279,-0.6453540652806808
NUEx041,AA,picture,deer,animal,-0.1748795707645994,-0.0587509361842708,0.0342502991124737,0.1778418940910978,-0.0223975548384475,-0.0745573298369179,0.2470110339217598,-1.3221961319190862
NUEx041,AA,picture,milk,food/fruit,0.026814577215905,0.0308228399923862,0.0108948379735247,-0.0236262417113303,0.0306490309460748,-0.2753159230304484,-0.2845803159486371,0.1723168207085372
NUEx041,AA,picture,nut(object/tool),object/tool,0.0719811836478061,0.0186370487100026,0.0839206839575623,0.0519649027427711,0.0325239003828063,-0.1792536912227662,-0.5174186925980564,-0.6856885490607187
NUEx041,AA,picture,nut(food/fruit),food/fruit,0.0330393703821266,0.0330371432574493,0.0266330877554631,-0.0144810008856518,0.0359544079836864,-0.3467006356564129,-0.5723055108169772,0.1128302887852127
NUEx041,AA,picture,deer,animal,-0.0909090103339504,0.1341713947278019,-0.1480515443951729,-0.0300905904123393,0.0679665233902256,-1.0811382262808351,0.978976695129475,1.0077011258563922
NUEx041,AA,picture,head,body part,-0.0148428057721874,-0.0724652630880557,-0.0073301883572744,0.0159060080849625,-0.0741776272102752,0.5334907141771188,0.4478903605923777,0.0437248511985837
NUEx041,AA,picture,saw,object/tool,-0.0795476053951529,0.0057396508057515,-0.0733956334000112,0.0456030438526596,-0.0023162210368984,-0.2739012504893652,0.9786678717382268,-0.0337140191559462
NUEx041,AA,picture,cookie,food/fruit,0.1125409034057758,0.1425774438059687,0.0848006121800511,-0.0568062959452768,0.1460953043985033,-0.8665302887594618,-1.3231259658486865,0.0687164950125798
NUEx041,AA,picture,wrench,object/tool,0.0746388035032794,0.1487300627997224,0.1010998808756131,0.0574434380995016,0.1172652232007616,-0.7575426679216493,-0.905447904536248,-0.7367148182272635
NUEx041,AA,picture,head,body part,0.1014788485126187,-0.0833205034138748,0.1131860735454227,-0.0224179263207243,-0.0658768495002533,0.5448416852724033,-0.4152823079570475,0.2478191736207339
NUEx041,AA,picture,book,object/tool,0.0324947500605779,-0.0809338386045445,-0.0555707711996275,-0.0818118292841324,-0.0634243989260528,0.3256768306272021,0.3468428571228319,0.7567997260052148
NUEx041,AA,picture,muscle,body part,0.1457736415744742,-0.1710915862498483,-0.0147985806811774,-0.1681318739096883,-0.153720818435551,1.3705133038986683,0.0399352374054458,1.0546132541079976
NUEx041,AA,picture,bat(object/tool),object/tool,0.0336737063058289,0.0094846981180301,0.027366694008618,-0.0199681885703182,0.0150306184298827,-0.1152384516337372,-0.3068035885158511,0.240098658686535
NUEx041,AA,picture,fly,animal,-0.026690125201195,0.0776890200248373,-0.0497895027080758,-0.0077696358568933,0.0676663700075909,-0.9304932467575864,0.2549814685302305,0.4675969635628907
NUEx041,AA,picture,nose,body part,0.0938152300795294,-0.0552913031716647,-0.0023759399850959,-0.1122636807306367,-0.0484425023617891,0.6599131143460789,-0.227779315021837,1.41538844281941
NUEx041,AA,picture,mouth,body part,-0.0482502876075889,-0.0826591433526451,0.0638701907222962,0.0851643442692035,-0.0304529419051172,0.303238360056475,-0.1210215963155876,-1.0910328463644812
NUEx041,AA,picture,cow,animal,-0.1194575624462218,-0.1594999166888798,-0.0512636011507189,0.113375323877189,-0.152381187511912,0.8034487907750132,1.1889008576745592,-0.7286874679116564
NUEx041,AA,picture,bat(object/tool),object/tool,-0.0788970820636663,0.0482961346104406,-0.0473247433897125,0.0672819794547152,0.047104531305471,-0.6735776421955046,0.4875817917623807,-0.1303455546412339
NUEx041,AA,picture,bat(animal),animal,-0.0405837225105667,-0.0554458469409234,-0.0185283872626013,0.0357298412228166,-0.0557309935247415,0.4858231317680656,0.624351734708577,-0.4788454516359782
NUEx041,AA,picture,cat,animal,0.0380481465973176,-0.0579860615132112,0.0448032834224634,-0.008730851196065,-0.052733778965847,0.5136701257996654,-0.1938202172004367,-0.1496390171217205
NUEx041,AA,picture,nut(food/fruit),food/fruit,0.0999657493236823,0.0995720254505727,0.0912269964164956,-0.0271063668426557,0.1016797096280137,-0.5640983880015109,-1.2294386811669928,-0.2042274495855211
NUEx041,AA,picture,muscle,body part,0.0591286604017164,-0.1070445704529897,0.0954101045590982,0.009707660477539,-0.0815284059518968,0.8954059405568489,-0.4699470148867968,-0.4512243721572095
NUEx041,AA,picture,cow,animal,0.0561663761634636,-0.029972522098885,0.0652641859885821,-0.0185087745178088,-0.0152602841238877,0.1401617722359118,-0.3625456084185977,0.384025921132839
NUEx041,AA,picture,hammer,object/tool,0.0925629152286211,0.067492351523832,0.0816455887101078,0.0938568800855246,0.0470099649331677,-0.3082558816108084,-0.1286482044069506,-0.341272502538081
NUEx041,AA,picture,book,object/tool,0.0210250981912808,0.1262856873682844,0.0270233693526786,0.0107843564272068,0.1225775178906019,-1.096445224221677,-0.6858785117494532,-0.096537967480423
NUEx041,AA,picture,bear,animal,0.0605314398645759,0.0867622554955414,0.0100866665511511,-0.0756463663721021,0.0802572367555671,-0.5527546514363839,-0.3192606844656971,0.6436422400234036
NUEx041,AA,picture,cookie,food/fruit,0.0878245331424622,0.1866908229309429,-0.0678139242207527,-0.1547509241248784,0.111418149344919,-0.937598485853758,-0.3686847950914909,2.0106988642743246
NUEx041,AA,picture,leg,body part,0.0919766052150603,-0.1798373884472894,0.0515253267300894,-0.0968918819897209,-0.1686433420416577,1.985431879859889,-0.1549121544675513,0.9720354047684387
NUEx041,AA,picture,bird,animal,-0.0721716173022617,0.0867444854860568,-0.0936795928435888,0.0156393823817268,0.0663642755530774,-1.018548791223185,0.7890287584136265,0.4026128235749535
NUEx041,AA,picture,bird,animal,-0.0716996506716991,0.0155574892743558,-0.0596489537136303,0.047505506557317,0.0084426888355551,-0.3754050265676817,0.8034474155921909,-0.1950550917309424
NUEx041,AA,auditory,dog,animal,-0.0500084162144863,0.0257331512828215,-0.0780413503642304,-0.0630643309452796,0.0108319357445827,-0.1578977650667155,0.2659288011465313,0.4295502001678068
NUEx041,AA,auditory,bear,animal,-0.0451523710649351,0.0295921732352923,-0.0779677683434607,-0.0198481434366796,0.01484122927664,-0.34628864900885,0.5758443445795435,0.516289212067706
NUEx041,AA,auditory,banana,food/fruit,-0.0631254931758884,0.0221145835395267,-0.0352202001188949,0.0534294265186575,0.017674304769866,-0.2927664544955942,0.3188201557103685,-0.4062631834394603
NUEx041,AA,auditory,strawberry,food/fruit,0.0289184072975706,0.0793701573278689,-0.0776999972864568,-0.0810578953239556,0.022478930500584,-0.2813159554454693,0.2502777989292132,0.8867760894222868
NUEx041,AA,auditory,book,object/tool,0.0573038911259669,0.0133911014643271,0.0277034962550423,-0.0701922993320926,0.0231450363083988,-0.0656414020805468,-0.2059111756910503,0.1973405624392352
NUEx041,AA,auditory,head,body part,-0.0480950896744627,0.0066852960029822,-0.0593347938946721,0.0052083357110419,-0.0024211548642098,-0.1758773255383041,0.4977144760274402,0.107327245793433
NUEx041,AA,auditory,hammer,object/tool,-0.1228558192199381,0.0232037408558848,0.0143480665069039,0.1201726582697047,0.0396680310210741,-0.3887594767907749,0.047848473027976,-1.0309450975392984
NUEx041,AA,auditory,cookie,food/fruit,-0.0414555995591594,-0.0863647409582831,-0.0013067032831576,0.0550868829916149,-0.0812133335183806,0.4977522495145109,0.2309351542412299,-0.5219427193380752
NUEx041,AA,auditory,cat,animal,-0.0373525816230111,0.0732068188646456,-0.0526769662886803,0.006897894606332,0.0644074112998416,-0.7364712057223326,0.2638664859947182,0.114513349012999
NUEx041,AA,auditory,bike,vehicle,-0.0085083548637145,0.0812667940287399,-0.0137582425111276,-0.0071502741377018,0.0789214988498698,-0.6420591976854367,-0.179867984808946,-0.0133818381369604
NUEx041,AA,auditory,hand,body part,-0.0521527775746132,0.1235867084220745,-0.1032831366527759,-0.0277937470942071,0.0845129779297564,-0.823997920794383,0.3809709229380519,0.4888549870936705
NUEx041,AA,auditory,deer,animal,-0.0627270292303202,0.0781966813880293,-0.0881932735642552,-0.011903774039466,0.0557035129946001,-0.4892721696126902,0.3368513759108007,0.1075224184642857
NUEx041,AA,auditory,flower,nature,-0.0545128071623685,0.0934393890231691,-0.0821342250021323,0.000970128384103,0.0739941869517409,-0.8630066987115436,0.4260647831622808,0.1229339335087363
NUEx041,AA,auditory,afly,animal,-0.1208367221325658,0.0300680858787558,-0.0309516423656057,0.1154091398100899,0.0290591944548223,-0.3333439782559482,0.3113019493693172,-0.7003837830592042
NUEx041,AA,auditory,airplane,vehicle,-0.0312381472560903,-0.0035655152775403,-0.0078142695016185,0.0337978924591646,-0.0013415698743287,-0.074135371305207,0.1673118879457009,-0.4594506419070784
NUEx041,AA,auditory,duck,animal,-0.0537576423764095,0.0496005854038766,-0.0406937815526168,0.0383087744787621,0.0456901796353212,-0.6323162765815782,0.357976659554013,-0.2052187801486316
NUEx041,AA,auditory,bat,object/tool,-0.0520270182958077,0.1999255238096511,-0.0590044716789759,0.0327479997882879,0.1909327774913692,-1.5465216980517895,-0.0814652506800768,-0.2703078657311523
NUEx041,AA,auditory,cow,animal,-0.1136066149753543,-0.0303739586123253,-0.120489436226016,-0.0067081036993012,-0.0382477139184669,0.0056134767714498,0.5070431415216009,-0.0863262428486735
NUEx041,AA,auditory,car,vehicle,-0.0945444301956828,-0.0005252506328647,-0.0633011348830465,0.0733541362130165,-0.011201802271366,-0.1875681011082757,0.5149857376598946,-0.3238816614157224
NUEx041,AA,auditory,abird,animal,-0.0997977341001129,0.0383619017966691,-0.0464791840661601,0.0899460386063233,0.0331099135696097,-0.4162690404288187,0.4003294695717277,-0.6406125264196267
NUEx041,AA,auditory,crane,vehicle,-0.116601011908802,-0.001793161726072,0.0276915537416413,0.1167693280894246,0.0225768713421018,-0.1880552154220126,-0.0389160621944965,-0.920546920137436
NUEx041,AA,auditory,boat,vehicle,-0.1407596737956747,0.1191581030353814,-0.1013015925149463,0.1036681028640524,0.1092045020496652,-1.224997128103034,0.7675903088216651,-0.6252899115147479
NUEx041,AA,auditory,bus,vehicle,-0.0787999809478752,0.0098636848804073,0.0098330191855798,0.0839106129121542,0.0212426374797961,-0.1979728447239765,0.0218520237432515,-0.6499278325049476
NUEx041,AA,auditory,river,nature,-0.0011644748827245,0.1033808309395735,-0.0072076244728783,-0.0095359065487753,0.1012779943730498,-0.6050103155938684,-0.1968570055336374,-0.0132874756739132
NUEx041,AA,auditory,nail,object/tool,-0.0136440007187843,0.0444330613863638,-0.030987108251654,-0.0123695062991427,0.0382309226677621,-0.4787053977905082,0.0806815322880239,0.271617175020834
NUEx041,AA,auditory,mouse,object/tool,0.1429540533019619,0.0689996039127423,0.0420616080105474,-0.1409959887037823,0.059563049684857,-0.1192314918073175,-0.987878235679278,0.9237196005697343
NUEx041,AA,auditory,leg,body part,-0.1541080279596668,0.1329740857832674,0.0110569570745694,0.1515860216384827,0.1240389681252596,-0.8654541745055383,-0.0847365949463697,-1.100590504665355
NUEx041,AA,auditory,muscle,body part,0.0387994280988574,0.0554355996421271,-0.0157722542013883,-0.0760046260843079,0.0379569631633216,-0.2455730975726472,-0.2427680187604955,0.4130052600850972
NUEx041,AA,auditory,hurricane,nature,-0.0061290871273845,-0.0951729201242575,0.0411748830579196,0.0371970233403939,-0.0799504544007545,0.6906581455298969,-0.0064197881492132,-0.5082486999174313
NUEx041,AA,auditory,truck,vehicle,0.0791932734137068,-0.0115848899506414,0.0572370720455162,-0.0618247164146581,-0.0018275736307085,0.1875272334277261,-0.681037570149876,0.1699037555476248
NUEx041,AA,auditory,lock,object/tool,-0.1411143701144566,0.0091990847653927,-0.0274743475683746,0.1357004345353542,0.0110794013246782,-0.3032266125617979,0.3923347358190326,-0.9620462231222784
NUEx041,AA,auditory,tree,nature,-0.0705187788634749,0.1241391426180809,-0.1124902448163807,-0.0206633115208281,0.0882638459731533,-0.6754253883348333,0.4024144603414635,0.2427718527221989
NUEx041,AA,auditory,nut,food/fruit,-0.1105471056603018,-0.0154794425509777,-0.0755840854283089,0.083729492770079,-0.0240737224360058,-0.1421222149320071,0.528359740451609,-0.4095802841247685
NUEx041,AA,auditory,key,object/tool,-0.0377454232860436,-0.1756662227278235,0.075651592515153,0.0868506122959787,-0.1377586883784119,1.0357687002468732,0.0354328283356077,-0.9594147236803334
NUEx041,AA,auditory,mountain,nature,-0.0323589036997131,0.0867722030374531,-0.02230258349079,0.0281097655093266,0.0851724772384273,-0.7478740060427211,-0.0442108856560847,-0.2426043840984365
NUEx041,AA,auditory,train,vehicle,-0.1260592401192032,-0.0614184452552725,-0.1154816312192789,0.038898500347068,-0.0739125302676554,0.1538217948653491,0.4568597468541907,-0.3020043308890011
NUEx041,AA,auditory,pear,food/fruit,0.0212542635773677,0.0943116174065648,-0.0014402556761214,-0.0566919562996847,0.080294339654709,-0.4284449454401079,-0.2976862295825995,0.186372435212171
NUEx041,AA,auditory,hill,nature,-0.1130775141473644,0.0344995576426279,-0.0340318029697028,0.1065124832954254,0.0350801857589626,-0.3542031389658834,0.2276063899210605,-0.5529151123029568
NUEx041,AA,auditory,wrench,object/tool,-0.0559138985254106,0.0441700130480332,-0.0467549216954061,0.0362464721593712,0.0382008420512612,-0.6066845082895344,0.4828408884391766,-0.2329436202830551
NUEx041,AA,auditory,leaf,nature,-0.0847665726094493,0.1666833088360172,-0.0443638277535375,0.0760983053707464,0.1587551998053514,-0.8309525118607792,0.1181081096920203,-0.4345347104952108
NUEx041,AA,auditory,toe,body part,-0.0630989055496503,0.1585143610518561,0.000746111558715,0.0956683740434993,0.1332761224730849,-0.6921975229269753,-0.0488634525993918,-0.65149861679108
NUEx041,AA,auditory,taxi,vehicle,-0.0511133204841944,0.1415920705439114,-0.1086254571670444,-0.0276833352623116,0.1026098394111351,-1.0836784613186068,0.5033192752881912,0.5690409353119198
NUEx041,AA,auditory,pizza,food/fruit,-0.0060569623110551,0.0359328134278783,-0.0273130692705747,-0.016289151641362,0.030069271149239,-0.4259679422602023,0.0923069405739303,0.3794326189235559
NUEx041,AA,auditory,mouth,body part,-0.1139567220498403,-0.0558592014158772,-0.1161707483579454,0.0082666112626096,-0.0647649686959083,0.1387309813882362,0.6691572131429363,-0.1364550333770472
NUEx041,AA,auditory,orange,food/fruit,0.0195218994484041,0.0273468075216259,-0.0328160454087226,-0.0644421889481673,0.0148888881426162,-0.119349850481263,0.0126901614243177,0.5897737043530762
NUEx041,AA,auditory,nose,body part,0.1526349543802584,-0.0213605488401501,0.0371300910288183,-0.1510585651812631,-0.0155442707618822,0.3872289693254053,-0.7464723929281613,0.7321591757935882
NUEx041,AA,auditory,beach,nature,-0.1186555566175707,0.0388133030314954,-0.0773045705179636,0.0933505381129159,0.0276010896159185,-0.4634806139434028,0.6418390652549315,-0.5908517779653613
NUEx041,AA,auditory,ladder,object/tool,-0.1958379012682332,0.0241565236607974,0.0048127736814666,0.190010654946973,-0.0035562616923561,-0.1047262736700993,0.0871108026945683,-1.220514207277775
NUEx041,AA,auditory,sky,nature,-0.0936571192048641,0.0811879810141409,-0.1200091149606752,0.0115643500478568,0.0471320745289827,-0.7229512503163241,0.8574219854057703,0.3635410980024401
NUEx041,AA,auditory,shark,animal,-0.0770512812301272,0.0766625541762171,-0.0652490951085676,0.0511404994354164,0.0696124943170369,-0.8969277509798089,0.5253384593038692,-0.2516068146747455
NUEx041,AA,auditory,cherry,food/fruit,-0.0766331647264907,0.0693502640522972,-0.1002324139679571,0.0040415176950295,0.0441230312159668,-0.590206945506404,0.5453115261540497,0.0947281059058417
NUEx041,AA,auditory,nose,body part,-0.054012826170568,-0.0361577654729273,-0.0257026566386712,0.0513356287615319,-0.0396924156333867,0.1317766004411417,0.2939479000347014,-0.3509017172390477
NUEx041,AA,auditory,lemon,food/fruit,-0.0090608329368949,-0.0085338079548819,-0.0166670950529783,-0.0044465784179192,-0.0118902190420365,0.0410918441743399,0.2384980117048772,0.2097518972922986
NUEx044,AZ,picture,milk,food/fruit,-0.1396504117125474,-0.0339693354578783,-0.1296475406846998,-0.0405298828571568,-0.0412103966388343,-0.0146393489762921,-0.4305093103115072,1.09125345976642
NUEx044,AZ,picture,toe,body part,-0.0078234115949957,0.0453708423771333,0.0139467846274334,-0.0402026886679274,-0.0163287504305031,0.4873950058517529,0.2530144787612253,0.240146993322126
NUEx044,AZ,picture,hand,body part,-0.0133357936239649,-0.0347626390422798,-0.0277506383146551,0.0103987895473451,0.0228290692743139,-0.486236522623624,-0.042964810386779,0.2479587008834127
NUEx044,AZ,picture,car,vehicle,0.0276189702125107,-0.056172424683643,-0.0707700216644673,-0.0076360562951895,-0.0028570319825298,-0.2252612961792305,-0.2752309558644957,0.5732726418442103
NUEx044,AZ,picture,flower,nature,-0.0094476207895035,0.0057704108322485,-0.020677125256335,-0.0212040011615752,-0.0018346527501875,0.0551032774717181,0.0386161671431629,0.4682356012077055
NUEx044,AZ,picture,nut(object/tool),object/tool,-0.0398852022000779,0.00058253540368,0.0107471660567869,-0.0149810326727583,0.0363837886946443,-0.1673755404191562,0.6051695388611247,-0.039859023080793
NUEx044,AZ,picture,wrench,object/tool,-0.0503415184264104,-0.0837843162620488,-0.0469216441646894,0.0289472609664931,0.0785025911020869,-0.8852067957410164,0.1522371762718891,0.1895799198786878
NUEx044,AZ,picture,cow,animal,-0.078271950111863,0.0309902126812823,0.0082082987056455,-0.066460335613711,0.0484153056068715,0.0640042502208714,0.938802217428944,0.4792162473456704
NUEx044,AZ,picture,hurricane,nature,-0.1003860291029591,0.0692541511423656,-0.0060379993614009,-0.1132032876963093,0.0387995605168278,0.3008039209324142,0.8629107294299169,0.8082731854650763
NUEx044,AZ,picture,mouth,body part,-0.1039393442285717,-0.0372028142751146,0.0025834676216402,-0.0165758697298785,0.1084407403035809,-0.7583966970397087,1.0965042829601652,0.0393562358353438
NUEx044,AZ,picture,hurricane,nature,0.1399924318282123,-0.0832815478176433,-0.1267803903861408,0.0509015777928933,-0.0870853729696107,-0.1028066773541075,-1.0574752368255715,0.693531433027646
NUEx044,AZ,picture,lock,object/tool,-0.0068897361876732,0.0399485965736011,0.0296119779762336,-0.0264418949957461,-0.0096812950241506,0.464479127723107,0.307528517095316,-0.1229662742925311
NUEx044,AZ,picture,island,nature,0.0084376221800175,-0.0190333443221405,-0.0082867207459864,0.0201617664473462,0.0013964393832064,-0.1888137877787025,-0.2604227142785726,-0.1471620486886121
NUEx044,AZ,picture,leg,body part,-0.1637660044076729,0.0835268364064048,0.0504919739430083,-0.1410123159476247,0.1023450752484638,0.2568104603511021,1.7821922363765563,0.5278927967585979
NUEx044,AZ,picture,bus,vehicle,-0.0379120193672623,0.0485635475881546,0.0570608173050421,-0.0307998728276043,0.0178329293288726,0.3465961288720443,0.6651125106520807,-0.3172438472751233
NUEx044,AZ,picture,tree,nature,-0.0004886845719488,0.0161851871069854,0.0348505048188794,0.0077816331927295,0.0016763373158421,0.1712156324779742,0.1579942111551577,-0.5513471395994614
NUEx044,AZ,picture,island,nature,-0.0546677496249488,0.0026241752097732,0.0118844555619998,-0.0254091479290116,0.0484625610987601,-0.1798284915226481,0.679302471796594,-0.0339472702454409
NUEx044,AZ,picture,crane,vehicle,0.2136653646179246,0.0835349038803638,-0.0033849384197453,0.0334845580600041,-0.225748651434915,1.2211869465458725,-1.473879552500277,0.1827942782711287
NUEx044,AZ,picture,mountain,nature,0.0825148718957505,0.0446672115269774,0.0210578914638952,0.0144722797063938,-0.091162143050759,0.8225056416615993,-0.7986775292350633,-0.3033271585191617
NUEx044,AZ,picture,dog,animal,-0.0228160940465275,0.0236251609286525,0.0164592354737993,-0.0263716218469732,0.009967858577951,0.2156809512979545,0.4698950374839831,0.0396055156249779
NUEx044,AZ,picture,subway,vehicle,0.0415131136159872,0.3130325508086549,0.1399902898672472,-0.2111023148984337,-0.1859752570541973,2.853697836334829,0.5933365683871751,0.6796822452979829
NUEx044,AZ,picture,bed,object/tool,-0.0126013757358584,0.0822267077706442,0.0594442394040516,-0.0548067832183405,-0.0208402091742295,0.8652412770116023,0.5585167017607094,-0.1848720740308847
NUEx044,AZ,picture,boat,vehicle,0.0105678675261334,0.0507179582849473,0.0342935981315795,-0.0249660674374779,-0.0298247764610696,0.7282061305472584,0.1300683124181321,-0.1970364597718501
NUEx044,AZ,picture,saw,object/tool,-0.0486961158320147,-0.0110498722339788,0.0205254317378146,0.0003204172771799,0.0519529934958341,-0.3457373788099542,0.6364830610610632,-0.3888025494969082
NUEx044,AZ,picture,leg,body part,-0.073845154843164,-0.0332373556209891,-0.01083838625287,-0.0118576577325592,0.0785955379210652,-0.6274943783039068,0.7151126103116061,0.209542972199685
NUEx044,AZ,picture,deer,animal,-0.030357618786186,0.0717786770540655,0.062470395981414,-0.0502480066178179,0.0023016629989888,0.6622886066901594,0.7583853183765451,-0.2629037500706074
NUEx044,AZ,picture,knife,object/tool,0.0451302913757904,0.001439291529027,0.0121338641655364,0.0317520294157391,-0.0355130331214061,0.2205304269878656,-0.5702024730116294,-0.5165295796675754
NUEx044,AZ,picture,pear,food/fruit,-0.0066926205390614,0.1299992444065377,0.0683899892540386,-0.0949660799595526,-0.0530613855212371,1.390550118694335,0.6285138917151767,0.2100271772721806
NUEx044,AZ,picture,train,vehicle,-0.1025667264578549,-0.0404306619766032,-0.0113166620479697,-0.0216708337743862,0.1063632334336667,-0.7161415906388394,0.9078588446545022,0.1746747165090981
NUEx044,AZ,picture,mountain,nature,0.0045594348573592,-0.0111525368367861,-0.0015438399427442,0.0141653155644861,0.0018420068077581,-0.1146220205101661,-0.1550372665833218,-0.1964887908739254
NUEx044,AZ,picture,head,body part,-0.0082222998751049,0.0517201302777278,0.040753775598363,-0.0321986765583391,-0.0121479438066925,0.6024087530418191,0.4167281361036467,-0.2011045593214429
NUEx044,AZ,picture,bat(animal),animal,0.0076203828655185,0.0332579736129229,0.0168713562426874,-0.0194327591879695,-0.0212530371688531,0.5016457879375916,0.0663905759983683,-0.0145811840569171
NUEx044,AZ,picture,nut(food/fruit),food/fruit,-0.0712090810293543,-0.0388793855693405,-0.0505638494345455,-0.0280667171133437,0.0559620083001489,-0.5311189178738572,0.4276587491643133,0.8187886661049903
NUEx044,AZ,picture,leg,body part,0.0173848016219196,-0.0207911118307084,-0.0201465668993503,0.0178908139987682,-0.0075725383710849,-0.151118534204424,-0.2919195475128006,0.0151844491530674
NUEx044,AZ,picture,nose,body part,-0.112996994930238,-0.0039221899869527,0.0275224796444808,-0.0395727900119425,0.1021028663042473,-0.4513997457148806,1.30322975376126,-0.0799627941231567
NUEx044,AZ,picture,tree,nature,-0.0024593304222621,0.038667921956901,0.0522787310616924,-0.0028080405614484,-0.0037458863698175,0.3877586360039204,0.2881115042040123,-0.645432369810264
NUEx044,AZ,picture,hammer,object/tool,-0.0161140522051556,-0.0122716285412429,-0.0007773778549038,0.0037075989692104,0.0206425045305274,-0.2382517160379867,0.2066215588673364,-0.1025747419759099
NUEx044,AZ,picture,bear,animal,-0.0216052225872364,0.1353751859451894,0.093339909937275,-0.0920713298573674,-0.0364272295486835,1.300594955910633,0.8116085754589302,-0.105444837550089
NUEx044,AZ,picture,orange,food/fruit,-0.007153906850403,-0.0415906090351479,-0.0085545598638791,0.0353361894003716,0.0279894342130167,-0.5697460432149647,-0.1002481345497724,-0.3581224952348552
NUEx044,AZ,picture,river,nature,-0.0137733640562368,-0.0568624732526321,-0.021439796397966,0.0398940717764129,0.0391699574899483,-0.7167471079474171,-0.0974529039839545,-0.1998125138682498
NUEx044,AZ,picture,bat(object/tool),object/tool,0.0078758956047212,-0.0235170863933782,-0.0034631399315231,0.0279448899658524,0.0063052273268516,-0.2781619336574179,-0.2407237648697441,-0.3499226273383335
NUEx044,AZ,picture,flower,nature,0.0031742404886414,0.0899963343094028,0.0502098145642561,-0.0597065896114715,-0.0427294437398956,0.9511461720194252,0.3256574126973273,0.0647346142851078
NUEx044,AZ,picture,mouse(animal),animal,0.0045012810263527,-0.0228027928370549,-0.009157118950828,0.0211414889622766,0.006869871081126,-0.2581782685736604,-0.2118211202045846,-0.1488481807369507
NUEx044,AZ,picture,banana,food/fruit,-0.0457300791902652,-0.0169350857368263,-0.0257278077093785,-0.0220487726350265,0.0356968685424248,-0.2840603340197855,0.3479626857149305,0.5137922662099811
NUEx044,AZ,picture,boat,vehicle,0.0127207982782644,0.1350976921576253,0.0894776289744432,-0.0762969570810122,-0.0661686421790572,1.3358806921173263,0.3903215775136395,-0.114586048590082
NUEx044,AZ,picture,bat(animal),animal,-0.0718571498368143,-0.0155885748949035,0.0136707923558281,-0.0136215024774609,0.0724689136666729,-0.4451288264314381,0.8129351357880416,-0.0764143633842947
NUEx044,AZ,picture,saw,object/tool,0.0194011952748857,-0.0226187518894535,-0.0345842491129879,0.0062374306206242,-0.010548071254897,-0.1061440778399154,-0.3549847519504435,0.4103169569918357
NUEx044,AZ,picture,bat(animal),animal,-0.0933280181838615,-0.0602836083908664,-0.0682942631708719,-0.0326276582337303,0.0775480183432213,-0.5705569099288035,0.372179035472013,0.7692681416930433
NUEx044,AZ,picture,bat(object/tool),object/tool,-0.0143700925046359,0.0017665645713641,-0.0004645418777381,-0.0097266300739594,0.0105805601766028,-0.0083549604703901,0.219189215286847,0.1035378767061629
NUEx044,AZ,picture,cherry,food/fruit,-0.0561436879001377,-0.0391380116524834,-0.0259261128343859,-0.0061424874337007,0.0618972011006368,-0.5825690841008058,0.4257211251245242,0.2558146008956726
NUEx044,AZ,picture,cat,animal,-0.0368479306222852,-0.0591109936991879,0.0153695393856371,0.0491776538516011,0.0593822910672862,-0.7132677950202422,0.2161566148641317,-0.66991838026792
NUEx044,AZ,picture,hand,body part,-0.0501968788423442,-0.0683058810485785,0.011644866020582,0.0489129610148473,0.0748350957487178,-0.9418038596387016,0.3886566683768908,-0.798182133395859
NUEx044,AZ,picture,shark,animal,-0.0366209362578884,0.0286318960871372,0.0254701591059882,-0.0335260997898931,0.0212302508228469,0.1920483517050424,0.6822508493736564,-0.0606702827746139
NUEx044,AZ,picture,bike,vehicle,-0.0382736662939153,0.0235706188482688,0.050231280530832,-0.0044076189942464,0.0286534080599103,0.059182258037801,0.4764538314396334,-0.4119324961574316
NUEx044,AZ,picture,toe,body part,-0.125741664086686,-0.1240446291630615,-0.068932760960366,0.0160957534066097,0.1595352374797047,-1.6078873292153055,0.8536603209029564,0.5868006274418558
NUEx044,AZ,picture,crane,vehicle,0.0435855891773016,0.0267765167615284,0.0385632993906748,0.022772520623457,-0.0391194030697918,0.4614838898882746,-0.3488192388012931,-0.6960351773572309
NUEx044,AZ,picture,bird,animal,0.0044792898639576,0.0430384660952856,0.0574783353125425,0.0004374179358145,-0.0089731916722209,0.4579414593809969,0.2578598160122196,-0.8228021035458338
NUEx044,AZ,picture,bus,vehicle,-0.0568479237803731,0.0405442291417873,0.0476769951516178,-0.0405522499224993,0.0367277482879061,0.2230332766812739,0.9076805093711054,-0.2040541916342004
NUEx044,AZ,picture,sky,nature,-0.0037487412712509,0.032768002853386,0.032828439303971,-0.0149302305136837,-0.0071476646799911,0.3797343014701199,0.2628271568862407,-0.3113083598294463
NUEx044,AZ,picture,mouth,body part,-0.0587638501253499,-0.0971017245297,-0.0296646191046449,0.0490638076551089,0.0966875593980036,-1.293977890445929,0.315775905799009,-0.2136665225240873
NUEx044,AZ,picture,sky,nature,0.0303988831102755,0.0296881291040068,0.0594256711368085,0.0289523571075648,-0.0131241820422813,0.2321271616848891,-0.0224901928725444,-0.5118632092794075
NUEx044,AZ,picture,milk,food/fruit,0.1550842429972272,0.0949407483423878,0.0560686630256257,0.0271364966509815,-0.170633889654628,1.442265924962132,-1.2789368813878357,-0.6193624679358858
NUEx044,AZ,picture,boat,vehicle,-0.054563332727111,0.0204390187436677,0.0440710037109481,-0.0184033816946886,0.044695050290005,-0.0248658984277625,0.8607210624905706,-0.501080103264653
NUEx044,AZ,picture,banana,food/fruit,0.0363017327936318,-0.0643296360175209,-0.0519855196727774,0.0509975893369584,-0.0078912768089056,-0.4699888954046879,-0.68683830993359,0.1545329097963643
NUEx044,AZ,picture,nail(body part),body part,-0.1185733929975308,0.040709207756506,0.0150073882855077,-0.093439149244949,0.0790509013787742,0.0142853492372868,1.318036973428632,0.6119709474713652
NUEx044,AZ,picture,book,object/tool,0.0244582386712868,0.1533446971591761,0.1288838582157406,-0.0513325755090857,-0.0711402670137752,1.4264477835075635,0.3429987513295534,-0.725509095134291
NUEx044,AZ,picture,ear,body part,-0.0059050923024791,0.0487924470539399,0.0542471017463962,-0.0152813454891305,-0.0074054933486728,0.4651293437607622,0.3257439387758497,-0.4170010795464487
NUEx044,AZ,picture,mouse(object/tool),object/tool,0.0419185520810656,0.0511632650816336,0.0318180361342866,-0.0082761933743887,-0.05833186128387,0.718992136583172,-0.260639274174755,-0.2056822995709612
NUEx044,AZ,picture,subway,vehicle,0.1364894665647414,-0.0250190998189722,-0.0936553696993955,0.0138591456786838,-0.1018620898624438,0.2435938408213423,-1.0131767916600938,0.8513024948430467
NUEx044,AZ,picture,airplane,vehicle,-0.0971656176726304,0.036145648884102,0.0197381401462541,-0.0758154331672213,0.0654564096291338,0.0445142721803671,1.2490071598637602,0.4609651480490468
NUEx044,AZ,picture,cow,animal,-0.0392071793601275,0.0850811090119567,0.0330418687054598,-0.085032971244746,-0.007862889508544,0.7589702669697412,0.7341061329102723,0.4834934082918459
NUEx044,AZ,picture,orange,food/fruit,0.0056058684250637,0.0025563534736407,0.0162689331360333,0.0115269962807794,-0.0014806726504799,0.0692484766310626,-0.0262438087424221,-0.5233800541442674
NUEx044,AZ,picture,mouse(animal),animal,-0.0599195910456297,-0.0461119833736806,-0.079281141574119,-0.0313092767521491,0.0070101218913652,-0.2226253061552773,-0.1064601452705551,0.9753005767483616
NUEx044,AZ,picture,pizza,food/fruit,0.0210365104518526,-0.0405950457573721,-0.0237282693595829,0.0399526107828158,-0.0004371727080029,-0.3672539525791806,-0.4990556761740768,-0.1180193981359739
NUEx044,AZ,picture,shark,animal,-0.0752760087028591,-0.066455264426429,0.0353713295115545,0.0506025548532607,0.0859915031299991,-0.8451301335469448,0.5817799282289955,-1.0651187752546545
NUEx044,AZ,picture,lemon,food/fruit,-0.0379059837877107,-0.0404653182515666,-0.0052067561530369,0.0186427963135207,0.0540161650259855,-0.7130288371128354,0.3790971540566486,-0.2403221889090034
NUEx044,AZ,picture,cookie,food/fruit,0.0180403734568013,0.0133810219471042,0.011270123327401,0.0067185010823391,-0.0222149900260515,0.1779334858895466,-0.1195876520143013,-0.1284213143497763
NUEx044,AZ,picture,lock,object/tool,-0.1042666209387087,-0.0888004963474465,-0.0124526258253057,0.0272843772344847,0.1321455820214703,-1.236964137982861,0.839695371274759,-0.1508496865625357
NUEx044,AZ,picture,bike,vehicle,0.0372150249662084,-0.0096374986305807,0.0068329771873238,0.0368996405946557,-0.0238590546449399,0.043226375034743,-0.4659262395347835,-0.3744671908646685
NUEx044,AZ,picture,lung,body part,0.000367645249586,0.0621246970572073,0.0229110408607278,-0.0477830668684624,-0.0299787560487447,0.7751021444411456,0.2612494533013641,0.2535202673059537
NUEx044,AZ,picture,nail(body part),body part,-0.0609736693402987,0.0430570963414728,-0.0067002115064192,-0.0710729672660841,0.0198243334049246,0.2403388383827596,0.6567156960610783,0.7071174899236206
NUEx044,AZ,picture,muscle,body part,-0.0154826589511614,0.0269144727592168,0.0328366022982042,-0.0145964841406966,0.0066586143592264,0.268525161790538,0.4179294964048851,-0.3353312415259694
NUEx044,AZ,picture,tree,nature,0.0140438834530583,0.0007409060437165,0.0340058671138278,0.0291082183277918,0.000920535032582,0.0150761245425811,-0.0335780737461993,-0.7541159964495888
NUEx044,AZ,picture,book,object/tool,0.0033891399046307,-0.0252369014396418,-0.0224138895583695,0.0123311394939702,0.0054719428354841,-0.2309127599261148,-0.1861924698748216,0.1311199349710538
NUEx044,AZ,picture,train,vehicle,0.0187382998101281,0.0167820352565546,0.010628689956749,-1.142014166645054e-05,-0.0227297171542199,0.3684231831468181,-0.2204247882904333,-0.1799788924973635
NUEx044,AZ,picture,river,nature,-0.0011256302315641,0.018639859739373,0.0285449436960246,-0.0009829722489485,-0.0017795494144025,0.2290129320863165,0.1905964129707168,-0.5108265531289493
NUEx044,AZ,picture,milk,food/fruit,-0.0143710955992157,-0.1263747999884905,-0.0744995127185969,0.0780931783100851,0.0642485528030112,-1.354982027098829,-0.4608262328048512,0.1269536793633498
NUEx044,AZ,picture,leaf,nature,0.030582875467745,0.007414235889221,0.0159090917199276,0.0204359059145824,-0.0258616339881441,0.2400927955229997,-0.3729839524704906,-0.4891018355960332
NUEx044,AZ,picture,beach,nature,-0.0486283300889556,0.1462910531112261,0.091203127825762,-0.120486527278875,-0.0207098358790913,1.2951638777104195,1.1103463172134254,0.1708619471933611
NUEx044,AZ,picture,leaf,nature,-0.0210205270780307,-0.0678360753376109,-0.0198357835426384,0.0462376879646063,0.05241096592706,-0.7413380685317078,-0.0067182701549489,-0.2809768014942273
NUEx044,AZ,picture,chair,object/tool,-0.0796414425370435,0.0027081611664634,0.0089784073472122,-0.0405450374895136,0.0679020841371158,-0.234104635761053,0.8398264218595912,0.1726476706666586
NUEx044,AZ,picture,pear,food/fruit,0.0247497555543804,0.0065158384303905,0.0200433907350524,0.0209807141934883,-0.0189571733808933,0.1988642099608217,-0.2760247015452197,-0.5153553375696779
NUEx044,AZ,picture,banana,food/fruit,-0.0238713276197608,0.0266912001231062,0.0407801831168058,-0.0123569645631925,0.015919836970097,0.2058279205491843,0.5571569621995086,-0.5414260056736813
NUEx044,AZ,picture,hill,nature,0.0224865594130313,0.0567146239872769,0.0334077335874892,-0.0273107492767625,-0.0437704500646642,0.5689586588518385,0.0060681826230342,-0.079756580510356
NUEx044,AZ,picture,fly,animal,0.2044461876336092,-0.1642048085811442,-0.1364642958859794,0.1908962939824638,-0.1146129939737857,-0.4291919973465544,-1.7131908814912475,0.3442515878725928
NUEx044,AZ,picture,river,nature,0.0285004515285989,0.0903205961350394,-0.0130734992997307,-0.0692873273535191,-0.0655091652860775,0.8169555059509161,-0.0902299445488315,0.794036155912879
NUEx044,AZ,picture,cat,animal,-0.0613837209768321,-0.0015448382617685,-0.0134412065055692,-0.0373627620729216,0.0457716045268237,-0.203943649136009,0.5786113195866188,0.4385513602159009
NUEx044,AZ,picture,head,body part,-0.0628688031211582,-0.031899054382965,-0.0223465749420094,-0.0178633662858014,0.064840705241556,-0.4386067146688098,0.3701543558022388,0.0949239051639683
NUEx044,AZ,picture,dog,animal,-0.0519463343034416,0.0316187309430045,0.05065735827403,-0.0238002728165768,0.03726180878756,0.1278792234760925,0.776254024021765,-0.4152731886976656
NUEx044,AZ,picture,fly,animal,-0.1050704747271226,0.0739645542790607,0.0091570697400821,-0.1171207370235006,0.0454702200954557,0.3411959828880544,1.051588117089367,0.7779195470227332
NUEx044,AZ,picture,hill,nature,-0.0015278502167142,0.1243690127222413,0.1008320636291242,-0.0611581750277862,-0.0421810733122154,1.1386902738725226,0.5248105415785703,-0.3301010531328084
NUEx044,AZ,picture,book,object/tool,-0.1019197690445021,-0.0426331160051141,0.0229106052686635,0.0050939440277378,0.1089383711191556,-0.8186000421095798,1.079626131459999,-0.4702852133842473
NUEx044,AZ,picture,knife,object/tool,-0.0031974038760731,0.0179627586661491,0.0359028883127536,0.004278958464372,0.0023450916588187,0.1685916772963818,0.1703731263717755,-0.457857471439048
NUEx044,AZ,picture,cherry,food/fruit,0.0801032046665583,-0.1774216339585674,-0.1896000152084708,0.0292865815425069,-0.0125070864330692,-0.7063919741401026,-0.9693056170525516,1.4121298735893872
NUEx044,AZ,picture,island,nature,0.0383167010365531,0.0912019907534428,0.0896757314241449,-0.0067947081601218,-0.053476051826694,0.8928488585854595,0.0460500066338359,-0.7434864739370673
NUEx044,AZ,picture,lock,object/tool,0.0044685270042358,0.0040706697673315,0.0290143745665162,0.0183355233452993,0.0028022791155714,0.0381246320588931,0.0355083562380962,-0.4400577863773019
NUEx044,AZ,picture,nail(object/tool),object/tool,-0.0952449620102755,-0.0463414530320659,-0.0322871355033307,-0.0260457867830588,0.0955586691517917,-0.5804230341153496,0.6043567421863729,0.3833453754207133
NUEx044,AZ,picture,chair,object/tool,-0.0619997190993449,-0.095275275361856,-0.0694307326846715,0.0174580699059136,0.0843799320595254,-1.0642135498915963,0.2061444453411924,0.5332134910320501
NUEx044,AZ,picture,muscle,body part,-0.0991425826090472,0.1131115302829351,0.0547693583368877,-0.1337027108578648,0.0310227944869648,0.7286849191896112,1.2820095044949098,0.6422650117717968
NUEx044,AZ,picture,nut(object/tool),object/tool,-0.001121643083014,-0.0448582685328643,-0.0128437657062148,0.0389047421928379,0.0239040357625198,-0.5661202256075946,-0.1922357927721944,-0.2909971292896806
NUEx044,AZ,picture,hammer,object/tool,-0.0446176054652962,-0.0892333802050774,-0.0630769676827188,0.0251845994806424,0.0694140185573504,-1.0223669362531949,0.066547603821211,0.4700202901516796
NUEx044,AZ,picture,cat,animal,-0.0529012001060326,0.0054323609655162,-0.0039695434862952,-0.0364963297490738,0.0396110439902625,-0.092123905152734,0.4378934440720392,0.1359402990798593
NUEx044,AZ,picture,subway,vehicle,-0.0119905351733732,0.1433598614008389,0.0398337394028372,-0.1209795400903285,-0.0624653197864151,1.2913649488859476,0.4953926878193631,0.7232727191077537
NUEx044,AZ,picture,apple,food/fruit,0.0073700180569486,0.0110972864100975,-0.0041468731503432,-0.0093761750025883,-0.0128551301814587,0.2024946101632954,-0.0873810050912616,0.1764232689389203
NUEx044,AZ,picture,saw,object/tool,0.0563130231584834,-0.0844563258452128,-0.0970228097726348,0.0244028240465896,-0.0161879611070831,-0.323829791389233,-0.5529022244008884,0.559441868093765
NUEx044,AZ,picture,toe,body part,-0.112431732641483,0.0022155321566914,-0.0208694893458242,-0.0717955200145717,0.0807489013436501,-0.2911976533668112,1.01194792712994,0.7749212150954704
NUEx044,AZ,picture,bike,vehicle,-0.0240097347121665,-0.0254020510836566,0.0027942283848133,0.0156561308801916,0.0356725953479654,-0.4876281422846408,0.2961482605071656,-0.3718617410130989
NUEx044,AZ,picture,truck,vehicle,0.0314184069950845,0.0403867120266129,0.0239658313737689,-0.0082230175777416,-0.0446285244307856,0.6301905312250351,-0.2361421832840744,-0.1663155295195652
NUEx044,AZ,picture,bird,animal,0.0655411155671468,-0.0120486834916368,0.0109572715272506,0.0566743358330474,-0.0430194876780688,0.1192249924415091,-0.785251618704269,-0.5971256655978562
NUEx044,AZ,picture,grape,food/fruit,0.0149451092491861,-0.0454939210937199,0.0052589570785339,0.0563599115432404,0.0164037430261814,-0.5059428802421394,-0.3017936680908064,-0.778585590499997
NUEx044,AZ,picture,sky,nature,0.0058744369217047,0.0005627517097339,0.0057457999036014,0.0067455442280179,-0.0038645881828401,0.0688891262356054,-0.0874363254948073,-0.2515368332578631
NUEx044,AZ,picture,grape,food/fruit,-0.0286829339965572,-0.0366836788553849,-0.0226997784309969,0.008557619492138,0.0384614207437184,-0.563770515257428,0.1726083351730015,0.1892262036233871
NUEx044,AZ,picture,apple,food/fruit,-0.0586913990997247,-0.0174989379980127,-0.0282423383806628,-0.0302693523938814,0.0452921830820374,-0.3017735791608531,0.4254521750597389,0.5025575861701613
NUEx044,AZ,picture,cookie,food/fruit,0.0643118856832691,0.0591765167938504,0.0444197664730517,0.0043616734699584,-0.0768066596966967,0.8433889139673111,-0.4349475617761842,-0.3665205147846122
NUEx044,AZ,picture,lung,body part,-0.0982591248690039,0.0848525766707033,-0.0857024167625597,-0.0967727166470617,-0.0166555508909871,0.2395055861628548,0.0714513094335603,1.2450264729594809
NUEx044,AZ,picture,wrench,object/tool,-0.0616755922207139,-0.0130332288872547,-0.0388441848072446,-0.0384982152014851,0.0352630249986193,-0.2180010261961923,0.3211802237326436,0.6418083287354143
NUEx044,AZ,picture,pizza,food/fruit,0.0118329333408693,-0.0061554061746306,0.0248012134720635,0.0306474709956625,0.0019695378688157,-0.0569081003066142,-0.0889934977378116,-0.5871097449443333
NUEx044,AZ,picture,ladder,object/tool,-0.054423370180133,-0.0698402370229497,0.0026055314525497,0.0438717705040307,0.0803668753431528,-0.9546547913446418,0.3929431015621513,-0.5236849636593073
NUEx044,AZ,picture,dog,animal,0.0176883934589268,0.0818666295334727,0.0691687252251414,-0.0281813671244695,-0.0438465136147849,0.8882042738675154,0.1852446203501142,-0.3988010139046052
NUEx044,AZ,picture,lung,body part,0.004132158523847,0.0138524800726619,0.0165206024026673,-0.0007450590325196,-0.0074441119199979,0.2182766191728928,0.0375009924407751,-0.2462189555759744
NUEx044,AZ,picture,knife,object/tool,0.1608331752008296,0.2105782841192112,0.0091440952310582,-0.1121198098428926,-0.237579040842161,1.9107904488768448,-0.8241941085178451,0.8753442063486867
NUEx044,AZ,picture,nail(object/tool),object/tool,-0.0312924078780072,0.0051782758818187,0.0136808849382434,-0.0137902267097519,0.027546479492041,-0.0653901266694914,0.5254320569667961,-0.1004269456454673
NUEx044,AZ,picture,nose,body part,-0.0660427930710284,-0.034910504988387,-0.0408620202944463,-0.023834732922454,0.0568617273070057,-0.4913988088755829,0.4081544279855977,0.5997691659504547
NUEx044,AZ,picture,orange,food/fruit,0.026309446269506,0.0759453325726459,0.0441206633323486,-0.0368390203514363,-0.0557160701082429,0.9308147147547474,0.0112300986588211,-0.1155150158655999
NUEx044,AZ,picture,cookie,food/fruit,-0.125140014320739,0.0322085204946481,0.0266927067827366,-0.0821815518817558,0.0937585308161018,-0.0737979745527123,1.2707693613943465,0.3652669568413003
NUEx044,AZ,picture,deer,animal,0.0799890880630381,0.1322568553979838,0.0755222077497747,-0.0439058008374858,-0.126648253519209,1.4667459266362168,-0.3342599707799072,-0.1697711118776771
NUEx044,AZ,picture,hurricane,nature,0.1171926288716856,0.0907445597680677,0.0302351189347729,-0.0072899593881824,-0.1440389079151763,1.2485095596942548,-0.8748062061595232,-0.0177792617885908
NUEx044,AZ,picture,truck,vehicle,0.0497504521287992,0.0217355329253889,-0.0174894557675689,-0.0081118092307417,-0.0528603731058123,0.4350413742436773,-0.505161059479924,0.3301613804871013
NUEx044,AZ,picture,nose,body part,0.0949836369730737,0.0598917843543307,-0.064431350875235,-0.0563415495353196,-0.0807613097849209,0.5455958162910599,-0.4486921947658866,1.063330609487224
NUEx044,AZ,picture,ear,body part,-0.1088030702879804,-0.048182583165212,0.0191059763482834,0.0037918152687745,0.1173817803942082,-0.9137790734248632,1.1658127139652243,-0.3883622680320027
NUEx044,AZ,picture,wrench,object/tool,-0.0032371675251796,0.0262448240356692,0.0657279241220078,0.031392993629827,0.0141643133983596,0.0688198089010822,0.2360021068962001,-1.125766985752758
NUEx044,AZ,picture,nail(object/tool),object/tool,0.008702280559549,-0.0784162122048111,-0.0488669128356519,0.0550916223202314,0.0244131156528108,-0.8859629480863529,-0.5951420260172192,0.0237330895629361
NUEx044,AZ,picture,bird,animal,-0.0361282820449423,-0.0185778057600417,0.0243319836417126,0.0164381502976951,0.0446038926483109,-0.4034852468174528,0.4855798475820863,-0.6700365469683811
NUEx044,AZ,picture,hill,nature,0.0369429295568501,-0.084869111496865,-0.0903754597623509,0.0222826480102883,-0.0045824649339347,-0.4601642213141915,-0.6249788638132461,0.7922954946678715
NUEx044,AZ,picture,duck,animal,-0.0126074686431689,-0.0270338859080249,-0.0344559261322065,-0.0054459525250225,0.0156389092273697,-0.2249868472589739,-0.0020729880237011,0.1748360136182176
NUEx044,AZ,picture,deer,animal,-0.1143339002216383,0.0143528664520438,0.0543849899278917,-0.0348874017775796,0.0965361114107388,-0.2481240091329556,1.2546948682015602,-0.3012992690550516
NUEx044,AZ,picture,key,object/tool,-0.0313836400396153,0.1084040921457297,0.0744959637443361,-0.0823751964101703,-0.0155780628828752,0.8385412362761585,0.6085172185848943,0.0168855031758961
NUEx044,AZ,picture,strawberry,food/fruit,0.0966415569718588,0.0830617928476329,0.0347591105749122,-0.0078802940701995,-0.1213951478895316,1.1797801491468471,-0.7685887872213023,-0.1138686178612029
NUEx044,AZ,picture,car,vehicle,0.1054179608593986,0.123881355545072,-0.0700576276941354,-0.1007960112627773,-0.1099376468985302,0.733872087742244,-0.3041353180972084,1.0208279066677115
NUEx044,AZ,picture,mouth,body part,-0.1104149241312279,0.0871418340765965,0.0528109497234373,-0.1148171497062925,0.055986413720745,0.4806593310135429,1.4407262064229978,0.4866858133037645
NUEx044,AZ,picture,flower,nature,0.0712952084254385,0.0399718683532531,0.0257320888814721,0.0145166312646167,-0.077756637713047,0.6862698774229308,-0.5815815949632482,-0.3193712642341051
NUEx044,AZ,picture,duck,animal,-0.0249779982908426,0.0194109754130527,0.0268147974477689,-0.0165654794699575,0.0175978185587225,0.128326392519401,0.5325497527190384,-0.3005626989675136
NUEx044,AZ,picture,crab,animal,-0.0087569251171721,-0.0191787626915723,0.0096066831270187,0.022489841581122,0.0214651647184546,-0.3060651470018208,0.0777122832220203,-0.4948158164332327
NUEx044,AZ,picture,ladder,object/tool,0.0570687634184687,0.0665737234507803,0.0830991691046654,0.0239212233602105,-0.0462014503806767,0.4927076352202359,-0.101306828131067,-0.2987326812437571
NUEx044,AZ,picture,bus,vehicle,0.105089385470272,0.1705769221192367,0.1142393341035668,-0.0408953247714824,-0.1582546525010646,1.775585479776429,-0.400196744150282,-0.4521575644202275
NUEx044,AZ,picture,lemon,food/fruit,0.1144160512374545,0.0170651385976606,-0.0004100111019643,0.046828781719986,-0.1062954027925069,0.6165160045755721,-1.1981544366023682,-0.2785495289714709
NUEx044,AZ,picture,hammer,object/tool,0.0114765356930691,-0.0945498542973204,-0.0250802645249611,0.0864933209715494,0.0361701173679918,-0.8841877775509166,-0.5042649285087619,-0.5221596295277515
NUEx044,AZ,picture,key,object/tool,-0.0381481250626024,0.0017592150101916,0.0052563182457369,-0.0189354189918878,0.0323756372908021,-0.1267689639900537,0.57065912450884,0.0879042556166894
NUEx044,AZ,picture,taxi,vehicle,0.0420220555982256,0.0484071634641636,0.0052514318814959,-0.0231243640452663,-0.0596673705999693,0.7036039388358346,-0.3266803568558926,0.1582513123025329
NUEx044,AZ,picture,key,object/tool,-0.0406605257552797,0.0346388342904547,0.015160831299927,-0.0476130864804916,0.0178786653001168,0.2098443793768883,0.5690279253940537,0.1580429459243527
NUEx044,AZ,picture,strawberry,food/fruit,0.0305899789177398,-0.052404785665326,0.0255110611331618,0.0708999580823042,0.0173704513218659,-0.3880731494800971,-0.2611053013682073,-0.8382505034855854
NUEx044,AZ,picture,leaf,nature,-0.0631000579985255,-0.1549747648226203,-0.0191798038517238,0.1097779357737499,0.1231229639156038,-1.5890535478463492,0.0734008460502923,-0.812535018415686
NUEx044,AZ,picture,lemon,food/fruit,-0.0274763635535262,-0.0845187403517648,-0.0739719113731715,0.0164147792294021,0.0431359533977145,-0.7627518296810941,-0.1411273493044159,0.6503729440580865
NUEx044,AZ,picture,bat(object/tool),object/tool,-0.0652150705697739,-0.0707303676663255,-0.0476679118063056,0.0060579054197745,0.0806899629525015,-0.8814371997392689,0.3700931864725991,0.4117521118799156
NUEx044,AZ,picture,pizza,food/fruit,0.0221911940475736,0.0005592988636264,-0.0034131283747826,0.0115977481506142,-0.0212193057972389,0.1175263043019116,-0.26924855005502,-0.0698282815465301
NUEx044,AZ,picture,grape,food/fruit,-0.0076065003323949,-0.0838609480310348,-0.0465393416437677,0.0537596604142993,0.0424913501911572,-1.0534202451692682,-0.3527970210445962,-0.039787092163611
NUEx044,AZ,picture,airplane,vehicle,-0.1044398904450678,0.0070248002648966,0.0780522057638186,0.0571660893586404,0.0477485858487106,-0.0599454033423004,0.0269462328525282,0.3278124085254523
NUEx044,AZ,picture,taxi,vehicle,0.0388245538963914,-0.1167214413414384,-0.0949554350964257,0.074940465135405,0.0076696653742896,-0.8614904856161343,-0.9351581359802768,0.3997343491323246
NUEx044,AZ,picture,nut(object/tool),object/tool,0.0826123443944672,0.1139527760915681,0.0683915444737138,-0.0274368658902143,-0.119211200125468,1.545875648073337,-0.5038147940291374,-0.3862370093721832
NUEx044,AZ,picture,crab,animal,0.002054420883701,0.0123060686331974,0.0110019390084264,-0.004180045569358,-0.0060722968290949,0.2072062176259242,0.0457131466748875,-0.1697418555797583
NUEx044,AZ,picture,hand,body part,0.0263808235741945,-0.181275161784521,-0.019608981299631,0.1682337316486408,0.0675160436013218,-1.0695713331606134,-0.6126710968751552,-0.6658786362980079
NUEx044,AZ,picture,ear,body part,-0.0214186184438713,0.0134861860851626,0.0511341831077979,0.0171066800884025,0.0234663675801296,-0.0123228723592961,0.3768003363884529,-0.8759715938741444
NUEx044,AZ,picture,duck,animal,-0.0176033266793912,0.0065450624364053,0.0214853678111594,-0.0019403622347467,0.017144578164398,-0.0102722626348549,0.3732995444919104,-0.4074004052228455
NUEx044,AZ,picture,fly,animal,0.0138780765108965,-0.0697049090360951,-0.0671534467502844,0.0239789301077774,0.0087402571905998,-0.5153320094512601,-0.4318794593359784,0.5182972205017036
NUEx044,AZ,picture,bear,animal,-0.0334736174581178,-0.0613692828722202,-0.0245556000273412,0.0301479062875639,0.0577197671045999,-0.862714241260032,0.1447694076863104,-0.0566308246677005
NUEx044,AZ,picture,taxi,vehicle,0.0903680138608666,-0.0485110695309368,0.0753866172198879,0.0817407493075362,0.0169525028297564,-0.1072220139936827,-0.0643188435763823,-0.3999657918536052
NUEx044,AZ,picture,crab,animal,-0.0027060199822085,-0.0068456142903312,0.0002129779520131,0.0063874769837798,0.0064812521135676,-0.0881973263468586,-0.0010044107229986,-0.1339551366394514
NUEx044,AZ,picture,mouse(object/tool),object/tool,0.0347647656956691,0.0088470740730686,-0.0389837297048494,-0.0243565950136285,-0.0269063130066342,0.17056051194866,-0.2167411511449075,0.5434637680291278
NUEx044,AZ,picture,beach,nature,-0.0692467517155081,-0.0998134264449042,-0.0650735017274116,0.0225258768768367,0.0966473413627291,-1.0698365947533182,0.2498766860225011,0.4484831512304375
NUEx044,AZ,picture,car,vehicle,-0.028338214819158,-0.0258724150640758,-0.0451874659792656,-0.0179846827797192,0.0135987290774523,-0.1906339795936831,0.0067437345363773,0.5394692097273612
NUEx044,AZ,picture,airplane,vehicle,0.0990991486165067,0.0632076950818846,0.0457346511167195,0.0248034505912878,-0.1065627047824301,0.7758025223470643,-0.5717212803239928,-0.2339345856375237
NUEx044,AZ,picture,muscle,body part,-0.0384775048547382,-0.0706471595176124,-0.0371868384180239,0.0291550072898437,0.063394005996934,-1.02418915417061,0.1570607170146619,0.1155408403219977
NUEx044,AZ,picture,mouse(object/tool),object/tool,0.0154463756395022,0.0103799401883249,-0.0095974050841514,-0.008428937078717,-0.019733287664219,0.2110770166741728,-0.1793916897886844,0.2033960182274406
NUEx044,AZ,picture,chair,object/tool,0.0503842609594947,0.0124051754013721,-0.0421066360160545,-0.023176049819529,-0.0386631373632285,0.2185378385776601,-0.3136274154711667,0.5389992500549743
NUEx044,AZ,picture,ladder,object/tool,0.02368327276033,-0.192377264352559,-0.1123869884978569,0.1443583288365049,0.0586993125383225,-1.8114049133838257,-1.2761781547416768,-0.1000180883472306
NUEx044,AZ,picture,head,body part,0.0281516692354035,-0.0727599276705592,-0.010404152546152,0.0806077719515501,0.0142969751342425,-0.5914547028898628,-0.4949268930438024,-0.4978427182358795
NUEx044,AZ,picture,bed,object/tool,0.0447705828948398,0.0088958091300426,0.043416133167826,0.0401333264444612,-0.0221999864636274,0.2029233644347499,-0.2693565809665684,-0.871085766009652
NUEx044,AZ,picture,pear,food/fruit,-0.0542693115443655,-0.055954701679115,0.0158741020206871,0.0378303165339419,0.0731580605246355,-0.7632138549849891,0.430927710618432,-0.6452246525293214
NUEx044,AZ,picture,strawberry,food/fruit,0.0485211456963558,0.0663810704188567,0.0509759494752311,-0.0084130875791841,-0.0662216940360475,0.9752184760456484,-0.27892950003061,-0.5120093975226305
NUEx044,AZ,picture,mountain,nature,-0.0620100161126489,0.0201730509757038,0.0128093764879952,-0.0463738155955557,0.043275753491144,0.0077164121800673,0.8032418350186842,0.2125225748617303
NUEx044,AZ,picture,cow,animal,-0.0754451818268602,0.0489128295991014,0.0791052930972397,-0.0254520668377703,0.0489283497374372,0.1806958541479454,0.9658410360879915,-0.6086079802570913
NUEx044,AZ,picture,nut(food/fruit),food/fruit,-0.0024208253109872,-0.0172798512829637,-0.0016442855709704,0.0158700149265101,0.011880969939013,-0.2397165856170777,-0.042842015232048,-0.2740972623860659
NUEx044,AZ,picture,milk,food/fruit,0.0780861232272718,-0.1162822626005947,-0.1236745008748023,0.0567096918099681,-0.0285291221848165,-0.5308137997057967,-1.0836116656376955,0.8938624975450266
NUEx044,AZ,picture,toe,body part,-0.1069920072661291,0.0959026431702898,0.0098107055600848,-0.1363163083094907,0.0342250068753498,0.5068407931561791,1.0639433159845462,0.8726111694986596
NUEx044,AZ,picture,hand,body part,-0.1027135878919536,-0.081647674222054,-0.0599119226572179,-0.011021911758667,0.1130756557209913,-1.1197563199611815,0.740243652323271,0.7315194148793545
NUEx044,AZ,picture,car,vehicle,-0.0147054582016144,-0.0683324402349087,-0.0497059396270651,0.029684112475917,0.0365085915318142,-0.7670837215418407,-0.1860487002007493,0.277813253498447
NUEx044,AZ,picture,flower,nature,-0.0875370777521753,-0.0211991120103481,0.0181976676094028,-0.0135261861465066,0.0886521825973722,-0.561070680358872,1.022810850913844,-0.214079946851041
NUEx044,AZ,picture,nut(object/tool),object/tool,0.0086638254893263,-0.0830266122069083,-0.0488651870299405,0.060580415334592,0.0268434675250928,-0.922256958347178,-0.6013707606559429,-0.0140660730485504
NUEx044,AZ,picture,wrench,object/tool,-0.0966325590952902,-0.0568861621047369,-0.0748820454710922,-0.0395806046427379,0.0695151267599683,-0.6058131179162355,0.4366903864143831,1.0669592192230102
NUEx044,AZ,picture,cow,animal,0.0152408079001231,0.0275421181392743,0.0281677756434023,-0.0019313256610274,-0.021318225876928,0.446376438563929,-0.0330755034920647,-0.4476590064653147
NUEx044,AZ,picture,mouth,body part,0.042291236484635,-0.0037682500569917,-0.0276283449373565,0.0052677451955795,-0.0364363716570036,0.1461463995453066,-0.5057931083117674,0.2655686010273539
NUEx044,AZ,picture,hurricane,nature,0.026374293276973,0.0276405659286394,-0.0003864576661321,-0.0125434540015335,-0.0375327366539548,0.4330246031894447,-0.246301199358769,0.1971227012308016
NUEx044,AZ,picture,lock,object/tool,-0.0001764390832076,-0.0164909583145607,0.0322924428564211,0.036876850393395,0.0193975131810844,-0.2104240937464503,0.0525541410609324,-0.8174064387353434
NUEx044,AZ,picture,island,nature,-0.0474379121315982,0.2212578441638689,0.0518159743770939,-0.2045481121703501,-0.0754250958620534,1.5400198878153133,0.7868435479798898,1.1568661937993003
NUEx044,AZ,picture,leg,body part,-0.1095895455356218,0.0658833617495679,0.0832211084615305,-0.0672060320643085,0.0706980532883382,0.2666531873204267,1.396482327877435,-0.2562247743815812
NUEx044,AZ,picture,bus,vehicle,0.0393650844109409,0.0166669954085416,0.0117258648891409,0.0131441764515181,-0.0404783844895088,0.4337825762323337,-0.5157167459175234,-0.3081898233680066
NUEx044,AZ,picture,tree,nature,-0.0615663452947412,0.0688468107475037,0.0586202171292731,-0.0667422868141308,0.0272376285191415,0.4680515769572568,0.912378671078069,-0.0536702181125077
NUEx044,AZ,picture,island,nature,-0.2198145661565278,-0.0302258621377102,0.1230470642301148,0.0242110759773734,0.1799623884089844,-0.4353121981078452,0.8720046882210206,-0.4311193489509599
NUEx044,AZ,picture,crane,vehicle,0.0189047266887521,-0.0109945614759688,-0.0135721993126558,0.0125265264694366,-0.0129148526825245,-0.0105332611585791,-0.3928527880056431,0.0631958366207188
NUEx044,AZ,picture,mountain,nature,0.0020752238850071,-0.0925060562721935,-0.0149727923807313,0.0822915344488459,0.0453339354198613,-1.058814437995618,-0.38431264120054,-0.816432870292785
NUEx044,AZ,picture,dog,animal,-0.1287335028340396,0.0307008509713877,0.046698457807831,-0.0687208646303564,0.1014218586877581,-0.133431484289734,1.469277691054139,0.0778895184892957
NUEx044,AZ,picture,subway,vehicle,0.0760293362181567,-0.0268515856902318,-0.0519668710798421,0.0285095061198945,-0.0558951260787228,0.0534143221622925,-0.6958074631425664,0.3252745081538828
NUEx044,AZ,picture,bed,object/tool,0.0698551529285758,-0.0317038868924042,-0.043067223649608,0.0407196787038027,-0.0493613798586753,-0.0089978155940664,-0.9911860492180418,0.187541947246626
NUEx044,AZ,picture,boat,vehicle,-0.0014664143804987,0.0128876187197542,0.0174788988863895,-0.0028860402626786,-0.0015542249691568,0.1837070868843349,0.1267321800441488,-0.2959876032285112
NUEx044,AZ,picture,saw,object/tool,0.0197170948220653,-0.0098789732928481,-0.0248144802119009,0.0027095698827611,-0.0155236077825061,0.0022932955613514,-0.3551183027879962,0.3295999629924462
NUEx044,AZ,picture,nut(food/fruit),food/fruit,-0.0578722461352466,0.0841647709759636,-0.0717058460337251,-0.0711226098709623,-0.0317577984531212,0.2279208019490783,-0.0808287493264041,0.6398713513701719
NUEx044,AZ,picture,leg,body part,0.0634060646734045,0.0844914315538829,0.0365626129223923,-0.0269903655147033,-0.0942257966645693,1.1259074067088646,-0.3962203452997319,-0.0048935809094934
NUEx044,AZ,picture,deer,animal,-0.0795462878304478,-0.0303187239888563,-0.0593061052311124,-0.0414453044384282,0.0462051487389073,-0.3810799622601741,0.3618419107607759,0.9391120394610256
NUEx044,AZ,picture,knife,object/tool,0.0012604101696163,-0.0214622722647996,0.0044743154588532,0.0262201976079794,0.0132198080861345,-0.2936687302282035,-0.0858484709873469,-0.4987888099766425
NUEx044,AZ,picture,pear,food/fruit,0.0125199691962898,-0.0124205868191398,0.005383656817753,0.0242810547263478,-0.0019713875715007,-0.0900134392103663,-0.2544830170714922,-0.41993950191746
NUEx044,AZ,picture,train,vehicle,0.0582067185631535,-0.0147863238379077,0.0472974751110364,0.0616783637010111,-0.0110457127028966,-0.0059571547887612,-0.2533427149538468,-0.8307544956050995
NUEx044,AZ,picture,head,body part,-0.1244868623709605,-0.0198529311908255,0.0286576863180989,-0.0270288358180082,0.1190285920853406,-0.6249439829358142,1.358112753453254,-0.1251899876753261
NUEx044,AZ,picture,bat(animal),animal,-0.0169659970653239,-0.0110522047331657,0.0038198782553174,0.0049713415327511,0.022249718261792,-0.2233886686158995,0.228337273992929,-0.2184894176472774
NUEx044,AZ,picture,nut(food/fruit),food/fruit,-0.0017629462203644,-0.1062083544400094,-0.0794495792594147,0.0549961317856313,0.0393457762251043,-1.0332837335485818,-0.5310806967976002,0.3740596912624168
NUEx044,AZ,picture,leg,body part,-0.0463733643121839,-0.0376834195798632,0.0103763588365667,0.0218513050623324,0.0610898017662834,-0.674716926995711,0.497989781244839,-0.4753234602487272
NUEx044,AZ,picture,nose,body part,-0.0973075659150173,-0.0065688083265469,-0.0472324458284882,-0.0638970572958485,0.0549748194441353,-0.2665137592410605,0.5694381326343833,0.8287383714218202
NUEx044,AZ,picture,tree,nature,-0.0032688793734407,-0.0076342220075613,0.0256347503702832,0.0233355658724171,0.0150447255883041,-0.1307446689971263,0.1121556660999225,-0.6955612271664877
NUEx044,AZ,picture,hammer,object/tool,-0.0286200239309872,-0.0452039956508843,0.0441960596488653,0.0535593147219309,0.0396167956200778,-0.3249088726754746,0.1134383494807346,-0.6892110968157787
NUEx044,AZ,picture,bear,animal,0.0174695147056034,0.0246934786465654,0.0209285698245702,-0.0022130057270908,-0.0237466584768992,0.4813110584642809,-0.1312935593826211,-0.3344505734905239
NUEx044,AZ,picture,orange,food/fruit,0.0182455025055379,-0.0872207444350056,-0.0573466178458457,0.0641937631532103,0.0184087259739299,-0.865775565332472,-0.7056839097067091,0.0607578756158071
NUEx044,AZ,picture,river,nature,-0.0442372012921946,0.1001166518444021,0.0754825529247876,-0.0783904066655147,-0.0005411452743883,0.8939326339818521,0.9854794687471092,-0.0528310693435888
NUEx044,AZ,picture,bat(object/tool),object/tool,0.0589088306069877,0.0838458289076929,0.0435130385813274,-0.0260133087621744,-0.0880372807513638,1.1843624304518054,-0.3653440093078108,-0.1216767280783588
NUEx044,AZ,picture,flower,nature,0.015632126178473,-0.0344142871868017,-0.0086213368524251,0.0404597421978988,0.0045905949828175,-0.3258400770091547,-0.3275533580699914,-0.3445419523044645
NUEx044,AZ,picture,mouse(animal),animal,-0.0971663178470322,-0.0463919576212107,-0.0630197841644444,-0.0415423783949018,0.0737436527939133,-0.6017275556272934,0.5519062913282574,0.9627438790381226
NUEx044,AZ,picture,banana,food/fruit,-0.0092700010756983,-0.0161758327657181,0.0007122689706958,0.012852830292594,0.0176882473904686,-0.281862326334642,0.0833802057644402,-0.2656581642214252
NUEx044,AZ,picture,boat,vehicle,0.0444954455849821,0.1144649928063544,0.0574773152994457,-0.0573601083517234,-0.090540540753097,1.3681617627927898,-0.062608867702238,-0.0242646986367948
NUEx044,AZ,picture,bat(animal),animal,0.0610964141947177,0.1134743160562383,0.0142626737896589,-0.0691384717535987,-0.1065016804114944,1.0675297831171409,-0.2250572870501073,0.4796907049749334
NUEx044,AZ,picture,saw,object/tool,-0.0199749543178106,-0.0505575872679123,-0.0536897119847138,-0.0005745930226862,0.0237561789988893,-0.4745068438507813,-0.0810051292065738,0.6399032746324594
NUEx044,AZ,picture,bat(animal),animal,-0.0824587960785706,0.0086953446207404,0.0125591205133248,-0.0451876133861107,0.0676614812054431,-0.216562234085765,1.0153969784504506,0.2561020843631951
NUEx044,AZ,picture,bat(object/tool),object/tool,-0.122061616872398,-0.0435935478156,-0.0016643527289499,-0.0244472154476925,0.1256867605453913,-0.8624407023011609,1.2766896757977568,0.1607820086406159
NUEx044,AZ,picture,cherry,food/fruit,-0.0130521439971443,-0.1337952272685759,-0.083916114898577,0.0801399561699492,0.0642220237069863,-1.4318231316765533,-0.5514056599779439,0.242004795831815
NUEx044,AZ,picture,shark,animal,-0.0193907443921211,-0.0012013058617251,0.0156400319331334,0.0018477435255596,0.0214321629341418,-0.0961071990632649,0.3215501725597013,-0.2883474492854649
NUEx044,AZ,picture,bike,vehicle,-0.0322129669454886,-0.0205839105826087,-0.0047565498856005,0.0011472684309741,0.0378442852938842,-0.4229125304144162,0.3867198043184386,-0.0223603960315664
NUEx044,AZ,picture,toe,body part,-0.0637424352620495,-0.0558735599598894,-0.0426203334332559,-0.0041036126459144,0.0714749127225504,-0.6301503237442746,0.3050561610873259,0.354712324389085
NUEx044,AZ,picture,crane,vehicle,0.0112187325222934,-0.0048368883780987,0.002261443695193,0.0135407532201774,-0.0064042384962344,0.0156503902595073,-0.2184278053469817,-0.2253974710974969
NUEx044,AZ,picture,bird,animal,0.0019330210118766,-0.0659164532885882,0.0005945327357457,0.0638904579520822,0.0354914023408977,-0.6249577393151834,-0.1458556849432706,-0.571327612975647
NUEx044,AZ,picture,sky,nature,-0.0087099758687756,-0.0859331778124932,-0.0304264406083424,0.0656810092173589,0.0483269280531209,-0.8966142117439108,-0.2454737119978345,-0.2930975884209732
NUEx044,AZ,picture,mouth,body part,-0.0521285402098108,-0.0328578274297837,-0.0280315236307416,-0.0110291530238993,0.0528317046266404,-0.438177054502513,0.3208524318071647,0.3177940970548469
NUEx044,AZ,picture,sky,nature,0.0935128822749451,0.304457167875463,0.1262938664885786,-0.1816290569938517,-0.2269706735228511,2.521232447980084,-0.0374395886269848,0.5213518731653172
NUEx044,AZ,picture,milk,food/fruit,-0.0609781382894512,0.1389813608324673,0.0179982978945542,-0.1456359880873718,-0.0276865842266066,0.8900781732068144,0.628017624975096,0.8143806740157865
NUEx044,AZ,picture,banana,food/fruit,-0.0336131719936522,0.1091887435000939,0.057912410173295,-0.0945013301777885,-0.019042864491392,0.9744307130087884,0.7637877762592689,0.2152117517026976
NUEx044,AZ,picture,nail(body part),body part,-0.0144048839639557,-0.0584044897100861,-0.0318114108467131,0.0341771619824681,0.0374991978767247,-0.7221832929353561,-0.129715952364336,0.0198602944399182
NUEx044,AZ,picture,beach,nature,0.0443979291115118,0.0267569469051762,0.0226492339430367,0.0141671135914006,-0.0480485833036273,0.4323243481805903,-0.3583445895358161,-0.2585883256155689
NUEx044,AZ,picture,train,vehicle,0.0108975414309604,-0.0085289784380908,0.0140489760056141,0.0249706338327829,-0.0001580387065415,-0.0597049206702332,-0.1661520442269239,-0.5672180832008934
NUEx044,AZ,picture,book,object/tool,-0.0937652614948636,0.1132986629853492,-0.0010867894971402,-0.1435912683580046,0.0154757855286289,0.438397826172602,0.4889386503213737,0.3886942464833079
NUEx044,AZ,picture,ear,body part,-0.0531889154073986,0.009576441773819,0.0196155551485915,-0.0258168729526385,0.0448536418793166,-0.1120197346848954,0.8086234722238738,-0.0811631592416412
NUEx044,AZ,picture,crane,vehicle,1.3952028672092134e-05,-0.0444021772138436,-0.026166177173484,0.0305736743668359,0.0186594318690808,-0.53545163782089,-0.2577512371867523,-0.0347270649302161
NUEx044,AZ,picture,mouse(object/tool),object/tool,-0.0057996296599938,-0.0570557659794119,-0.0531075438050483,0.0159173555120876,0.0197148547900725,-0.5353122921655793,-0.2617143864823791,0.5377987678399395
NUEx044,AZ,picture,subway,vehicle,0.2267974341585812,0.0654374598596693,0.0732343772891535,0.0995726496127548,-0.1996686201969121,1.1006919048655388,-1.455130286196235,-0.8733849853623545
NUEx044,AZ,picture,airplane,vehicle,-0.0138212641687084,0.0768453691392902,0.0632666657780409,-0.0465596567205973,-0.0155596432491535,0.7644860322330924,0.5439016059260541,-0.3044815324928491
NUEx044,AZ,picture,cow,animal,-0.0060087165561882,-0.0068864809168308,0.0102057169886768,0.0120261949690587,0.0118954573113046,-0.0892976707010847,0.0627140191215263,-0.2351010006958254
NUEx044,AZ,picture,orange,food/fruit,0.0217143222872158,-0.0740861118639527,-0.0111554137283985,0.0776785085679911,0.0206538347840434,-0.6777766205978528,-0.459705803650993,-0.631036114104025
NUEx044,AZ,picture,mouse(animal),animal,-0.0144412854362007,-0.0814001635158749,-0.042103936561079,0.0503457129835911,0.0483021598873049,-0.9763736093578632,-0.2094793285236999,-0.056733388512574
NUEx044,AZ,picture,pizza,food/fruit,-0.0230333603609717,0.0394639235764353,0.0346672449885938,-0.0316876947571172,0.0062112006970446,0.3854846387822209,0.5768113660844809,-0.2028419200893312
NUEx044,AZ,picture,shark,animal,0.0407517223698512,0.025623817675377,0.0645725099975011,0.0376948124886187,-0.0128661804257855,0.2667519855021019,-0.0635421838832663,-1.160025760960523
NUEx044,AZ,picture,lemon,food/fruit,-0.0586433464845131,-0.0757750328633584,-0.0710662125895787,-0.0044392666907645,0.0608934733578591,-0.7568308996020662,0.1673154459379033,0.7269968534066555
NUEx044,AZ,picture,cookie,food/fruit,-0.0951761154223847,0.0446431161152705,-0.0013585993256381,-0.0905045600425262,0.0489136677947032,0.1468141350144416,0.9787227577279092,0.7730062474328299
NUEx044,AZ,picture,lock,object/tool,-0.001230866241775,-0.0649952428273253,-0.0351990497447611,0.045573692944017,0.0292936368241499,-0.7632711739144767,-0.340649090210521,-0.0758274641768862
NUEx044,AZ,picture,bike,vehicle,-0.0330042682550841,0.0201982010729751,0.0147602622345393,-0.0297218180669072,0.0202314845994853,0.1267315606031747,0.5711445041879583,0.0481071126271819
NUEx044,AZ,picture,lung,body part,-0.0842438517426379,-0.0315547936318361,-0.0463195882166296,-0.0410971586937608,0.0636045064121823,-0.41085577832313,0.4488871474212147,0.5452206683767687
NUEx044,AZ,picture,nail(body part),body part,-0.0269635938182866,0.1656659185652001,0.0481223909502214,-0.1450122837742009,-0.0641414156471081,1.210188779735341,0.5109985392841545,0.6237717971185746
NUEx044,AZ,picture,muscle,body part,-0.1088785571222822,-0.0650082423824154,-0.0570868844269106,-0.0299302760520704,0.1055659842548828,-0.7846547719595387,0.653489770506829,0.7247435398646374
NUEx044,AZ,picture,tree,nature,-0.0116358443205663,-0.0403462810545988,-0.0174566170465692,0.0255089989429203,0.0291694238234778,-0.5298426115081005,-0.0498622820461044,-0.094131790999736
NUEx044,AZ,picture,book,object/tool,0.1118779571534775,0.1355573908852356,0.061962447957613,-0.03676499983106,-0.1594457162095323,1.4164994691498185,-0.4890589288291506,-0.0630777641487155
NUEx044,AZ,picture,train,vehicle,0.0149235907003722,-0.0160948235781822,0.003326338274801,0.0280359063496565,-0.0021008350865246,-0.1414996712808014,-0.3107297736957827,-0.4827988934615633
NUEx044,AZ,picture,river,nature,0.1142531028404594,0.1462271585174624,0.0294905827886102,-0.06415961508502,-0.1703306356599084,1.541044871206923,-0.6081679659531674,0.429558830861147
NUEx044,AZ,picture,bear,animal,-0.030970138682609,0.0306097273097218,0.0160572698536009,-0.0376328850986586,0.0122297229555762,0.2625474002911123,0.5925887526941226,0.1705469005351755
NUEx044,AZ,picture,milk,food/fruit,-0.0378448234491389,-0.0007400470961538,0.026475069246087,-0.0004201504475075,0.0386411726866567,-0.1884289929910953,0.5875386550527786,-0.4532191983291843
NUEx044,AZ,picture,leaf,nature,-0.0070790391268946,0.002957362046906,0.0197977266172146,0.0064364978738894,0.0099982089139468,-0.0066604845401014,0.1825368031668522,-0.4326320816400817
NUEx044,AZ,picture,beach,nature,0.1601544815702344,0.1572354964284817,0.1025814496745629,-0.0042998911468678,-0.1981653494571927,1.7512243966778187,-0.92618877148226,-0.5779599508876
NUEx044,AZ,picture,bed,object/tool,-0.0005084084443531,0.0503783505421095,0.0610161847332102,-0.0072429715623808,-0.0091818926463558,0.5214293134326297,0.335627790663996,-0.7392928839974645
NUEx044,AZ,picture,chair,object/tool,0.0493993820939212,-0.0232279478568622,0.0323088777001004,0.0645353529959559,-0.0090327462186708,-0.0786677677363855,-0.3186155693757967,-0.6152645924220801
NUEx044,AZ,picture,pear,food/fruit,0.000260226180744,-0.0277316635678696,-0.0264609230389425,0.0103622495705788,0.0079922403832212,-0.2967163687861391,-0.1999861838936327,0.2456013378646489
NUEx044,AZ,picture,banana,food/fruit,0.0110920720854424,-0.0014765534454364,0.0244965141106666,0.0251627636013422,-0.0007941050029383,0.0180716966450394,-0.07354066930829,-0.5735387203581626
NUEx044,AZ,picture,truck,vehicle,0.0903590400741157,0.026961523739715,-0.0301128060462587,-0.003278271297801,-0.0902553873640414,0.6108541633186435,-0.8609285349024911,0.4996364440154691
NUEx044,AZ,picture,hill,nature,-0.0028137070625059,0.003708396245124,0.0094188199270662,0.0007746120704496,0.0027805321036546,0.0510611565455475,0.0941555238573711,-0.2411455318054058
NUEx044,AZ,picture,fly,animal,-0.0185198666119617,-0.0081657692615594,0.0213547858689772,0.0134419473003549,0.0260446306958088,-0.2234518245014139,0.3260093973577765,-0.6274724885102756
NUEx044,AZ,picture,river,nature,0.0552744970153932,-0.0491536557962947,-0.0362087568881891,0.0588750412000148,-0.0279443567235526,-0.2890946507842081,-1.0320984686360888,-0.1152295414617085
NUEx044,AZ,picture,cat,animal,-0.080129868633539,-0.0160337128180338,0.009016577258539,-0.0227137947617478,0.0788037854974421,-0.4863898575701098,0.933994930950354,-0.0421116340168844
NUEx044,AZ,picture,cherry,food/fruit,0.0203554073252985,-0.0515609092818325,-0.0317417796707204,0.0455996694083476,0.0038956406316535,-0.4696197394189722,-0.505368130173325,-0.0992601939829049
NUEx044,AZ,picture,mouse(animal),animal,-0.0181769633540497,0.0622098882835186,0.051531642251301,-0.0416818342084283,-0.007227165799207,0.6019388920869958,0.529724787721961,-0.1586702413077885
NUEx044,AZ,picture,head,body part,-0.1116355636622928,0.0638490478664481,0.0621556292062928,-0.0863097372409873,0.0706248524686108,0.2354761631313169,1.2591533675844533,0.0885242691365374
NUEx044,AZ,picture,dog,animal,-0.0679011245558802,-0.0084722317652612,0.0188901831138724,-0.0154947270205362,0.0664739335079385,-0.4140142740390055,0.9391325164571276,-0.2424006377781842
NUEx044,AZ,picture,fly,animal,-0.0242541388166022,0.0039145663779535,0.0208340056538509,-0.0035112413723701,0.024180239722013,-0.0725000113009777,0.450974336252782,-0.3797180480301642
NUEx044,AZ,picture,hill,nature,-0.0661749593178392,0.0084625638095088,-0.021135830955282,-0.0506486133543735,0.0379181571922515,-0.0940585576783412,0.563271319793983,0.6383174435486578
NUEx044,AZ,picture,book,object/tool,0.0856868381509101,0.1340642729902291,0.0702614310254126,-0.0444895589495868,-0.1346205363450668,1.5142469037359756,-0.3788269817023832,-0.094915814854328
NUEx044,AZ,picture,knife,object/tool,-0.0091921659927414,0.0486814983703773,0.0589446610919979,-0.0113895063431549,-0.0029116709338295,0.4530544528441108,0.390413601085275,-0.5733317170147907
NUEx044,AZ,picture,cherry,food/fruit,-0.0037650195123972,0.0397231614563473,0.0101935929282931,-0.0346162666920335,-0.016498914747683,0.4729264909580795,0.1861240906398855,0.2386249086607895
NUEx044,AZ,picture,island,nature,0.0269008288501685,0.0044885780897477,-0.0078156124939548,0.0044043670430509,-0.0266652012001286,0.2244299361173066,-0.3985284365287813,0.0532941202836633
NUEx044,AZ,picture,lock,object/tool,-0.0185299323177608,-0.0359451471368274,-0.0049543388818015,0.0246844974750794,0.035302260074745,-0.5865792475311756,0.1242967876924042,-0.3342624955439939
NUEx044,AZ,picture,nail(object/tool),object/tool,-0.1702838871924273,-0.0565727371909006,-0.0955879954325543,-0.085641570486678,0.1199910893726113,-0.5444744838801128,0.6442682281325228,1.0719212019154665
NUEx044,AZ,picture,chair,object/tool,-0.0952424848431978,-0.1756942168779382,-0.0850606218861678,0.0760187919548828,0.1617549060246608,-1.7623440917536284,0.2573012560555994,0.1660650295525026
NUEx044,AZ,picture,muscle,body part,-0.241572402703747,-0.1969133041994215,-0.1652494756708314,-0.0333032644105083,0.2595320241194951,-1.8228722988689787,1.1411831360903042,1.72235169621348
NUEx044,AZ,picture,apple,food/fruit,-0.0386761550956527,-0.1469256721997741,-0.1243185568290757,0.0396716181834379,0.0722431091786716,-1.2557027151855344,-0.3255099008988736,0.9921618610237344
NUEx044,AZ,picture,nut(object/tool),object/tool,0.0376358277622025,-0.0645436062680826,-0.0600282027007864,0.0428345197602856,-0.0100622364429018,-0.4224760527203506,-0.7161495710208182,0.2936812485512485
NUEx044,AZ,picture,hammer,object/tool,-0.0155112176108293,0.0191123158427243,-0.0147568989405897,-0.03278369096562,-0.0008557979293879,0.110270243087145,0.1223026339246927,0.1933822375635038
NUEx044,AZ,picture,cat,animal,-0.0041318445013355,-0.038984559812246,-0.0194711314484627,0.0267141293024548,0.0207433447060747,-0.5508889273762972,-0.1986295790185026,-0.0817575393996318
NUEx044,AZ,picture,shark,animal,-0.0157156893870888,0.0317486824622475,0.0314237296150155,-0.0211302884724209,0.0033095237036459,0.3496881087806179,0.449850663437353,-0.261773321843087
NUEx044,AZ,picture,subway,vehicle,0.1495751781858078,0.1278316278456764,0.0188982654088455,-0.0265635217544848,-0.1928521419774567,1.2018262708690584,-0.7259934780803369,0.3228799610533657
NUEx044,AZ,picture,apple,food/fruit,-0.0009018479854906,-0.0538812706831217,-0.0466026703148909,0.0214506171373497,0.0175721823318818,-0.5266662869075674,-0.2981994497922783,0.3509072919525086
NUEx044,AZ,picture,saw,object/tool,0.0988060143267035,-0.0226758100731168,-0.0105269238176027,0.0725826307648106,-0.0722096728006889,0.1691689157674771,-1.3124534831408006,-0.5046666937208283
NUEx044,AZ,picture,toe,body part,0.0036923988657267,-0.0472752736982229,-0.004879354295162,0.0484756125188589,0.0231522219858196,-0.5290555868487081,-0.2278506438031423,-0.4589301499919636
NUEx044,AZ,picture,bike,vehicle,0.2041672048531251,0.0949360733470112,0.0012832508087512,0.033493722948868,-0.2219340910803289,1.1365853563606236,-1.2934808615974485,0.2236481996490443
NUEx044,AZ,picture,truck,vehicle,-0.0237066769158068,0.0132456660033627,0.0137752578395348,-0.0185075887056029,0.016673175925565,0.0623775419086594,0.3816721898580624,-0.0991443723530646
NUEx044,AZ,picture,bird,animal,-0.0430195410279129,-0.0059016545613333,0.0035545876547125,-0.0148445370670988,0.0406750135454076,-0.2609669857729851,0.6128868514573672,0.0215486161785323
NUEx044,AZ,picture,grape,food/fruit,-0.0146316508125283,-0.0288523767477348,-0.020859395450508,0.0088342714096432,0.022722486457463,-0.3870457673195768,0.0134017248940332,0.1787149131825298
NUEx044,AZ,picture,sky,nature,0.0644109629531451,-0.061418661222205,-0.0394018549597684,0.0747173506419123,-0.0300694578478083,-0.3503893635553218,-1.0524520890514346,-0.2078844022284366
NUEx044,AZ,picture,grape,food/fruit,0.0260208495900702,-0.1140499425618506,-0.0818740124297623,0.07930846348989,0.0194200306802069,-1.0320619762054006,-0.9539019370456427,0.2328424537972948
NUEx044,AZ,picture,apple,food/fruit,0.0389100191742904,-0.1102099426286317,0.0053144694781511,0.1166947643839245,0.0311806436956765,-0.8603409192586662,-0.5966373331929437,-1.1921781138063472
NUEx044,AZ,picture,cookie,food/fruit,-0.0719429791148885,0.0239314276344478,-0.0680316559342335,-0.0524668448682436,-0.0068521670776917,0.0484697692375342,-0.0311625953540157,0.9958919924480912
NUEx044,AZ,picture,lung,body part,-0.0736114477141858,0.0815519344309838,0.047189484113855,-0.0933649779173948,0.0271822551599619,0.555976455896474,1.0698774417210797,0.309287083265914
NUEx044,AZ,picture,wrench,object/tool,0.0577935798307882,-0.1728368137642677,-0.0930814205111104,0.1536962989802374,0.0231067933389048,-1.4334475840441625,-1.5055377808221442,-0.4013695159123465
NUEx044,AZ,picture,pizza,food/fruit,-0.0202926982745335,0.007273371792397,0.0388304974273817,0.0113226093213076,0.0228337486847521,-0.035499147058385,0.35430135899706,-0.6856643382652233
NUEx044,AZ,picture,ladder,object/tool,-0.0720460465082028,-0.0677424089432286,-0.0612945090001527,-0.0095833231330767,0.0739218545549158,-0.8554759062547408,0.396032745135376,0.730598691812778
NUEx044,AZ,picture,dog,animal,-0.0232835900016684,-2.205408282876581e-05,0.0080444100361704,-0.007862635485835,0.0221812982890477,-0.1016284773528785,0.3805045471272709,-0.1287848991368106
NUEx044,AZ,picture,lung,body part,-0.1194116853592453,0.0692761337255339,0.0157257601056684,-0.1190836673890321,0.0613807755780022,0.2453771013940212,0.8978153245538585,0.4323912128669134
NUEx044,AZ,picture,knife,object/tool,0.0048391280579943,-0.0707204580446607,-0.0776143871956424,-0.0198376981529445,0.0051663944381748,-0.2512817907904206,-0.1971190791463443,0.799828964879707
NUEx044,AZ,picture,nail(object/tool),object/tool,0.0473318620632136,-0.0354673585640913,-0.0418408024493209,0.0326093531640843,-0.0287932636109475,-0.1462718226338822,-0.782717945280131,0.2335066949285615
NUEx044,AZ,picture,nose,body part,-0.0231698516265439,-0.0289936509464656,0.0241797571557189,0.0346048110235483,0.0376324382826254,-0.4129487044994992,0.2012691534102175,-0.6748489013745758
NUEx044,AZ,picture,orange,food/fruit,0.0443135463865025,-0.0661850437776263,-0.0605502550428528,0.0489940187420974,-0.0146246311587,-0.4566925184686729,-0.8640633298573459,0.2393486728785133
NUEx044,AZ,picture,cookie,food/fruit,0.0102433961686326,-0.0431272985029486,0.0028784902752721,0.0514496983718842,0.0180567333034098,-0.500285830128212,-0.2800091805669413,-0.7168967665312556
NUEx044,AZ,picture,deer,animal,-0.0576074028965967,-0.0041908755868795,0.042686547060318,0.0077315903924289,0.0556842504803429,-0.2829270626907238,0.6879400846970771,-0.7364653116801688
NUEx044,AZ,picture,hurricane,nature,0.0748552398546385,-0.0615661928610411,-0.0246231704997737,0.0893297151547279,-0.0340721324152032,-0.3381105345502771,-1.0983449923451818,-0.522662753139283
NUEx044,AZ,picture,truck,vehicle,0.0286738694703529,0.0352690859163826,0.0127735799608134,-0.012307850785948,-0.0412272091607472,0.5561523719659708,-0.2235271995699814,-0.0692102988136103
NUEx044,AZ,picture,nose,body part,-0.1147647038312209,0.0724550443821284,-0.1051668294492188,-0.0557984159599081,-0.0611471353638866,0.1467604621638122,-0.0750147963723938,0.883586939293418
NUEx044,AZ,picture,ear,body part,0.0918143296593809,0.0441909588432482,0.0634904443914706,0.0434266738809832,-0.0743354801684249,0.6100977460456557,-0.482131524672812,-0.5569125767267786
NUEx044,AZ,picture,wrench,object/tool,-0.1282082168578314,-0.0004154703629324,-0.1150271076868273,-0.0493373594621049,-0.0331752179354856,0.0239216122580737,-0.3503031219650755,1.1379379815574886
NUEx044,AZ,picture,bird,animal,0.1231389383799143,-0.0153539455143978,-0.0751092631141539,0.0154914756081779,-0.0982289788052303,0.277891282448022,-0.9310493619136186,0.545825928344494
NUEx044,AZ,picture,hill,nature,-0.0188105590603528,0.1686761085152298,0.0610655449416448,-0.1440005262332141,-0.0608345545534327,0.956790533951824,0.3172664533034619,0.2517176036842111
NUEx044,AZ,picture,duck,animal,0.0153756274915247,-0.0095909482246035,-0.0042319100447386,0.0158960879131455,-0.0090768782332244,-0.0288806864437346,-0.1485162889835903,-0.1798729297748628
NUEx044,AZ,picture,deer,animal,-0.054458325674215,0.1107034927151372,0.0229015009671315,-0.1174217116103465,-0.0150404494502726,0.7314512500667707,0.6019691778061582,0.5941548792646366
NUEx044,AZ,picture,key,object/tool,-0.0864479418312994,-0.0503273151406589,0.0117549781729778,0.0131832628339275,0.0998042681313306,-0.6841183376521315,0.6424727865348916,-0.1957913474458297
NUEx044,AZ,picture,strawberry,food/fruit,0.0264946217569267,0.0059908466385149,-0.0079877656984275,0.0022441926514979,-0.0270544358899922,0.1800960970979538,-0.2723636574434254,-0.0142619633465984
NUEx044,AZ,picture,car,vehicle,-0.0417461906908368,-0.1347594883744296,-0.0742407850210665,0.0722209048471056,0.0932656484882168,-1.3689610624868844,-0.1609286821172306,0.169452178740783
NUEx044,AZ,picture,mouth,body part,-0.0159773791723954,0.0107376193588704,0.0266516554684695,-0.0022480247314521,0.0150976784935443,0.0480414917945978,0.3233263122332215,-0.383026531436447
NUEx044,AZ,picture,flower,nature,0.0366029256973595,-0.0608417069285745,-0.0463900329562231,0.0526462776011162,-0.0080639261756098,-0.4873398658167737,-0.7153995472020619,-0.0019537034876144
NUEx044,AZ,picture,duck,animal,0.0062905573803243,0.0343230761973936,0.0239526752990561,-0.0167360447383613,-0.0189951854463413,0.5389174154174639,0.1151791044296428,-0.1656899886141397
NUEx044,AZ,picture,crab,animal,-0.0743549074998546,0.0718268943613096,0.0431227053069383,-0.0868141461717214,0.0326224737415639,0.4690183855558512,1.093952550400059,0.216964315586573
NUEx044,AZ,picture,ladder,object/tool,0.0211992878361843,-0.016658686199525,-0.0066236197518533,0.0258851849952486,-0.0103812812670137,-0.071149158601477,-0.2737550008955154,-0.1839607257774003
NUEx044,AZ,picture,bus,vehicle,0.0509855515098395,0.1588840276306925,0.1175858739014392,-0.0551754149971289,-0.1036594129951702,1.5614331018841103,0.102395457706337,-0.4473607708566545
NUEx044,AZ,picture,lemon,food/fruit,0.0393957431973059,0.0523068320955746,0.0160169744553643,-0.021320636268611,-0.0591915506939878,0.8361332559153462,-0.3308305098173192,0.0981034014674164
NUEx044,AZ,picture,milk,food/fruit,0.1109164390505162,-0.0430430692049665,-0.1019670591782099,-0.0018544323569923,-0.0653755474456626,0.0741520170229297,-0.8239385316063256,0.9351792697602568
NUEx044,AZ,picture,toe,body part,-0.0501028127095691,0.0718033479479564,-0.0246071716463419,-0.0841797029076134,-0.0121465449917543,0.3986721831399365,0.3045948049151574,0.8157747191147163
NUEx044,AZ,picture,hand,body part,-0.0009231643999136,-0.1283910094796839,-0.081916769009603,0.0828132454973045,0.0500422769044896,-1.2438721435524376,-0.6490569282021731,0.1989028983105593
NUEx044,AZ,picture,car,vehicle,0.1887741912945357,0.0535097956641629,-0.0816704519695714,-0.024570157881704,-0.1764563186146491,0.8878503173021995,-1.2202204684753506,0.9952877350079476
NUEx044,AZ,picture,flower,nature,-0.0329716414140194,0.0588913255361086,0.073406254050047,-0.0218792095551425,0.0132119678578031,0.3574198630522335,0.4731826261439199,-0.3601538182195936
NUEx044,AZ,picture,nut(object/tool),object/tool,-0.0077312506266294,-0.148957823051906,-0.1312290895282867,0.0466151719197482,0.0453163355503858,-1.1287300242331426,-0.6132553843882629,1.040295140752289
NUEx044,AZ,picture,wrench,object/tool,0.0197641962561685,-0.1852656884369629,-0.1573696347476543,0.0876524702376076,0.0367330346914186,-1.2325523570854977,-0.9712011090170198,0.9562724097012428
NUEx044,AZ,picture,cow,animal,0.1213740348345774,-0.065315747469057,-0.1289484241594718,-0.0413827676980025,-0.0410676412240866,-0.0070299166067773,-0.5237813900117853,1.1474654973581586
NUEx044,AZ,picture,hurricane,nature,0.0051260090512221,0.1228450930235309,0.062357494785266,-0.0847200107784661,-0.0604743796343317,1.321566260715959,0.4340045662750224,0.2257043652358807
NUEx044,AZ,picture,mouth,body part,-0.0175190340288471,0.0927739851374047,0.0776433965171556,-0.0537265564114506,-0.0173676783248823,0.8885480522445631,0.6327086620484742,-0.3339665952307181
NUEx044,AZ,picture,hurricane,nature,0.0797689433537902,0.0210350396433378,-0.0336322003947032,-0.0068844234070855,-0.0760912588664074,0.4541621778177706,-0.6285810875439704,0.4431205395370148
NUEx044,AZ,picture,island,nature,-0.0551240379764591,0.0243926135055978,0.044192730227622,-0.0240637440902358,0.043219774262459,0.0402010648155589,0.8809156423602579,-0.4663434190952104
NUEx044,AZ,picture,leg,body part,-0.0409472530126148,0.0292102655357654,0.0204449254818921,-0.0391556348646628,0.0229739782870181,0.2056195418780702,0.7236661882042593,0.1350073399548561
NUEx044,AZ,picture,bus,vehicle,0.0397756722303616,0.0532087078736727,0.014519729551867,-0.0222340281460273,-0.0604583327039163,0.7578953171291614,-0.2960771322275577,0.1285022664348452
NUEx044,AZ,picture,tree,nature,0.0182059576787393,0.0770332929892904,0.0615463020608778,-0.0296363128000285,-0.043788643406811,1.016215699818756,0.1957674820316263,-0.50651451377482
NUEx044,AZ,picture,island,nature,0.1329293988279241,-0.0040539868203997,-0.0496183199678975,0.0391933814642156,-0.1166937492928801,0.4898385143085726,-1.486382242395858,0.3629975822886699
NUEx044,AZ,picture,crane,vehicle,-0.0337702112932651,0.0981290141542162,0.0408938097302157,-0.0912011027565786,-0.01789421564335,0.8800894290920063,0.697925078090266,0.4632088342400574
NUEx044,AZ,picture,mountain,nature,0.0617653104866836,0.083153853975027,0.0208506742917875,-0.0367434247148473,-0.0933796208436893,1.1586698356176637,-0.4490878390153189,0.2643312835642851
NUEx044,AZ,picture,dog,animal,0.0101972541615409,0.0768977851599327,0.06881450977037,-0.0271932909010327,-0.0347010164975989,0.8073478553871317,0.254462331324998,-0.4002836932647824
NUEx044,AZ,picture,subway,vehicle,0.1490725289597641,0.3048981074734107,0.1030198674191,-0.1618386859544501,-0.2781803423755438,2.814636609429836,-0.5337064399183721,0.7165910994792535
NUEx044,AZ,picture,bed,object/tool,-0.0016885968898445,0.0821316414818256,0.0754363715959777,-0.0336950241489985,-0.0245148843482292,0.8541047006396588,0.4352999086524751,-0.5247030822298883
NUEx044,AZ,picture,boat,vehicle,0.0116415971000116,-0.0077187277802473,-0.0211225723687795,-0.001565684346188,-0.009607755694951,-0.0232442336726412,-0.18594619897988,0.1911443001672894
NUEx044,AZ,picture,saw,object/tool,0.0238850771611349,-0.0514726952925857,-0.0655260812676361,-0.0012295589497693,-0.0036141977273512,-0.2231720036893697,-0.2998282186258699,0.6148770817461157
NUEx044,AZ,picture,nut(food/fruit),food/fruit,-0.045160431634557,-0.0531867824673327,-0.0499522984292097,-0.0022579171092995,0.0478111431135887,-0.6784541411073493,0.1872952416582327,0.6403486851933934
NUEx044,AZ,picture,leg,body part,-0.0846944295192538,-0.0920848545059189,-0.043352774449526,0.0198858852431629,0.1132705189440692,-1.1313974863829874,0.5092635346052722,0.2012522247187205
NUEx044,AZ,picture,deer,animal,-0.134425006552991,0.0246622913740131,-0.0002594604640264,-0.0941311220974811,0.0956892496329551,-0.1692110811196635,1.2710617358868743,0.6692820521147889
NUEx044,AZ,picture,knife,object/tool,0.0125246022802534,0.0324381984531263,0.0338172350030143,-0.0044228931691914,-0.0204137450657783,0.4464751611579382,0.0366473552288467,-0.373378513388322
NUEx044,AZ,picture,pear,food/fruit,0.0150112167779339,-0.1267297883477204,-0.1237419592532598,0.0139045060111855,0.0186681620776045,-0.6667612383080378,-0.4561541395890734,0.8368872740088946
NUEx044,AZ,picture,train,vehicle,-0.0263614572033327,-0.0139155682582333,-0.0141605622485369,-0.0090366708513842,0.0251758413280687,-0.2530102068391657,0.2458224926277433,0.199624275693091
NUEx044,AZ,picture,mountain,nature,-0.1008268622653813,0.0191820215475682,0.0874585561888829,0.047438866580845,0.040800335884571,-0.0016854883557271,0.0579538756211508,0.1475151279644805
NUEx044,AZ,picture,head,body part,-0.0266363195894748,-0.0280609703167901,0.0104534929983547,0.0226838550249241,0.0403698145004132,-0.4861869301393948,0.2881305331088407,-0.5239444936293713
NUEx044,AZ,picture,bat(animal),animal,-0.011270437518508,0.0672759115819753,0.0541948051754331,-0.0413992114560497,-0.0145285250813422,0.8005541710619425,0.5895337020901545,-0.3129556346123855
NUEx044,AZ,picture,nut(food/fruit),food/fruit,0.0287434397045127,-0.1133774905239627,-0.0253426293411471,0.1109407883174959,0.0326655516586951,-1.063602881455135,-0.7185976507607451,-0.8115480599707336
NUEx044,AZ,picture,leg,body part,-0.0683995430057261,-0.0710378586142579,-0.0016457492249443,0.0391392682369239,0.0915213087733348,-0.7274230766454953,0.2914534617612039,-0.1340910245572469
NUEx044,AZ,picture,nose,body part,-0.0862014870031885,-0.012935752828741,0.0235485044089586,-0.0168010811452428,0.084152315566354,-0.4885158528038654,1.0780121747437297,-0.2063266881637899
NUEx044,AZ,picture,tree,nature,0.0168826014757246,0.0814141095518416,0.0733520614508718,-0.0235187897612276,-0.0411491481452988,0.7778465953490208,0.1566880327675892,-0.3538712998483148
NUEx044,AZ,picture,hammer,object/tool,-0.0159279741087581,-0.0601556363704263,-0.0355513482971802,0.0319474815455232,0.0382269809246421,-0.8179639952037128,-0.1372065093864792,0.1023780374133991
NUEx044,AZ,picture,bear,animal,0.006723320109174,-0.0513976614048939,0.025064896054597,0.0612368098850548,0.0303099254638787,-0.5060081410539239,-0.0839022143110932,-1.0573850055692704
NUEx044,AZ,picture,orange,food/fruit,0.0179045958159412,-0.0266574615234306,-0.0229875216186883,0.0225488302303663,-0.0058909541788852,-0.2170045457672304,-0.45496698282852,0.0880410805184522
NUEx044,AZ,picture,river,nature,0.0673953177614732,0.1406012659776577,0.0866703515477291,-0.0534997908793072,-0.117021750244541,1.7219486007663194,-0.1874459335430024,-0.3541663636594264
NUEx044,AZ,picture,bat(object/tool),object/tool,-0.1425298349067464,-0.0641591167170306,-0.1145086260242231,-0.0716470028512381,0.0707080180382481,-0.5003716084605846,0.3917448842773216,1.4609200700355929
NUEx044,AZ,picture,flower,nature,-0.0385190692109157,-0.0746845300513279,-0.0703846396225462,0.0005069342157934,0.0442397272128057,-0.5964888388003283,-0.0004534440897562,0.4174326616244077
NUEx044,AZ,picture,mouse(animal),animal,0.1023008227767456,-0.096716651420539,-0.0991233527479383,0.0823524827916743,-0.0546855872044851,-0.3391329559969791,-1.166653750690911,0.4809234518476101
NUEx044,AZ,picture,banana,food/fruit,-0.0463579161323396,0.0584761746903864,0.0297400606120929,-0.0663109653162035,0.0134648063871569,0.3936432888824998,0.5968665207300496,0.2104276205946585
NUEx044,AZ,picture,boat,vehicle,0.0154410100030115,0.0643180999972103,0.0674983439302021,-0.0102933472045665,-0.0286211961023189,0.7826841330790945,0.2203230310119225,-0.8279567066072194
NUEx044,AZ,picture,bat(animal),animal,-0.0538629530375562,-0.2232228993661761,-0.1596907255810767,0.1002637227300913,0.1274802488693147,-2.1294491546389085,-0.4982956540204229,0.9376042808561026
NUEx044,AZ,picture,saw,object/tool,0.0338894163505881,-0.0256854083282137,-0.0127329111241424,0.0391988901475836,-0.0174818797541953,-0.1427559235048456,-0.642924479748459,-0.2547416067253752
NUEx044,AZ,picture,bat(animal),animal,-0.0818003501187232,-0.0140465451931308,-0.0045489323928674,-0.0330085495572308,0.0751533104404261,-0.4463520665203975,0.8810459901369223,0.3086233999692193
NUEx044,AZ,picture,bat(object/tool),object/tool,0.0860141265052119,-0.1133585145525667,-0.1302028951991395,0.0450603078363721,-0.0311152558172262,-0.4631816909299548,-0.9758370569786566,0.7850344627437437
NUEx044,AZ,picture,cherry,food/fruit,0.0213705554071912,0.0187986223329463,0.0066250110734981,-0.0032412812476801,-0.0271705399094535,0.3997085715558499,-0.2573905204673307,-0.055866539216163
NUEx044,AZ,picture,cat,animal,-0.0457298698552082,0.0559042869150456,0.0602136411438376,-0.0416623864184876,0.0209500838786364,0.4429026935847544,0.8867231968554309,-0.3491930252612452
NUEx044,AZ,picture,hand,body part,-0.042198968582736,-0.0356023729778054,0.0075659696138022,0.0201231001604019,0.0567032161909525,-0.5860022433270979,0.4088551523999598,-0.3744906623964796
NUEx044,AZ,picture,shark,animal,0.0118097392083586,0.0166921834755406,-0.0004176622521962,-0.0105421055385696,-0.018835631159246,0.3261210877925142,-0.1345636650204808,0.1681862176119245
NUEx044,AZ,picture,bike,vehicle,0.2072174506622936,0.0949906240810131,0.2229347362788169,0.0514811556561771,-0.0073796408921382,0.5383307971868693,0.1813197091861152,-0.6280233914991117
NUEx044,AZ,picture,toe,body part,-0.0193227024555969,0.0881831844465852,0.0633225837314701,-0.0622991542587475,-0.0169196517271072,0.892021948877106,0.6733712609748639,-0.1546171717392946
NUEx044,AZ,picture,crane,vehicle,0.0397572691866516,0.0876032682309855,0.0406090998557178,-0.0431780062292665,-0.0746548457965476,0.9977294260455666,-0.0716650763642409,0.0463648678187073
NUEx044,AZ,picture,bird,animal,-0.0175993027871297,-0.0251270847425371,-0.0008158472261338,0.0172855853948161,0.0293334562359449,-0.4344056988044479,0.1496285390151698,-0.2979984920829441
NUEx044,AZ,picture,bus,vehicle,-0.0028385335399879,0.0526492371930903,0.0333935246727023,-0.0346680710865302,-0.0197461545464161,0.6915078071672662,0.3352971618619063,-0.0312130151199391
NUEx044,AZ,picture,sky,nature,0.0505351965216235,0.0241966970699664,0.0009009819775752,0.0041333100201606,-0.0558376792628613,0.5279240311186514,-0.5834955080618416,0.0159911487991467
NUEx044,AZ,picture,mouth,body part,0.1104033165298522,0.0455820682604466,0.1215307816891866,0.0535239288947271,-0.0076863736596241,0.3306820903939292,0.0906509356525213,-1.1031349748475383
NUEx044,AZ,picture,sky,nature,0.0131328316589164,-0.0708176814476587,-0.0171377087195039,0.0686804196892039,0.024611554731395,-0.7677373612312213,-0.4643513570532226,-0.5970946084944478
NUEx044,AZ,picture,milk,food/fruit,0.1039739749274743,0.0090573940063146,-0.020470942387449,0.0332139769758917,-0.0969699862908972,0.5289067277669813,-1.1698192667225182,0.05108007616773
NUEx044,AZ,picture,boat,vehicle,0.0349849014879222,0.0976206766064801,0.0230103124637289,-0.0629759280233551,-0.0772529784081851,1.119320686229346,-0.075208492447928,0.4113767636066174
NUEx044,AZ,picture,banana,food/fruit,0.1376731118822473,0.2201261223756314,0.0404482239948523,-0.1168230968525593,-0.2259262451157776,1.9246169241920037,-0.6196488444311175,0.658311908459779
NUEx044,AZ,picture,nail(body part),body part,0.0065054673387533,-0.0249094973887317,-0.0133278625068753,0.0213009782623797,0.0052113622951108,-0.2787756469954553,-0.2448758588077195,-0.1055182816531367
NUEx044,AZ,picture,beach,nature,0.0457560748933595,0.0064464758630076,-0.0064219146304004,0.0145786540022382,-0.0436372885546067,0.3379632825381286,-0.6931886508447999,-0.0144136519590174
NUEx044,AZ,picture,train,vehicle,0.0528435893499172,0.1471146139141348,0.0410711235838503,-0.0930818391814402,-0.1171022033618021,1.5813295853596798,-0.0988135736856593,0.5599926804768429
NUEx044,AZ,picture,book,object/tool,0.0460716710963173,0.0429809980566682,0.0182633810700694,-0.0058400553181614,-0.060347916713579,0.6576840236729812,-0.3665531548755004,-0.1107880802289582
NUEx044,AZ,picture,ear,body part,-0.0117693422464857,-0.0795976871001422,-0.0232223152318516,0.0615153741823143,0.0488261844929128,-0.9884330434642314,-0.217075817299754,-0.4194871263287343
NUEx044,AZ,picture,crane,vehicle,-0.0225292242406265,-0.0541552742391509,-0.0137478069492163,0.0366855259323597,0.0463673682227516,-0.7497215738424986,0.0438259464640833,-0.2505267408757727
NUEx044,AZ,picture,mouse(object/tool),object/tool,-0.0253443201455354,0.0622043417294105,0.0366218556700791,-0.0553441197956791,-0.0048187629323062,0.6778584011022779,0.6927504478017229,0.1168120298108827
NUEx044,AZ,picture,subway,vehicle,0.1153633792468413,0.0281376835235873,0.0005333206688425,0.0359947321038882,-0.1131978098435512,0.7609196092975544,-1.2664403710228984,-0.2045757929122585
NUEx044,AZ,picture,airplane,vehicle,0.0399577209877497,0.1527898570742254,0.0012775084550293,-0.1140615678679788,-0.1079672005792368,1.1024241846082306,-0.0801654162247505,0.6588675799252972
NUEx044,AZ,picture,cow,animal,-0.0287193928428881,0.0410224030162125,0.0251607181758145,-0.0421757401312279,0.0073384148603983,0.3627841961366706,0.5413259871932823,0.0806331195700565
NUEx044,AZ,picture,orange,food/fruit,0.03426317510832,-0.0175129843276437,0.0107447605977172,0.0440029417258083,-0.0143780631066502,-0.0636976307464293,-0.4744041671430643,-0.6565861883722566
NUEx044,AZ,picture,mouse(animal),animal,-0.0480132756974474,-0.065780183380951,-0.0539163266864864,0.0053201810284627,0.0588402619808864,-0.8124556232500092,0.1928117382456662,0.4810697998073946
NUEx044,AZ,picture,shark,animal,-0.0469527852882003,0.0305521673763506,0.0450767651166387,-0.0256246771069004,0.033403303184672,0.1111995788070935,0.709349152857618,-0.3479400835259881
NUEx044,AZ,picture,lemon,food/fruit,0.0015250318159985,-0.0786348383348473,-0.0699446247734806,0.0271687240184897,0.0213768484169389,-0.6548103175615327,-0.3752931932251894,0.5054493483798108
NUEx044,AZ,picture,cookie,food/fruit,-0.0194581881257771,-0.0193188137634416,-0.0180670560081342,-0.0018384108081925,0.0211437052107103,-0.2986383839205332,0.1243425783119386,0.2839732204282837
NUEx044,AZ,picture,lock,object/tool,0.01529031134603,-0.0595828570903893,-0.0308046382128731,0.0519797648681035,0.0131155529814245,-0.6450152740517725,-0.544587882686425,-0.1652478032457273
NUEx044,AZ,picture,bike,vehicle,-0.073621682948884,-0.0535653236396595,-0.0232535150430685,0.0008937703975336,0.0865320589384437,-0.7786095454971408,0.5749566419090724,0.2012251038258353
NUEx044,AZ,picture,lung,body part,0.092868778018137,0.0228592878299602,-0.0046727118797329,0.0241992898098761,-0.0926304122443384,0.6300118476282311,-1.0030552654704847,-0.0725493550418809
NUEx044,AZ,picture,nail(body part),body part,-0.0236395810988719,-0.0889832325781468,-0.0563993610599932,0.0417731735496588,0.0567537207423128,-0.9286292931616184,-0.1302133185155601,0.1747754434756374
NUEx044,AZ,picture,muscle,body part,-0.0688229170182002,0.0778512740424574,-0.020187466182701,-0.1002076325920377,0.0008120464702148,0.3905701494278937,0.468588539813922,0.7452112519061479
NUEx044,AZ,picture,tree,nature,-0.035372027437743,-0.0368403762634418,-0.0062104939771615,0.0157645692848425,0.0501266414875276,-0.6274254043005896,0.3300760840839324,-0.1943125790948653
NUEx044,AZ,picture,book,object/tool,0.0091056918771566,0.0101464256402288,0.0283321326721202,0.0144981999693714,-0.0049528323560941,0.1338647867366496,0.0009019070517409,-0.5927523442470238
NUEx044,AZ,picture,train,vehicle,-0.0175841809302185,-0.0562451019469408,-0.021879081049047,0.0354145172149401,0.0419869991007414,-0.8367271489678401,-0.0333611811525781,-0.1950125955234954
NUEx044,AZ,picture,river,nature,0.0003143348562636,0.0214381616909803,0.0069672887231732,-0.0166026773486374,-0.0108954563756985,0.3031863229624842,0.0784383226454834,0.1093586530402504
NUEx044,AZ,picture,bear,animal,-0.011993205282871,0.0621905414227086,0.0669823463479593,-0.0231132367142075,-0.0056874588195205,0.6517134047185428,0.5802850773320667,-0.7311359840297358
NUEx044,AZ,picture,milk,food/fruit,-0.0253284490305859,-0.1178153290405209,-0.0390643917892363,0.0841956422968481,0.0765829919974389,-1.3856853788341246,-0.2274359476160417,-0.4255106952364691
NUEx044,AZ,picture,leaf,nature,-0.0150466175585935,-0.074855447348587,-0.0278904948336118,0.0541604189425218,0.0477339132046423,-0.7744528173380067,-0.1468203418443054,-0.1611664744554112
NUEx044,AZ,picture,beach,nature,0.0569228877929309,-0.0391582600971596,-0.0722235346484253,-0.0102463342880809,-0.0247012406627187,-0.0522750856310459,-0.4175103744172072,0.699810209528793
NUEx044,AZ,picture,bed,object/tool,0.0538989213512762,-0.0058832396198893,0.0361989819228838,0.0548973864070342,-0.023065701170479,0.0821438315968782,-0.4633338096981454,-1.0622225723526364
NUEx044,AZ,picture,leaf,nature,-0.0255457882915207,-0.0197391814862303,0.0301357989962244,0.0282655193127967,0.036568533667633,-0.3151088939360529,0.2870090529811402,-0.7424596615473936
NUEx044,AZ,picture,chair,object/tool,0.0147238836243827,0.076483324048663,0.0565777984359377,-0.0355123931048201,-0.0424274599333576,0.9609777630721864,0.2182479749984569,-0.3318923384930166
NUEx044,AZ,picture,pear,food/fruit,0.1315262254463994,0.0913322786173467,0.050838205955438,0.0112226458732592,-0.1509217927343837,1.373942535266626,-1.0530558173240392,-0.453720773324402
NUEx044,AZ,picture,banana,food/fruit,-0.067784800409194,-0.0812718348944827,0.0123803058783313,0.0524359379617017,0.0937086927824834,-1.0909516125552086,0.5306441265445089,-0.8509352194354405
NUEx044,AZ,picture,truck,vehicle,0.0407902054407278,0.0408509598146039,0.0119519333678697,-0.0113650118991375,-0.054968356090136,0.698408344373399,-0.3842664044149573,0.006022713901304
NUEx044,AZ,picture,hill,nature,0.041172322982643,0.0567839481412687,-0.0063264190829938,-0.0353843839332064,-0.061906280971193,0.6969206887636313,-0.278803483769125,0.5109829404920239
NUEx044,AZ,picture,fly,animal,0.0171231985844627,0.0512418379937771,0.0439090211570424,-0.0148308306728669,-0.0325546128643242,0.7462230396602306,0.0737765059257433,-0.460517993349124
NUEx044,AZ,picture,river,nature,-0.0178515533983965,-0.1238580169613487,-0.0967375200134626,0.0512282163167988,0.0556398576340926,-1.1603604374115062,-0.43817644653713,0.6431159546428841
NUEx044,AZ,picture,cat,animal,-0.1039380311165213,0.1279458836322692,0.0563012732626186,-0.1489923447073133,0.0307648130571369,0.6595480371625507,0.96534883775522,0.3341097863980103
NUEx044,AZ,picture,cherry,food/fruit,-0.0027680249150119,-0.0333587882241001,-0.0266630007180741,0.0156713824369246,0.0141152908121065,-0.3944978543691533,-0.1809832130930057,0.1762675527485672
NUEx044,AZ,picture,mouse(animal),animal,-0.0540107503682129,0.0270993598018054,-0.0346469354489554,-0.0536306977429437,0.0052315338430179,0.0367916671217516,0.1335335838923586,0.1626036809797017
NUEx044,AZ,picture,head,body part,-0.0740751573379469,-0.0079818093030859,0.0291932832446919,-0.0112284176435658,0.0720513568279767,-0.3883952366851862,0.8937794561166096,-0.3484609443466714
NUEx044,AZ,picture,dog,animal,-0.0104861099468746,0.027383392565845,0.014224299908241,-0.0243711085671535,-0.0036098152867657,0.3046699291453689,0.2536301501835727,0.0913201709238069
NUEx044,AZ,picture,fly,animal,0.0094859357452652,0.0075090872847948,0.0119955481143363,0.0071004032441386,-0.0103150343455737,0.1335580395548093,-0.0694468523921318,-0.155970466125276
NUEx044,AZ,picture,hill,nature,0.086471988121464,0.0068878211192407,-0.0372185512197912,0.0102787785646617,-0.0784098077747395,0.4124590279051194,-0.9212705305476706,0.4103544393106668
NUEx044,AZ,picture,book,object/tool,0.0929625576328279,0.0754904163189038,-0.0138481511522428,-0.0313291767967426,-0.1147409430411889,0.8781186837163221,-0.6107122735253588,0.4837804170625888
NUEx044,AZ,picture,knife,object/tool,-0.0053930973323814,-0.0216867721182358,0.0264163949719123,0.0354316923099427,0.0245750633802254,-0.3041734786887977,0.1025851855746791,-0.855852292345264
NUEx044,AZ,picture,cherry,food/fruit,0.0102427062180147,-0.0537117257466434,-0.036217479796223,0.0390682681957626,0.0122872537351666,-0.5113773477301619,-0.4175737504784634,0.0355399318059964
NUEx044,AZ,picture,island,nature,0.0736062440806538,0.0114273830643584,0.0286179837225351,0.0473234756612853,-0.0576867165077529,0.4098592038846039,-0.7815734661055592,-0.8159233966060643
NUEx044,AZ,picture,lock,object/tool,-0.0226314446371134,0.0355148689926928,0.0154918150498833,-0.0378627602799831,0.0022651808054833,0.380662485683315,0.4993328665227166,0.2423453645055746
NUEx044,AZ,picture,nail(object/tool),object/tool,0.0217621280983594,-0.2049409403073145,-0.1785043360265973,0.0891761176393092,0.0401028735839941,-1.3383351372939971,-1.1023842214096755,1.1047403370773516
NUEx044,AZ,picture,chair,object/tool,0.0033386558159015,0.0222643770287895,0.0217188551194343,-0.0085333279131793,-0.009345058089179,0.2764425542360131,0.1121334336805954,-0.2704237376748116
NUEx044,AZ,picture,muscle,body part,-0.1507314338956965,0.0193741136280413,-0.0746911610017867,-0.1136965913677957,0.0600039477829085,-0.0894993063951337,0.6006915376011996,1.2003881998814094
NUEx044,AZ,picture,apple,food/fruit,-0.0016934030051883,-0.1237706932796902,-0.0916047366021666,0.0669411749479007,0.0447695789331002,-1.110112048230648,-0.5847079684958794,0.415250401891816
NUEx044,AZ,picture,nut(object/tool),object/tool,-0.0553403915296659,-0.1748806705071053,-0.1232509106100104,0.0710352659638563,0.1120809794848166,-1.8114823334824144,-0.2422700258928132,0.728642932484043
NUEx044,AZ,picture,hammer,object/tool,-0.0306170573642018,-0.0630802022338049,-0.0372908770394108,0.0252185385501064,0.052945531483749,-0.6424009961617971,0.0314783187836108,0.1186327557358289
NUEx044,AZ,picture,cat,animal,-0.0628265986643375,-0.051242814621111,-0.0162799372604795,0.0089503539398735,0.0783678642785497,-0.8104767584213467,0.5356686962853776,0.061063214100701
NUEx044,AZ,picture,shark,animal,-0.0471082308031617,-0.0144079213709523,-0.0277680487655819,-0.026357826059251,0.0334228954578669,-0.235915534310602,0.3125357309792154,0.4415510589002455
NUEx044,AZ,picture,subway,vehicle,0.1328855193350102,0.2143551599954817,0.0510194544960663,-0.1081617258900293,-0.2200388326128477,2.1595166290188224,-0.6960321611443604,0.7315365940618934
NUEx044,AZ,picture,apple,food/fruit,0.084619154078513,-0.0524030900402984,-0.0495324099483448,0.0676933947355499,-0.0536259688100806,-0.1573441204281166,-1.2066208481545957,0.0017224417403087
NUEx044,AZ,picture,saw,object/tool,0.0331249908430257,0.0537381888862293,0.0187891426000278,-0.0252916976821707,-0.0540250101581962,0.7182548646181723,-0.1945001224129439,0.0402654699614047
NUEx044,AZ,picture,toe,body part,-0.0632751953104871,-0.0039364237542583,0.0309581594745735,-0.0061294139588614,0.0612894224204532,-0.2793835341465402,0.6724548738704476,-0.276630766386183
NUEx044,AZ,picture,bike,vehicle,-0.0221783961856552,-0.0734614065665116,-0.0713277234144653,0.0058864151984757,0.0285366950677501,-0.5324057433825184,-0.1668687974073514,0.677886778982601
NUEx044,AZ,picture,truck,vehicle,0.0310526541305443,0.0879046099557144,0.0462351529078184,-0.0450506788280122,-0.0659540576149166,1.043968423348814,0.0066322570608152,-0.0259268225303969
NUEx044,AZ,picture,bird,animal,0.0689830371582916,-0.0079924685784962,-0.0060060821243919,0.0443240348808274,-0.0554865207544459,0.2171842344153623,-0.9568067710533326,-0.3337535569804134
NUEx044,AZ,picture,grape,food/fruit,0.0267416876346863,0.0233731640275443,-0.0020239504508706,-0.010700856527303,-0.0353025468129647,0.3752487143620888,-0.2323178532810271,0.0709555758891394
NUEx044,AZ,picture,sky,nature,0.0594365261845251,0.0006416684003756,0.0241609263034533,0.0470719032699964,-0.0408789296208396,0.2402904254877057,-0.6603656736097506,-0.8177553837724452
NUEx044,AZ,picture,grape,food/fruit,0.0743659959861699,-0.0522950433577096,-0.0870347240211521,0.0012487500518026,-0.0335638931551034,-0.1307187233872701,-0.5205722380975021,0.6284702092846023
NUEx044,AZ,picture,apple,food/fruit,0.0051401823602062,0.0314476738569877,0.0085163078361487,-0.0249650697291779,-0.019243001219223,0.3568895869733946,0.0619623347627323,0.0292429444566159
NUEx044,AZ,picture,cookie,food/fruit,-0.02794817403922,-0.0097887782505237,0.0155288090793251,0.006050407244023,0.0336013320529074,-0.2816229800546641,0.4436601212022384,-0.4147777077306058
NUEx044,AZ,picture,lung,body part,-0.0496212494099577,-0.019551336926941,0.0175380682516289,0.0061702946168771,0.0559451298118833,-0.4626104688238215,0.6142759807197881,-0.4173491605539103
NUEx044,AZ,picture,wrench,object/tool,-0.0323627279628661,-0.0986249775620286,-0.0229129008840422,0.0685775354295822,0.0750706828711323,-1.1640212747514072,-0.0030012501676507,-0.4559189229854511
NUEx044,AZ,picture,pizza,food/fruit,-0.0484308740288,-0.055367324148646,0.0009972648933156,0.0332520456136301,0.0699091338010762,-0.6653591529272693,0.268354191572126,-0.3050288730011096
NUEx044,AZ,picture,ladder,object/tool,0.0778161635623587,-0.1297156389455407,-0.0830516397463368,0.1241797188690789,-0.0158884952293704,-0.9058715747798434,-1.5228170222135808,-0.1751812540199555
NUEx044,AZ,picture,dog,animal,0.018705833189914,0.1564204689516615,0.1207920516621634,-0.0689188518923555,-0.0735157916801583,1.5891348300680548,0.4761599875763109,-0.5864850756619899
NUEx044,AZ,picture,lung,body part,-0.0412908729191159,0.0006031454027666,0.0239631154623255,-0.0060527622356565,0.0407706354004529,-0.172350749161429,0.5297823572745444,-0.3293864777296937
NUEx044,AZ,picture,knife,object/tool,-0.015463727475233,-0.0420151315905026,-0.0182876291797482,0.0245736164902969,0.0325644487399561,-0.6449740455093814,-0.0139487165457704,-0.0777017230606028
NUEx044,AZ,picture,nail(object/tool),object/tool,0.0905961130233056,-0.0451429442041559,-0.0707732678110901,0.0400046408981562,-0.0600668161164149,-0.046104908119941,-0.9125866837876746,0.3789334157775966
NUEx044,AZ,picture,nose,body part,0.0129027936945317,-0.0160391533381847,0.0188254468050436,0.0362505208655874,0.0049929213441692,-0.1487647514416889,-0.1561811526733116,-0.6652547810360668
NUEx044,AZ,picture,orange,food/fruit,0.0247696947756718,-0.0088688965639536,-0.0147324243595135,0.0134865275772028,-0.0190895220123419,0.0275941746180938,-0.4131934322001818,0.0643878650634253
NUEx044,AZ,picture,cookie,food/fruit,0.0440692834065199,-0.0963310170192206,-0.1074047076290757,-0.0103899953711538,0.002542843852487,-0.3512936447531002,-0.3124688926369179,0.6692538084892738
NUEx044,AZ,picture,deer,animal,0.166822527030198,-0.2172525699626,-0.0627726546598711,0.263330541538635,-0.0300412306326019,-0.8808275133194386,-1.5614294699183868,-0.5955158601139092
NUEx044,AZ,picture,hurricane,nature,0.1364884547569797,0.0497389686389608,0.0066259649702789,0.030533471775591,-0.1412612602256393,0.986479270116484,-1.3146100252124808,-0.1691425152397609
NUEx044,AZ,picture,truck,vehicle,0.0451394747453991,0.0616323839930414,0.0463049780194922,-0.0081597559695158,-0.0622330357282051,0.8941268887897689,-0.2663045388666997,-0.4458243329692465
NUEx044,AZ,picture,nose,body part,-0.0417971202843691,-0.0484587697083377,-0.0104802322321582,0.0222848054715692,0.0609996550743996,-0.7222053239359626,0.3145321558583036,-0.1668130989143902
NUEx044,AZ,picture,ear,body part,0.0117861718474645,-0.0355852324031055,0.0021045574980359,0.0454655480433709,0.0116398816903953,-0.4100098855459342,-0.286124983430693,-0.5848049165070033
NUEx044,AZ,picture,wrench,object/tool,0.0671097158437361,-0.0963006767187824,-0.116033921972197,0.0095342484313419,-0.0226200709429199,-0.3301756215091972,-0.7057618902239406,1.071610505642528
NUEx044,AZ,picture,nail(object/tool),object/tool,0.0855241142999117,0.1989036311542616,0.1636749782481923,-0.0261283806262183,-0.1375003715327309,1.1328966252395518,-0.1429000134514204,0.0175923778115813
NUEx044,AZ,picture,bird,animal,0.0288284291212486,-0.0279493680015327,-0.0309452434783294,0.0231622701200863,-0.0156969866422579,-0.164568283604705,-0.5631104432587053,0.165947404424896
NUEx044,AZ,picture,hill,nature,0.0631414931422322,-0.1801940669645526,-0.1858685886261644,0.0299196679649925,-0.0031352349148862,-0.7207833661062102,-0.9243257303187138,1.4754081656186295
NUEx044,AZ,picture,duck,animal,-0.0213009157910135,-0.023569724387624,-0.0222898254929014,-0.0016463066977439,0.0237550314461032,-0.3525624655381851,0.1210784836245012,0.3004131451496457
NUEx044,AZ,picture,deer,animal,0.0488339002841978,-0.0257237222111267,-0.021205434336249,0.0405913318232692,-0.0321434918646379,-0.0555968702144199,-0.8748052924276576,-0.1333064820377135
NUEx044,AZ,picture,key,object/tool,0.0336317046884774,-0.0104752637482408,-0.0080741886190738,0.0250812102477039,-0.0249271294938586,0.0636947142735888,-0.5868000564302478,-0.1895577998366489
NUEx044,AZ,picture,strawberry,food/fruit,0.0666389814491404,-0.0050350959379759,-0.0005732478534139,0.0432564734454418,-0.0538026538060531,0.2462923836019798,-0.9115637678253864,-0.3943771127580097
NUEx044,AZ,picture,car,vehicle,0.0561796209618777,0.1788930418569539,0.0785592325806805,-0.1036446960611339,-0.1329629516756832,1.8765660341536707,0.0195319512917717,0.2731059442883354
NUEx044,AZ,picture,mouth,body part,-0.0402053740984345,-0.0139106021383067,-0.0325592688702367,-0.0246602150223671,0.0240794522650408,-0.2371860964690899,0.239640702535486,0.5521292298582994
NUEx044,AZ,picture,flower,nature,0.053933449505761,0.0229262447962944,-0.0003463898414293,0.0056618344961321,-0.0582947646683919,0.5037768118155519,-0.5660778537930775,-0.0304526214325439
NUEx044,AZ,picture,duck,animal,0.0127100643124134,-0.0548453962631715,-0.0280547907829449,0.0473452597741674,0.0134693645173216,-0.6114149155421951,-0.4995168161069335,-0.1898153854030348
NUEx044,AZ,picture,crab,animal,0.1346338977032514,-0.0836286695470749,-0.1159391198846106,0.0647100282614236,-0.0849671589037183,-0.153318755902024,-1.536594894477618,0.74051410762045
NUEx044,AZ,picture,ladder,object/tool,-0.0279575969697113,-0.1467009785852361,-0.0995213723303951,0.0733635565614389,0.0799880916218098,-1.570916676619607,-0.4233710796325057,0.4558721919216973
NUEx044,AZ,picture,bus,vehicle,0.0978195072681327,0.0991670282784812,0.0230714303142905,-0.0309311043929828,-0.1327785053248756,1.2807611989211174,-0.6961550931715369,0.254396970939502
NUEx044,AZ,picture,lemon,food/fruit,0.0531955990107519,-0.0736274757876742,-0.0478877281666907,0.0759938712391059,-0.0163599922021483,-0.5334402162764134,-1.043840400427108,-0.165223257070554
NUEx044,AZ,picture,hammer,object/tool,0.0351390608315387,-0.0370026678485237,-0.0250444261800298,0.0430474429911375,-0.0154233651589751,-0.2505962499614121,-0.7074370209764835,-0.1209473721377815
NUEx044,AZ,picture,key,object/tool,-0.0013076190240008,0.0059138022370235,0.0338395149423985,0.0173080176722484,0.0084410362599651,0.0303410965866615,0.1346578162974158,-0.6839351703876171
NUEx044,AZ,picture,taxi,vehicle,0.2279975715734096,0.0243393800263942,-0.1106861892567846,-0.0013851456091751,-0.1999973253753738,0.8043339332047529,-1.5558108470985386,1.0857651207701395
NUEx044,AZ,picture,key,object/tool,-0.0597066697789825,-0.1142158202994348,-0.026562068978577,0.068319898769571,0.1052501995592319,-1.466632252066269,0.2616461637310035,-0.4869899121910528
NUEx044,AZ,picture,strawberry,food/fruit,-0.0270965187595977,0.0291730436728492,0.04903052497754,-0.0081441928764232,0.0191762760836775,0.1883068239129768,0.5895887384150187,-0.659053416757013
NUEx044,AZ,picture,leaf,nature,0.0268833065753194,-0.0924616819716547,-0.0106820932390344,0.0955556125901261,0.0266409285008259,-0.8599957982389933,-0.5918628245287804,-0.8888549284855013
NUEx044,AZ,picture,lemon,food/fruit,0.0069915275701041,-0.126392234219812,-0.089354471315752,0.0773647019892028,0.0399350262198707,-1.2025189051030396,-0.7654718940201269,0.3406505778589115
NUEx044,AZ,picture,bat(object/tool),object/tool,-0.003774773897233,-0.0350279638527208,-0.005544558464415,0.0313108720292765,0.0233492243260576,-0.4349801357262066,-0.0603101134175813,-0.3266071832891192
NUEx044,AZ,picture,pizza,food/fruit,0.0653018632253738,-0.1414175364944109,-0.0776113383569471,0.1338440483432959,0.0021329618394481,-1.071212076614482,-1.3768011164286746,-0.3051760689586567
NUEx044,AZ,picture,grape,food/fruit,0.0533757036533209,-0.1057743243011599,-0.0858105007351458,0.0799408700033662,-0.0084669629994315,-0.771392244886556,-1.1611709131456698,0.2674442283466345
NUEx044,AZ,picture,airplane,vehicle,0.024176324182392,-0.0111583561939769,0.0106698235263207,0.0322580683644466,-0.0107159212542262,-0.0209772846860668,-0.2841215588089342,-0.4667304324128255
NUEx044,AZ,picture,taxi,vehicle,0.0193467760801275,-0.0465759269626059,-0.0609296220316964,-0.0052709395610606,-0.0004461081629515,-0.2302082696781271,-0.2134746943552895,0.556590778354978
NUEx044,AZ,picture,hand,body part,-0.0026844931816557,-0.0030930630431926,0.0099545358807382,0.0088092116786531,0.0068772090158745,-0.0513540642450671,0.0541138342637076,-0.3118969774874047
NUEx044,AZ,picture,ear,body part,-0.0291841928274289,0.0318258188610269,0.0404895884439843,-0.0211553999338657,0.0171461665318989,0.2627719620589098,0.668763376512889,-0.40465463803518
NUEx044,AZ,picture,duck,animal,-0.0316195161285746,-0.0592101576994324,-0.011391168051067,0.0362144167252922,0.0583850984909998,-0.7550720149018197,0.1603436313619296,-0.293275859178291
NUEx044,AZ,picture,fly,animal,-0.0221709476803084,-0.0129132566406732,-0.0053268137720127,-0.0016897843046365,0.0247559297157364,-0.2434344616648697,0.2488971806568923,0.0468741048227637
NUEx044,AZ,picture,bear,animal,-0.0420213726887776,0.0074924164820044,0.0285588584749414,-0.0101617534372921,0.038494331103639,-0.1180582929927689,0.7174380959151256,-0.4072707711247879
NUEx044,AZ,picture,taxi,vehicle,0.1305529107181731,0.1607123957197617,0.0904625991025595,-0.036940256237092,-0.1811011533420459,2.009922632516962,-0.7820682674539529,-0.4109820170540142
NUEx044,AZ,picture,crab,animal,-0.0352714259024637,-0.0468919771188881,-0.0251327192589717,0.0141158690955717,0.0503645730976803,-0.6966736782743161,0.2045399569914121,0.1176698725619374
NUEx044,AZ,picture,mouse(object/tool),object/tool,0.0552285150814442,0.0866500022494919,0.0282536516853916,-0.039606175025373,-0.0890410564743582,1.061450165105559,-0.2837327396278488,0.1834117537697508
NUEx044,AZ,picture,beach,nature,-0.1726051233799991,0.0845598266377162,0.0657915304057558,-0.1376657499839609,0.1129344148246526,0.2327748186103083,1.6745822858720651,0.4159953378528581
NUEx044,AZ,picture,car,vehicle,-0.0121127403410977,-0.065479553887472,-0.0247081897525776,0.0472284891478571,0.0414142974685739,-0.7919223550042405,-0.1476805173192765,-0.2268659557500797
NUEx044,AZ,picture,airplane,vehicle,0.01516527870048,-0.0305515137679244,0.0096580843285073,0.0462415545942915,0.0082552662282187,-0.2687510034285412,-0.2165060800680294,-0.4459559720708839
NUEx044,AZ,picture,muscle,body part,-0.0196656132548975,0.1306129597194448,0.0305880224878922,-0.1159396388933554,-0.0504928261916558,1.13306940275557,0.5120166078699403,0.7050333843049899
NUEx044,AZ,picture,mouse(object/tool),object/tool,0.0744881995867667,0.0458663676063457,-0.0142162604913839,-0.0154612269899911,-0.0859138696459849,0.714171511812593,-0.664109382166197,0.3960914535342223
NUEx044,AZ,picture,chair,object/tool,-0.0345312895296552,0.0328122734046862,-0.0094343455413523,-0.049318985175142,0.0052320711099999,0.2095477631433931,0.3749903774506025,0.5352867606191081
NUEx044,AZ,picture,ladder,object/tool,0.0346170659679284,-0.0600571139972724,-0.0076805327192089,0.0742850986352742,0.0045089924742643,-0.5313387762178388,-0.6369528300143513,-0.6978971672744595
NUEx044,AZ,picture,head,body part,-0.0319400648012649,-0.0498514456336065,-0.0021828033608305,0.0335529055385235,0.053881604856098,-0.7460761653097675,0.2290218826807806,-0.4145472828194637
NUEx044,AZ,picture,bed,object/tool,0.0478896958793762,0.1830422923507654,0.1438060100072981,-0.0612310576923107,-0.1055495736462914,1.6702448329692166,0.1556015536510158,-0.6722838460667602
NUEx044,AZ,picture,pear,food/fruit,0.0013242135351183,-0.0074800766170544,-0.0071677085756482,0.0039609590273504,0.001097152618493,-0.0695152507435265,-0.0910035078923882,0.0064473635851534
NUEx044,AZ,picture,strawberry,food/fruit,-0.043530476811125,-0.1512708119412352,-0.066561029674738,0.0935049778708255,0.1054905396630248,-1.741051733708885,-0.1792210801593274,-0.2134403149133308
NUEx044,AZ,picture,nail(body part),body part,0.0663519633373147,-0.0480650539916151,-0.0697901537709534,0.0255263315626175,-0.0380850224659664,-0.1480445414237461,-0.8874735659338194,0.6461367993344003
NUEx044,AZ,picture,mountain,nature,0.0367234926621201,0.0485070901601665,0.0134705532497057,-0.0199647419976179,-0.0552904834130127,0.7626817123524501,-0.3127016259798506,0.1252716516252355
NUEx044,AZ,picture,cow,animal,-0.0359292801044853,0.0118547747044648,5.34485298087768e-05,-0.0298806460625392,0.0216786754265772,0.02146393738907,0.5150791815361391,0.3161542168330086
NUEx044,AZ,picture,nut(food/fruit),food/fruit,0.1441740656638158,-0.097263281571142,-0.1281468940993025,0.074116935633252,-0.0884788815552009,-0.1926295180528232,-1.3256274049847176,0.631158409749984
NUEx044,AZ,picture,milk,food/fruit,0.0620032026449697,0.1419167001531813,0.0358589647806112,-0.085455800744472,-0.1224832967457305,1.504305540465493,-0.2115049400078264,0.5533342224229024
NUEx044,AZ,picture,hand,body part,-0.0314124157179033,0.0200798278172873,0.0365972428826258,-0.0117038642231797,0.0241178187316996,0.0802509999123447,0.4506737505841341,-0.2380727429073909
NUEx044,AZ,picture,car,vehicle,-0.0307068013441752,0.0684273665505102,-0.034785981502363,-0.0703848242445414,-0.0221620694834519,0.3918180088415832,0.1363986823021359,0.9119021294434008
NUEx044,AZ,picture,flower,nature,-0.0507729216630028,-0.0390828978486947,-0.0351129609357844,-0.0086282401310348,0.0515166141568208,-0.6285454679017752,0.3929400650753761,0.5142049409639409
NUEx044,AZ,picture,nut(object/tool),object/tool,-0.0324757104210218,-0.0865284681767884,-0.0860523962556226,-0.0027648093399454,0.0336531303784313,-0.6362919834985107,-0.1356182790984539,0.937775930702642
NUEx044,AZ,picture,wrench,object/tool,-0.1078861957014358,-0.1534965337813154,-0.1264066645057991,0.0153655769550868,0.134128567985552,-1.3874113135783896,0.2602994658546679,1.046350802981402
NUEx044,AZ,picture,cow,animal,-0.0630866221780482,-0.1305885792491113,-0.0748327830568324,0.054718331475789,0.1088599832573942,-1.5740320309672196,0.1123586276576171,0.3182535675717474
NUEx044,AZ,picture,hurricane,nature,-0.031892565539809,0.1741810220534309,0.101236764522731,-0.1338300109439451,-0.0502978556830943,1.513559639793728,0.9340656876587932,0.2497471822226881
NUEx044,AZ,picture,mouth,body part,-0.005433283954499,-0.009190688120597,0.0033163315623291,0.0090302945084846,0.0110956292762601,-0.1414419272587746,0.0585787644596904,-0.2744069431029912
NUEx044,AZ,picture,hurricane,nature,-0.0004828966331131,0.0009644391476164,0.021257479369945,0.0148279998435991,0.0050167532681315,-0.016990476220264,0.0390998089221341,-0.1592944088177131
NUEx044,AZ,picture,lock,object/tool,0.017402821434662,0.0266558721648882,0.0253055937824595,-0.001458758535081,-0.0235837197405888,0.4798789358773695,-0.0943569722891934,-0.4123168680019235
NUEx044,AZ,picture,island,nature,0.0642174300018558,-0.1319270714748054,-0.0199441075773239,0.1446547948565549,0.0147732986610507,-0.6935456502202221,-0.5956237450163279,-0.2921229521607653
NUEx044,AZ,picture,leg,body part,-0.0605484301945482,0.06615664077189,0.0490867001262173,-0.0708759135874977,0.0256197200982122,0.4590784910134926,0.9488008631537168,0.0139837033158396
NUEx044,AZ,picture,bus,vehicle,0.0655796350707761,0.0459464835135379,-0.0017040979400622,-0.0112773444109033,-0.079442132001916,0.7864080755109053,-0.6655448935218736,0.2503826657756552
NUEx044,AZ,picture,tree,nature,-0.0660548469840605,0.0714556892603754,0.0613543943197159,-0.0702331951083529,0.0299738019247818,0.5119900898360646,1.115188332253177,-0.0980720038813149
NUEx044,AZ,picture,island,nature,-0.0328043056496697,-0.1015880966604292,-0.0399075660549066,0.0626109451233586,0.0752915968782643,-1.343079345541599,-0.0499294478432615,-0.2382313661021882
NUEx044,AZ,picture,crane,vehicle,0.0502531445281269,0.057868475459631,0.0523951238949259,0.0021989935998239,-0.0611177110936891,0.7921079415565639,-0.265495268687438,-0.5746085988107353
NUEx044,AZ,picture,mountain,nature,-0.0124029070395772,0.0978110416182786,0.0825209876015425,-0.0522813410486348,-0.0228064315293033,0.9782494208906212,0.6294734371762175,-0.4750606583933269
NUEx044,AZ,picture,dog,animal,-0.196662380680907,-0.1293174013988137,-0.0302093895564944,0.0069457526669371,0.2314575440659735,-1.8054847067045767,1.646506301318808,0.1270843423408565
NUEx044,AZ,picture,subway,vehicle,0.1977031194894753,0.0055166475094432,-0.07430841811244,0.0424228916550528,-0.1775460305418875,0.6377486264524579,-1.4940146659010265,0.6437853324028634
NUEx044,AZ,picture,bed,object/tool,0.0133810852370887,0.0414787738268303,0.0273942510617306,-0.0181548970341021,-0.0283527517518229,0.6529361451442752,0.0349295643589354,-0.1959285317417217
NUEx044,AZ,picture,boat,vehicle,0.0438372325138288,-0.0317341563818651,0.0079923517875174,0.0609354655704513,-0.0139371140727485,-0.1980349849826367,-0.5958736479804959,-0.7981513162922345
NUEx044,AZ,picture,saw,object/tool,-0.0539353777574801,0.1590340321663163,-0.0232436172441792,-0.1545081339893768,-0.0542985113174084,0.84377639499312,0.3038204285039441,0.8379290027785836
NUEx044,AZ,picture,nut(food/fruit),food/fruit,0.0806708177562739,-0.0537557917261634,-0.0821672970253318,0.0259552436198519,-0.0466811993309638,-0.1379015132342274,-0.8898155295341218,0.6066212372419648
NUEx044,AZ,picture,leg,body part,-0.0757672750712611,-0.035382831741068,0.0060946768595317,0.0003314973347893,0.0845069574688146,-0.6937902171146326,0.7914229061912224,-0.1369678691216558
NUEx044,AZ,picture,deer,animal,-0.0042611434656218,0.0966998412237708,-0.0433664558697957,-0.0799034668616156,-0.0463205652507037,0.5457003064620407,-0.0430126820402324,1.0555924181159646
NUEx044,AZ,picture,knife,object/tool,-0.0131296803716766,-0.0368502254357205,-0.0122461009181026,0.0240659353156682,0.0298400123444204,-0.5223536494663589,0.0050088332695744,-0.1723159619140601
NUEx044,AZ,picture,pear,food/fruit,0.0006773101628438,0.0963347772317149,0.064838520964961,-0.0584057945730361,-0.0399881779203981,1.0444960287696634,0.4254594337170591,-0.1335597611870667
NUEx044,AZ,picture,train,vehicle,0.0860006427962626,0.0506642146449943,0.0476613468519945,0.025886125806558,-0.0868664171546566,0.8693616095127619,-0.7322946958046831,-0.7371102577881434
NUEx044,AZ,picture,mountain,nature,-0.0564893993744204,0.1342289768195946,0.0200059858197058,-0.1391565688099464,-0.0270238798511991,0.7886244836950717,0.5076615580309476,0.6086294180863867
NUEx044,AZ,picture,head,body part,0.077881494425692,0.0079295219070051,-0.0451705284774253,-0.0044909284849272,-0.0660562626051702,0.3073237497151487,-0.6063071367798472,0.5457507468612807
NUEx044,AZ,picture,bat(animal),animal,-0.0674297496889716,0.0171443579081659,-0.0079691073282785,-0.0552662229954866,0.0405474878121579,-0.0430411908957912,0.6596751284294065,0.4483183487350936
NUEx044,AZ,picture,nut(food/fruit),food/fruit,-0.0111436792870231,0.0081738951158737,0.0257986861494079,0.0032314086547674,0.0120848707601185,0.0427109251840691,0.279708158938575,-0.5254369170860543
NUEx044,AZ,picture,leg,body part,-0.033982192534875,-0.0133014183682282,0.017233356272764,0.0074360371103847,0.0409774607365148,-0.3618759157231131,0.5161507433963803,-0.5024363484314586
NUEx044,AZ,picture,nose,body part,-0.1113315086563839,-0.0318753608735174,-0.0147389330550584,-0.0378788400407725,0.1064005954956917,-0.6855192351888598,1.0836000938997694,0.4270370717411219
NUEx044,AZ,picture,tree,nature,-0.0073394019175509,-0.00134363583787,0.0138451124112194,0.0071554036394308,0.0109085093871789,-0.0492251229386075,0.1642365197762287,-0.4084912530668182
NUEx044,AZ,picture,hammer,object/tool,0.0535704452052157,0.2263963215244495,0.0636435292538421,-0.1541760634280337,-0.1589320361244366,2.0067181128747924,0.0382268978802904,0.7965285836923539
NUEx044,AZ,picture,bear,animal,-0.0473068067633193,0.0520855076663776,0.0628613316128064,-0.0346599234890358,0.02522254602479,0.3868682073003297,0.9235813479479772,-0.5061394756773896
NUEx044,AZ,picture,orange,food/fruit,0.0103106284463443,-0.0622611457410289,-0.0425921470947474,0.0427964536877099,0.015451696307611,-0.7046899397998168,-0.5457928923489358,0.0709542486220088
NUEx044,AZ,picture,river,nature,0.0913203207323665,-0.0204929150934285,-0.0052911076783409,0.0701728472425737,-0.0652911778973414,0.1358141244748978,-1.1583894039213116,-0.5609640805818704
NUEx044,AZ,picture,bat(object/tool),object/tool,-0.0040753691242353,-0.0378209549898614,-0.0182898058191297,0.026396840242368,0.0204699649219338,-0.5112127716449645,-0.1690146014322632,-0.0856160576016242
NUEx044,AZ,picture,flower,nature,-0.0470326633856265,-0.0817524802252847,0.020864199425208,0.0638032348551968,0.0746317438841397,-0.8884357996295021,0.2683522242475604,-0.9411559136377496
NUEx044,AZ,picture,mouse(animal),animal,-0.0793265770311571,0.017614384278373,0.0387201161004898,-0.0341493908365669,0.0656935647176148,-0.1133408155821296,0.9837300411195166,-0.1785786747139133
NUEx044,AZ,picture,banana,food/fruit,0.039216060535236,-0.0125386053323116,-0.0030215684122819,0.0342146218803223,-0.0272422469495525,0.0484997946182768,-0.6281735274263945,-0.3577724764881759
NUEx044,AZ,picture,boat,vehicle,-0.0736040228801764,0.0533615711839591,0.0634728707586317,-0.0509805601143592,0.045997368190147,0.2527699402207999,0.9466619673826914,-0.1858727231045179
NUEx044,AZ,picture,bat(animal),animal,0.0713474532406258,-0.0007073584469799,0.0561317695085078,0.0614091927116904,-0.0240333637850371,0.129819181251673,-0.2980922937507324,-0.9225410053497748
NUEx044,AZ,picture,saw,object/tool,-0.0309728712273149,0.0135771338030949,-0.0106037363676678,-0.0328979139778094,0.0124477964765459,0.0639828822474516,0.3166403677193094,0.4497377576433818
NUEx044,AZ,picture,bat(animal),animal,-0.1475101163338332,-0.1540068799470632,-0.0063153183029363,0.0735084175534784,0.1980587964206819,-1.4039710917093295,0.6882702195023119,-0.3294583305189842
NUEx044,AZ,picture,bat(object/tool),object/tool,-0.0138050828545219,-0.0318738439545528,-0.0100657362488834,0.0198467876253305,0.027642259717323,-0.4802757660513313,0.0358472468532664,-0.1390168103335929
NUEx044,AZ,picture,cherry,food/fruit,-0.0382905675762344,-0.0875064725232809,-0.0763514479325513,0.0110383551781083,0.0532601818671755,-0.6966119373682721,-0.0218218846028822,0.3355160555669454
NUEx044,AZ,picture,cat,animal,-0.1169181434625854,-0.058663912603208,0.0100395273741267,0.0022118773193619,0.1294527157263161,-1.0140009303946351,1.1772279897972764,-0.2688353237550199
NUEx044,AZ,picture,hand,body part,-0.0855105918490184,0.0162584413765491,0.0519822375841332,-0.0227188748463633,0.0717102972495788,-0.1630449496412951,1.0648154914490726,-0.4520044281599161
NUEx044,AZ,picture,shark,animal,0.0169158485144831,-0.02709966756225,0.0221585245613007,0.0460571002783264,0.0104888639123294,-0.2048228244857823,-0.1152368025402379,-0.4556789555464783
NUEx044,AZ,picture,bike,vehicle,0.0143933005139313,-0.0228706319436536,-0.0275355289907882,0.0112166295346995,-0.0057943973952667,-0.1522101576136293,-0.3332303513210169,0.2498987664952908
NUEx044,AZ,picture,toe,body part,-0.0714980195780579,-0.104592789958041,-0.0614291443906112,0.030340607201906,0.1036102401507732,-1.2947931863212432,0.3343380412230916,0.4193898717602597
NUEx044,AZ,picture,crane,vehicle,-0.0453915748482108,-0.0035499232751072,-0.0035160135011788,-0.022580253383657,0.0388117983734651,-0.1830336767883842,0.4728904224207195,0.1495948170709381
NUEx044,AZ,picture,bird,animal,0.0014467390589547,-0.0162440092907009,0.0065648197014255,0.0232071648947606,0.0103908302642963,-0.2236204457514976,-0.0693605143974078,-0.4531350313718462
NUEx044,AZ,picture,bus,vehicle,0.0697474636126385,0.1546276490355011,0.0539846353445771,-0.0856499473702503,-0.1343262956372819,1.7098582087814027,-0.249794246025649,0.3482194302558826
NUEx044,AZ,picture,sky,nature,0.0131695086767755,0.0026668939960821,0.0412445096377972,0.0329494529496338,0.0042027147070464,0.0066700255362704,-0.0016831505057975,-0.8187900076748209
NUEx044,AZ,picture,mouth,body part,-0.0235073026811514,-0.0114456993401951,0.0036383473797015,0.001839252717191,0.0277772281081729,-0.2764414481444111,0.3428063243249986,-0.1667834106604552
NUEx044,AZ,picture,sky,nature,-0.0067808259555714,-0.0603390758042989,-0.0416551008015408,0.0322120310693321,0.0286801902753395,-0.696412861556875,-0.2430051863861262,0.1698744475897368
NUEx044,AZ,picture,milk,food/fruit,-0.0334560989003718,-0.0922282302974858,-0.0234078901599829,0.0613772197235846,0.0731195184239493,-1.1855656029046444,0.039645976495386,-0.4062607810783084
NUEx044,AZ,picture,boat,vehicle,-0.007606823944189,0.0323736409126697,0.0444912915411315,-0.0063011533808405,0.0007168875947705,0.3503834745731816,0.3730986992907043,-0.6527608620141542
NUEx044,AZ,picture,banana,food/fruit,0.2889623806668921,0.0389273147726351,0.2303029885575201,0.1551458005640578,-0.0833999542577551,0.7408447787172986,-0.4473720439284464,-2.001358722437815
NUEx044,AZ,picture,nail(body part),body part,-0.0246476383082335,-0.0643532143210055,-0.0402535984427568,0.027799379450887,0.0466864700467307,-0.7775611997888278,-0.030950457805205,0.1762275773867113
NUEx044,AZ,picture,beach,nature,0.0229237372567845,0.1168361567269464,0.0678196707743308,-0.0655087202402437,-0.0707929669645801,1.369910241524271,0.2263465539317675,-0.0617535202532598
NUEx044,AZ,picture,train,vehicle,-0.0375639338482351,0.0349006151592362,0.0264681393067568,-0.0406015991644412,0.019388640203844,0.2312046758959806,0.6345069247165245,-0.0603378781860585
NUEx044,AZ,picture,book,object/tool,-0.0336884652042221,-0.0088157462204499,-0.0247428638249741,-0.0220002047355104,0.0215415442194261,-0.1621111998737175,0.2285947873748373,0.4431867231472158
NUEx044,AZ,picture,ear,body part,-0.1884458272455941,0.0312273703079622,0.0673983601692652,-0.0863656946959543,0.153913257813101,-0.3091879695883782,2.028138692802536,-0.0610436232635281
NUEx044,AZ,picture,crane,vehicle,-0.0032812339002499,-0.0109527340327394,-0.014163336286066,-0.0002289200056011,0.0047055865258541,-0.1282189764515664,-0.0241534140420219,0.0947916231494156
NUEx044,AZ,picture,mouse(object/tool),object/tool,0.0287425929996783,-0.0248716060560484,-0.0025984311765457,0.0417715314354906,-0.0101753688332352,-0.168375065069086,-0.4662135292952989,-0.4411546426899752
NUEx044,AZ,picture,subway,vehicle,0.1264773021044669,-0.0444356960367324,-0.0898892247496958,0.0401853992004198,-0.0907033784087071,0.0847694899466253,-1.219447307878977,0.5896591276651204
NUEx044,AZ,picture,airplane,vehicle,0.0415709053651073,-7.293347345901045e-06,0.0053115556635927,0.0277417388581496,-0.034164683809803,0.2124829106701255,-0.6127274401481558,-0.3911351552778982
NUEx044,AZ,picture,cow,animal,-0.0619930400679087,0.0049990810129505,0.012111197307155,-0.030692817310818,0.0527142537676255,-0.1920612128216041,0.8409081772023651,0.1033818040010322
NUEx044,AZ,picture,orange,food/fruit,0.039371826470337,0.0092422438354462,0.0256965556522398,0.0290166927655573,-0.0300707608060661,0.269102379528955,-0.3990703272580044,-0.6756255211933498
NUEx044,AZ,picture,mouse(animal),animal,0.0349339821652634,0.0150832554418932,0.0145366845544027,0.0161667843039599,-0.0363317192667402,0.2602516338880174,-0.2717344894392507,-0.1790272795469892
NUEx044,AZ,picture,pizza,food/fruit,-0.0106971592159729,-0.0096116828143353,-0.0119411482048773,-0.0039332479662942,0.0105786213562243,-0.1331277326798096,0.076441608094187,0.1708561979117719
NUEx044,AZ,picture,shark,animal,-0.0259986254841605,0.0045386246368474,0.0166723013696201,-0.0081027466444063,0.024202153808058,-0.0558330630876035,0.4554882155664593,-0.2457211277715057
NUEx044,AZ,picture,lemon,food/fruit,0.2266587709849951,-0.0399708377694544,0.0207002048440292,0.170190915614935,-0.1515402201231388,0.3405263150238226,-1.5779321045770005,-0.8062570689712457
NUEx044,AZ,picture,cookie,food/fruit,-0.0678005273681924,-0.0867773387037807,-0.0258267285884954,0.035789518107103,0.099727343826862,-1.1983025245769985,0.4779919692364727,-0.1730880568865326
NUEx044,AZ,picture,lock,object/tool,0.007859715349251,-0.0426828195984597,-0.0229005824016502,0.0351640397173056,0.0120951862941496,-0.4576143240729092,-0.2996407314695909,-0.144735279813438
NUEx044,AZ,picture,bike,vehicle,-0.0257491821305423,0.0066018814586193,-0.0090719059568829,-0.0241842542553637,0.0134798521174611,0.0046890868274516,0.2940672317445275,0.342603382454915
NUEx044,AZ,picture,lung,body part,-0.0947243387901033,0.0527879404050087,0.0388904597029465,-0.0809008877953163,0.0591689228857343,0.2015348563806802,1.1148006251986675,0.1884679573015206
NUEx044,AZ,picture,nail(body part),body part,-0.0248353502465049,-0.0523408736091921,-0.0257370642207232,0.02484998930624,0.0445523502313193,-0.8100120315379883,0.0802159279663543,0.0131836188802372
NUEx044,AZ,picture,muscle,body part,-0.0262160554089228,0.0009326708458127,0.0090835671480809,-0.0097605921173176,0.0240991140342181,-0.1097791788043956,0.4396960544813392,-0.1130588857321796
NUEx044,AZ,picture,tree,nature,-0.0707428410281364,0.0464848071693331,0.0603982420942313,-0.0441811770824275,0.0473715381849917,0.2006931815398639,1.0199403624509409,-0.337935095111057
NUEx044,AZ,picture,book,object/tool,0.2527713496719763,-0.2731227353459222,0.1677373833892087,0.3285269539689914,0.0226246895453293,-0.6407476558363425,-0.7055450175107748,-2.2653673288838307
NUEx044,AZ,picture,train,vehicle,-0.0035276909714879,0.01132557679171,0.0192809016691771,-0.0013537561751453,0.0015279015862212,0.1230514679555718,0.1398138672499306,-0.3063316087910021
NUEx044,AZ,picture,river,nature,0.0549919226193709,-0.0094370675225272,-0.0389599315633602,0.0075626998464319,-0.0440129583495073,0.1679729075606273,-0.7165536362286945,0.509430820356889
NUEx044,AZ,picture,bear,animal,-0.0145657355791726,0.1245194665793628,0.1029832808957809,-0.066157198068709,-0.0310269503024081,1.1655843170864937,0.706351176589451,-0.4476863113901824
NUEx044,AZ,picture,milk,food/fruit,0.02714869726516,-0.0150369964225021,-0.0122309185624974,0.0226361388881648,-0.0174292842343085,-0.0307066854977582,-0.5039055598686252,-0.1178949582141952
NUEx044,AZ,picture,leaf,nature,0.102148950049314,-0.0151323582889737,-0.0398967918588259,0.0439677586365897,-0.085034706737205,0.2453669383996317,-1.120295611244386,0.1589538617441959
NUEx044,AZ,picture,beach,nature,0.0167465675089501,0.1268061269969818,0.0562644739698865,-0.0853817694001774,-0.0740796916838909,1.3130255531077797,0.2568974150471805,0.3148822127660278
NUEx044,AZ,picture,bed,object/tool,0.0109164519839137,0.0289494142549659,0.0298559047296744,-0.004658886024636,-0.0183636849295609,0.3867369539586054,0.0382608483095689,-0.3621640665907268
NUEx044,AZ,picture,leaf,nature,0.0074092186466955,-0.0583079922849232,-0.039181015644024,0.0401582869483851,0.0165783717261127,-0.6128901439502528,-0.4396754422611887,0.0807864910348006
NUEx044,AZ,picture,chair,object/tool,-0.0086463582796066,0.012858741260075,0.003351341552728,-0.0153855177197957,0.0008019387975967,0.1456243045392542,0.1775147540566967,0.063200730693305
NUEx044,AZ,picture,pear,food/fruit,0.0298271209456568,-0.0751482660441989,-0.0449851370400306,0.0665668845836416,0.0047716707757942,-0.5993140206951618,-0.6492478225264189,-0.0773246707384329
NUEx044,AZ,picture,banana,food/fruit,-0.028452505074485,0.0338604805021023,0.0617991371026592,0.0027342689570463,0.020909041419264,0.1723694431332324,0.524518462842649,-0.8449108941282872
NUEx044,AZ,picture,truck,vehicle,0.2533500954393952,0.1972986348629793,-0.0169404593583346,-0.064629102355412,-0.312419330389271,2.057972834400537,-1.743264115851325,1.126092954403324
NUEx044,AZ,picture,hill,nature,0.0665951983590774,0.0729767046128458,-0.0109321957702604,-0.042538627447894,-0.0890501354555227,0.9065234435560005,-0.486750439944152,0.6188999269353659
NUEx044,AZ,picture,fly,animal,0.0329772551061193,0.030597743576991,0.0334084269856894,0.008983111922396,-0.0363446524311493,0.5076062701470598,-0.2439897030489259,-0.520239542316434
NUEx044,AZ,picture,river,nature,0.0745819898833364,-0.0246581614171989,-0.0262627308173663,0.0512871380449532,-0.0549901203067936,0.0508090394801902,-0.9862723239543116,-0.10339859213749
NUEx044,AZ,picture,cat,animal,0.0412329053312155,0.0027930166673963,0.037333080524932,0.0405351416684072,-0.0190003095290197,0.1410407603217077,-0.2897076267150316,-0.882397786271387
NUEx044,AZ,picture,cherry,food/fruit,-0.0789894485566804,-0.0092955178019612,-0.0057919155567107,-0.0366957718440739,0.0694502109780403,-0.3509875151680867,0.7928458962502422,0.3250266747957773
NUEx044,AZ,picture,mouse(animal),animal,-0.1190657236283522,-0.0091315195889966,-0.0814675259180946,-0.0757898233791844,0.035527278054903,-0.1600719603387996,0.2158511308518122,0.6497085269880652
NUEx044,AZ,picture,head,body part,-0.0128538774364196,-0.0688595236407747,0.0010426461880634,0.0609977746396318,0.046705083973915,-0.8189726010668953,-0.0739630542454326,-0.7297526608090338
NUEx044,AZ,picture,dog,animal,0.0061674295372195,0.0862373011241846,0.0487737273051837,-0.0548465604633868,-0.0436294413390573,1.0084217818836971,0.3057685884092135,0.0649829697770571
NUEx044,AZ,picture,fly,animal,-0.0378534732276651,-0.0711148629497751,-0.0024565451597068,0.0506761589251037,0.0676167707565078,-0.9054452392543476,0.1902502330361715,-0.513011037074535
NUEx044,AZ,picture,hill,nature,-0.0143450951134348,-0.0039687712395076,-0.0388347447212834,-0.0242957313244178,-0.0012554672260092,-0.0147272366455315,-0.035039651134,0.709410781374082
NUEx044,AZ,picture,book,object/tool,0.0011463269471833,-0.1181573431772581,-0.088012985668656,0.0643325949711228,0.0410093688935093,-1.0524294086538062,-0.5387591667600315,0.2770118846741757
NUEx044,AZ,picture,knife,object/tool,0.0094899126026914,0.099669726556408,0.0813663352670757,-0.0431264197122824,-0.0427305969574154,1.1471762786965685,0.4155158975664536,-0.5635137032128508
NUEx044,AZ,picture,cherry,food/fruit,0.0973392602957701,-0.1312405387509624,0.041472862817577,0.1540581767480054,0.0354623575043842,-0.311077140238638,-0.2350447339840365,0.1986908979528858
NUEx044,AZ,picture,island,nature,0.0489106866091728,0.2195413643780943,0.1097290653314348,-0.128774342343182,-0.1456664689470501,2.1011084925570955,0.2023536807366876,0.2540145114225935
NUEx044,AZ,picture,lock,object/tool,0.010485716301337,-0.0864563044585033,-0.0491353829359536,0.0665270794560389,0.026191053732718,-0.6872932145679592,-0.3725539523297587,-0.0876701181534504
NUEx044,AZ,picture,nail(object/tool),object/tool,-0.0020938980167471,0.1194996603112379,0.0284973842751318,-0.0984119891592019,-0.0585373602889624,1.0940418973855135,0.3191051879931988,0.6042124136005693
NUEx044,AZ,picture,chair,object/tool,-0.0095732735513479,0.0283009528535297,0.0019809391986922,-0.0310752798998727,-0.007263007808604,0.3125178174853347,0.2076303330458085,0.2645290311786029
NUEx044,AZ,picture,muscle,body part,-0.1040479165870913,-0.0193264624345194,-0.0582315620853163,-0.0626230377792912,0.0591956582902103,-0.2920738745802371,0.4750120431114349,0.8078210095405204
NUEx044,AZ,picture,apple,food/fruit,0.0278115262930429,-0.0679235306886264,-0.0459649934453612,0.056867654075676,0.0026764081658272,-0.626064102238007,-0.720035978414741,0.0007328812331883
NUEx044,AZ,picture,nut(object/tool),object/tool,-0.0240146828563089,-0.1321613175508683,-0.1070380773653539,0.0457728029039639,0.0615906829476975,-1.1355146873262485,-0.3598383318561937,0.6186922753821701
NUEx044,AZ,picture,hammer,object/tool,-0.022977794948823,-0.0472050424282158,-0.0339201850247986,0.0142289463856587,0.0366564254596179,-0.6396092879925279,0.0241376925881909,0.2233634895203517
NUEx044,AZ,picture,cat,animal,-0.0537596559212381,-0.0067962964999764,0.0400955190333358,0.0118890976068879,0.0528284712452869,-0.278209257919795,0.5584346359309215,-0.5929592800237464
NUEx044,AZ,picture,shark,animal,-0.0319491103949951,-0.1300896759996178,-0.0769265294060237,0.0710583632503903,0.0806380108072585,-1.32589995712055,-0.2748134345939063,0.2130670164202482
NUEx044,AZ,picture,subway,vehicle,0.1189216996625223,0.0039895259308102,-0.0919231948293613,-0.0488241449486777,-0.0669716128135457,0.3041615688708243,-0.4796596412377976,1.1351476735698858
NUEx044,AZ,picture,apple,food/fruit,0.0346291414319735,-0.0484354549358634,-0.0503117570094721,0.0322981577827089,-0.0132901499364664,-0.2943339204054109,-0.5780443299258861,0.2643690804156551
NUEx044,AZ,picture,saw,object/tool,-0.0095908346537147,-0.0089023297290546,0.0041818880074763,0.0068909234075517,0.0148288370650249,-0.1526444761627521,0.1173411001248722,-0.2328158464794738
NUEx044,AZ,picture,toe,body part,0.00553812150091,-0.0363718949563367,-0.0022220843685007,0.0401721835520035,0.0165851849304304,-0.4509364222941887,-0.2252757702159706,-0.5243016051866226
NUEx044,AZ,picture,bike,vehicle,-0.0146454936494153,-0.0342841952127852,-0.0135053486848792,0.0193735598637079,0.0285521973455033,-0.566475148474796,0.0357235257386272,-0.1041222308719361
NUEx044,AZ,picture,truck,vehicle,0.0493478523140461,0.0484711299817463,0.0214436488999528,-0.0075746291020582,-0.0656353977379991,0.7357361855056807,-0.3860035048365413,-0.1096638415724527
NUEx044,AZ,picture,grape,food/fruit,-0.1208607672231164,-0.0345087995249512,-0.0203960421356422,-0.0437894975365418,0.1137036320956422,-0.3756755467302072,0.4370121193875041,0.2133986869671742
NUEx044,AZ,picture,sky,nature,0.1003694191248061,0.0358735705701086,0.028235856684326,0.0377235808980333,-0.0970138087158083,0.6998794009984757,-0.8403767985233298,-0.3898213158353755
NUEx044,AZ,picture,grape,food/fruit,-0.0426923730596374,-0.0568553909641105,-0.0402596091274674,0.0102124531308499,0.0556077982245621,-0.8083538443196902,0.2169033902430353,0.371934377077829
NUEx044,AZ,picture,apple,food/fruit,-0.0186179807069873,-0.044894714181796,-0.034241303632872,0.0132999507966495,0.0311677569843067,-0.5902373463061136,-0.0164048111483466,0.2677510508242534
NUEx044,AZ,picture,cookie,food/fruit,-0.013609402488272,-0.0240088885967708,-0.0316711919220523,-0.004000268789479,0.0133375637651916,-0.2606626691221145,-0.0244593181712736,0.409755309748501
NUEx044,AZ,picture,lung,body part,0.0033390452680581,-0.0608334109575557,-0.060731441766173,0.0112849082934021,0.0139214874807703,-0.4355749231001664,-0.2222811646384633,0.3718850207749147
NUEx044,AZ,picture,wrench,object/tool,-0.0206619380699573,-0.2526673277859473,-0.1947643037755211,0.1212716720077491,0.1030892459290118,-2.138506092875374,-0.9997899018954371,1.1292121209782953
NUEx044,AZ,picture,pizza,food/fruit,0.0400773521171248,-0.0489503296881253,-0.0073185770533954,0.0682554556463874,-0.0062234908413526,-0.3991692197433484,-0.7060356292052389,-0.6357658470409072
NUEx044,AZ,picture,ladder,object/tool,0.0564252123897389,-0.0506619694545846,0.0009737874486869,0.0808155280813191,-0.016080716155418,-0.2809527377965617,-0.7466579686808412,-0.6920235808662993
NUEx044,AZ,picture,dog,animal,-0.0811736116497031,-0.0051503301225455,0.0305355692196967,-0.0167798435958963,0.0771873066049039,-0.3909208341468475,1.056469015677334,-0.3493442472045375
NUEx044,AZ,picture,lung,body part,0.0065661760780493,-0.0026086411974332,0.0073088464127311,0.0120737428244952,-0.0022883660792567,0.0119733913830231,-0.1062939385676905,-0.3161844765518165
NUEx044,AZ,picture,knife,object/tool,0.036458231535122,-0.030266500151281,-0.0088092472004778,0.0488380177317431,-0.0162967275270321,-0.1462041811522416,-0.4129755274447662,-0.2930195127448037
NUEx044,AZ,picture,nail(object/tool),object/tool,0.0462393660844292,0.0185874921797298,-0.0095296859813959,-0.0001338909261317,-0.0496307334433499,0.3840124058887563,-0.4631133117967883,0.1471992820413966
NUEx044,AZ,picture,nose,body part,0.0717693238344593,0.08222734179988,0.0706885775860326,0.0005082177699185,-0.085835882389284,1.068835775102593,-0.3755487719050386,-0.6721311113405919
NUEx044,AZ,picture,orange,food/fruit,-0.0022384046541327,-0.0390585770230833,-0.0134392326482909,0.0316662887530897,0.0213246961822345,-0.5577810831926743,-0.1754775756659713,-0.2850536732051821
NUEx044,AZ,picture,cookie,food/fruit,-0.0458423756909383,0.0031174010685156,0.0504110951524192,0.0222279306279961,0.0375021779826214,-0.1429368585711258,0.281464600241061,-0.439871708175915
NUEx044,AZ,picture,deer,animal,-0.0264691380580019,-0.0350813214040024,0.0002099212999642,0.0228667083838968,0.0424506756949073,-0.6242125611662848,0.2688675626556727,-0.4259275332302535
NUEx044,AZ,picture,hurricane,nature,0.0072648666004641,0.0904157897968369,0.0168951218698695,-0.0723555765345626,-0.0501012641268926,0.8524967270997774,0.1539254148390554,0.400057030808455
NUEx044,AZ,picture,truck,vehicle,-0.0099355673383538,0.0186195618757625,0.0145121140206904,-0.015398042066094,0.0015374762251353,0.2308319605130223,0.2827043353900205,-0.0810861121397119
NUEx044,AZ,picture,nose,body part,0.0112682509637663,-0.0543373569904083,-0.0332993157310384,0.0423302063747861,0.0126117109210682,-0.6030915412010475,-0.499486324449302,-0.0253689957825433
NUEx044,AZ,picture,ear,body part,-0.0818213105566303,-0.0049556991576374,0.0530656397423367,0.0065382111549998,0.0732598152308251,-0.3783513938220366,0.8672264695001806,-0.7867175993359842
NUEx044,AZ,picture,wrench,object/tool,-0.0506054048150297,-0.1481017871826229,-0.1240724519609957,0.0371146403870513,0.0825544925934356,-1.2588119924016037,-0.1918757513167814,0.8417071224221411
NUEx044,AZ,picture,nail(object/tool),object/tool,0.0410129881991852,-0.1857598966978434,-0.0929304721261722,0.1588264423157207,0.0420994655298391,-1.4176504065027045,-1.1806934230053503,-0.2502879705040344
NUEx044,AZ,picture,bird,animal,-0.0505010646172308,0.0770908276513456,0.057587508891518,-0.0706731142089868,0.0129828391929873,0.6635789798225235,1.0112149901425342,-0.0267733027069856
NUEx044,AZ,picture,hill,nature,0.1112139791727497,0.1068373065075192,0.0121791116063329,-0.0365924291753451,-0.1483032531330191,1.3148080400171245,-0.7979745663173164,0.4084016003724435
NUEx044,AZ,picture,duck,animal,-0.0354884231050379,0.0253653187110024,0.0329888158043995,-0.0250013855961482,0.0248127219227897,0.1335900873616542,0.5142742473789826,-0.1784287942177729
NUEx044,AZ,picture,deer,animal,-0.1683433142416372,0.044820765160747,0.0456169929976112,-0.1066981883429694,0.1267592102724822,-0.0921441624382749,1.7469597441244054,0.3531619920544102
NUEx044,AZ,picture,key,object/tool,0.0234258083892342,0.0292314714698333,0.0218060933856824,-0.0016376555551302,-0.0328931512925687,0.3888825371702256,-0.1318630504118184,-0.1784832935241249
NUEx044,AZ,picture,strawberry,food/fruit,-0.0447600358480834,-0.0498035985654987,-0.051094912174234,-0.0041987467769011,0.0433420831228867,-0.5278096653445565,0.1132326743140778,0.4696205593387405
NUEx044,AZ,picture,car,vehicle,-0.0016484631231542,-0.0193749584214549,0.0001211681251702,0.0204979061242197,0.012724620236873,-0.2635022099701332,-0.0748706993235354,-0.3147000057392968
NUEx044,AZ,picture,mouth,body part,-0.0241168208850172,0.0023563919690355,0.0190122602393838,-0.0025203667199666,0.0242283822459396,-0.0963936571325274,0.4764358024316503,-0.3845730991065428
NUEx044,AZ,picture,flower,nature,0.0065448932347696,-0.0317503026516849,-0.012449244866767,0.0294238575337929,0.0096913484513819,-0.4088513372365422,-0.3011624544958763,-0.2743478792360644
NUEx044,AZ,picture,duck,animal,0.0621547089019698,-0.0486420461878052,-0.0220613284717031,0.072252827863274,-0.0305788512698384,-0.2191069635419805,-0.7162847440018747,-0.3116531667468283
NUEx044,AZ,picture,crab,animal,-0.0097788938838757,-0.0651039655908927,-0.0430367159016543,0.0358587277514389,0.0339801158793462,-0.6727193222573479,-0.2106714610428872,0.117401906593611
NUEx044,AZ,picture,ladder,object/tool,0.0096260846772484,0.192207222401947,0.0745581733935903,-0.1411759195158579,-0.1038627194991446,1.6640086904069626,0.4080147069443959,0.5897935677269304
NUEx044,AZ,picture,bus,vehicle,-0.0608412137517415,0.0564210338287749,0.0496632667979562,-0.0597914928624845,0.0309721622575564,0.3328090981951932,0.738816220739765,0.024604064367115
NUEx044,AZ,picture,lemon,food/fruit,0.0051968153837862,-0.0416532151049678,-0.0175653914229746,0.03636507177488,0.015233222920245,-0.5298484027995966,-0.31400954617363,-0.2604359580737592
NUEx044,AZ,picture,hammer,object/tool,-0.0194904819446175,-0.0445646139081557,0.0027721753603353,0.0388292112211953,0.0415995319043867,-0.5604495521310818,0.0788884342318922,-0.4709893977765503
NUEx044,AZ,picture,key,object/tool,-0.0525168365705377,-0.083400182217705,-0.048342363645117,0.0266102272788326,0.0788425001769173,-1.0729214324565095,0.2241221336092325,0.2689855275707758
NUEx044,AZ,picture,taxi,vehicle,-0.0346128260089335,-0.0143476500859218,-0.0540099397399369,-0.0281869650502257,-0.0017638131791396,-0.0804845963246197,-0.0670581071669155,0.7407098646280856
NUEx044,AZ,picture,key,object/tool,-0.0492739915486086,-0.0908521025671882,-0.0468355917682254,0.037371617412005,0.0817096692207885,-1.2700273004280327,0.2087759653563146,0.1184880196490591
NUEx044,AZ,picture,strawberry,food/fruit,-0.0569361554202785,-0.2049236582879767,-0.1260361327915877,0.1046979073906694,0.1326134885928755,-1.6819227516534414,-0.2909421831123946,0.4975554329038149
NUEx044,AZ,picture,leaf,nature,-0.0162665371697045,-0.1664707818538975,-0.0893917544532816,0.1095569249989169,0.0861309940714597,-1.6242913247105966,-0.5515591135395747,0.0012281064639702
NUEx044,AZ,picture,lemon,food/fruit,0.0390682851284154,-0.1708159969704906,-0.1318987522622784,0.1094687421941902,0.0267107878098015,-1.236575612726306,-1.1466925316511385,0.5158790928917144
NUEx044,AZ,picture,bat(object/tool),object/tool,-0.0401738975204738,-0.0481344687028184,-0.0215444034011163,0.0150819337390236,0.0562975986673881,-0.8100714153933722,0.3232219065752642,0.0507822837379134
NUEx044,AZ,picture,pizza,food/fruit,-0.0027134653050857,-0.0442975771758749,-0.0087832870112317,0.0442968690051247,0.0239136246741253,-0.3837895179308638,-0.1282390616914993,-0.1692061735634424
NUEx044,AZ,picture,grape,food/fruit,0.0043802759458481,-0.0438501080741616,-0.0289593668902243,0.0298707962294444,0.0137737318780388,-0.5057374259809608,-0.342652688692303,0.0458007832925758
NUEx044,AZ,picture,airplane,vehicle,-0.0110307886080171,-0.0447454215269161,0.0021680544229761,0.0416598905948398,0.0349473095740766,-0.6020473016211395,-0.00802849658554,-0.5830125149423964
NUEx044,AZ,picture,taxi,vehicle,0.0227896610926871,-0.0078363956632239,-0.0234462447720624,0.0021742929387987,-0.0178810078034183,0.0374786837929973,-0.2511000384455889,0.1407209414179429
NUEx044,AZ,picture,nut(object/tool),object/tool,-0.0232712088766451,-0.1495525310745406,-0.1018167742152527,0.0772124187966852,0.0771980128788717,-1.585111088741546,-0.5021836980088737,0.4417349133695579
NUEx044,AZ,picture,crab,animal,-0.0902012935484879,-0.0511707312789491,0.0103313154616899,0.0105604585338941,0.1036654227867276,-0.503249909189036,0.4483840595812178,-0.0501322660518784
NUEx044,AZ,picture,hand,body part,-0.0149906480865131,0.0038249018522758,0.0224298266872169,0.0036033437211844,0.0166007287651621,-0.0331598276317017,0.2826417953630138,-0.3951687684397693
NUEx044,AZ,picture,ear,body part,-0.0035658935810096,-0.0712683977692748,-0.0114358724744076,0.0628108339802802,0.0396934539933302,-0.8740732836905359,-0.2503400148885173,-0.6514606270825885
NUEx044,AZ,picture,duck,animal,-0.0231868818606023,0.0116669438106019,-0.0043275487276218,-0.0252880934107103,0.0103884330172479,0.0735958355666536,0.2928867364273516,0.3053527333982979
NUEx044,AZ,picture,fly,animal,-0.0352606260829212,-0.0164062406875408,-0.0216550113245714,-0.0149703508871685,0.0297112382318653,-0.2959034929221529,0.3100239807690335,0.4542372042567481
NUEx044,AZ,picture,bear,animal,-0.1707780050250525,-0.0024854644252453,0.0432431533336609,-0.0589820843677374,0.152113833544553,-0.5512105273277506,1.7300326211015304,-0.0109761212658292
NUEx044,AZ,picture,taxi,vehicle,-0.0036643224557286,0.0385700180836368,0.0021542921012804,-0.0356277803386092,-0.0183671216310633,0.36125122048522,0.1203154972297644,0.2805834090033925
NUEx044,AZ,picture,crab,animal,-0.0166424839313606,-0.1083666281307619,-0.0538174371753581,0.0724774390209451,0.0605284132495526,-1.087522732600077,-0.3071500814552883,-0.0089961449010684
NUEx044,AZ,picture,mouse(object/tool),object/tool,0.0647204515840287,-0.0683770094510562,-0.0614746900698837,0.0638724342515033,-0.031913319088609,-0.3745371408772007,-1.083034277605284,0.1779693856264877
NUEx044,AZ,picture,beach,nature,0.0274318266304787,0.0750513525863818,-0.0074267316288336,-0.0588073992652221,-0.0568113067406988,0.7147462510815078,-0.0866683078073812,0.5774030914815166
NUEx044,AZ,picture,car,vehicle,-0.004699882548607,0.0344577922097586,0.0096827260532182,-0.0301827424917618,-0.0133550632233855,0.4469980388060554,0.2058463172353298,0.2486724552774194
NUEx044,AZ,picture,airplane,vehicle,0.0309514972728656,-0.074497332856355,-0.0095147117428175,0.0838215744899386,0.0139177473395529,-0.6164657535634954,-0.582301057596786,-0.6599081970145232
NUEx044,AZ,picture,muscle,body part,-0.0887729977493463,-0.1095099327620149,-0.105543807124818,-0.0086308861252952,0.0875823270886815,-1.031442620705271,0.2294513998245692,1.1429311672371587
NUEx044,AZ,picture,mouse(object/tool),object/tool,0.0346481746114529,0.0213664263370631,0.0240880392200132,0.0126220669499046,-0.0352919379636004,0.4502457277102249,-0.3555341461087544,-0.5083604625068542
NUEx044,AZ,picture,chair,object/tool,0.0994597905359006,0.1909508658235039,0.1192503212839134,-0.0650878724148871,-0.1653764150571541,2.16389174705407,-0.303782893313378,-0.4610165363720739
NUEx044,AZ,picture,ladder,object/tool,-0.0155533001698765,-0.0878916604115373,-0.0832952034612964,0.0096868418279866,0.028167486238212,-0.63566507902827,-0.2332655966456135,0.7416408581552264
NUEx044,AZ,picture,head,body part,-0.0365033205078339,-0.0522428977784965,-0.0157061731321386,0.0250042245399447,0.0571684781742317,-0.8622790512192814,0.2862335936582018,-0.1703399163801154
NUEx044,AZ,picture,bed,object/tool,-0.0271163387867685,-0.118401744444953,-0.0455512906119649,0.0807992696704515,0.0775079942497906,-1.3957433292974195,-0.2253912884628253,-0.2989222568660729
NUEx044,AZ,picture,pear,food/fruit,-0.0287088068739237,-0.0105584704318272,0.0141617536023904,0.0058040208341882,0.0344445973819646,-0.2560020852419613,0.3668985942724481,-0.2866844118917657
NUEx044,AZ,picture,strawberry,food/fruit,0.0286257895349357,0.0092324646710671,0.0065389835843993,0.0115840180775654,-0.0288142969315952,0.2290745251637504,-0.2994320206096891,-0.2592098817182308
NUEx044,AZ,picture,nail(body part),body part,-0.0271644202912097,0.0428435597564785,-0.0440239415974231,-0.0477738313105394,-0.0151615431028882,0.1603814758407993,0.0170286749120618,0.7231378585046312
NUEx044,AZ,picture,mountain,nature,0.0485506819387733,0.080327793972585,0.0326946483150968,-0.0348345197573548,-0.0794700456628293,1.1130302118855906,-0.2725796969943243,0.072569926074191
NUEx044,AZ,picture,cow,animal,-0.0777750317724006,0.0452005308228601,0.0312524194261404,-0.0687724900029303,0.0470229030914396,0.2246201476464495,1.1352950195444762,0.2711160475411895
NUEx044,AZ,picture,nut(food/fruit),food/fruit,-0.0150667524143659,-0.0413639894497934,-0.0395650108547676,0.008184323130479,0.0225645908304985,-0.4279769455454617,-0.0848553422745108,0.3570604713851633
NUEx044,AZ,auditory,adog,animal,0.0148492070474336,-0.0007988533211129,-0.0098822283440142,0.002139421481231,-0.0138189521784655,0.0732298751739592,-0.201436120849309,0.0860043021395138
NUEx044,AZ,auditory,bear,animal,-0.0087081052353307,0.0088622308581426,0.0105343337932908,-0.0078340510127858,0.0056960906800458,0.0716683730727209,0.1471811951461952,-0.096246568173372
NUEx044,AZ,auditory,banana,food/fruit,-0.0366814148505303,-0.012233447120101,0.0012198074896822,-0.0064570832923624,0.0396739256827843,-0.2340731646807816,0.3139734636537191,-0.0159668413161013
NUEx044,AZ,auditory,cherry,food/fruit,0.0027011317799141,0.0221438110038502,0.0045124791110447,-0.0186102226645435,-0.0128822137055233,0.2530071903648534,0.0513884216375544,0.0789186141790841
NUEx044,AZ,auditory,book,object/tool,0.0319326512925399,0.0299492673125768,0.0164009108591855,-0.0018810130419207,-0.0413769737174225,0.4129641905414234,-0.2021387753820873,-0.1505173018220247
NUEx044,AZ,auditory,head,body part,-0.0390811143391368,-0.0552457342946644,-0.020084609772764,0.0229729740945397,0.0612437707784132,-0.6529282066669799,0.1987322075278234,0.0026085003890339
NUEx044,AZ,auditory,bed,object/tool,-0.0008327652401241,-0.0483080327285005,0.0206663455077731,0.0542285045293724,0.0316453600524649,-0.3559941386128304,-0.0291719220909301,-0.3868656522445814
NUEx044,AZ,auditory,hammer,object/tool,0.0136050912231697,0.053245788064195,0.0497948068789962,-0.0140493925757072,-0.0293878422390466,0.5134938705715874,0.0786715134972917,-0.1550520159939071
NUEx044,AZ,auditory,cat,animal,0.0179291895947868,0.0837129967997449,0.0911907750157386,-0.0033384716645115,-0.0294082915547833,0.6433917744334062,0.1697164909191882,-0.5978631203203101
NUEx044,AZ,auditory,bicycle,vehicle,0.0547293079178416,0.0415682449915506,0.0626298518111267,0.0263990046358306,-0.0423037953798947,0.4855259248391174,-0.1975082438604692,-0.5933333110902336
NUEx044,AZ,auditory,hand,body part,0.044154315067205,-0.0057905795250039,0.0036528013221777,0.0356034932801707,-0.0347365588600162,0.0670633103733884,-0.2910002491353907,-0.1447450122952161
NUEx044,AZ,auditory,deer,animal,0.1246125300546978,0.0384045197255592,-0.0609732732335627,-0.0968772927038934,-0.0647986569258056,0.3149566234129594,-0.0295000774126179,-0.1087631843249127
NUEx044,AZ,auditory,flower,nature,-0.0388461125176706,0.0521565770562569,0.0424153928155205,-0.0488028259185057,0.0140931946829855,0.4227258675778962,0.728545124889533,-0.0711494219823219
NUEx044,AZ,auditory,grape,food/fruit,-0.0398953121911426,0.0244463119958891,-0.0005864098333537,-0.0447379679067812,0.01724978284448,0.0779982017503611,0.2847969995899972,0.1385133237726204
NUEx044,AZ,auditory,fly,animal,0.0640364674172595,-0.0290216889979688,-0.0260440032419903,0.0502054550830078,-0.0442940696301918,-0.0096475386779273,-0.6633278616832876,-0.0294741282904446
NUEx044,AZ,auditory,chair,object/tool,0.0516504190478212,-0.0104793525903653,0.01063570041291,0.0467693541016398,-0.0341241100196928,0.1072105127468811,-0.5420719376488572,-0.4055316686770132
NUEx044,AZ,auditory,plane,vehicle,0.0158862847609687,0.0384473966344736,0.0582647946708246,0.0157604113846976,-0.0126687301030843,0.2072235472096628,0.0445804610533106,-0.1176891368593554
NUEx044,AZ,auditory,duck,animal,0.1223805126184063,-0.081168926814252,0.1320922712510728,0.0492351800485598,0.0699407456784506,-0.0226779793814056,0.4648888479164942,-0.7720645753386368
NUEx044,AZ,auditory,ear,body part,0.0336046955812198,0.0303748937807085,0.0545486113862676,0.0233681873371975,-0.0222126562897131,0.3488062920645723,-0.0790466824218992,-0.7280865802872275
NUEx044,AZ,auditory,car,vehicle,0.0328068981269857,0.1088857694288951,0.0551399893887828,-0.0593789228017597,-0.0779516307752681,1.1318959966750926,0.029663387558228,0.0679093622711269
NUEx044,AZ,auditory,bird,animal,0.0246882239857357,0.1875400461076198,0.1146715863312344,-0.1050268188023131,-0.1052526617318783,1.1556087982682224,0.1247646005707515,0.1326456759616094
NUEx044,AZ,auditory,crane,vehicle,0.0441893276669718,0.1009240795647603,0.0034279914302864,-0.0728250313353656,-0.0825609298674305,0.8352815843331705,-0.1048290092182207,0.3133545889959663
NUEx044,AZ,auditory,boat,vehicle,-0.0566758865168542,-0.0690137893522871,-0.074078689392332,-0.0130557305343899,0.0472982160545593,-0.4969893590533751,0.064062412706243,0.5398897376663957
NUEx044,AZ,auditory,bus,vehicle,0.1628999258515473,0.1064842902848258,-0.0225842182143034,-0.0352723567061718,-0.1890528872504326,1.198699485443952,-0.9684380432017824,0.5452581517031414
NUEx044,AZ,auditory,river,nature,-0.0154608598890473,-0.0066371751507535,0.0258695647360252,0.0165098736701847,0.0238241973714012,-0.1290517571707253,0.1945084939765879,-0.4039101948546116
NUEx044,AZ,auditory,head,body part,-0.0455308060084607,0.0720844167522029,0.0553134999909947,-0.0646818910910454,0.0115768665535088,0.5384883717856402,0.7482227184553558,0.0084199173130633
NUEx044,AZ,auditory,nail,object/tool,0.0847256685974937,-0.0718609526052905,-0.0648746167127732,0.0757236308308451,-0.0476528722740927,-0.2058973940633281,-0.4853849775143974,0.2333083620728696
NUEx044,AZ,auditory,mouse,object/tool,-0.0459425521156568,0.0901562225334345,0.0407220677789778,-0.0905638975614635,-0.0025848754721902,0.6815842523051132,0.6952991833808037,0.3397731688488278
NUEx044,AZ,auditory,legs,body part,0.0296854873900802,0.0166360717291779,0.024933269246793,0.0160396854278166,-0.0285049477340881,0.2891911753443967,-0.2117551924323917,-0.3322946488054171
NUEx044,AZ,auditory,muscle,body part,-0.1548589442010414,-0.0906121662152358,-0.0275284557906818,-0.0166082614563275,0.1742595452862804,-0.6727240691972052,0.5150825693756886,0.2986041024311473
NUEx044,AZ,auditory,hurricane,nature,0.084864547469878,0.0558846134896401,-0.0582846913970847,-0.0641963281445623,-0.064985700193877,0.3569736522366243,-0.1199439158177185,0.4192698301955502
NUEx044,AZ,auditory,dairy,food/fruit,0.1865087560326766,0.0330434000565031,0.0876515689351324,0.1069475974927632,-0.1302357770620881,0.7572350255817151,-1.0821783465659816,-1.107773414754342
NUEx044,AZ,auditory,nut,food/fruit,0.0607453402711272,0.0250002395642481,-0.0081364297545082,0.0024561238581926,-0.06567498120391,0.4190636483669858,-0.4284033985299847,0.1348184099843009
NUEx044,AZ,auditory,key,object/tool,-0.0709144148840823,-0.049067642625389,0.0228038612416629,0.028295545043159,0.0834203923107861,-0.5937665622557264,0.456424333653768,-0.40423894271437
NUEx044,AZ,auditory,mountain,nature,-0.1178777673627911,0.2482594248426825,0.1906442096122195,-0.1952034376955854,-0.0078858742059907,0.9896566011214392,0.7080151748624457,0.4161039737332404
NUEx044,AZ,auditory,subway,vehicle,0.1427559028242672,0.0529088290922691,0.0521802290957036,0.0569614782669863,-0.1316542888414187,0.772270293766233,-0.8185369000729269,-0.3833134949552127
NUEx044,AZ,auditory,pear,food/fruit,0.0038785121639066,0.0380717457548115,0.0164497107037217,-0.0281575163597925,-0.0197905958013423,0.3639133584214569,0.1006699334889032,0.0564932895334066
NUEx044,AZ,auditory,plateau,nature,-0.0364006457241781,0.0693018960023979,-0.0302957387997715,-0.0765793868919385,-0.0166745227899375,0.2673249628909125,0.1140618945656517,0.3076964136016927
NUEx044,AZ,auditory,train,vehicle,0.03082506833705,0.0054084936349634,0.0058809611615311,0.0161223600590825,-0.0284270890627125,0.1959527094089683,-0.3075559446697932,-0.152753590174994
NUEx044,AZ,auditory,toe,body part,0.0473481882221735,-0.0440353400807677,-0.0589195081320364,0.020698838028031,-0.0238423520366377,-0.1697217388996336,-0.4640752497706132,0.3577518319412819
NUEx044,AZ,auditory,pizza,food/fruit,-0.0389253773710265,-0.0538075247831895,-0.0006979898586879,0.0348939268774826,0.0618559898940304,-0.5440949235946606,0.1796996190890286,-0.169631898643568
NUEx044,AZ,auditory,mouth,body part,0.0370496533579219,0.0797454122386055,-0.012101880045921,-0.060721453916987,-0.0656528120890963,0.6678422562403222,-0.1104724744628489,0.5108481089331768
NUEx044,AZ,auditory,orange,food/fruit,0.0110338464001755,0.0797653401880909,0.0271710646999978,-0.0572671471945205,-0.0479996458963383,0.8189203909994547,0.131014596937413,0.2594442394471397
NUEx044,AZ,auditory,nose,body part,0.0169074609254218,-0.0533362300623675,-0.0274696831717631,0.0486719410872949,0.0088045393740005,-0.4739446220408256,-0.4265768241105381,-0.0842280265865196
NUEx044,AZ,auditory,island,nature,0.0239280233848079,-0.1334397763809514,-0.0561624906230797,0.1164029345002768,0.0394441104094052,-0.8378682721825692,-0.5793235921200318,-0.1639318693648022
NUEx044,AZ,auditory,aladder,object/tool,-0.0307060721168675,0.0026440820942315,0.0235343123670911,-0.0035057989441588,0.0308531300571519,-0.1106483235799925,0.4479868391850121,-0.3369139758645929
NUEx044,AZ,auditory,sky,nature,0.2042393473492731,-0.0680984589270325,-0.1355974402848035,0.0667269338715802,-0.1525199248239737,0.1714205163985922,-1.3151237242242528,0.6518940844364581
NUEx044,AZ,auditory,shark,animal,-0.0850528708902482,0.0526599832644325,0.0959992831408465,-0.0047545268664184,0.0485246948735392,0.1299979503883917,0.6223834794302129,-0.4885721406313012
NUEx044,AZ,auditory,cherry,food/fruit,-0.043670226547768,-0.02091188980613,0.0328921468451679,0.0293512509811994,0.042094884323618,-0.1466752759348606,0.0850571149481415,0.0860772747890341
NUEx044,AZ,auditory,knife,object/tool,-0.0020400602459562,-0.0880001220408897,0.0024640825371622,0.0790518852377547,0.0489595670106745,-0.7153931887808883,-0.1419503260781802,-0.5260536368798912
NUEx044,AZ,auditory,mouth,body part,-0.0161947257136613,0.0699709463813815,0.0239561232643858,-0.0649154289177357,-0.0187746289778953,0.5537970507062462,0.3322956610276927,0.1950672375328525
NUEx044,AZ,auditory,lemon,food/fruit,0.1109747882601107,-0.0056852658433123,-0.0734797459733447,-0.008610126281754,-0.0845308563423741,0.2622650424259462,-0.6134898053735293,0.5026157587315152
NUEx044,AZ,auditory,doggy,animal,0.0178763723319101,-0.0487051776750746,-0.0388086034338933,0.0350019668545198,0.0023388864353927,-0.3379820567507945,-0.3448711111687233,0.1000206030195912
NUEx044,AZ,auditory,bear,animal,0.0076848876904127,0.0620084801169547,0.0062369436723338,-0.0507009758932941,-0.0376363021519323,0.6045042912947833,0.0791820506483381,0.370413369670982
NUEx044,AZ,auditory,banana,food/fruit,0.0191666260635029,-0.1259939361578025,-0.0481313114460797,0.110733363433041,0.0402509846829638,-0.682883907144868,-0.4317207999325901,0.0174342912145812
NUEx044,AZ,auditory,cherry,food/fruit,0.0321316320234891,-0.1106420014697761,-0.0647124137589281,0.0932193914661076,0.0164660648909424,-0.8830604633414445,-0.8095356740443935,-0.0542031220438719
NUEx044,AZ,auditory,book,object/tool,0.0567347029436307,0.0598283474393756,0.0077990240727348,-0.0227440109247294,-0.0791086692870748,0.5223071537170795,-0.172785201857998,0.1729721765826264
NUEx044,AZ,auditory,head,body part,-0.017065470884835,-0.0180539416523788,0.0183597834002716,0.0230698419803123,0.0293579139629278,-0.219141063828836,0.1283759625801439,-0.2601341335659565
NUEx044,AZ,auditory,bed,object/tool,-0.0879218901609548,0.0787007121811377,-0.0147673005859002,-0.1132997995134724,0.0177178455538181,0.3724990709747768,0.64346366909854,0.92110410692581
NUEx044,AZ,auditory,hammer,object/tool,-0.0258067583414814,0.0830622871109219,0.0998127669115429,-7.999384567571246e-05,0.0047690039059169,0.424490863064939,0.3737775500125739,-0.5781788107163093
NUEx044,AZ,auditory,cat,animal,0.0764889628330353,-0.0958271340660524,0.0433782025943459,0.1203998690365037,0.0164042538287242,-0.2882516632740714,-0.1329435865024717,-0.6285076849773679
NUEx044,AZ,auditory,bicycle,vehicle,-0.0322582695270054,0.1486166128387441,0.0727783918095703,-0.1245365211615602,-0.0422861828748396,1.218231789588348,0.728618873319127,0.3291746209215004
NUEx044,AZ,auditory,beach,nature,0.0211498825386399,-0.0101461384821009,0.0279962898207516,0.0377192572676801,-0.0006702149940332,-0.0328004683641416,-0.1241948164389419,-0.491409448898785
NUEx044,AZ,auditory,hand,body part,-0.0445445746995897,0.0199107269005033,0.039158503713366,-0.0171121739033567,0.0358304356048064,0.0441406634970157,0.6022319117576057,-0.2635727828578484
NUEx044,AZ,auditory,deerorelk,animal,0.1314121756121812,-0.0586393118722545,-0.0645348637328469,0.0907285515943226,-0.0907045025489261,-0.0432579321760068,-0.9602422467632517,0.1695215084104489
NUEx044,AZ,auditory,grape,food/fruit,0.0483057541250088,-0.048729024728038,-0.0021547182015055,0.0736281801899377,-0.0114182012893888,-0.3272480392242333,-0.6663748762227022,-0.6271663026707276
NUEx044,AZ,auditory,fly,animal,-0.0954751541705958,-0.0025203689124064,-0.0824230400658366,-0.0549338995131422,0.0067387445318424,-0.0573203872374567,0.0106591168554893,0.807455282516099
NUEx044,AZ,auditory,crab,animal,-0.1324325919396818,0.0425117045636835,0.1063215758200544,-0.0158549708309893,0.0875668800142447,0.0420414756641927,0.4353545700571019,0.1557750507981095
NUEx044,AZ,auditory,chair,object/tool,0.0387092095403734,-0.0283715319003181,0.0445287816999118,0.0577920475043319,0.0125569976448136,-0.1506919825993396,-0.0603658901204522,-0.6043736826735367
NUEx044,AZ,auditory,airplane,vehicle,0.0476081146523688,0.1468413282679974,0.0749776103810338,-0.0772261518172442,-0.1094433541814507,1.1089295156070933,-0.0331958817759529,0.1895283165723825
NUEx044,AZ,auditory,duck,animal,0.0474446462940699,-0.0491621866807065,0.0218088023536595,0.0767356012628424,0.0014077108691294,-0.2683989931462422,-0.358171717618381,-0.6001242974424886
NUEx044,AZ,auditory,bat,object/tool,0.0632373277691191,0.0400365358628005,-0.0457243655033541,-0.0574902464883418,-0.0424589292841952,0.2676570878563903,-0.07478877120862,0.2697741343676916
NUEx044,AZ,auditory,ears,body part,-0.0080572122120741,-0.0685046789505476,-0.0220297740869392,0.0561404792608681,0.0394044558241641,-0.3742608449569197,-0.0706538496351177,0.012875288613963
NUEx044,AZ,auditory,cars,vehicle,0.1808478620706022,-0.0304414287550501,0.1004387709073238,0.1405223800432892,-0.0641380917392869,0.2008507439136333,-0.4701990085956032,-0.4878588210664533
NUEx044,AZ,auditory,birds,animal,-0.0446991734429094,0.0910449915347155,-0.0004924552741679,-0.0991019233045547,-0.0139726711788698,0.4966450882365713,0.3724475266839487,0.4151978898861848
NUEx044,AZ,auditory,crane,vehicle,0.069860282749788,0.0002416954075497,0.0317899203845985,0.0569881901507182,-0.0436964874149117,0.1639162141719877,-0.3856685324587267,-0.3950433787163498
NUEx044,AZ,auditory,boat,vehicle,-0.0271374545112719,0.01129898029903,-0.019671094223755,-0.0337845300896211,0.008495261315244,0.0016599940546807,0.1108142554396847,-0.0105204068794632
NUEx044,AZ,auditory,bus,vehicle,-0.0235637517134676,0.0296600098823104,0.0067358469506381,-0.03750995136851,0.0045143484673197,0.237586104389987,0.3693727137503423,0.2155513380570056
NUEx044,AZ,auditory,ariver,nature,0.0186153951057571,-0.0662564319555813,-0.0592379867889863,0.0344482802850501,0.0064133207113836,-0.4044024050725714,-0.2542980803271707,0.099665267917656
NUEx044,AZ,auditory,head,body part,-0.0157746646036807,-0.0274630864074838,-0.0298549342174426,-0.0018368037427621,0.0201035402003834,-0.233139332720903,0.0181886902059397,0.1166727278641893
NUEx044,AZ,auditory,nails,object/tool,0.1171145661489861,0.017221885386746,0.0234428169873828,0.0654575221019867,-0.0977669442455864,0.3301079848770704,-0.3558863375470809,0.1569958484334109
NUEx044,AZ,auditory,hurricane,nature,0.0517196559379502,-0.0577182844413403,0.0187081604461851,0.0849616206307122,0.0015805666623141,-0.299596323578903,-0.3254957552547439,-0.5024905412463516
NUEx044,AZ,auditory,milk,food/fruit,0.101868359185136,0.0430070406565737,0.0321879913458673,0.0339306485933022,-0.1018208001435422,0.6223596978730237,-0.5736559030871047,-0.1950594374155409
NUEx044,AZ,auditory,lock,object/tool,-0.1039707894909101,0.1860298317451872,0.1058371712247537,-0.1825352135014471,0.0074523798298718,0.8127132556952879,0.6739465462617864,0.1298780124960361
NUEx044,AZ,auditory,key,object/tool,-0.0346365698098532,0.0794530104945045,-0.0338274293025834,-0.0804240742503131,-0.0224643785889262,0.3409661786041702,0.1272009378733923,0.4667741017039988
NUEx044,AZ,auditory,mountain,nature,-0.0381109818848658,-0.0209257398356959,0.0180912018882295,0.0138332711918397,0.0472712732216409,-0.3041459126725084,0.310385170457964,-0.2325428045954759
NUEx044,AZ,auditory,subway,vehicle,-0.1618891389777514,-0.0015152337739286,0.0446344586771236,-0.0561860130997654,0.1430250509610752,-0.3211373236786511,0.9471738125951782,0.0437590859334923
NUEx044,AZ,auditory,peach,food/fruit,0.098036804472713,0.1855779578293902,0.0929407716066421,-0.0795216203863112,-0.1690991988334281,1.8358029503676931,-0.30769736778017,-0.0668762548157532
NUEx044,AZ,auditory,hill,nature,0.0694741129628698,-0.0085124433053615,0.0005057856473517,0.0496897876449756,-0.0539982354253212,0.1423754629872862,-0.4846687058026837,-0.1433728674769308
NUEx044,AZ,auditory,leaf,nature,0.0737239991182647,-0.0651170999422188,0.0030918932732554,0.1001266148465104,-0.0206280214163564,-0.2510709176881723,-0.5352544693377466,-0.3316340924148211
NUEx044,AZ,auditory,toe,body part,-0.1588944303966243,0.2886942002921959,0.2032274431994397,-0.2516344317913079,0.0531194946556101,0.810281795292319,0.7635907550941977,1.5051580809806144
NUEx044,AZ,auditory,cab,vehicle,0.1142706585066583,0.1564789307847466,0.0180801089062325,-0.0869276310271373,-0.170366070118328,1.335353031434101,-0.4233927508615991,0.2087047269824926
NUEx044,AZ,auditory,pizza,food/fruit,-0.0313673616857886,0.0635374687933055,0.0068452191283006,-0.0717089025327272,-0.0061084272833438,0.359742149434983,0.3065997719954104,0.1405421441252545
NUEx044,AZ,auditory,mouth,body part,-0.0441096093221452,0.0386662135498618,0.0446179101203663,-0.0346393040588531,0.0265421582359471,0.1758307987577095,0.4827022730495994,-0.0942552916982326
NUEx044,AZ,auditory,orange,food/fruit,0.012415980250536,-0.0742705387949052,-0.0561813144159358,0.04602885399071,0.0168198505253599,-0.5026878241810167,-0.2654023594327508,0.0538962444660927
NUEx044,AZ,auditory,nose,body part,-0.0322541354576702,0.0045769559622465,0.0419442291625232,0.014027567769222,0.0300825920386111,-0.0848242554953772,0.2713007288908645,-0.370390193699816
NUEx044,AZ,auditory,island,nature,0.0793037562268203,0.100001879766026,0.0460322302350967,-0.0284882780968358,-0.1148202231128749,0.9092168002678528,-0.2906597490770094,0.0387399435642817
NUEx044,AZ,auditory,ladder,object/tool,0.0536326544226579,-0.0177117370325899,-0.0211343495228773,0.0341523437255717,-0.0405581968539264,0.0461338576697029,-0.5286123279524751,0.0218147374302647
NUEx044,AZ,auditory,sky,nature,0.0015903416523633,0.033980335662146,0.0558282216958163,0.0095412155278433,-0.0013918366845741,0.2756253801620927,0.1986411985283315,-0.6582902152098263
NUEx044,AZ,auditory,ocean,animal,-0.0065521637938203,0.193723588235239,0.1915307475270009,-0.0315656670391702,0.0059283236282755,0.7821682635343771,0.6509068866138839,-0.6965951698335341
NUEx044,AZ,auditory,knife,object/tool,0.021518641327849,0.044754161831042,0.0375681013665788,-0.0103592510548914,-0.0346516897238476,0.5504909862721591,-0.0255313843888216,-0.2307556656618466
NUEx044,AZ,auditory,saw,object/tool,0.0547735327322316,-0.0383251146565431,-0.0194005244871422,0.0606854218374216,-0.0292069814963866,-0.1426928024988089,-0.4890867792481598,-0.1263861167993351
NUEx044,AZ,auditory,lungs,body part,-0.0269173596774126,-0.0549313136456281,0.0197516506339828,0.0509698476649526,0.0502824482398059,-0.5033711278839959,0.1149614501949724,-0.4882867695256185
NUEx044,AZ,auditory,lemon,food/fruit,0.0283199137565025,-0.000164366312031,-0.0141896733324581,0.0058957232471086,-0.0263393975836129,0.1418168493840944,-0.3205610144800836,0.1594073212087592
NUEx045,DR,picture,hand,body part,0.0972062402246963,0.0462067844946259,-0.0414429842172495,-0.0022009494165245,-0.109159119996303,-0.3843497895082014,0.4424017759275048,-0.8732320688185555
NUEx045,DR,picture,car,vehicle,-0.0065877277764094,-0.0010794848460731,-0.0333230031942898,-0.0366062116382755,-0.0354136501462346,0.0256751591883671,-0.072115875639196,0.2299396743439608
NUEx045,DR,picture,flower,nature,0.0724322583251721,0.0930016495764479,0.0445862057451169,0.0314099874309942,-0.1046376994179263,-0.2234057772877448,1.0469878475364685,-0.2464550750388441
NUEx045,DR,picture,wrench,object/tool,-0.1140403962238412,0.1595060175111283,0.1701186207223157,-0.090509520623888,-0.0148821768070389,1.429995594406407,1.0578561693319066,-0.0076262810796103
NUEx045,DR,picture,cow,animal,0.0866222706714905,0.2101896250937736,-0.0535371230260812,-0.0914603320260068,-0.1993469293490655,0.0536813019176342,0.5852756790495791,-1.8080736217473532
NUEx045,DR,picture,hurricane,nature,-0.0426869718731621,-0.1281642723653334,-0.1065785598507647,-0.0717334580719104,-0.0423735757359484,-0.0608455019324401,-0.4455891202787527,-0.7921601049304543
NUEx045,DR,picture,mouth,body part,-0.0907989293591481,0.16095126372704,0.1619230560113081,-0.0759622655381375,-0.0340571365184177,1.2796170992076736,1.1686234306511225,-0.1723988890501095
NUEx045,DR,picture,lock,object/tool,-0.2450391600730266,0.0834210763271684,0.1330504064434004,-0.2078291956362555,0.0682123007142351,2.320752105340277,0.0125559013548861,-0.1281435023051834
NUEx045,DR,picture,leg,body part,0.0954880300544414,0.0635818541617917,0.0105256788800105,0.0215684617640778,-0.1164650497968333,-0.2666299139005793,0.6040201462311651,-0.8286056998815884
NUEx045,DR,picture,dog,animal,0.0792999365882309,0.0231317542297624,0.0213791208281113,0.0838680668883119,-0.0168791204884282,-0.5892866885960684,0.4902309689286198,0.3280743395796878
NUEx045,DR,picture,bed,object/tool,-0.0240816052396767,-0.0205824244674081,-7.850385043134223e-05,-0.0093541696198587,0.0326854951230266,0.1235566764469363,-0.1715863024858188,-0.2792945002373884
NUEx045,DR,picture,boat,vehicle,0.0267197367826052,-0.0053479831137069,-0.0102719225788346,0.0222268525510344,-0.0122951833221636,-0.3603942386747084,0.1119466803411418,0.0336204998996312
NUEx045,DR,picture,saw,object/tool,0.1483926003335055,-0.059075672262156,-0.0639041305828693,0.144269556244316,-0.0131083730838606,-1.6496733441305371,0.0518619226608334,0.5958112088287594
NUEx045,DR,picture,nut(food/fruit),food/fruit,0.1141857947403807,0.1550878417654902,0.1044761915566774,0.0685172036063454,-0.143921380760557,-0.2545049710886498,1.8417442456771536,-0.2226253177116395
NUEx045,DR,picture,leg,body part,0.0815280438689316,0.018080717634212,-0.0316306114741406,0.0082552449760813,-0.0907011577043043,-0.3672679227104157,0.3808116429453259,-0.7949667664221145
NUEx045,DR,picture,deer,animal,-0.1148478503637345,-0.0467642781257981,0.0207093306080585,-0.0521493935863631,0.1097329542902197,0.5934373538123918,-0.3846173258120594,-0.1268654419641367
NUEx045,DR,picture,knife,object/tool,-0.1247375620376064,0.1591950585548242,0.1586115390762946,-0.1137707752550626,-0.0401549110775554,1.4396072763266556,1.0353913577589735,-0.1532323576977917
NUEx045,DR,picture,pear,food/fruit,0.0169731595225952,-0.0242307277410746,-0.0178869101685534,0.0219822209518908,0.011436642227921,-0.3142735305063128,-0.1988857638014088,-0.0386774216992013
NUEx045,DR,picture,train,vehicle,-0.0072008859091893,-0.0607796157904816,-0.0579258034752311,-0.0106135645367025,0.0192259021160085,-0.1389918760436156,-0.5440342326043289,-0.3679553338370158
NUEx045,DR,picture,bat(animal),animal,-0.011967151091041,0.1343961289570821,0.1180432825264441,-0.0132006742293947,-0.0651836258180613,0.4471355923970184,0.7210972378434231,-0.5300613396354973
NUEx045,DR,picture,nut(food/fruit),food/fruit,0.099569133254256,-0.0735303139082764,-0.1042028943115127,0.0356088033354698,-0.0653782439307973,-0.6618549920357261,-0.0724404423536548,-0.435627966095191
NUEx045,DR,picture,leg,body part,0.0977809992456901,0.1332136158954927,0.0922417398913595,0.0620811302732162,-0.1193445668488716,-0.1979101303957933,1.2118227658595386,-0.373353041475473
NUEx045,DR,picture,bear,animal,0.0256788236167845,-0.0650111535514532,-0.0278759000511831,0.0465747787908101,0.0599165693056596,-0.3662175637474247,-0.4653434055852545,0.0999293747073742
NUEx045,DR,picture,orange,food/fruit,-0.0079854579812516,-0.0186770338077311,-0.0067278477082755,0.0070539690269718,0.0290104921253473,-0.0092489605755293,-0.3182122085287333,0.469949213544807
NUEx045,DR,picture,bat(object/tool),object/tool,0.0078510065833409,-0.0170927677255116,-0.0075540966010184,0.0178203543529013,0.0172313101355478,-0.1447589417424529,-0.1291255327058543,0.2454958565266963
NUEx045,DR,picture,flower,nature,0.0161250016310506,-0.0823616885387893,-0.0747272588586148,0.0168101882653488,0.037846469413074,-0.3576969331432157,-0.5957566600082111,-0.2793947896947866
NUEx045,DR,picture,mouse(animal),animal,0.0050784446607824,0.1397218357016495,0.054631706829094,-0.050678192577695,-0.1199916274504618,0.3808106597338386,0.8497508035461664,-0.970738280473395
NUEx045,DR,picture,banana,food/fruit,0.1144352520014696,-0.1086026964352375,-0.1171801497130233,0.102887706135751,-0.0013250570092207,-1.596836938781638,-0.6303254366436795,0.0156162215419972
NUEx045,DR,picture,boat,vehicle,-0.0366091802688876,0.0170875879342089,-0.0040620991284836,-0.0514318771852881,-0.0323430566124171,0.3674909860340152,0.0787445347297985,-0.546631886073671
NUEx045,DR,picture,bat(animal),animal,0.0429765393482899,-0.0936014180368926,-0.0752101460805801,0.0532850523579756,0.0447485896242904,-0.5721180475488769,-0.4499169621979637,-0.4884217294799271
NUEx045,DR,picture,saw,object/tool,-0.0256409846243899,-0.0581065438526384,-0.0585847946856932,-0.0403677411785369,-0.0052065378027714,0.0043260875551993,-0.3609037325521046,-0.042968958224675
NUEx045,DR,picture,bat(animal),animal,-0.0199925687978166,-0.0186744751909563,-0.00799104248528,-0.0113256574617898,0.0233071837049234,0.1701611298549452,-0.3732714045042121,-0.0221930820600427
NUEx045,DR,picture,bat(object/tool),object/tool,0.0334212898812941,-0.0331131358689755,-0.0374203293520453,0.0307589243231769,-0.0020081330846118,-0.5409115470998442,-0.2257494553130774,0.0954269237104956
NUEx045,DR,picture,cherry,food/fruit,-0.047174393902257,-0.0151108379294366,-0.0247377840212783,-0.0571363661956287,-0.0094931694710006,0.3288024086932669,-0.2615213578605364,-0.2117216494898202
NUEx045,DR,picture,cat,animal,-0.0461184454084444,-0.0357985155638499,-0.0222896993573913,-0.0366628131928585,0.0389326539183021,0.3009277093805593,-0.6262111808998687,-0.2859769422886931
NUEx045,DR,picture,hand,body part,-0.0062826709877374,-0.0797945840519963,-0.0699980564312074,-0.0023579665615897,0.0401516017341517,-0.2598918289152664,-0.920890937939344,-0.3199255024855446
NUEx045,DR,picture,shark,animal,-0.0109580381473808,-0.0026791132285063,0.0167305066586102,0.0125726054750293,0.0331787888508038,0.0822272514824698,-0.0633761373346915,0.3726683580021205
NUEx045,DR,picture,bike,vehicle,-0.0071805148018002,-0.0581256169612119,-0.0533893683017655,-0.0038789307362347,0.0353202945892382,-0.1256911959796663,-0.5873340688942006,-0.0020251837918019
NUEx045,DR,picture,toe,body part,-0.0324396910783435,-0.0410619743723869,-0.0132399748664782,-0.0098269235581933,0.0518836159055501,0.1256458275170376,-0.3506751697043654,-0.3959004469664189
NUEx045,DR,picture,crane,vehicle,0.0034099350106883,-0.0181825238738983,-0.0213510498991085,-0.0026093952169681,-0.0053137675525045,-0.1031858564289808,-0.1467237531120968,-0.074212921607156
NUEx045,DR,picture,bird,animal,0.0670056751674662,-0.1331737896644786,-0.1394120418968306,0.0464227119309856,0.0109004570137271,-1.2020750334894887,-1.093977487751287,-0.379938018995459
NUEx045,DR,picture,mouth,body part,0.0411885173508237,0.0023535297534898,-0.009262172658743,0.0275702668062413,-0.0346740941621618,-0.2972961373996218,0.2617976861171567,-0.1783317570176273
NUEx045,DR,picture,sky,nature,0.0084094258747417,0.0220938145917162,-0.0067192510063654,-0.0159735032321626,-0.0435276632528982,0.017837299741181,0.1805453622462368,-0.0543339693472064
NUEx045,DR,picture,milk,food/fruit,0.1647159143049769,0.0606893943247792,0.0226199869135333,0.1379837770891449,-0.0997924891358074,-0.9627718072592548,0.9442236802935216,0.2437678796050779
NUEx045,DR,picture,boat,vehicle,-0.0765034767385442,-0.04092489084732,-0.0205798093975041,-0.0554650194529079,0.0666942328120006,0.3905305761986801,-0.4945208602825027,0.1772936584625885
NUEx045,DR,picture,banana,food/fruit,0.0592799103896868,-0.0258707307163308,-0.0368062167698803,0.0491758899185046,-0.02040638906413,-0.8191714543195032,0.0261427776559656,-0.1647050152785177
NUEx045,DR,picture,nail(body part),body part,-0.0223543741909525,0.1127899576610429,0.0335512898151104,0.0283769164598046,0.1258214492740102,0.1940723315690819,-0.2510007421967152,0.0217938242801089
NUEx045,DR,picture,beach,nature,-0.0160349412525912,-0.0062763137551255,0.0004748622602024,-0.0106842751258466,0.0112383757198619,0.1930686327004732,-0.17401116762398,0.0148420071279708
NUEx045,DR,picture,train,vehicle,0.000879803142121,-0.0536499649976433,-0.0490046309823302,0.0006494178858788,0.0233364428683231,-0.2559783478167847,-0.7437995566238,-0.2663239496641293
NUEx045,DR,picture,book,object/tool,0.1567243857148725,-0.0451694124903707,-0.0791528761299696,0.1102542145112938,-0.0859993049593964,-1.4381583827591085,0.3422305334725118,-0.6433471291942451
NUEx045,DR,picture,ear,body part,0.0348343316732768,0.0212354178018159,0.0223749907835452,0.0405158532914164,-0.0097034314644435,-0.2724383666972862,0.3956873792684865,0.3811694764850351
NUEx045,DR,picture,crane,vehicle,-0.137392082630288,0.0054155994993084,0.0272834849696034,-0.1264274298451556,0.0407453489471302,1.2460174314592651,-0.3959618830995146,-0.2384754325497561
NUEx045,DR,picture,mouse(object/tool),object/tool,-0.019837664042412,-0.0643464484125156,-0.0624779546618349,-0.0409925117536961,-0.0154238262038564,-0.0074015808148055,-0.431791311808972,-0.916605365155294
NUEx045,DR,picture,subway,vehicle,-0.0190562654282707,-0.0962311431694677,-0.0910973101867305,-0.0226623344798683,0.0354112654155528,-0.1608630239676854,-0.852576129768998,-0.086712216059707
NUEx045,DR,picture,airplane,vehicle,0.0881165621095959,-0.0126713863136328,0.0121355540485786,0.0966386358049333,0.0323537126098618,-0.6973176506636336,0.1023641555488162,0.5822057891226113
NUEx045,DR,picture,cow,animal,-0.0798680487489509,0.0021012713691466,0.0329481001586388,-0.0495924128831191,0.0569109240234743,0.636836403250844,-0.2203863669644595,-0.2061826340590102
NUEx045,DR,picture,orange,food/fruit,0.1324960717065371,0.1032225811917603,0.0656880045524746,0.1045247132158096,-0.1098092693349079,-0.7733420756369608,1.6627805138370235,-0.0844983233808823
NUEx045,DR,picture,mouse(animal),animal,0.005289957725548,0.047054490071579,0.0558487498730041,0.0215791542775778,0.0084151201022787,0.1534736284493598,0.3705272092830776,0.1676222299186203
NUEx045,DR,picture,pizza,food/fruit,0.0791760422490025,-0.1223431070903554,-0.1090053262962694,0.0869728265038776,0.0392703655379297,-1.2981809557072224,-0.9271732626781078,0.0300567062567878
NUEx045,DR,picture,shark,animal,0.1505799915369113,0.007541845687523,-0.0212040698672183,0.1314385348670501,-0.0663973571458595,-0.9906899087026042,0.4317637714843624,0.3847034787045752
NUEx045,DR,picture,lemon,food/fruit,-0.0973780480893078,-0.0229603727270728,-0.0077982552183095,-0.0914293272741627,0.0379056419261109,0.8560800706341957,-0.5927824463790771,-0.3689782141314705
NUEx045,DR,picture,cookie,food/fruit,0.0579457896438219,0.0237985117644561,0.0181539520640205,0.0510865511574881,-0.0389097721961499,-0.3873082723841378,0.5230511080297467,-0.1122759203259663
NUEx045,DR,picture,lock,object/tool,-0.0362722552120612,0.0825571829149703,0.0636348579396942,-0.0493328060187433,-0.0508648579950874,0.5633371288989649,0.5947414192688174,-0.1879231540614045
NUEx045,DR,picture,bike,vehicle,-0.0748026533915627,0.1504631302703983,0.1635577320715926,-0.0330591586056697,-0.0024114762163316,0.9838654838479396,0.965241884918412,0.7055497911585755
NUEx045,DR,picture,lung,body part,0.0055477415831368,-0.0791382435708563,-0.0517045559175611,0.0261493296973052,0.0584035497473583,-0.3745962048292827,-0.7979171670520728,0.1611396104850776
NUEx045,DR,picture,nail(body part),body part,0.0898908422975302,-0.050531469088436,-0.0294436499433143,0.1006070510154967,0.0292846440954837,-1.066640194297402,-0.189596326616265,0.7961342935397988
NUEx045,DR,picture,muscle,body part,-0.0602009161064013,-0.0245697210822471,0.0024368936886211,-0.0402228619151652,0.0493937093887267,0.4325453312881936,-0.3733640164402857,-0.1708601584277796
NUEx045,DR,picture,tree,nature,-0.0777762067337749,0.0916412575132347,-0.0104091968911586,-0.115645247826576,-0.0602115730426566,0.4823451741755138,0.0931148875046947,0.2047401563349833
NUEx045,DR,picture,book,object/tool,-0.0077839352280601,0.0098645302103685,-0.0187877357477823,-0.0318692990028256,-0.0436297134342493,0.084396805740884,0.1112300958376262,-0.4161085967629096
NUEx045,DR,picture,train,vehicle,-0.0083453921673276,-0.0097834232659796,-0.0009127769351676,0.0002174099939688,0.0168176143688933,0.0679723061595991,-0.1960084265732602,0.146361148265511
NUEx045,DR,picture,bear,animal,-0.1321118021903845,0.0083085502475791,0.0529247151958746,-0.086516248012745,0.0839970995442363,1.1860657239129544,-0.4132526303281095,0.2526785011870492
NUEx045,DR,picture,milk,food/fruit,-0.0138270297990584,0.0642384632620894,0.0461357911839235,-0.0266005403524411,-0.0464222775555171,0.3569557533556676,0.5973063855073423,-0.4763992724049928
NUEx045,DR,picture,leaf,nature,0.015206066039491,-0.0329991955325185,-0.0304344887244466,0.0156573701265286,0.010049865070119,-0.3603225074911489,-0.3780211740095051,-0.1559932409160488
NUEx045,DR,picture,beach,nature,-0.0989428463365368,-0.070970788806602,-0.0609221472069972,-0.1018096155002597,0.0243772106062924,0.5277345901625187,-0.6606098476517267,-0.297056940953494
NUEx045,DR,picture,bed,object/tool,0.0057724399367617,0.003669969143495,-0.0051067318972347,-0.0045087465002917,-0.0166712071936477,-0.0217633652493717,0.0627801679441016,-0.1151573531760937
NUEx045,DR,picture,leaf,nature,0.0658171942822685,-0.0179430326819733,-0.0380318318039434,0.0424208039649147,-0.0417420291295506,-0.6938041124630895,0.1864441605284484,-0.2278359384589635
NUEx045,DR,picture,chair,object/tool,-0.0748093618182425,-0.018493182492201,0.0028511404155755,-0.0553647131135424,0.054160022921446,0.6210890806739273,-0.4851090033605794,0.1984612019022082
NUEx045,DR,picture,pear,food/fruit,-0.0072613182214162,-0.0140016065209222,-0.0107436349314991,-0.0057689176543192,0.0075620642380809,0.0161612511640438,-0.2253009346110884,-0.0074953565551109
NUEx045,DR,picture,banana,food/fruit,0.0421319121518399,-0.05193325060608,-0.0563165599457736,0.0383582710964036,0.0045250819235695,-0.6031693220930824,-0.3689402433658418,0.1272606825559896
NUEx045,DR,picture,truck,vehicle,-0.0429657624041821,-0.0661842278406985,-0.036614683542564,-0.0154739424151573,0.0705889477222493,0.0966168495497532,-0.5861984861928545,-0.2070546667052843
NUEx045,DR,picture,fly,animal,0.2130433510942306,-0.0155314858190435,-0.0363656894902683,0.2038358357575922,-0.0367488624346702,-1.7599804640345238,0.5645571666494199,1.035053391916818
NUEx045,DR,picture,river,nature,-0.0081721120408458,-0.1112140799282607,-0.0843097440818259,0.0097977923645386,0.0721655415870451,-0.4048305891916934,-1.3587168178890925,0.0462852020724184
NUEx045,DR,picture,cat,animal,0.1379264763868031,-0.0022796701766379,-0.0218124465828609,0.1242939895486958,-0.0522203022558474,-1.4161215197401054,0.6575132614375768,0.2872946977346337
NUEx045,DR,picture,cherry,food/fruit,0.0333511739855312,0.01796057702239,0.0221969168483907,0.037249367639697,-0.0094319576823246,-0.2434665557963749,0.4312189966956957,0.089310934773814
NUEx045,DR,picture,mouse(animal),animal,-0.0884129899679553,0.0338757039212597,0.0696252866376446,-0.0383157120234814,0.0607449281387587,0.8088011885302139,-0.0076411939011707,0.6149696136841887
NUEx045,DR,picture,head,body part,-0.0672911374078983,0.1225546501645869,0.0857221258244022,-0.0892207762384708,-0.0670930716118644,0.9650583327217184,0.8280197960643378,-0.5488977926430946
NUEx045,DR,picture,dog,animal,0.1550332440209528,-0.0104009562904812,-0.0214381759119947,0.1467119573452382,-0.0389025822053308,-1.551501818614739,0.601676868711123,0.2584319671233445
NUEx045,DR,picture,fly,animal,0.0946550699564993,-0.114957858607135,-0.0724693154351863,0.1161340551564744,0.0609312314141134,-1.021546017287594,-0.5304526293473235,0.8181960712324379
NUEx045,DR,picture,hill,nature,-0.0713432523699208,-0.058296949232079,-0.0352089586681519,-0.0491489654088168,0.0721603302662389,0.3729456476404856,-0.8578537518476566,-0.005867182262154
NUEx045,DR,picture,book,object/tool,0.0046497342879528,-0.0986956057055484,-0.069179296344194,0.023739573008896,0.0684017265521367,-0.4068034835544731,-0.9406907552918884,0.2295417463246656
NUEx045,DR,picture,knife,object/tool,-0.1440045119950094,0.0709561445132134,0.0927837038061004,-0.1280313732419093,0.0199182635398677,1.5703527865308258,0.2376965601367033,-0.1592850367187545
NUEx045,DR,picture,cherry,food/fruit,0.021652801250979,0.0073030782023253,0.0239970310966597,0.0425300372403084,0.0379406819907142,-0.1029264072616367,0.0506178310797161,0.6305716378978494
NUEx045,DR,picture,island,nature,-0.0204558940008546,-0.0552388844930984,-0.0374475824039202,-0.0036279364323853,0.0492833820489958,-0.026890657003776,-0.8076410195564764,0.1861183038376282
NUEx045,DR,picture,lock,object/tool,-0.0459598860838384,0.0932617978213534,0.047687505313732,-0.0705727126992716,-0.0684561944324508,0.6469209699584941,0.6489487920490538,-0.3737263424475554
NUEx045,DR,picture,nail(object/tool),object/tool,-0.0262898222533694,0.0319565376648755,0.0359431629577115,-0.0220778819282027,-0.004224406502879,0.4840118334546027,0.3555278481643028,0.0321586764845849
NUEx045,DR,picture,chair,object/tool,-0.1359045188356903,0.0901238211759331,0.1215982849186686,-0.1033428664228086,0.0273093798045733,1.4366771424577751,0.3821645989753448,0.1848696782279323
NUEx045,DR,picture,muscle,body part,0.2187469709053753,0.0730342282200443,-0.0028681337324768,0.1445859832669796,-0.1756923082483634,-1.4647318206039068,1.6702957919447676,-0.6089303483440507
NUEx045,DR,picture,apple,food/fruit,-0.0063232096961358,-0.1401488136089153,-0.0528519591879031,0.0576140961698967,0.114802577929143,-0.2193159367470079,-0.5513368647438603,0.700767770479474
NUEx045,DR,picture,nut(object/tool),object/tool,0.1725405927688411,0.0005436149473463,-0.0216008915705508,0.1571042724834634,-0.0599136905546542,-1.6647121793528294,0.7814464387928616,0.2916141566593944
NUEx045,DR,picture,hammer,object/tool,0.07723994052465,-0.0439660637705733,-0.063252572680837,0.0309281065301322,-0.0636163860406493,-0.5463190526464552,0.0605246072997961,-0.7533735552740866
NUEx045,DR,picture,cat,animal,0.0800489707345721,0.146530181626324,0.1190176557608046,0.0599572323733997,-0.0993064937988018,-0.0268652794239894,1.409488289100553,0.1853992709640708
NUEx045,DR,picture,shark,animal,0.0748004420792052,0.0610235807277333,0.0067163721434478,0.0251139509782086,-0.0971246285039211,-0.3788574036764225,0.8823725302474754,-0.5342683183162867
NUEx045,DR,picture,subway,vehicle,0.0872217730503914,-0.1095569705889264,-0.1023506109929579,0.091315117397999,0.0236938374536644,-1.1802724349392204,-0.6588202267125233,0.2796590165831727
NUEx045,DR,picture,apple,food/fruit,-0.1043668954651699,0.0418668209806248,0.0592415135587119,-0.0922633245644937,0.0214213057094157,1.1869656826280746,0.0778091364668664,-0.1459424000283818
NUEx045,DR,picture,saw,object/tool,-0.0479193534033221,0.0003243540389292,0.0087917451520213,-0.0431873954421174,0.0156974652572902,0.514621726968836,-0.1926708824803408,-0.0962655726016705
NUEx045,DR,picture,toe,body part,0.071906301781049,-0.0469837347921421,-0.0653513508642952,0.0380156696578511,-0.046781149779669,-0.6432585121352138,-0.0007345131640768,-0.6913672055930171
NUEx045,DR,picture,bike,vehicle,-0.1086834868658231,0.0302730878794596,0.0430158510623746,-0.1007430567756841,0.0229186251157551,1.1472252075566511,-0.0970859316999392,-0.003608928229864
NUEx045,DR,picture,truck,vehicle,-0.1024519067385904,0.0108627072326824,0.029007275182758,-0.0899451810454617,0.0382566701101244,1.0212414737432045,-0.3297855225307225,0.0885451213211403
NUEx045,DR,picture,grape,food/fruit,-0.2159953598170947,-0.0446073370590209,-0.010074395956524,-0.2004674337119539,0.0838525043208446,1.1978319439839449,-0.637112327832884,-0.6450819716361844
NUEx045,DR,picture,sky,nature,-0.0196395417794098,0.005324320484609,0.0220765806625374,-0.0040783893463933,0.0176497101388464,0.1695941014518843,0.0358077361958659,-0.0815896393756183
NUEx045,DR,picture,grape,food/fruit,-0.0264875966747721,-0.0272218591838462,-0.0146741433300605,-0.0162190372424771,0.0317514861194482,0.1701421677934041,-0.4758540680552691,-0.001648134445575
NUEx045,DR,picture,apple,food/fruit,0.0689497988817713,-0.1193449704509321,-0.1129823537364445,0.0697115537346525,0.033636421903941,-1.2866133906541593,-1.0802253371574613,0.04548422730786
NUEx045,DR,picture,lung,body part,0.1030027229162854,0.0280352924015904,-0.0019192853380893,0.0773375727438116,-0.0747833230007445,-0.7516489938821209,0.7314629330016468,0.163690742453284
NUEx045,DR,picture,wrench,object/tool,-0.0742117673589475,-0.0124144415039026,0.003599773214377,-0.0656000766798751,0.0355136363244431,0.64739614078824,-0.3432140908287043,-0.1980406971308389
NUEx045,DR,picture,pizza,food/fruit,-0.1256699443055995,-0.0922374721097668,-0.024272688338005,-0.0670203646899334,0.1361858741953627,0.6345231794307729,-0.8523832366802022,-0.0658626538509282
NUEx045,DR,picture,ladder,object/tool,-0.0996850570715028,-0.0135340891201307,-0.0070482957232099,-0.0950822133242595,0.0334329365727815,0.6879992495392546,-0.3831731486023956,0.2933693483763543
NUEx045,DR,picture,dog,animal,-0.0073422473632287,0.0827390947024154,0.0151789598846923,-0.047722692034415,-0.0799784976021398,0.2876674272279242,0.5182191902418835,-0.5191425978637089
NUEx045,DR,picture,lung,body part,0.1153311336859452,0.0708555664735486,-0.0360869350475846,0.0130686663721093,-0.1304398938602399,-0.4384953531189498,0.4885479111282622,-0.3383498651778516
NUEx045,DR,picture,knife,object/tool,-0.0118061269504492,0.0216611888736104,0.0236719260557592,-0.0103710771572818,-0.0093013375397119,0.229823941256699,0.2586130889691002,0.0583010960314098
NUEx045,DR,picture,nail(object/tool),object/tool,0.0510257157121906,0.0231519138626953,0.0110814641959878,0.0397368739415897,-0.0429478199034246,-0.3907390068969027,0.4760372611872439,0.0568529987408539
NUEx045,DR,picture,nose,body part,-0.0324593237906445,-0.1287801983729543,-0.0798342758191905,0.0028065796281504,0.1050513978063985,-0.1838525815328953,-1.1709104581580052,-0.13948465563784
NUEx045,DR,picture,orange,food/fruit,0.061475367646715,-0.0109633691107607,-0.0189212676561142,0.0572772249953389,-0.0207891461438412,-0.6983867731547144,0.2106189089063717,0.0601726721446385
NUEx045,DR,picture,cookie,food/fruit,0.1477645117304653,0.0017218742917374,-0.0310151880072436,0.1276093198260362,-0.0640729037571057,-1.1677497217779425,0.535805167580251,0.4860257600327249
NUEx045,DR,picture,deer,animal,-0.0067440677604147,0.0493807703922418,0.0283606950403976,-0.0225946636995214,-0.0420663095346014,0.2626511923800995,0.4463950648272274,0.0031626254195801
NUEx045,DR,picture,hurricane,nature,0.0152567434986892,-0.0038424371513192,-0.0051471558204326,0.0127237908222541,-0.0080188682033386,-0.1663123818101888,0.1119943951030243,-0.0891022382370871
NUEx045,DR,picture,truck,vehicle,-0.0111467665065906,0.0191541343683054,0.0244901608216403,-0.0039960613028329,0.003651273818702,0.2706561836940441,0.2527627507260969,0.2314451097465903
NUEx045,DR,picture,nose,body part,-0.0191059906057218,0.0679338580069391,0.0791825467963083,0.0104934649542559,0.0116371176290599,0.3690905567161782,0.5373200832371414,0.3615508660236793
NUEx045,DR,picture,ear,body part,-0.1636448216387072,-0.015072757665969,0.0187804816059977,-0.1410967276768144,0.0773243723522633,1.4343465438755725,-0.7573877910244962,-0.0982946398697141
NUEx045,DR,picture,wrench,object/tool,0.0376643617953442,0.0835060132353889,-0.0454620176206064,-0.050843446281685,-0.086314248029906,-0.0095253451918621,0.1274167366064931,-0.0812543614995794
NUEx045,DR,picture,nail(object/tool),object/tool,0.0101785711612975,0.0088637241462499,0.0161551327930982,0.0198607974376051,0.0088227590316499,-0.0575965776510272,0.1824323762214319,0.368644858932614
NUEx045,DR,picture,bird,animal,-0.0576200055955124,0.0287535455365925,0.0054245544712948,-0.0710914684481186,-0.0325530486264892,0.5549279032246726,0.1099692706496642,-0.629660647663413
NUEx045,DR,picture,duck,animal,0.095274945212531,0.0276049274876578,0.0018131588366092,0.0688067129330233,-0.0725486299161565,-0.771182287633625,0.8302124418964494,-0.3526306327864484
NUEx045,DR,picture,key,object/tool,0.1020173796403969,0.0572665077707566,-0.0190479056176045,-0.001160322558054,-0.1205657712123544,-0.2663435841181396,0.4431052555430966,-0.5226862193398427
NUEx045,DR,picture,mouth,body part,-0.0021704640021259,-0.022382273060538,-0.0007322631219936,0.0190630031706214,0.0388055600271954,-0.0585880581830985,-0.2741649029513189,0.4584859572104982
NUEx045,DR,picture,flower,nature,-0.013298222097399,-0.0079104122154554,-0.0073548567535521,-0.0148544741432378,0.0003771950371048,0.1223080788854218,-0.1458287303809172,-0.1259554827105459
NUEx045,DR,picture,duck,animal,0.0133314915362398,0.1323560186097195,0.1298831339204324,0.0410584806616986,-0.0020102425500679,0.3363282041583476,0.8926383899124412,0.5741116301282635
NUEx045,DR,picture,crab,animal,0.01220982165696,-0.1049092385929033,-0.0698391739969936,0.0367072896514565,0.0724014293241299,-0.4184146917451572,-0.8492540953771341,0.6125477853902646
NUEx045,DR,picture,ladder,object/tool,0.0652187091222663,0.2789422587504663,0.1754177687912195,0.1312583478745337,0.1781929333336331,0.1640915147445076,0.0514525296084626,0.3013820888433549
NUEx045,DR,picture,bus,vehicle,-0.0426695506017438,-0.0416922347667669,-0.0337027341087598,-0.0388185581057273,0.0335495294701054,0.2309836797994031,-0.6324938193987004,-0.2471682458817079
NUEx045,DR,picture,lemon,food/fruit,0.0262031893488114,0.0176952966319965,0.0106848297486629,0.0197169249902515,-0.0264089341976697,-0.1504403514680916,0.3026839267178369,-0.0596011678213649
NUEx045,DR,picture,hammer,object/tool,-0.0961098120370315,0.116556950612748,0.122101835936199,0.0060459516183909,0.094626221460054,0.6093275894237136,0.1309069649669219,0.5772887361025457
NUEx045,DR,picture,key,object/tool,-0.0686193077438679,0.1408011280927824,0.1409744743405163,-0.0561355552447386,-0.0346445284311547,0.8799145441063341,0.7535767267357416,0.0043604021943574
NUEx045,DR,picture,taxi,vehicle,0.179273389981952,-0.0474544534051772,0.0227944674099753,0.1767896542357455,0.0380204173101053,-0.8461427594359497,0.2482568697737011,0.2718816812346601
NUEx045,DR,picture,key,object/tool,0.0783533929384022,0.0197132572577153,-0.0165431375107007,0.0391511247886933,-0.0768097648542843,-0.4551976463895227,0.3857311873717702,0.055632677145077
NUEx045,DR,picture,strawberry,food/fruit,0.0326032080201453,-0.0207227833014614,-0.0076778493070944,0.0449300242878344,0.0226483868959877,-0.3749000179380771,-0.1034286259103779,0.3745990281159022
NUEx045,DR,picture,leaf,nature,-0.0342416234613028,-0.0319296509718796,-0.0105158959009963,-0.0127741522999936,0.0497416954128915,0.1878615574397552,-0.5188965273730747,0.0773379581930158
NUEx045,DR,picture,lemon,food/fruit,0.1214799677466747,-0.1022161342091773,-0.0852836826362932,0.1289280665873493,0.0306140325857478,-1.1562324549081635,-0.3805787982013615,0.5531610951902666
NUEx045,DR,picture,bat(object/tool),object/tool,-0.0134747730491033,-0.0402331008542771,-0.038788977683867,-0.017286588859711,0.0155966699015041,-0.0241754607878697,-0.5829176662539522,-0.2263596151763168
NUEx045,DR,picture,pizza,food/fruit,0.0222845476224512,0.0766662143617368,-0.0174864865963909,-0.0446447548140007,-0.0842606238109905,0.0896896470453813,0.2979476979262084,-0.5129739879245938
NUEx045,DR,picture,grape,food/fruit,-0.0247845525329951,-0.0386504109012968,-0.0344306132455256,-0.0274099971961033,0.0179657067758356,0.1072018299931741,-0.6291370724648955,-0.3299691781735469
NUEx045,DR,picture,airplane,vehicle,0.0208753553567005,-0.0231869772980665,-0.0265596761479785,0.0195466327544087,0.0005546175061235,-0.3258817139081222,-0.201021599089826,0.1659704591921038
NUEx045,DR,picture,taxi,vehicle,0.0337035017007026,0.0360482289924185,0.0416729611247874,0.0511218706056706,0.0109909622650972,-0.1786659854143388,0.3482262274824382,0.7032589496151206
NUEx045,DR,picture,nut(object/tool),object/tool,-0.0921551807916136,0.0089520610190413,0.020584188704717,-0.0855173512710174,0.0284101490237194,0.9383077066174076,-0.2951732572566191,-0.0577218900137507
NUEx045,DR,picture,crab,animal,-0.0760203796295774,-0.0007389338475178,0.019664058759042,-0.0649256157526938,0.0344008462278946,0.635928803777696,-0.1726048293697477,-0.2947118777170685
NUEx045,DR,picture,hand,body part,-0.0279951429024311,-0.1071664739553914,-0.0419155168827758,0.0244798698991885,0.1026181782227836,-0.1917220263384572,-1.018982897227407,0.4918747291115684
NUEx045,DR,picture,ear,body part,-0.0407903001307608,-0.0531022639071081,-0.0072786204576909,0.0091851989763924,0.0772838152651598,0.0859631196813133,-0.6776670239331343,0.6690699320149313
NUEx045,DR,picture,duck,animal,-0.0354533842458689,-0.0145842067026864,-0.0123332322153711,-0.0354481771942899,0.0136171353217768,0.3206223578693374,-0.3750114822248858,-0.0319421559842329
NUEx045,DR,picture,fly,animal,0.0836342478780853,0.0651416731354496,0.0328690537121059,0.0591531670735894,-0.0824594065104243,-0.4885675150175212,1.0591096036832186,-0.1313237492217388
NUEx045,DR,picture,bear,animal,0.0037669828727051,0.0613985376821568,0.0684177000209925,0.0181807418284486,-0.0074320611824922,0.1997717109746597,0.5526761806843027,0.1010036556745934
NUEx045,DR,picture,taxi,vehicle,-0.0024498346791591,-0.0547608651973945,-0.0617902117539867,-0.0225903677091671,-0.0064981629185801,-0.132618077516772,-0.4450079082964699,-0.1768864000742253
NUEx045,DR,picture,crab,animal,0.0922720875654714,-0.1248280232662151,-0.1303566225443904,0.0800884065773129,0.0046275158507123,-1.3489206979656878,-0.7576527373979586,-0.1380405643958501
NUEx045,DR,picture,mouse(object/tool),object/tool,0.1061598992273675,-0.1157462586816284,-0.1047094922567376,0.1131725799970273,-0.0057068839252873,-0.8625015959482508,-0.1918041673344936,0.0513041042281499
NUEx045,DR,picture,beach,nature,0.0295727720242613,-0.0394137313079468,-0.0397681427319012,0.0319773337153221,0.0118697776320371,-0.4771167025671451,-0.3486542160761377,0.2759932930358446
NUEx045,DR,picture,car,vehicle,-0.0438385475980624,0.0490098609481826,0.053254064142614,-0.0400451329148518,-0.0063086541374745,0.5767975418912085,0.3205861168581523,-0.0020310539926537
NUEx045,DR,picture,airplane,vehicle,0.0949843029055766,0.0647533654813283,0.0460363487596104,0.0923573234220457,-0.0529310160822997,-0.5745879735618132,0.866335805991127,0.6055280634316491
NUEx045,DR,picture,muscle,body part,0.1189406262529957,0.0465817259824915,-0.0636111729618438,-0.0004564485377135,-0.1137976745199543,-0.3798907332323833,0.1992458496245684,0.0353340396208665
NUEx045,DR,picture,mouse(object/tool),object/tool,-0.0440998198485513,-0.0289181254995687,-0.0151257857654388,-0.0311736350179035,0.0413102131038968,0.3156223010545874,-0.5889023450272078,0.0650862318323907
NUEx045,DR,picture,chair,object/tool,-0.0009972627007422,-0.0529073309559887,-0.0531722986431344,-0.0072031257127862,0.0105641753459533,-0.2237382558571579,-0.6122752397735662,-0.3135200926299285
NUEx045,DR,picture,head,body part,0.0756228285375862,0.0341342257921834,0.0148138169533729,0.0598458140985671,-0.0585020884745643,-0.5581766595765633,0.6911001535780322,-0.0936757082243633
NUEx045,DR,picture,bed,object/tool,0.1159552954382693,-0.058216520369616,-0.0719524152147315,0.1022433388695722,-0.032421453745866,-0.9071910634073564,0.0094614595846904,0.400689198850743
NUEx045,DR,picture,pear,food/fruit,0.0499367753621551,-0.0852519753045591,-0.075205972423699,0.0552267897120953,0.0321139851714666,-0.9532147312502358,-0.8376047660898698,0.1662307042138485
NUEx045,DR,picture,strawberry,food/fruit,-0.0011603316505188,-0.0440245112487549,-0.0515475848054952,-0.0247088137517267,-0.0215688418379664,-0.12321729930091,-0.3580112992219276,-0.5994260448305344
NUEx045,DR,picture,nail(body part),body part,0.0189313891142941,0.0276587499838179,0.012786761739257,0.0064596325239773,-0.0401783387123228,-0.0528526586086628,0.3928108479323123,-0.0696351320637766
NUEx045,DR,picture,mountain,nature,-0.1099108896657292,-0.0409100475566236,-0.0302458240249089,-0.1102240276652247,0.0276937634805314,0.7164307214853324,-0.560074725989283,-0.5046226166497144
NUEx045,DR,picture,cow,animal,0.0751789024930523,0.0852912385758154,0.0779985803710607,0.0857515037571317,-0.0263727109592031,-0.2796114059132297,0.7737810978800103,0.4024083785355274
NUEx045,DR,picture,nut(food/fruit),food/fruit,0.0162237479818002,-0.0728954820742226,-0.0789952404722099,-0.0140375026112202,-0.0243869288960759,-0.3270701574014888,-0.4074193248212411,-0.6272783620371671
NUEx045,DR,picture,milk,food/fruit,0.194706226705263,-0.0844204331154902,-0.1235493200107752,0.1489421911950302,-0.0772081127855038,-2.1800580141373747,0.0574148450131723,-0.634407673620346
NUEx045,DR,picture,toe,body part,0.0546196015706588,0.1402670902692443,-0.0277011805556461,-0.059427255236173,-0.1391480691519597,0.0478245234301187,0.5121197017573207,-1.1621819108531697
NUEx045,DR,picture,hand,body part,-0.0789755172088948,-0.0803600297719796,-0.003129395657131,-0.0076911530495747,0.1149432134921876,0.2972827333897464,-0.8073019374859917,0.3031640692703329
NUEx045,DR,picture,flower,nature,-0.1611906751084268,0.0043345365536755,0.0333518980792679,-0.1394306070855958,0.0688975315117235,1.3894488869520436,-0.5671935044892705,0.0798971992379283
NUEx045,DR,picture,wrench,object/tool,-0.1116197619486865,-0.0180628570419822,0.013181124363912,-0.0849086129408061,0.0713023539227641,0.8507125986256067,-0.5422348443451754,0.2436996135456927
NUEx045,DR,picture,cow,animal,-0.0805034951023095,0.0649771088880069,0.0720004290200869,-0.076144455448393,0.0027127826317505,0.6286306887263786,0.0815357615411954,0.2854162662919107
NUEx045,DR,picture,hurricane,nature,0.0631241147776751,0.0518266550735202,0.0517609578901925,0.0701218697152612,-0.0197324520195048,-0.3424901188830465,0.708835421120842,0.2300205156468368
NUEx045,DR,picture,mouth,body part,-0.0151588169048471,-0.0603733341361508,-0.0535725770682825,-0.0158197768813062,0.0283743159565562,-0.0600844947012593,-0.5013136669220591,-0.4502345858606305
NUEx045,DR,picture,hurricane,nature,0.1182324613785697,0.123553911809478,0.0721389347629705,0.0758844063777388,-0.1325627002577216,-0.4666459026874908,1.6571094107337423,0.0761763371660887
NUEx045,DR,picture,lock,object/tool,0.0486599414699348,-0.0008561962212988,-0.0239941400771915,0.0150313067283111,-0.0509664715971692,-0.3604519699631381,0.2500931329426807,-0.4307126398220062
NUEx045,DR,picture,leg,body part,0.0574563000945791,0.0715639465288714,0.0711940172672224,0.0702277504016843,-0.0102537279268186,-0.187143177925414,0.4606032086353715,-0.2126626006215262
NUEx045,DR,picture,bus,vehicle,-0.0121045862194534,-0.1248542483554385,-0.1067475328557455,-0.0534343419639914,-0.0441569033974996,-0.1757794315211538,-0.3759738917414565,-1.286666189078573
NUEx045,DR,picture,tree,nature,-0.1874818836227076,0.065959802053097,0.0659575286193866,-0.1826860986275591,-0.013425101421865,1.2599589064432293,0.0722229479497945,-0.6506776408459483
NUEx045,DR,picture,island,nature,-0.1656626723256906,-0.0894089682329561,-0.0686973567492017,-0.1632295363066471,0.0533926742584482,0.965508587370956,-1.0444268703086357,-0.5545090069938134
NUEx045,DR,picture,dog,animal,-0.1290303771653522,0.0385047570187258,0.0655897976870632,-0.1052839685672076,0.0485083943460415,1.3176310998901395,-0.1463686556235188,0.0302180399281832
NUEx045,DR,picture,bed,object/tool,-0.0225940994010697,0.043681978893952,0.0580327510412194,-0.0017736033478087,0.0097928537980723,0.3465344680883708,0.3321597215309365,0.2755838527409521
NUEx045,DR,picture,boat,vehicle,-0.0493331877773331,0.0594059237452927,0.0731018285806894,-0.0310449881651993,0.0068017251849475,0.7227761244478518,0.4716218649758804,0.3872503028186914
NUEx045,DR,picture,saw,object/tool,-0.0448320169684532,0.0115939703802284,-0.0159453894195331,-0.0590452745331854,-0.0321793317029171,0.2716509417348768,-0.0158397478398673,0.0571547886445085
NUEx045,DR,picture,nut(food/fruit),food/fruit,0.0457530851482474,-0.0334928795809701,-0.0396872780176367,0.0389843313911092,-0.0098055527017719,-0.7018208302852984,-0.1515227546094377,-0.1804575419601616
NUEx045,DR,picture,leg,body part,-0.1347431041610166,0.0490774719529222,0.0918136204475121,-0.0803285766820582,0.0736403819695313,1.3171814280258354,-0.0460936847142802,0.5598118774754542
NUEx045,DR,picture,deer,animal,0.1240944930229237,-0.0916181318914605,-0.1205058544229939,0.0660378914150721,-0.0660638564068629,-1.2296350244840395,-0.1940173950031273,-0.5891014400249334
NUEx045,DR,picture,knife,object/tool,0.0694371321437368,0.1636664445480035,0.1385918955020004,0.1077668301571935,0.0290515379185811,-0.0210422107107443,0.6692789656449396,1.4580498687931005
NUEx045,DR,picture,pear,food/fruit,0.0237538222936508,-0.021644527092536,-0.0006596487921102,0.0402765611009322,0.0363814953078573,-0.2689166241568786,-0.1708335134821982,0.3343860730683159
NUEx045,DR,picture,train,vehicle,-0.04139771235877,0.0811372167249823,0.0912036169432024,-0.021540799572469,-0.0061431808470895,0.6638985540507575,0.6812564802426849,0.4477843462941096
NUEx045,DR,picture,mountain,nature,-0.0762524068768022,-0.0832736699041876,-0.0330238302022764,-0.032010739967427,0.1026738531084275,0.3560478170614632,-0.96170354555465,0.3027188171818044
NUEx045,DR,picture,bat(animal),animal,-0.112473352975965,-0.063405769851876,-0.0356922470463787,-0.0930921114227584,0.0787336332849076,0.7675375358140782,-1.0251213831646404,-0.023905674249425
NUEx045,DR,picture,nut(food/fruit),food/fruit,0.0835554053459251,-0.0564951946155035,-0.0744272574866333,0.0113364182195945,-0.0803339581115454,-0.5245801808440305,0.1082259345683753,-0.8890318748608321
NUEx045,DR,picture,leg,body part,0.0266403890599906,-0.0112902615824937,-0.0187965373439367,0.0205812982581945,-0.0155777061933022,-0.3273575780625947,0.0434900304369245,0.0574218081083788
NUEx045,DR,picture,nose,body part,0.0568118888063366,-0.0319645285989654,-0.026511742991251,0.0630663890493711,0.0045062574800926,-0.6001829365685909,-0.0355500095253934,0.1477906128629183
NUEx045,DR,picture,tree,nature,0.0305117376266204,0.0120706988618819,0.0140641276255456,0.035412348677648,-0.0088154811676769,-0.239526139556932,0.2789468218369218,0.2178782904758172
NUEx045,DR,picture,hammer,object/tool,-0.0281495199166805,0.0357669863776993,0.0517116599975762,0.000595511693764,0.0269976909883027,0.3361863350630792,0.1872030688799762,0.6050147509748469
NUEx045,DR,picture,bear,animal,0.00770057797144,0.0529049857290611,0.0461258410108119,0.0047211241145074,-0.0326580917827361,0.1628793538246418,0.7438905255145412,-0.0136202083664679
NUEx045,DR,picture,orange,food/fruit,-0.0953571882699848,-0.1538453088812848,-0.1242486327793875,-0.1216337445231846,-0.0406559010638623,0.2328940484750961,-0.6085446804932112,-1.3208549670153047
NUEx045,DR,picture,river,nature,0.0158143858001277,-0.0941196951017232,-0.0469670779442892,0.0446475017042323,0.0748071284440768,-0.4467644295553714,-0.8012077870166602,0.3053495988168351
NUEx045,DR,picture,bat(object/tool),object/tool,-0.0788432743775819,0.0301589752560831,0.0619477795028052,-0.0386449183851005,0.0500755839783972,0.8347833507604588,0.0076560620348357,0.352715207105387
NUEx045,DR,picture,flower,nature,-0.1660946254137294,-0.0563681531764955,-0.023478865253619,-0.1460766132414881,0.0893917409005177,1.2451391080847891,-1.1224463397736515,-0.0659884757742398
NUEx045,DR,picture,mouse(animal),animal,-0.0131178862626548,0.1049943650669079,0.0642426885899821,-0.0416682571651561,-0.0822899734604987,0.3392558718395964,0.5097556402453859,-0.1466127307729366
NUEx045,DR,picture,banana,food/fruit,-0.1643321461894644,-0.0125341521262327,0.0344366100996533,-0.1193274209269491,0.1049855494233683,1.4384693927475103,-0.8725135018130902,0.3325395128593948
NUEx045,DR,picture,boat,vehicle,-0.1102079218693288,0.053315324423777,0.0748967982388437,-0.090573738096819,0.0286644867482396,1.3327331175056694,0.1311419725626989,-0.0308271155238896
NUEx045,DR,picture,bat(animal),animal,0.1379867275487634,-0.1526105554344891,-0.1610725030757852,0.123106038389057,0.0079785760680104,-1.872359453343712,-0.9628899544537294,-0.1028545023195409
NUEx045,DR,picture,saw,object/tool,0.1446821473934325,-0.0394803338570843,-0.0871936824887413,0.0432311368978427,-0.1154440804977862,-1.008633781849798,0.2694496928578899,-0.9841988067976092
NUEx045,DR,picture,bat(animal),animal,0.0951299131540849,-0.0261026850340787,-0.0507875446831811,0.0533802411979065,-0.0711581040112294,-0.836157456040553,0.2802168085175399,-0.8385488403100593
NUEx045,DR,picture,bat(object/tool),object/tool,-0.0600794448392859,0.0139330479247343,0.028099499471691,-0.048868941703663,0.0227832625530081,0.760996863796732,-0.084573935400651,-0.1215421726980428
NUEx045,DR,picture,cherry,food/fruit,0.0100638825544554,-0.0466140426105138,-0.0547002119718228,-0.0243343817824606,-0.0390835948380406,-0.1287503557079439,-0.1701271580027593,-0.5565364925352156
NUEx045,DR,picture,cat,animal,-0.0391940909709876,0.0551047436263156,0.0547109643816858,-0.0373459551650259,-0.0151650977799834,0.571243623918414,0.4048075996506092,0.3552843259843288
NUEx045,DR,picture,hand,body part,-0.0268391420003472,0.0461371435235696,0.0416261114706287,-0.0282391687371202,-0.0259714272508767,0.3125852753519321,0.2712157192945204,0.2104124845809242
NUEx045,DR,picture,shark,animal,0.0306089883649476,0.1464573277235202,0.0976628842347884,-0.0021261318461379,-0.1133280393169551,0.2727391339750286,1.0107416943346572,-0.307856930035996
NUEx045,DR,picture,bike,vehicle,-0.1322420183731169,0.0104290955874491,-0.0133460403655907,-0.1339279330147893,-0.014796445331282,0.6472244412651413,-0.1541691039820454,0.2753149534992209
NUEx045,DR,picture,toe,body part,-0.0158257065155665,-0.0169086096022792,-0.0054760311655918,-0.0059267742063452,0.0222870505769024,0.1079255431513837,-0.3440969191616955,0.0452049212939549
NUEx045,DR,picture,crane,vehicle,0.047742945004025,-0.1484434521951998,-0.1535563610471033,0.0133746786168595,0.0029995672081142,-0.888538273908153,-1.053876086931028,-0.5918366075379773
NUEx045,DR,picture,bird,animal,-0.1083614600292611,0.0671007462458885,0.0862105253131632,-0.0905369231364385,0.0191474660772667,1.1983487944099716,0.2409054064063508,0.1835595610922695
NUEx045,DR,picture,bus,vehicle,-0.0943841166898346,-0.0126541047242715,0.0425911440837715,-0.0225825334833935,0.0914431894941337,0.6247073462855608,-0.3957233926985006,0.7174034616749149
NUEx045,DR,picture,sky,nature,-0.0997385423364215,0.0268582545140652,0.0610219189618923,-0.0688853696986457,0.0470527914490352,0.9260924120117344,-0.0824361348620152,0.186927710493071
NUEx045,DR,picture,mouth,body part,0.0350660187896652,-0.0526780896722488,-0.0305234792130189,0.0507512621273476,0.0373528726993197,-0.4270643661091612,-0.3001438733613575,0.0933810952379378
NUEx045,DR,picture,sky,nature,-0.0046188913854244,-0.2090911845853705,-0.0867415912975071,-0.0710183781463328,-0.1736884184034887,-0.1710079591786915,0.3701028383172072,-1.8601604373859733
NUEx045,DR,picture,milk,food/fruit,-0.0237485333188863,-0.0711363008193998,-0.0615743195054464,-0.048606514589014,-0.0386831464953961,-0.0045305095112036,-0.2336150253798716,-0.8607048019958597
NUEx045,DR,picture,boat,vehicle,0.0195327483151147,0.1074413752214727,0.0600126184165138,-0.0152409826203954,-0.0941939663997788,0.2547115588542588,0.9842013320954234,-0.2204554810752055
NUEx045,DR,picture,nail(body part),body part,-0.1634813719172257,0.1313573004133801,0.0814739425996628,-0.1742869357494383,-0.0732775191947166,1.2177154956362248,0.4838622644877909,-0.5419386431521384
NUEx045,DR,picture,beach,nature,-0.1384238450709265,-0.103844059032095,-0.0703656729124848,-0.1198353183050734,0.098294453119101,0.7861367198984204,-1.2546607825181193,-0.3456775313820721
NUEx045,DR,picture,train,vehicle,-0.0545885834295274,0.0871099283525765,0.0906561876596523,-0.047301687800316,-0.0215319345977635,0.8476573341146177,0.7529561474993665,0.1530502494194668
NUEx045,DR,picture,book,object/tool,0.1180432887208378,-0.0073060131599337,-0.0006397415953702,0.1220157509670969,0.00053148777383,-1.0640029911043687,0.3380680766434129,0.6264774339636106
NUEx045,DR,picture,ear,body part,0.0520624233093633,0.1112207223167887,0.1070792240020975,0.0712196432802351,-0.0006185044580338,0.018058575985518,0.9633378701018348,1.0331568958105493
NUEx045,DR,picture,crane,vehicle,0.1557858876463759,0.062484585375308,-0.0050566123979711,0.1035680371542077,-0.1279726140518207,-0.8459598694506357,0.8508262679769635,0.0913812262747449
NUEx045,DR,picture,mouse(object/tool),object/tool,-0.0300190917982064,0.0043249184399234,0.0223903662417564,-0.0095329531212322,0.0298502005677752,0.283077519505326,-0.0934994556168441,0.3453619958539198
NUEx045,DR,picture,subway,vehicle,0.0835110490914316,-0.0320788281439004,-0.0110617632389743,0.0929133365365233,0.0267982423385292,-0.6356404140328944,0.0161904853675187,-0.0014310791671262
NUEx045,DR,picture,airplane,vehicle,0.043870953780474,-0.0181014771715151,-0.0144574310626363,0.0490670524660114,0.0030256593444341,-0.5699975051550309,0.0011232565462198,0.1735729641929588
NUEx045,DR,picture,cow,animal,0.0327305105394346,0.0589867842636595,0.0539621068136221,0.059707332777058,0.0589281395006124,-0.0605567803564039,0.1347737241335156,1.176784657067158
NUEx045,DR,picture,orange,food/fruit,0.062857199071485,-0.1295140286078054,-0.1349672525572779,0.0446794106751982,0.0090844697181337,-0.8217658219797317,-0.6319213747689337,-0.0095606053600035
NUEx045,DR,picture,pizza,food/fruit,0.0539364047974375,-0.0586615569879491,-0.0599293643347601,0.0530512787167356,0.0042354207939266,-0.6198265603441302,-0.311762791403951,0.0683889878426784
NUEx045,DR,picture,shark,animal,0.1172625829064917,-0.0281928578668626,-0.0301306450711707,0.1177696565215062,-0.0089401431450734,-1.2279253839110236,0.193658252554596,0.5022644339533374
NUEx045,DR,picture,lemon,food/fruit,0.0144759833180477,0.0062928146409167,-0.0047026215319603,0.0021561354931386,-0.0233164319730693,-0.0944945119221639,0.1461403134580419,-0.1915903817064323
NUEx045,DR,picture,cookie,food/fruit,0.0510688000907623,0.0301128346745092,0.0220382553042004,0.0491782647659713,-0.0303490181321385,-0.4129646766951629,0.6400724303426034,0.401659814462129
NUEx045,DR,picture,lock,object/tool,0.0584234995225329,0.0503914366618989,0.041012679910809,0.068156301111662,-0.0315651326868351,-0.2508439512888744,0.3144185440757867,0.6281545785215199
NUEx045,DR,picture,bike,vehicle,-0.1791754674436413,0.1960970386024801,0.236637631814319,-0.081884186407611,0.0758510164324613,1.1670730861791745,0.4000489849721159,0.5509017516604638
NUEx045,DR,picture,nail(body part),body part,0.0162629747226786,0.07447572291784,0.0340735531774099,-0.0143752192497364,-0.0725201885854821,0.1585937670966068,0.6507660142239996,-0.1170419478963449
NUEx045,DR,picture,muscle,body part,-0.0385560627474366,0.0110937287675488,0.0128838703067537,-0.0389323095366361,0.0028742316982504,0.4541718413972958,-0.0407489031481279,-0.0138253568156608
NUEx045,DR,picture,book,object/tool,0.0387732788005492,0.0007698675193182,0.0029810824063357,0.0469642146731585,0.0001462071006125,-0.3522104081284308,0.1487914964281752,0.4395299935070734
NUEx045,DR,picture,train,vehicle,-0.0049369602956083,-0.0091991153562839,-0.0057690824825415,-0.00519752389403,0.0050645353180005,0.0516009028564193,-0.0967289154669222,-0.1875094895503837
NUEx045,DR,picture,river,nature,-0.0547455842568734,-0.1033167874530828,-0.0858400377639461,-0.0425963359237101,0.0666498983789433,0.065143884927738,-1.144592160098704,-0.2128491573446181
NUEx045,DR,picture,bear,animal,-0.0282845001755532,-0.0890624833434335,-0.0833372590257323,-0.0334552889740182,0.0314579798471446,-0.0922956424539203,-0.9242889400644816,-0.2315768681924168
NUEx045,DR,picture,leaf,nature,0.0142211923557003,-0.068578058166375,-0.0771325699679586,-0.0125147646183706,-0.0125392954094565,-0.2560404036312062,-0.4007376877765211,-0.0634056116281211
NUEx045,DR,picture,beach,nature,0.1302797874828493,-0.0551967761858719,-0.0875381529951237,0.0736449046689429,-0.0836106051823327,-0.949238783688018,0.1351057186440012,-0.5036485735730016
NUEx045,DR,picture,bed,object/tool,-0.0124479433541789,0.0401069223428344,0.0151286268971283,-0.0329115658937212,-0.0361469162242664,0.2226056845100016,0.2103878499585601,-0.0563264479421235
NUEx045,DR,picture,leaf,nature,0.1208980519317661,-0.1231146898020859,-0.1416880786141598,0.0883920989030186,-0.028048768053144,-1.6363166836255163,-0.6122136572705268,-0.7046097569455363
NUEx045,DR,picture,pear,food/fruit,0.069313272683057,-0.1737817162417169,-0.1372641919525283,0.0878308643689039,0.0868870292172068,-1.2360001567943562,-1.4318341638316898,0.4936947307047294
NUEx045,DR,picture,banana,food/fruit,-0.0813014809010577,-0.0694528029540636,-0.071979912267079,-0.0796833053435209,0.0271138385772789,0.2306465505868024,-0.4050583697223673,0.1846590669025453
NUEx045,DR,picture,truck,vehicle,-0.0599755208518135,-0.0006950365100542,-4.274323025697525e-05,-0.0634566785224701,0.0047084844538998,0.5540386046041438,-0.1857157703862755,-0.4358262567500802
NUEx045,DR,picture,fly,animal,-0.0125338137093533,0.0094568842630428,0.0167735533243404,-0.0003881538665811,0.0157189208405962,0.132802538862668,-0.0119397293854755,0.3742199067980986
NUEx045,DR,picture,river,nature,0.175329743022034,-0.0843908835636595,-0.0848207417352285,0.0131383981739135,-0.170194497054998,-0.6941288427649649,0.4666162314279536,-1.2383646390311494
NUEx045,DR,picture,cat,animal,-0.0613908905502861,0.027538263678964,0.0566349622093056,0.0078211871140025,0.0676706760596337,0.3457451551097926,-0.0532063494235607,0.50319179568893
NUEx045,DR,picture,cherry,food/fruit,0.0766011252462102,-0.104520872149675,-0.1113222301475725,0.0649698528989932,0.0078750563922884,-1.071016714948873,-0.6602937572684423,-0.2441466745596453
NUEx045,DR,picture,mouse(animal),animal,0.0542281033968016,-0.1146322558804443,-0.113828016364937,0.0482579131450336,0.0281117976910915,-0.8566031472216731,-0.7054129740212807,-0.3609519568817733
NUEx045,DR,picture,head,body part,-0.0038691533658035,-0.0021350469809214,-0.0092972867867943,-0.0162835735988388,-0.017824886898458,0.0587187250621384,0.0057389317388591,-0.3304060302340361
NUEx045,DR,picture,dog,animal,-0.0059553167407869,0.0584513175997703,0.063132337127503,0.0063286048801547,-0.0086122442378296,0.3152313413634841,0.6816889572637742,0.4625264078698217
NUEx045,DR,picture,book,object/tool,-0.1064501955646854,0.0401237696373844,0.0812608887372897,-0.0223066523203109,0.0865999036635679,0.7413619099374905,-0.0679577393981988,0.8337918355147674
NUEx045,DR,picture,knife,object/tool,0.0864602493961285,-0.0231771599367208,-0.0389081120342813,0.075004989569359,-0.0304004738194874,-1.0841872280089448,0.1812020030149419,0.0867128883821532
NUEx045,DR,picture,cherry,food/fruit,-0.0385397535187549,-0.1123015334246487,-0.0890266420987261,-0.0200052630819194,0.0771525378953762,-0.1186669124773614,-1.1936116105559706,-0.1280441422291459
NUEx045,DR,picture,island,nature,0.0093297205409369,-0.0097175473931305,-0.0116036318553175,0.0068880477522293,-0.0025075938286806,-0.1406917999811534,-0.0553199919016493,-0.0215648125546988
NUEx045,DR,picture,lock,object/tool,0.1199208718421036,0.0043917498310634,0.010507646991335,0.1238340596698103,0.0190103563354661,-0.6798817764994812,0.2268989162495705,0.8133898196197671
NUEx045,DR,picture,chair,object/tool,0.0529109957503878,-0.0130555938901806,0.0121109547612805,0.0668249855292553,0.0508123289614427,-0.3094805749111904,-0.0763932193288982,0.6585852253206862
NUEx045,DR,picture,nut(object/tool),object/tool,-0.2089095838094913,-0.1146883793468863,-0.0188837025888878,-0.1121989570891991,0.2061507820617061,0.9263202392718106,-1.208626325255103,0.8343708134180723
NUEx045,DR,picture,hammer,object/tool,-0.045490706096389,-0.0385893406519979,-0.0122780330044121,-0.0148490022289295,0.0627680672932599,0.2231762109017506,-0.6249419530479617,0.4663892086829466
NUEx045,DR,picture,cat,animal,-0.0322167476024289,0.0702094980618258,0.0697204623127139,-0.028882348220194,-0.0234196703124181,0.6425774145227828,0.7498402987960131,0.0717475686477549
NUEx045,DR,picture,shark,animal,0.0234548782916431,0.0371600124437342,0.0263760843763541,0.0155136573177024,-0.0364333307908965,-0.059372891289107,0.6527332955315043,-0.1556560574303643
NUEx045,DR,picture,subway,vehicle,-0.0533395913641822,0.0961502859910704,0.1118747245293518,-0.0139165991460903,0.0179353388581025,0.6602334980062929,0.5338901631140887,0.7997731031695532
NUEx045,DR,picture,apple,food/fruit,0.1674727530329544,0.0084759404480184,0.0193823482075716,0.1642941948337941,0.0071454304801214,-1.2359155328812228,0.5023872782390587,0.5521539478149152
NUEx045,DR,picture,saw,object/tool,0.0222311135580431,0.0250063275477701,0.0365251805616532,0.044732788222171,0.0313933747525516,-0.1012392353004623,0.2021679353644333,0.9803430905141994
NUEx045,DR,picture,toe,body part,-0.0140401116870723,0.0602211585003025,0.0391044809788237,-0.0293468185006908,-0.0457139573414813,0.3096277484040644,0.4315326954743795,0.1936658657522582
NUEx045,DR,picture,bike,vehicle,-0.1486890856973093,0.0714521352512217,0.1089982504219022,-0.1125094103576099,0.0472598104533924,1.4656850958086525,0.1712754559196573,0.3291052291242456
NUEx045,DR,picture,truck,vehicle,-0.0033937793934736,0.0512331915899274,0.054576423950363,0.0024612190934834,-0.0140280416295131,0.2415102289779078,0.4739181851383429,0.241680524472208
NUEx045,DR,picture,bird,animal,-0.0646815909349779,0.0570368151068996,0.0665113702606006,-0.0545311489985645,0.0033627263546006,0.8951164939126791,0.359645938990714,0.2605393873024428
NUEx045,DR,picture,grape,food/fruit,0.0361519740307527,-0.0005200934673641,-0.0004751338443995,0.038726873656459,-0.0075347576960878,-0.4330087981476273,0.2223355662328358,0.1993738820034344
NUEx045,DR,picture,sky,nature,0.0565618151473346,0.0347494193395229,0.0330353968534573,0.0641199811769856,-0.012172724429288,-0.4005151277054338,0.5920970424597157,0.5756728473016075
NUEx045,DR,picture,grape,food/fruit,0.0507197325752859,-0.0984411313729492,-0.071478156726262,0.0680354647535018,0.0535674881293683,-0.9312449821982918,-0.897675596948021,0.4051814193749667
NUEx045,DR,picture,apple,food/fruit,0.018049771603591,-0.0511618640894483,-0.053760384111225,0.0107896557298215,0.0061093597933151,-0.3827536700720295,-0.4716748535517817,-0.4795713198308925
NUEx045,DR,picture,cookie,food/fruit,0.0622205842478473,-0.0245316666636259,-0.0090862977484485,0.0730723401731305,0.0224190719430956,-0.6083576190216798,-0.0452512941053542,0.3758426512517517
NUEx045,DR,picture,lung,body part,-0.0008724559775164,0.0773977528341993,0.0679837031042299,-0.006629734250707,-0.0413325432583867,0.309414173634619,0.6716700576593354,0.2159456044979594
NUEx045,DR,picture,wrench,object/tool,-0.0004235010443581,0.0974397317085633,-0.0570113819252183,-0.0795286635553564,-0.07119771606095,0.1165800417907092,-0.059473274759134,-0.709241897780381
NUEx045,DR,picture,pizza,food/fruit,0.0927263763599412,0.0237809987809244,0.0003868048254848,0.0687416875547007,-0.0699838015406996,-0.6587734073207268,0.6200677977964987,-0.2510326154765865
NUEx045,DR,picture,ladder,object/tool,0.1003475705863147,-0.0821102992715902,-0.0910164607019899,0.0901874752131426,-0.0103115814460678,-1.3731765516460688,-0.3986745199104155,0.0277530184531689
NUEx045,DR,picture,dog,animal,0.0264342772185232,-0.074630131305866,-0.0714312432436078,0.0262642757997367,0.0279290335658203,-0.5819565171089611,-0.7568735447020033,0.0267236592419189
NUEx045,DR,picture,lung,body part,0.1069801149295076,-0.020061083940957,-0.0263789392556162,0.1048656725071182,-0.0170174495456846,-1.149978791623012,0.2437685362401297,0.2276143678852407
NUEx045,DR,picture,knife,object/tool,0.144799307461283,0.0606007214503509,0.0028544618266181,0.0950440050124954,-0.1214068909446543,-0.9843545346133395,1.1363132346176563,-0.2871074346522322
NUEx045,DR,picture,nail(object/tool),object/tool,0.0337680894446719,0.0524160834978648,0.0471712299115196,0.0332165547094098,-0.0326995166885094,-0.091040084270553,0.7297514895082433,0.0583351157325199
NUEx045,DR,picture,nose,body part,0.0821505118655809,0.0547010907023795,0.0518733104055344,0.0954715295266235,0.001724337888438,-0.5305393332048258,0.6717129119135752,1.0195451435156964
NUEx045,DR,picture,orange,food/fruit,0.1629950226738262,-0.0167703809284676,-0.0379190271952053,0.1563502336863284,-0.0188826138360388,-1.2787726067932714,0.2948310769448136,0.8596243642360235
NUEx045,DR,picture,cookie,food/fruit,-0.0061174624729545,0.0078808006779194,0.0092863005222125,-0.0047812170261073,-0.0020325759563635,0.100294643527404,0.0761765403091652,0.1017307997018195
NUEx045,DR,picture,deer,animal,0.0326319465479611,0.0272568275376911,0.0367473383830001,0.0471349094369809,0.0140170470826233,-0.1667450981314641,0.3395424316031643,0.2954809741809873
NUEx045,DR,picture,hurricane,nature,-0.0315958617058328,-0.1478358268493882,-0.0695706685919241,0.0306833008329858,0.1289082408347117,-0.2044565185064111,-1.0037772109601433,0.536562273488015
NUEx045,DR,picture,truck,vehicle,-0.0110822926931562,-0.0268710242526538,-0.0310991103192044,-0.0250287260338387,-0.0127991676992069,0.0185424922175311,-0.189721276906764,-0.5421557398017274
NUEx045,DR,picture,nose,body part,0.0480474180203774,0.1160306567481363,0.1075451816743197,0.0612028942439563,-0.0309676978985202,-0.0210862856015591,0.6750168771980022,-0.0165152741533285
NUEx045,DR,picture,ear,body part,-0.0476381966826352,-0.1511648359404255,-0.0492346666743701,0.0377398244956062,0.1451606407186493,-0.1473194190098138,-1.1294906463133756,1.064964089438277
NUEx045,DR,picture,wrench,object/tool,-0.0302034692507945,-0.0044780644457429,-0.0057613864608112,-0.0340824311186186,-0.000853975230543,0.3081053338149699,-0.1419631251020664,-0.2933396904870005
NUEx045,DR,picture,nail(object/tool),object/tool,0.0675977936905317,-0.1566717988205162,-0.1611351090789388,0.0115335273585968,-0.0440219653555697,-0.7175396788140779,-0.4023499702542926,-0.2803630737898365
NUEx045,DR,picture,bird,animal,0.1341313912875676,0.014899735561046,0.011459457702017,0.1361433563722192,-0.0034923894263006,-0.9034342178353846,0.4083305071449507,1.1281262978257585
NUEx045,DR,picture,hill,nature,0.0400734529488965,-0.0372151988182075,-0.0059077752816135,0.0594820260806026,0.0521281531385728,-0.4178604775170793,-0.2755816924864165,0.7331821831615761
NUEx045,DR,picture,duck,animal,0.0547931975751569,0.0099492855074101,-0.0022117237405585,0.0391347856504832,-0.0443085707759529,-0.3312795755329914,0.3077624138700642,-0.3348943280403966
NUEx045,DR,picture,key,object/tool,0.0281106356961234,-0.0750269736518071,-0.0811213540828703,0.0107413211786554,0.0037774428275936,-0.4812530326683086,-0.557824511001794,-0.4992899136763408
NUEx045,DR,picture,strawberry,food/fruit,0.0399791730285618,0.0398172229687742,0.0239394818557153,0.0275259621657688,-0.0459127493833455,-0.2378040861639523,0.7445070397170623,-0.0296421321423809
NUEx045,DR,picture,car,vehicle,0.0171691273795602,0.0019657638400121,-0.0010604691794215,0.0147600338411422,-0.0092629596834034,-0.1840876604940337,0.1651308817310301,0.0637241189178561
NUEx045,DR,picture,mouth,body part,-0.0856403855883462,0.0897801702357199,0.0822292103565524,-0.0899356385888345,-0.0297250961750507,0.8949280659295495,0.4243220422560397,-0.1607166469998599
NUEx045,DR,picture,flower,nature,0.1380983831177193,0.0285881399158759,0.0242399107819929,0.123467228487854,0.0696092835931648,-0.5400627131600624,0.0218722975207578,0.4443976736167008
NUEx045,DR,picture,duck,animal,-0.1492960632377423,0.1021696147695059,0.1439741401853829,-0.0667686503328601,0.0827336243291135,1.1404906845400664,0.2061084107029037,0.7310493177553582
NUEx045,DR,picture,crab,animal,0.0159707211633676,0.1828187960074571,0.1265642047330823,-0.0210302240276985,-0.1284867408779489,0.4295940405799324,1.3208795417536123,-0.1735120418461889
NUEx045,DR,picture,ladder,object/tool,-0.044000971489702,0.033773881327519,0.056182733610724,-0.0070732946219103,0.0370306348021032,0.4600820662263455,0.1321739299156675,0.7283336626187072
NUEx045,DR,picture,bus,vehicle,0.0225071463155178,-0.1063626561702992,-0.0897887541971846,0.0296166346002933,0.0532714309085131,-0.6382911088744042,-1.0593657676893438,0.0747706165476873
NUEx045,DR,picture,lemon,food/fruit,-0.0226674382223145,-0.0596989549137158,-0.0635461034493567,-0.0292740998743799,0.0212822153575356,-0.0291796891362137,-0.3936694889450954,0.2724042460664579
NUEx045,DR,picture,key,object/tool,0.1037703657218301,-0.0470713349224618,-0.0741483379799996,0.0581413228343826,-0.0676944335494393,-0.9782172608884512,0.1405778301899026,-0.6933417466506021
NUEx045,DR,picture,taxi,vehicle,-0.005759231005579,-0.0665107074582495,-0.0674970516320529,-0.020325810143148,0.0052923581314986,-0.187674864969649,-0.6730268999680488,-0.53299782959531
NUEx045,DR,picture,key,object/tool,-0.0402598338307975,-0.0268698362412092,0.0209000365645794,0.0289330213895518,0.0754099915232724,0.0703261218844467,-0.3486638776256112,1.0529490148972018
NUEx045,DR,picture,strawberry,food/fruit,0.1011028022873347,-0.1831700027216641,-0.1798658994252319,0.090920009056072,0.0446053857169769,-1.3311496006643624,-1.120698924724022,0.1679568204227881
NUEx045,DR,picture,leaf,nature,0.0801285861089154,-0.0238412724728258,-0.0494834923966293,0.0470295543363196,-0.0531177762495048,-0.8903905407358184,0.1665633773325738,-0.4612014257732218
NUEx045,DR,picture,lemon,food/fruit,-0.0164297752744352,0.016628794215303,0.0165102376859848,-0.0157147683144183,-0.0041163844961604,0.2452484952960361,0.1132664580981909,0.1916923687821755
NUEx045,DR,picture,bat(object/tool),object/tool,-0.0908753545973171,-0.0463304155748549,-0.0274347441192593,-0.0779331915085532,0.0584016869463623,0.6551920125617666,-0.8067139652278814,0.0277522066376268
NUEx045,DR,picture,pizza,food/fruit,-0.1520495627239514,0.0883667366564902,0.1341443010111058,-0.0943153649741623,0.0572110896069837,1.459415684375391,0.3151809987209527,0.3612891154182747
NUEx045,DR,picture,grape,food/fruit,0.1131460980096868,0.0582368924356961,0.0545550177832338,0.1173025055488634,-0.0068869948759624,-0.6828158004883444,0.696774553839613,0.6665183342703774
NUEx045,DR,picture,airplane,vehicle,0.0820492011940474,0.0756647535612939,0.0253725652558097,0.037869942330913,-0.1039215253672112,-0.2717687146105305,0.5684179153792388,-0.1344438815001046
NUEx045,DR,picture,taxi,vehicle,-0.1494795115401048,-0.0874891842412575,-0.0244305496048257,-0.0883213543508351,0.144657624960497,0.7796578380960197,-1.1179562836885242,0.1362777374562187
NUEx045,DR,picture,nut(object/tool),object/tool,-0.1317004937301961,-0.1038301508717351,-0.0736483615645915,-0.1211902675556466,0.0843376299741369,0.690515342551801,-1.0373904878364182,-0.2722538729395884
NUEx045,DR,picture,crab,animal,0.0390685657689935,0.0537465024804764,0.0567692900097154,0.0511290010356666,-0.0034021997138534,-0.1209561762746962,0.5147597671646851,0.3238152461340732
NUEx045,DR,picture,hand,body part,-0.0608383423265821,-0.0778234659417501,0.0131470303843834,-0.0404442648719921,-0.1026224908948606,0.0885041856880524,0.189642674599322,-0.5340025373866893
NUEx045,DR,picture,ear,body part,-0.0360374280011643,0.0296580155222538,0.049418515853508,-0.0105797248510516,0.021675092549115,0.3762700663352951,0.170686903547191,0.3842706440394772
NUEx045,DR,picture,duck,animal,0.1055172674245566,0.015593593565846,-0.0084793485224274,0.0833597006182275,-0.0681016678460138,-0.7491123439212712,0.5534906992048414,-0.0322450248954539
NUEx045,DR,picture,fly,animal,-0.1657672528874722,-0.0267192810571581,0.0713527066119262,-0.0547221776633045,0.1395914000217447,0.9265837220866764,-0.3886171210807826,0.6744179030251098
NUEx045,DR,picture,bear,animal,-0.1294126079447566,-0.0094300264515288,0.036957283692717,-0.0936072655753068,0.0790538503533266,0.8851816250294373,-0.2489734454116535,-0.159226233103245
NUEx045,DR,picture,taxi,vehicle,0.0413780420255597,0.0319523381989512,0.0360646775848166,0.0634902090440634,0.052803532592088,-0.1553387204057662,0.059000864947013,1.0623658038237551
NUEx045,DR,picture,crab,animal,0.066531032350099,0.1047910604514052,0.094527205547835,0.0754589511049649,-0.0384635091198461,-0.1297259289422733,0.8981962519327827,0.9071596392828326
NUEx045,DR,picture,mouse(object/tool),object/tool,-0.0099903201804464,0.027344829987176,0.0325007356596566,-0.0021490641911039,-0.0015845973446772,0.2274842754785504,0.2778443141848296,0.3372918477985871
NUEx045,DR,picture,beach,nature,0.0332850286680041,-0.0818064443137332,-0.0891568039108347,0.0140436555066402,0.0021904285726444,-0.430674856126278,-0.4723862752085188,-0.1347688746391961
NUEx045,DR,picture,car,vehicle,0.1285666068454176,-0.0249220029517734,-0.0007041342222975,0.1305725031788266,0.0422018676068565,-0.7098791579266185,0.079845253776391,0.3444098140983075
NUEx045,DR,picture,airplane,vehicle,0.005566005697449,-0.1087881967708559,-0.0080863510960049,0.0634388697876935,0.0959374436125689,-0.2562554602386969,-0.4792895925720847,1.0111677829702537
NUEx045,DR,picture,mouse(object/tool),object/tool,-0.1101513649159874,-0.0299679483216475,-0.0079161566975619,-0.0967307666693532,0.0572713044176284,0.7784099171559345,-0.5210020113904534,-0.1461700326827467
NUEx045,DR,picture,head,body part,-0.0743734051226085,0.178209088698499,0.1486868815131434,-0.0865130300531581,-0.0816067719722625,1.0838499440658138,1.1494263599127472,0.0467746711737889
NUEx045,DR,picture,bed,object/tool,0.0364953669647123,-0.0715060489746385,-0.0748595257525564,-0.0160245110765732,-0.0499354154721403,-0.3062621592637231,-0.1628343520079588,-0.5642389912266026
NUEx045,DR,picture,pear,food/fruit,-0.1023663997237046,0.030780638516825,0.0398970256709717,-0.0977946864943432,0.0132837990919012,1.0484718674105735,-0.0485384761566725,0.0331090079729537
NUEx045,DR,picture,strawberry,food/fruit,0.0139810334559314,0.0432521635459993,0.0204799389507185,-0.004363486935051,-0.0484430456542686,0.0580236133174252,0.2426400070776704,0.1776601996310658
NUEx045,DR,picture,nail(body part),body part,0.184798650133939,-0.0208486923344974,-0.0406455720654657,0.1667812348606964,-0.0625811190059107,-1.444948111319916,0.4528482276924308,-0.1372596974921401
NUEx045,DR,picture,mountain,nature,-0.0719904515209218,-0.1643752271956889,-0.0631320870655362,0.0148247619515712,0.163886638757202,0.0639167489239755,-0.5209742093537857,0.4882977615941835
NUEx045,DR,picture,cow,animal,-0.0180214668782806,0.1249271131053579,0.0527093965169119,-0.0603049190650731,-0.0996995377172026,0.4266248459151497,0.5549131598198435,-0.5690166957849038
NUEx045,DR,picture,nut(food/fruit),food/fruit,0.1118029150123046,-0.1735760211823374,-0.1566436567800062,0.117942835991483,0.055055466994601,-1.6366479642011278,-1.2739909706050296,0.1668786632233068
NUEx045,DR,auditory,dog,animal,-0.0333042169776307,0.0933013394095724,0.0965332032208291,-0.0227980963595743,-0.0276056346890896,0.495672419175074,0.4889860512164908,0.1773741145905669
NUEx045,DR,auditory,bear,animal,-0.0915882360572318,0.0656270856999122,0.1004738012211315,-0.0316984027503148,0.0517574430747479,0.7585940715044418,0.1864942446095484,0.3409644611576281
NUEx045,DR,auditory,strawberry,food/fruit,-0.0702743735308664,-0.0325508476824257,-0.0309931257698851,-0.0781849547711789,0.0002862683048925,0.4120442061828844,-0.3205016727570871,-0.3968488048878834
NUEx045,DR,auditory,book,object/tool,-0.1976016376913201,0.025251791681115,0.0509575599805463,-0.1863320178291641,0.0333057186246949,1.3571905707489809,-0.2006308732290189,-0.7340994099844007
NUEx045,DR,auditory,head,body part,-0.185721316259995,0.0444759402773671,0.084279604221952,-0.1572311852143666,0.0602478006434783,1.796807726881828,-0.2105001921166304,-0.0985905032637379
NUEx045,DR,auditory,bed,object/tool,-0.0038447528988203,0.1430016128601836,0.1328658488468862,0.0390006673931201,0.0393087658285165,0.327939307893225,0.3807688628557139,0.2427716223822134
NUEx045,DR,auditory,hammer,object/tool,-0.0340629748465134,0.1631718491891962,0.1628167588364558,-0.0145187559634401,-0.0188026834479123,0.5333285758180111,0.3573500334739926,-0.0067794830366175
NUEx045,DR,auditory,cat,animal,-0.1464085596680191,0.1107930442721564,0.1562884884094857,-0.0487135816272987,0.0768261475026107,0.901202914521786,0.250778845157572,0.0064544926584797
NUEx045,DR,auditory,bicycle,vehicle,-0.0647956674755041,-0.0598467897484358,0.0010361705240189,-0.005225905097674,0.0947488717027112,0.2559649205701635,-0.6215369923729754,0.2591714869337687
NUEx045,DR,auditory,beach,nature,-0.0276473372929538,0.0265907257746156,0.0455207227164136,0.0128723505778608,0.04636554189395,0.2856223762162179,0.0665456076472193,0.4953293555278085
NUEx045,DR,auditory,hand,body part,-0.1280949278304169,-0.0319132600100382,-0.0061682260891973,-0.1110367460365402,0.0692887692801836,0.7637516839067556,-0.504701884251107,-0.1355282485155072
NUEx045,DR,auditory,elk,animal,-0.1672073966420977,0.0493778542969327,0.1118083839461669,-0.075246006929754,0.108492108213127,1.14053029059589,-0.0613888738188441,0.5739039149525389
NUEx045,DR,auditory,leaf,nature,-0.0939567252451966,0.1352789679279231,0.0510396523871092,-0.1280106384611333,-0.0915421131785935,0.792504766413543,0.5136058543788975,-0.2992186449373321
NUEx045,DR,auditory,grape,food/fruit,0.0076281201661405,-0.023716163702453,-0.0281933220050813,-0.0020317476071159,-0.013350864895626,-0.0637303957205656,-0.045838063393413,-0.2448771895560919
NUEx045,DR,auditory,fly,animal,-0.0337309988067452,-0.0657141589576952,-0.0488001738723484,-0.0187266521785232,0.0541537581121851,0.0685980682205186,-0.4594981561708154,-0.1162844972855486
NUEx045,DR,auditory,crab,animal,-0.0023124751560393,-0.0957238819796449,-0.0850330536149907,-0.0366573061030832,-0.0472626353272518,-0.1329116435121531,-0.1445491824265561,-0.6300454282208551
NUEx045,DR,auditory,aduck,animal,-0.0754445937560806,0.1175578724721027,0.0272466746924306,-0.1098637823386444,-0.0899997135636159,0.6325588146745398,0.4602537837320177,-0.7818308035122911
NUEx045,DR,auditory,bat,object/tool,-0.1080766448699661,0.1355187051999095,0.0347539161380779,-0.141825648875958,-0.0943091139745156,0.789978872698716,0.4301259382088176,-0.5319017782167124
NUEx045,DR,auditory,cow,animal,-0.0888698384219039,0.0903425333540991,0.0671762544844791,-0.100517807915709,-0.0412940707304155,0.9014772950778625,0.4654503640638943,-0.4752645958055995
NUEx045,DR,auditory,ear,body part,0.0529852960596693,-0.0450645571096012,-0.0350622187884876,0.0616367633471071,0.0199513413789596,-0.3769510300887315,-0.1123043640468699,0.0105378090017686
NUEx045,DR,auditory,car,vehicle,-0.1439229708502793,0.0329731195186443,0.0579976540746099,-0.1265511341738749,0.0433692937326703,1.3053033035069648,-0.1757665704941914,-0.1934801671433119
NUEx045,DR,auditory,fly,animal,0.0853190802847449,0.0311093866910805,0.0283326462577157,0.0854326056146776,-0.0341140439785684,-0.4301954325641293,0.5138315124647312,-0.0515476263848517
NUEx045,DR,auditory,crane,vehicle,-0.0813621897211792,-0.0705780325044932,-0.0482969514668302,-0.06492621900806,0.0705993869590668,0.4441762669824593,-0.7895757477577223,-0.1318712208052799
NUEx045,DR,auditory,boat,vehicle,-0.0550113634253142,0.0477371635068987,0.0338628970618758,-0.0641759496115922,-0.025249884965632,0.6095332922845466,0.2546864839994527,-0.2714601617415618
NUEx045,DR,auditory,bus,vehicle,-0.1612845810716406,-0.0092897467889718,0.0556244966883977,-0.0882675610809024,0.1210989079132425,1.011193556441932,-0.4445130708150424,0.2798579986259667
NUEx045,DR,auditory,river,nature,-0.2212695866811202,-0.0029500933669708,0.0589543304067452,-0.1639332087926475,0.1318657692215928,1.5311634872768194,-0.7040907631882486,0.352080139922741
NUEx045,DR,auditory,head,body part,0.0126866785372186,0.0797803768713671,0.0826042600380195,0.0320889744245374,-0.0016243735660962,0.2039887520717449,0.6064235006869898,0.4847577099792673
NUEx045,DR,auditory,hammer,object/tool,-0.0261080385315649,0.109987998499833,0.1164145014442612,0.0045223446107422,-0.0048676200737351,0.4877204634946195,0.6528528345485525,0.2363505939535432
NUEx045,DR,auditory,mouse,object/tool,-0.0817763348057172,0.0431923152543041,0.0431131979985005,-0.0837371256629927,-0.0044875985968574,0.8682051427794462,0.1330807813725326,-0.3144881840111988
NUEx045,DR,auditory,leg,body part,0.0472197054483606,-0.0599422996673548,-0.0718546439729947,0.0320896132670513,-0.0093837307479622,-0.2514770979025936,-0.1183728612522853,-0.1572989429352633
NUEx045,DR,auditory,arm,body part,-0.099007306399039,0.0529517229571801,0.0577859970837854,-0.0965441166291129,7.407842756378789e-05,1.0838038733588844,0.1935419131534385,-0.3140149681446712
NUEx045,DR,auditory,truck,vehicle,-0.0665756686747493,-0.007910945410118,0.0074288638446998,-0.0591278409826085,0.0289121205506119,0.5402290327831893,-0.1955224149244373,-0.3334672747953388
NUEx045,DR,auditory,tree,nature,-0.0048238213017481,0.0140405580239174,0.0290298148257407,0.0145308934296043,0.0250975051714635,0.1199022989721448,0.069465701305348,0.034257736006649
NUEx045,DR,auditory,skislope,nature,-0.075737530886961,-0.0271484970903449,0.0117464746780491,-0.0360603312480773,0.0747214507187388,0.5477416434353806,-0.5095005578817939,0.1782775923960665
NUEx045,DR,auditory,subway,vehicle,-0.1031147573451401,-0.0010110247707607,0.0121621429064995,-0.0983771735592394,0.0288717444016195,0.8208577792621364,-0.3025240081813591,-0.1989114030115659
NUEx045,DR,auditory,bellfruit,food/fruit,-0.1672515026338545,0.0580402344936397,0.0974333678017652,-0.1329160947284188,0.0593243675036047,1.2582336360384117,-0.035114399589567,0.353383008425343
NUEx045,DR,auditory,train,vehicle,-0.009976189119797,-0.1047932708800999,-0.1015735317002119,-0.0183721701990683,0.0303813972155844,-0.1482458291464597,-0.5782294220410472,-0.1202376288715136
NUEx045,DR,auditory,leaf,nature,0.1011803913232962,-0.0208479105868085,-0.044311954179529,0.0753207112138423,-0.0572700218715941,-0.7486800236053264,0.2729736512109277,-0.3709710180678651
NUEx045,DR,auditory,toes,body part,-0.0528013449473136,0.1854505039545585,0.1066837047573416,-0.1118866947836493,-0.1097698137040426,0.63984523437244,0.4664907927686517,-0.0741322674305587
NUEx045,DR,auditory,cab,vehicle,-0.0001371635208909,0.0051765845868541,0.017801378446497,0.0159098778829755,0.0216977116395205,0.0808775221668988,0.0415420077158334,0.2471613571449053
NUEx045,DR,auditory,pizzadough,food/fruit,-0.0292575687062405,0.0420852036032298,0.0227645717232246,-0.0435390159582742,-0.0386335388701715,0.3450230880001484,0.3015799624394325,-0.5194673605120699
NUEx045,DR,auditory,mouth,body part,0.1142644530899515,0.089062109032924,0.0252893591440653,0.0580487851696428,-0.1285997936126109,-0.4514927462536517,1.0600089310013692,-0.5509384845570192
NUEx045,DR,auditory,lime,food/fruit,-0.021044843965809,-0.0517136584522096,-0.049927571583553,-0.0232290506111813,0.0246362323675855,0.0047160881692807,-0.4879201934616969,-0.1955287727158241
NUEx045,DR,auditory,lungs,body part,-0.0065942625248591,0.0472027382118819,0.0414727320943334,-0.0107876078209697,-0.0325173701120937,0.2723069894937701,0.4919567562551166,-0.2365703310802664
NUEx045,DR,auditory,ladder,object/tool,0.1312878422271498,0.0363249691493285,-0.0214845542568477,0.0727813480420919,-0.1126661556333634,-0.7510304321652831,0.7002956669284375,-0.6224873237359838
NUEx045,DR,auditory,shark,animal,0.1203430567613281,-0.0872738590883189,-0.124474344509767,0.0667700179521375,-0.0472568270438676,-0.7350209766909296,-0.1278806597474234,-0.1484003120492825
NUEx045,DR,auditory,strawberry,food/fruit,0.0320290099989689,-0.1819073446328726,-0.1734034535665293,-0.0284564573500232,-0.0459390231059158,-0.4372239067245061,-0.3352990743213985,-1.0639685244326034
NUEx045,DR,auditory,knife,object/tool,0.1799940238470241,-0.0823234429261275,-0.130623654062376,0.0955976579527007,-0.1068988760008827,-0.8397796313198298,0.1149617398978456,-0.3671960447684922
NUEx045,DR,auditory,saw,object/tool,0.1397450653401648,-0.0979660118716922,-0.1182143706035092,0.1135923972455485,-0.035929715426183,-1.1216232890389652,-0.1861978174218019,-0.2356005942995974
NUEx045,DR,auditory,nose,body part,0.150549112027203,-0.0199371920321935,0.0098770578752995,0.1464122650478807,-0.0386276775422993,-0.4825156442675538,0.2760096953859522,-0.1906854631707353
NUEx045,DR,auditory,lime,food/fruit,-0.042257118845557,-0.1147252701584457,-0.0817837733366202,-0.0092540238642053,0.0920148176590589,-0.0458669543878623,-0.5861254005440213,0.0807830596083038
NUEx038,LH,picture,milk,food/fruit,-0.0862984934837384,0.0112540111210973,0.0140916148221144,0.0013732000490384,0.086074480391064,-0.1506367500048742,0.952692919308379,-0.2442340979519913
NUEx038,LH,picture,toe,body part,0.066504537229278,0.192772104508022,0.1719783528799041,-0.0863796474743055,-0.0669256608653412,1.825472588433113,0.1792946156777394,0.8366525787917622
NUEx038,LH,picture,hand,body part,0.0428021804350684,0.0397407317748732,0.0443962703828035,-0.0109992396539592,-0.0434871366171468,0.5385774320286045,-0.2215512802766903,0.4410233552124188
NUEx038,LH,picture,car,vehicle,-0.0826710410280587,0.0866354658063948,0.0350377775119582,-0.0774069221165372,0.0853985203781175,0.4441087948767225,0.8603633053863247,-0.6208560741189216
NUEx038,LH,picture,flower,nature,-0.0091625148125747,-0.0239227257115244,-0.0090923243925116,0.0243336976425673,0.0070595837996781,-0.2898735568158047,0.0548554313458841,0.215599688887227
NUEx038,LH,picture,nut(object/tool),object/tool,-0.0063392434208462,0.1177642361857631,0.0917537541427105,-0.0728297510623108,0.0122257741162319,1.0529332447702549,0.5863879581819607,0.0352969374412016
NUEx038,LH,picture,wrench,object/tool,-0.1219039969265965,-0.0155551132175194,-0.073454767260492,-0.0527052601715137,0.0879221273778223,-0.261669844349148,0.340404341410807,-0.6424280188374885
NUEx038,LH,picture,cow,animal,0.0973031038784398,-0.0573028243571473,-0.0961629751747208,-0.0653143858346919,0.0006693099828473,-0.0943451939656923,-0.2210420519785387,-0.5216869613187433
NUEx038,LH,picture,hurricane,nature,-0.0585592890645099,0.0674759601072563,0.0667519001802344,-0.0229812579076801,0.0582588710587781,0.3781967241099312,0.7950391212535862,0.0846077715228132
NUEx038,LH,picture,mouth,body part,-0.0793365098865327,-0.0606900546978613,-0.0500940671652209,0.0387143370245931,0.0768479603421868,-0.768245979261421,0.5126197964746987,-0.2977277572458328
NUEx038,LH,picture,hurricane,nature,0.1229689364644351,0.1678771300501012,0.0937265936521232,-0.1446693389157427,-0.1142086696153385,1.9691504403262745,-0.6421307959571311,-0.1726687507006093
NUEx038,LH,picture,lock,object/tool,0.045472753393409,0.0945375528269709,0.0615608011238394,-0.0729108180743704,-0.0409811550669772,1.2256331143761896,-0.0935414114375404,-0.0140232466351141
NUEx038,LH,picture,island,nature,0.0042389556134486,0.0772045867715878,0.0456483928474729,-0.0616724737336108,0.0007637111448031,0.8514597621604114,0.3598373963184941,-0.2856020045206117
NUEx038,LH,picture,leg,body part,0.0905219946429757,-0.0905990547200333,-0.059415511253762,0.0606454310005659,-0.0962661336597589,-0.450795937476052,-1.0954388698982973,0.2985428027943943
NUEx038,LH,picture,bus,vehicle,0.0906994054505596,0.0180454475636349,-0.0303292394940905,-0.0545889219932219,-0.0738480036992411,0.4741745296604756,-0.9425221991348568,-0.5304184389500975
NUEx038,LH,picture,tree,nature,0.0455370509292794,0.0696770560499304,0.0642343900249585,-0.0326783779420097,-0.0449493722441263,0.924666407320357,-0.1575149251048189,0.5794298986512513
NUEx038,LH,picture,island,nature,-0.0654334712492726,0.0667158807863994,0.0495999134962713,-0.0403080110744616,0.068213071384615,0.4146283054375342,0.9771885980105012,-0.2635265859513533
NUEx038,LH,picture,crane,vehicle,0.0905826303906299,0.0254072908247351,-0.0323308088579854,-0.0716847766317593,-0.0587025882235366,0.4058328822035991,-0.4002836304741642,-0.3440054133100372
NUEx038,LH,picture,mountain,nature,-0.0265466196146123,0.1204195559583356,0.107068697778422,-0.0561733608117012,0.0290592092668917,0.9646437819178516,0.8255256079705116,0.2682070986360327
NUEx038,LH,picture,dog,animal,-0.0160214843436722,0.0310293518451063,0.0358873927591427,-0.0066245630459778,0.0168213754757059,0.2419927235331402,0.3483539041946635,0.1820923929317254
NUEx038,LH,picture,subway,vehicle,-0.0724731224836189,0.0639518356275163,0.0925565123938445,0.0284439728290293,0.0430826865977986,0.2727954539424071,0.8675948753931391,0.8538088390610235
NUEx038,LH,picture,bed,object/tool,0.0714948826774286,0.1530016653451465,0.1178909049623679,-0.1007178033464784,-0.0651168180828048,1.671648628386457,-0.0602983558821199,0.2990715778057853
NUEx038,LH,picture,boat,vehicle,0.0484393484865501,0.1675378361889686,0.0572919788000841,-0.1628369908831987,-0.029823765587497,1.3105017615715184,0.076543492603265,-0.6640069275929408
NUEx038,LH,picture,saw,object/tool,0.0149382825946023,0.0373425140421251,0.0200436109645189,-0.0336247498895455,-0.012025406033382,0.4611697230311934,0.0070740826882091,-0.1106304341957149
NUEx038,LH,picture,nut(food/fruit),food/fruit,0.0687556144002294,-0.0941490433389316,-0.0775037543606344,0.0482252562974955,-0.0727664390192174,-0.6521845885029544,-1.3494939484716355,0.1009753652647097
NUEx038,LH,picture,leg,body part,0.013913369820533,0.0510137873158728,0.0588770539129398,-0.0088658653220747,-0.0137737260769698,0.5641987541070278,0.2018533888432164,0.607665393171279
NUEx038,LH,picture,deer,animal,0.0942165630376692,0.0354448211174058,0.0304328406819093,-0.0202621410835066,-0.0952883517423397,0.6971595380929368,-0.8835718174901059,0.4670641760801892
NUEx038,LH,picture,knife,object/tool,-0.0373950858920403,0.0028013010789474,0.0394163208724108,0.053878590423497,0.0052623785091512,-0.1206658018046928,0.1349412231347393,0.2734824077661437
NUEx038,LH,picture,pear,food/fruit,0.003640943886338,-0.0372919839061443,-0.0550567581217249,-0.0073509628094123,-0.0004442444707173,-0.2904007813189496,-0.279420277588733,-0.6052265308252782
NUEx038,LH,picture,train,vehicle,-0.0030420291190285,0.1671906915243181,0.1381476873464641,-0.0929077243500725,0.0098632285834822,1.4394980295171795,0.8441413797896417,0.2658740148498486
NUEx038,LH,picture,mountain,nature,0.0692943959771088,0.0098846345358373,-0.0268528079480825,-0.0390506948556479,-0.0591225347143494,0.3091711444940114,-0.6681057831002626,-0.2444112389015541
NUEx038,LH,picture,head,body part,-0.2300591802799247,0.089360929944885,0.1033479373222083,-0.0094673840936313,0.2219132642143713,0.0915280201552065,2.282699190072927,-0.1316963950442052
NUEx038,LH,picture,bat(animal),animal,-0.0762135432171758,-0.0391644827002977,-0.0045397811268215,0.0505105960183152,0.070364351851096,-0.5224109518029125,0.6474231222911693,0.1006758707634131
NUEx038,LH,picture,nut(food/fruit),food/fruit,0.0537302183548182,-0.0221448896752208,0.0578196403848284,0.0643634027224067,-0.0190469290932528,0.0023356068465043,0.107719570646881,1.1240935644240533
NUEx038,LH,picture,leg,body part,0.0409467086108302,-0.1280999436755186,-0.0977814441502482,0.0775964833809436,-0.047802820058239,-1.101380615214414,-1.1453573128343923,0.1178226547526671
NUEx038,LH,picture,nose,body part,0.0347876860224609,-0.0178473417734605,0.0085563619639396,0.0292901465899876,-0.0366755702732442,-0.0269035844097645,-0.3586820352254193,0.508249862781158
NUEx038,LH,picture,tree,nature,0.0953701509479112,0.0865652950458767,0.0339796016654726,-0.0888651143178739,-0.0863874548593441,1.2044261082599246,-0.7541528057210489,-0.2842833676364744
NUEx038,LH,picture,hammer,object/tool,-0.0264330628587303,-0.072860392721389,-0.0574129338919875,0.0456437502810391,0.0242248442258466,-0.8003341388957496,-0.0108347817979954,-0.2000612221348566
NUEx038,LH,picture,bear,animal,0.0010765491293025,-0.1089919592033457,-0.0869879035429428,0.0647274137800638,-0.0055680776601883,-1.0512385012678778,-0.5519943492677511,-0.0969270653611732
NUEx038,LH,picture,orange,food/fruit,0.0177867742002108,-0.1355565743814476,-0.0691814668929504,0.1139085604860483,-0.0267378332235823,-1.13746862408101,-0.6222880142030315,0.5952646581948204
NUEx038,LH,picture,river,nature,0.0479519802837044,0.113754975161604,0.0447086018514302,-0.1092020163360594,-0.037749696175743,1.0931349858734565,-0.1291207379251634,-0.353632165228802
NUEx038,LH,picture,bat(object/tool),object/tool,-0.0726603127627755,0.0364659326144363,0.0140547764460149,-0.0333089982742671,0.0740876647535891,0.099115828280788,0.6814027133037398,-0.3817998350273775
NUEx038,LH,picture,flower,nature,0.0772265755339004,0.1801792699830619,0.1046079313671152,-0.1508492767253148,-0.0650784102281211,1.833554542638342,-0.038666474140715,-0.3185403841531966
NUEx038,LH,picture,mouse(animal),animal,0.0641255832538704,0.0711544122218905,0.0474428014903226,-0.0546834008195921,-0.0617639579204308,0.9803195691288026,-0.405822548930446,0.1430129078373369
NUEx038,LH,picture,banana,food/fruit,-0.0816755582238775,-0.2143222604372855,-0.0884425442074378,0.2001035082382402,0.058538665639976,-1.9383479008448263,0.1197895936370627,0.7564353642771139
NUEx038,LH,picture,boat,vehicle,0.0544797252500033,0.1911084670267833,0.1593514653837405,-0.1064843735854632,-0.0491994599778364,1.924277645153484,0.3754655102663467,0.5986870805673188
NUEx038,LH,picture,bat(animal),animal,0.0516276034499227,-0.0016155896761496,-0.0158808601535465,-0.0135608582920669,-0.0509886624819475,0.1893342173997297,-0.656548678590021,-0.036615067218431
NUEx038,LH,picture,saw,object/tool,-0.0106422415047707,-0.1408880433990831,-0.0572598588253811,0.1284368382037655,0.001301841685513,-1.2636665711281878,-0.2805387155143435,0.7267729968945634
NUEx038,LH,picture,bat(animal),animal,0.0570017290609346,-0.1113650855699642,-0.0924168799007965,0.0567724886411219,-0.0614878758037041,-0.8581197736677176,-1.257453112661119,-0.0033968847994607
NUEx038,LH,picture,bat(object/tool),object/tool,-0.1377928544588739,-0.0500055229856401,0.0115887619359815,0.0823932951124091,0.121010159692749,-0.810787972376606,1.1870928969068737,0.3479385863305549
NUEx038,LH,picture,cherry,food/fruit,0.0451423679384812,-0.0178714727712137,-0.0206240973975245,0.0027642360944804,-0.0457657380742545,0.0064716318110383,-0.5694440233751866,0.0393112035646896
NUEx038,LH,picture,cat,animal,-0.0145871141853256,-0.0581624775469175,-0.0314261851647519,0.050653129041824,0.0106493644483951,-0.6449662686391013,-0.043865918690277,0.204847626467431
NUEx038,LH,picture,hand,body part,0.0126189113743014,-0.1220036432936634,-0.1022745133358681,0.0642412547961964,-0.0161999033620925,-1.179606074802394,-0.8330920403947948,-0.2813190205434577
NUEx038,LH,picture,shark,animal,0.0602008720269387,0.0046962935493423,-0.0108076673048111,-0.018224908803259,-0.0593466977234227,0.2947088531301753,-0.7465302197282093,-0.0266141523076952
NUEx038,LH,picture,bike,vehicle,-0.0901580139847176,-0.1223743822143727,-0.0629761103748167,0.1098203929459799,0.0810579582772432,-1.379028528240937,0.547136754513312,0.1220725218394506
NUEx038,LH,picture,toe,body part,-0.0971163398203653,0.0461152824218894,0.0683209429525701,0.0137711117968182,0.085043396308678,0.0594842396000466,0.7527405710224995,0.1359056792174253
NUEx038,LH,picture,crane,vehicle,0.1088410582117487,0.2100912454591598,0.1501778998650949,-0.1501242536784792,-0.1003468512817668,1.8831074837911423,-0.1001531643775474,0.054838530188109
NUEx038,LH,picture,bird,animal,0.016440440474988,-0.0779232487149919,-0.0481841338434662,0.0601333061178015,-0.0251891415860248,-0.5399337330010828,-0.3390250524757568,0.1260282026381001
NUEx038,LH,picture,bus,vehicle,0.1077574169735593,0.0078800984553123,-0.0008460926752431,-0.0144560053743161,-0.1077632362998905,0.4935917221386486,-1.2074190044679838,0.3276012955983826
NUEx038,LH,picture,sky,nature,0.0417606432338986,0.167690700144257,0.0367526176343975,-0.169229560151217,-0.0270971897590484,1.3317666687268586,-0.0111509445330031,-0.8730648813555273
NUEx038,LH,picture,mouth,body part,0.0238918534469778,0.1038109367179762,0.0489302600699093,-0.0948002547282002,-0.009860894969014,0.669857612098966,0.0542864510180803,0.1384261995245691
NUEx038,LH,picture,sky,nature,0.0545960484511168,-0.0623867443883155,-0.0187472948084695,0.0606046462714835,-0.0592407972725909,-0.3403259132281989,-0.6355257528288407,0.5484950747287056
NUEx038,LH,picture,milk,food/fruit,0.0302875953735154,-0.1920950741687701,-0.1648641983559063,0.0930155432768176,-0.0339825650845788,-1.4410125404823466,-1.0889804195423862,-0.4635064222968042
NUEx038,LH,picture,boat,vehicle,0.1583115273879621,0.1821531692579562,0.1544559636113398,-0.1042951699984196,-0.1504497357600877,2.091705227340445,-0.6529010972369765,0.9239374059571246
NUEx038,LH,picture,banana,food/fruit,-0.1018350005460477,-0.1023137602783997,-0.056259587651713,0.0897786447889284,0.0956249803679235,-1.2427053158076955,0.7578102712063731,-0.0308165257030416
NUEx038,LH,picture,nail(body part),body part,0.0382681581148692,0.1455546055374123,0.0763791835381896,-0.1263542140397243,-0.0266134405923961,1.3164529903358744,0.1221058437346498,-0.3122884724305405
NUEx038,LH,picture,beach,nature,0.1296763475793074,0.1230334857525339,0.0034376107809097,-0.1566385838213399,-0.086877993831273,1.3306731350467285,-0.7355063638382265,-1.1749363000951487
NUEx038,LH,picture,train,vehicle,0.1429055895398598,0.251657886817382,0.1660595728443106,-0.1945527902901774,-0.1317038318784418,2.6816859463505254,-0.3905860651480066,0.0258233150171571
NUEx038,LH,picture,book,object/tool,-0.1416714268664621,-0.2159405641321184,-0.1112517306096564,0.1942954322422864,0.1245009069975542,-2.4572711383341628,0.7900614027151529,0.5288749831195911
NUEx038,LH,picture,ear,body part,0.0376327490560126,-0.0040523710752847,0.0050487897598895,0.0087973952402142,-0.0398081854263256,0.1329436926928069,-0.4888221767319341,0.3826660639937047
NUEx038,LH,picture,crane,vehicle,-0.0307447053253091,0.039264585201603,0.0219283040078164,-0.0315282348476609,0.0333647784398598,0.2653036888521129,0.441288595083845,-0.2070386289411953
NUEx038,LH,picture,mouse(object/tool),object/tool,-0.0466578580066595,-0.086395619509597,-0.1017001493823432,-0.0039009342734746,0.0325355068168648,-0.6742541384743971,-0.1328086287789561,-1.017100810680997
NUEx038,LH,picture,subway,vehicle,0.0547485308980584,0.1927976317003613,0.155985013719881,-0.1138681697949922,-0.0491862344195215,1.826980289760044,0.3383019017822548,0.365564547600865
NUEx038,LH,picture,airplane,vehicle,0.0458966631461457,-0.0277045010775142,0.0212768715466683,0.0492154829725344,-0.0425718170620213,-0.075234970546945,-0.3378027186956009,0.7159441408207399
NUEx038,LH,picture,cow,animal,0.032189247796431,0.0549783871600671,0.0685795837461814,0.0017001770346014,-0.0328752284456826,0.4651257998772856,0.0129237583574043,0.3825244022530673
NUEx038,LH,picture,orange,food/fruit,0.0465919384746081,-0.1101944764172074,-0.085487803085237,0.0644843600423955,-0.0525832963994995,-0.882695515044358,-1.099742511679546,0.1137003061666805
NUEx038,LH,picture,mouse(animal),animal,0.1057701230881388,0.095595946141414,0.0552919330800489,-0.0810087635661111,-0.1026847557688028,1.2898630485645073,-0.7688415409794224,0.1117841214431888
NUEx038,LH,picture,pizza,food/fruit,0.0749325963641697,-0.1815983088119786,-0.097527667224921,0.1438351916978592,-0.08706131260276,-0.9651627515751184,-0.7827123230659252,0.1018690018870034
NUEx038,LH,picture,shark,animal,0.0077230176847656,-0.0431656562869913,-0.0299685424891243,0.0300754834238096,-0.0106031625342736,-0.4803103555311686,-0.4092934435043862,0.1375930312035557
NUEx038,LH,picture,lemon,food/fruit,-0.0574039301873943,0.0598004966843167,0.0582399589402484,-0.0225748110832272,0.0569694102211017,0.3758262821874861,0.8714108087973866,0.0383382720237846
NUEx038,LH,picture,cookie,food/fruit,0.0006358310015517,-0.0937801874637938,-0.0806534707938495,0.0484064030610043,-0.003800282613667,-0.9262770204473348,-0.527218548342436,-0.2768459345275053
NUEx038,LH,picture,lock,object/tool,-0.0772480199570309,-0.067663183326602,-0.0131884454645637,0.0797400360721757,0.0658563812025822,-0.877074313195697,0.716978018313773,0.4514690066348116
NUEx038,LH,picture,bike,vehicle,0.0162872061876676,-0.0594994596223663,-0.0388352844574146,0.0431931116837001,-0.0200706512296358,-0.5476517430247411,-0.4668040475256493,0.1829923060894094
NUEx038,LH,picture,lung,body part,-0.001828322780982,-0.1394384816502627,-0.0869946973389997,0.1069034160535657,-0.0064769805133311,-1.3302217133699066,-0.538696696518881,0.2780559903620735
NUEx038,LH,picture,nail(body part),body part,-0.1378153871268503,0.2067980069948554,0.1954241328480754,-0.0758347084094003,0.1303945704907329,1.1733834180925558,2.0431964604846145,0.4800257436072266
NUEx038,LH,picture,muscle,body part,-0.1463789955429021,-0.0067599245207448,-0.0279083188785392,-0.0108798094580713,0.14218699709925,-0.3856683340577548,0.8841775164696819,-0.4855796567437975
NUEx038,LH,picture,tree,nature,-0.040963799304482,-0.1043366437665763,-0.0534997235406831,0.0921864185962557,0.0328975889229115,-1.1859465800766846,0.0707794706876184,0.3213021107061865
NUEx038,LH,picture,book,object/tool,0.1095377605719931,0.0063707143115184,-0.0044199176713646,-0.0164781319578266,-0.1088140148909399,0.4861068765074809,-1.2303265857165366,0.2772311086742852
NUEx038,LH,picture,train,vehicle,0.116369886701212,-0.0072287601865424,-0.0029477719314424,0.001987321927312,-0.1170630240273003,0.3916518601021931,-1.400948973175158,0.5619750044072906
NUEx038,LH,picture,river,nature,0.1602993315146252,0.2571268797019521,0.1258745560075157,-0.2355664123187796,-0.1389816518944045,2.784265108093186,-0.6941916102396496,-0.852965536197928
NUEx038,LH,picture,bear,animal,0.0035282850184301,-0.0131530907073983,0.0010346433530099,0.0187928942890021,-0.0054541039708105,-0.1055283345832404,-0.0522220118293766,0.2100973651712761
NUEx038,LH,picture,milk,food/fruit,0.0458724714504144,-0.0647327594327235,-0.0251127578632158,0.0593019113910035,-0.0496498685232396,-0.432232670917422,-0.6811723037239075,0.5856353706612856
NUEx038,LH,picture,leaf,nature,-0.0546900946056682,-0.0271977090774845,-3.975914885225297e-06,0.0379375664951094,0.0503843612754823,-0.4323057579847055,0.4747241204506959,0.1296025594213436
NUEx038,LH,picture,beach,nature,-0.0092325688378323,0.1987391918243447,0.1100426092913639,-0.1627246073859497,0.0242096180921258,1.6017129153639682,0.8413742353754339,-0.7756126337892605
NUEx038,LH,picture,bed,object/tool,0.0842077483239212,0.0958027749629888,0.0906161271195764,-0.0405161985160203,-0.0828809088108251,1.1870877319936926,-0.4071274724853469,0.7871670384098032
NUEx038,LH,picture,leaf,nature,0.0499471328814699,0.0742668893620259,0.0689409791774658,-0.0323020095355562,-0.0517481206086721,0.8445931426955131,-0.1740367546625679,0.4686974296241361
NUEx038,LH,picture,chair,object/tool,-0.1054098947059663,-0.139565466732178,-0.0482370453389091,0.1413770140765206,0.0873964765030496,-1.443023464765556,0.6556056801113151,0.5656721129405685
NUEx038,LH,picture,pear,food/fruit,-0.0304920134900652,0.0844596323207111,0.1012148211654469,0.0157301044630336,0.0072173728597484,0.4856530353843551,0.4955979992290738,0.7477727611938173
NUEx038,LH,picture,banana,food/fruit,0.0446516912514823,-0.1284574316415616,-0.0780708011908959,0.096538814780122,-0.0538576478277666,-0.9964907785571018,-0.9754990307436936,0.4751761373891303
NUEx038,LH,picture,truck,vehicle,0.0790154955741298,0.2063802332926098,0.136680353196744,-0.1572326472389134,-0.0683761595761102,2.1336646599999494,0.0735603265784399,-0.0810677077140609
NUEx038,LH,picture,hill,nature,-0.0339037818142293,0.2087250532922883,0.0454461409032,-0.2053710413952775,0.0307473248262451,1.1375644605745838,0.3095251894718098,-1.0408182477751102
NUEx038,LH,picture,fly,animal,-0.0157267048684913,-0.1466180649881255,-0.0310717354214926,0.1439877714219626,0.0053885678394028,-1.122004434748778,-0.0870241190062724,0.9826689289121336
NUEx038,LH,picture,river,nature,0.0845175675359809,0.0787533122912424,0.0272636836320304,-0.0840528367527652,-0.0745096415958619,1.0887859126612185,-0.6459792124211514,-0.3249262083303362
NUEx038,LH,picture,cat,animal,0.0353191867963038,0.0211786582070753,0.0149615250424202,-0.0161854288616518,-0.0354288810417209,0.4459383331219348,-0.3900554084660968,0.1763441914329749
NUEx038,LH,picture,cherry,food/fruit,-0.0501283793578297,-0.0836920502141729,-0.0405572935254243,0.0801665997913118,0.0405180802798843,-0.7764292749159782,0.1359130981275078,0.1259072913388167
NUEx038,LH,picture,mouse(animal),animal,-0.0614297345405648,-0.1859861233311916,-0.1308739822870881,0.1334368504575767,0.0511893623974092,-1.9887855956224156,-0.1485029535709418,-0.0906578904556855
NUEx038,LH,picture,head,body part,-0.248547667744817,-0.0061144198549948,0.0017052343623491,0.0204924706320983,0.2455642365934637,-0.6066059515064237,2.128844156375836,-0.8291568746900218
NUEx038,LH,picture,dog,animal,-0.062647204035561,-0.1499833794581515,-0.0812982882276039,0.1292874420631803,0.0502897095644482,-1.716434885578989,0.1206014090707519,0.413422384189234
NUEx038,LH,picture,fly,animal,0.1147658015998201,-0.0582752204894969,-0.0504137387777153,0.0264943232516139,-0.1167290100826492,-0.1022739066364214,-1.2402749080205726,0.2708638904815942
NUEx038,LH,picture,hill,nature,0.0735090138810347,0.0890664212670162,0.0389451492780174,-0.0858481103406295,-0.0665144014060001,1.200177115157692,-0.5393849860678346,-0.3031444259971848
NUEx038,LH,picture,book,object/tool,0.0066036624324298,-0.0359703920094399,-0.0160383465579583,0.0329627308221043,-0.009456039010607,-0.3819140777176367,-0.2580160283972169,0.3756028680349592
NUEx038,LH,picture,knife,object/tool,-0.0997022189799,-0.1071161055080546,-0.1169437830889479,0.0237897766575787,0.0837021802745953,-1.0053242278980796,0.2786092030160039,-1.0134422809175714
NUEx038,LH,picture,cherry,food/fruit,-0.0652225130125349,-0.0820697961972183,-0.027649646782583,0.0855941751919757,0.0551126458514658,-1.005836226574732,0.4971021907080309,0.4123960150632944
NUEx038,LH,picture,island,nature,0.0746787438238324,0.189632018842811,0.0875426269038102,-0.1738798247235675,-0.056348846127821,1.7094997871579505,-0.0229012576771698,-0.6038816502952612
NUEx038,LH,picture,lock,object/tool,0.0401124465597262,0.0532304117735433,0.0303070433360359,-0.0459045748955683,-0.037187600781901,0.8024212338149135,-0.2574798774454442,-0.0610086377423081
NUEx038,LH,picture,nail(object/tool),object/tool,-0.1529744937152017,-0.0265090059878566,-0.0705385957694068,-0.0216047377081432,0.1356605214311584,-0.5720339949213168,0.9551008781373628,-1.288788114105032
NUEx038,LH,picture,chair,object/tool,0.0643038327238018,-0.0094731724577079,0.0013356483377873,0.010631587994931,-0.0668948370740995,0.1600585322466607,-0.617150324556936,0.3171810305013786
NUEx038,LH,picture,muscle,body part,-0.3016605999308192,-0.0752940527111797,0.0129554282554207,0.1226420382542258,0.2829316303944388,-1.1662141461433166,2.359495541681299,-0.0043785409064886
NUEx038,LH,picture,apple,food/fruit,0.050355919996496,-0.0512320999365438,0.0253250733360553,0.0739414468084073,-0.036255974462316,-0.2302945487794636,-0.2524762789509894,1.169109664710031
NUEx038,LH,picture,nut(object/tool),object/tool,-0.042177876599148,-0.0328404997162311,-0.0292927771917953,0.0177902476283846,0.0413146794919798,-0.4534708472601029,0.344856333516833,-0.2977375648658001
NUEx038,LH,picture,hammer,object/tool,0.0616415134771551,0.0428386893353341,0.0399487190293277,-0.0227936143607442,-0.0616068719204722,0.6284546279949051,-0.3663367966077605,0.2969326019162581
NUEx038,LH,picture,cat,animal,0.0667523163171879,-0.0032125880045044,0.0078377932527688,0.0084003147740427,-0.0690035369096518,0.2506984621463295,-0.8055377904120383,0.5086920551402541
NUEx038,LH,picture,shark,animal,0.0198553657166819,-0.0899369022053277,-0.013475127257238,0.0947188278915047,-0.0230599156548896,-0.6070871545420026,-0.2632730461561488,0.5396351053787931
NUEx038,LH,picture,subway,vehicle,0.1012110324125305,0.2351044886774724,0.1566624706097638,-0.1795867602549316,-0.0885035295765052,2.538329788018421,-0.0118307653335573,-0.0783670918790857
NUEx038,LH,picture,apple,food/fruit,-0.0416859657527201,-0.2305556498069628,-0.1822997040306671,0.1398314767716016,0.0312093392855177,-2.288778406544352,-0.6897233398614052,-0.5213229442330832
NUEx038,LH,picture,saw,object/tool,-0.0318849949818105,0.0451734196410563,0.0621728455413654,0.0098081191326011,0.0207050229374535,0.2500037021860468,0.4405812017010135,0.3758973021330858
NUEx038,LH,picture,toe,body part,-0.0798550517935334,-0.0193258543463386,-0.0777744265704538,-0.0371557083317805,0.0430097198205486,-0.3010998869572608,0.0858794974210932,-1.0086645493836088
NUEx038,LH,picture,bike,vehicle,-0.096261213429521,-0.2075924304338511,-0.161342242037483,0.1339193928498284,0.0853373467155459,-2.124634141167254,0.0711806735281787,-0.5691425990608033
NUEx038,LH,picture,truck,vehicle,-0.0495614508972409,0.0147752156235044,0.0029640144525639,-0.0143867562081256,0.0501705384238967,-0.0120856004917677,0.599838871071849,-0.377121664761754
NUEx038,LH,picture,bird,animal,0.035803205664979,-0.0149938502313289,-0.0032755550691367,0.016016519084109,-0.0384401833027712,0.0105958867551067,-0.4455209120511647,0.3423177702065085
NUEx038,LH,picture,grape,food/fruit,-0.0805073684240415,-0.1573431353835852,-0.0823637894784006,0.1393996276412977,0.0657347575534292,-1.487571092197323,0.2334193417332038,0.2511028991898237
NUEx038,LH,picture,sky,nature,0.0549042884693849,-0.0540073227402536,-0.0227817668057304,0.0473431110134876,-0.0603137749592043,-0.2830944503359586,-0.749539174707132,0.5257117651525827
NUEx038,LH,picture,grape,food/fruit,0.0358656332149269,-0.0324308922219286,-0.0351021134918151,0.0103402976377799,-0.0382075044777967,-0.1498749012907591,-0.4518747235058969,0.0465716323150279
NUEx038,LH,picture,apple,food/fruit,-0.0021442890349883,-0.1075979325994356,-0.0390697333169404,0.1022482579843244,-0.0054027328167663,-1.0695508289738802,-0.3210518386531624,0.874465890486809
NUEx038,LH,picture,cookie,food/fruit,0.0212857148803867,-0.0977022001576772,-0.0500440189267636,0.0827245092164277,-0.0278706101749524,-0.9380329309730456,-0.6910626964871651,0.6412127864212429
NUEx038,LH,picture,lung,body part,-0.0308617492849611,-0.0265008918160831,-0.0151589142993195,0.0222308209299042,0.030001878812069,-0.3999866200015975,0.3474792048843065,-0.0658711519044111
NUEx038,LH,picture,wrench,object/tool,-0.0674180184178961,-0.0200795209956288,-0.0400972627321058,-0.0059214540592209,0.0612878145183848,-0.3714035159365781,0.4738560533493121,-0.6767330436797298
NUEx038,LH,picture,pizza,food/fruit,0.0436484641538569,-0.1485199806955618,-0.048192317153302,0.1377994133780463,-0.0477835910325985,-0.920386115477386,-0.5321051933539102,0.6231057264577641
NUEx038,LH,picture,ladder,object/tool,-0.0096027326357948,-0.0221923730378241,-0.0012852412767243,0.0294023028763477,0.0067923072509303,-0.2615107051527354,0.0718628651135435,0.3331446066246476
NUEx038,LH,picture,dog,animal,0.0717955298231414,-0.0977410789085941,-0.0521484020157227,0.0766536784301542,-0.0784724077998944,-0.614242623077818,-1.0948271533616782,0.5759331867668539
NUEx038,LH,picture,lung,body part,0.0292397564923838,-0.0023520147957043,0.0076758260058967,0.0091233052292787,-0.0308177812669476,0.1261776870108012,-0.3285855973101973,0.3745874725564591
NUEx038,LH,picture,knife,object/tool,-0.1193249550492057,-0.0028410288181643,-0.0256337606982937,-0.0126962346630645,0.1158838048419174,-0.3392426236017943,0.9356565369621648,-0.6579461231350928
NUEx038,LH,picture,nail(object/tool),object/tool,-0.0462879680522622,-0.0447674270742348,-0.0258483981469878,0.0378482099791944,0.0442650243955256,-0.6177501465978722,0.4242006025275505,-0.0567610938433286
NUEx038,LH,picture,nose,body part,-0.1341474091797915,-0.11737719197254,-0.0755635913695376,0.0899403766162856,0.1305567228704734,-1.0175545110967896,0.6160231248937444,-0.2246450644047098
NUEx038,LH,picture,orange,food/fruit,0.1057187817963805,-0.0240028123029025,-0.0210159569702818,0.0082665847892888,-0.1070053377232341,0.1705729075701115,-1.1644420232146615,0.2725429449522948
NUEx038,LH,picture,cookie,food/fruit,-0.0909223177993131,-0.2016653458218626,-0.1023889120791955,0.1787442569989081,0.0741730905923856,-2.1090602625337653,0.26703963712462,0.568745631363856
NUEx038,LH,picture,deer,animal,-0.1276915452031099,-0.0664212784621909,0.003030584518178,0.0941274418043832,0.1091173962391672,-0.9348114688503428,1.202515823867494,0.5282039771347936
NUEx038,LH,picture,hurricane,nature,-0.1046569093145127,0.1024325344800976,0.0751233441773375,-0.0628897593957583,0.1074548977062063,0.5383725770074854,1.2893134780610085,-0.3582686697809305
NUEx038,LH,picture,truck,vehicle,0.0233198527491107,0.0693606144299125,0.0692763169682874,-0.0248282192837726,-0.0219963374764025,0.8126781982399205,0.1838277583136081,0.622758289362394
NUEx038,LH,picture,nose,body part,0.0286998495892192,-0.1035304870506908,-0.083416988694381,0.0579346813276189,-0.0328073078846264,-0.9539329311013433,-0.9622400699647418,-0.0751758801799498
NUEx038,LH,picture,ear,body part,-0.0807842131535031,-0.0762219218835333,-0.0430796493675111,0.0662638866498118,0.0761098703493456,-1.058199996996438,0.6431703901288104,-0.0550363139316865
NUEx038,LH,picture,wrench,object/tool,-0.012146403938173,0.0664592088487885,0.0508856502201763,-0.0422076424883278,0.0179023738108186,0.5583394016147353,0.4048236907069309,-0.0088924205607292
NUEx038,LH,picture,nail(object/tool),object/tool,-0.1238459114398738,0.004949317844282,0.0213209385520043,0.0187703944001675,0.1206463343852792,-0.3271104138112039,1.2176693098854912,-0.1536453363259852
NUEx038,LH,picture,bird,animal,0.0260895581393426,0.1551308051525341,0.0819123704511747,-0.1328405942542218,-0.0140531957828648,1.442442017833273,0.3224493592382006,-0.5182216078742359
NUEx038,LH,picture,hill,nature,0.0458761682486645,0.0551906459510794,0.027974431954596,-0.0519633456827308,-0.0409641380958448,0.698294173453719,-0.2311242462962553,-0.0848925739658064
NUEx038,LH,picture,duck,animal,0.0748875252308795,-0.0833529843014128,-0.0635616671734174,0.0476719657982221,-0.0795874097199827,-0.510124466378074,-1.2745465800025968,0.2546537121975752
NUEx038,LH,picture,deer,animal,0.0172780671026075,-0.0218004862187946,-0.0172035889593751,0.0129337488848219,-0.0179676891064926,-0.1514267715587528,-0.3282889477083389,0.0709788585983294
NUEx038,LH,picture,key,object/tool,-0.0797606177352897,0.0208271541277186,0.0130606103531195,-0.0126717186604229,0.0811884005631908,-0.0570898910084088,0.8048509305624633,-0.3162741178346589
NUEx038,LH,picture,strawberry,food/fruit,-0.0167376286351619,0.0215374527626456,0.0423097794282429,0.018146930042821,0.0081874181912979,0.1140874880580721,0.2466267392698577,0.3549434111103458
NUEx038,LH,picture,car,vehicle,0.0801137518229061,0.0143002376224926,-0.0446419791020299,-0.0651790590660226,-0.0444880099707347,0.3148076879177839,-0.5065496955638661,-0.7205311865254999
NUEx038,LH,picture,mouth,body part,0.0570576951263733,-0.0583232023551428,-0.0294489691215419,0.0475703981742204,-0.0625771362680143,-0.3000659385071893,-0.6943342348299701,0.4044750498338528
NUEx038,LH,picture,flower,nature,0.1555594164396727,-0.079363758441953,0.1210496196591203,0.0563249610031308,0.1308959339760813,0.0234688575260297,1.7007570326677226,0.9484867869529862
NUEx038,LH,picture,duck,animal,0.0583556736751464,-0.0710723183022924,-0.0487840329788138,0.0467503257708125,-0.0636247662888209,-0.4608568848469109,-0.994335639485118,0.3538410203270832
NUEx038,LH,picture,crab,animal,0.0242359653077491,0.0317061166650202,-0.0257964792106889,-0.0573907938338477,-0.0117705670295462,0.3122569366228825,-0.2248637933905101,-0.7531902770917128
NUEx038,LH,picture,ladder,object/tool,0.0012759734595972,0.0643424312519731,0.0559378669645393,-0.0336640959831029,0.0011669136982745,0.6519113333398067,0.3755999628086555,0.1639011029867326
NUEx038,LH,picture,bus,vehicle,-0.0366814095959111,-0.0034351602162147,0.0230026761464411,0.0292646195061407,0.0309596568263239,-0.1494854923471657,0.4956075658593454,0.3951362484921493
NUEx038,LH,picture,lemon,food/fruit,0.0419410766913199,-0.1196778726593174,-0.0870987205951147,0.0769014150353459,-0.0493297752460212,-0.9905782587002556,-1.030822225050577,0.2271180207460612
NUEx038,LH,picture,hammer,object/tool,-0.0366128420295905,-0.0439210179282759,-0.0486143150965901,0.0120093441748644,0.0346208591289324,-0.5405765572073824,0.1500296001743277,-0.5340567853151956
NUEx038,LH,picture,key,object/tool,-0.065832726396039,-0.067603616225574,-0.0770596101005585,0.0142640004884202,0.0568395803284129,-0.7767342225691197,0.2300478902895965,-0.8546797029972907
NUEx038,LH,picture,taxi,vehicle,-0.0596272208518259,-0.0167916966296689,-0.0406548983492589,-0.0109893945224654,0.0528109320612391,-0.293596335918294,0.329708222989398,-0.554815171180868
NUEx038,LH,picture,key,object/tool,-0.0391765754604887,-0.1729486105969962,-0.1319563874528226,0.111153264205615,0.0309398771768423,-1.7822217453095517,-0.3891684210385356,-0.247813424879985
NUEx038,LH,picture,strawberry,food/fruit,0.0568230723092182,-0.1432216606723204,-0.0917331231197213,0.1029425198630514,-0.0667487146217747,-1.109505789204874,-1.212362510811981,0.515015446866909
NUEx038,LH,picture,leaf,nature,0.0060004186144994,-0.1446464013732254,-0.0793590073418103,0.1187379796948959,-0.0159175478031521,-1.1501331308353335,-0.4718428568894883,0.3477528114149103
NUEx038,LH,picture,lemon,food/fruit,-0.041561065899369,-0.1660214255714919,-0.1019754353846297,0.1315322670858926,0.0310563842451704,-1.7907624887965723,-0.2430160143558995,0.3285388905541365
NUEx038,LH,picture,bat(object/tool),object/tool,-0.0669490736002315,-0.198076986429329,-0.1785177414415952,0.0854316477664206,0.0573683718136152,-1.8505546399025008,-0.3095750352472414,-1.0642831428896742
NUEx038,LH,picture,pizza,food/fruit,-0.0129898513118474,-0.1421623167061789,-0.0951041543448614,0.1044119788473474,0.0049277081672511,-1.3793818775558098,-0.4515083890586485,0.1461967080189423
NUEx038,LH,picture,grape,food/fruit,0.0127062767781072,-0.0420309592439911,-0.0073185607504363,0.0475030921405134,-0.0166117958878279,-0.3363230929548331,-0.2028558665454902,0.394979983190762
NUEx038,LH,picture,airplane,vehicle,0.019513329096998,0.0435452155653605,-0.005636308863125,-0.0584508892721621,-0.0118795938973806,0.4465036339103454,-0.0986973712307182,-0.5523723326565475
NUEx038,LH,picture,taxi,vehicle,0.0388404129976163,0.0917398604970113,0.0488250223975805,-0.0797856755760593,-0.0322810864882906,1.0755274108201018,-0.045061259328859,-0.2572987830602145
NUEx038,LH,picture,nut(object/tool),object/tool,-0.0962157950802004,-0.1644533149939614,-0.1292444038617798,0.1056491612279957,0.0869569781619679,-1.8513789274052,0.275404029465403,-0.5535577341787611
NUEx038,LH,picture,crab,animal,-0.050563116097537,0.0126839213844093,-0.0341253331223426,-0.0369386906500174,0.0414886770651806,-0.081335073760097,0.1625773968509822,-0.3165406598732706
NUEx038,LH,picture,hand,body part,-0.079875495602315,-0.1118846555295305,-0.0625529391846797,0.0962572479983005,0.072459953797852,-1.3860228257114828,0.5237214143711045,0.0782283449133849
NUEx038,LH,picture,ear,body part,0.069953066883305,0.0702276665074803,0.0258977640983788,-0.0724624699013078,-0.0632907956248493,0.7390969067599414,-0.3361093016338617,0.0190511729683726
NUEx038,LH,picture,duck,animal,0.0948261481097854,0.0073417889522014,0.0481014533852413,0.0289712079815603,-0.0835197568806482,0.3592803900534755,-0.51913013082291,0.7300815389381438
NUEx038,LH,picture,fly,animal,-0.0182827881695516,-0.1252891649244421,-0.0935452402295222,0.0819162562146332,0.0121473505936799,-1.3586349577198664,-0.4236237725526718,-0.1453398076010866
NUEx038,LH,picture,bear,animal,0.0568317203745053,0.0656419838089193,0.0579784220418746,-0.0354607005338229,-0.0560939604084728,0.7967543022943084,-0.2296942660214392,0.3346415827212299
NUEx038,LH,picture,taxi,vehicle,0.1075725547195929,0.1449384807641959,0.0831985962407789,-0.1242931794737247,-0.0989147897340073,1.747292419454114,-0.5603082466036036,-0.1108290280261546
NUEx038,LH,picture,crab,animal,-0.0458315125073423,-0.1948621619359895,-0.1240621519513316,0.1507041419681726,0.0337860346497545,-2.0935707295087758,-0.3386659174333505,0.2721258353261894
NUEx038,LH,picture,mouse(object/tool),object/tool,0.0096966236520289,-0.1665009002429213,-0.1229326335421515,0.1087063706473349,-0.0182601800789674,-1.555320930289856,-0.9060242592506216,0.0241695673270421
NUEx038,LH,picture,beach,nature,-0.0868280158181588,0.1266177382669353,-0.0026259556778851,-0.1387642492471509,0.0700800643585881,0.6413650837887157,0.5696858817968873,-1.1890345341308797
NUEx038,LH,picture,car,vehicle,-0.0812879670970884,-0.0472323022611482,-0.0499919990712463,0.0202118015356733,0.0778471947846444,-0.570906050457546,0.467369104917793,-0.3411390446756243
NUEx038,LH,picture,airplane,vehicle,-0.0006173514018966,-0.0784988879656937,-0.0444073987127446,0.06550951007539,-0.0053531335719418,-0.8132295903474378,-0.3467391371609981,0.3544108694048488
NUEx038,LH,picture,muscle,body part,-0.051654141947782,0.0664112796109236,0.0294385704230756,-0.0572966419543573,0.0567281193741216,0.3173608825557274,0.4215865314237027,-0.2250794368387155
NUEx038,LH,picture,mouse(object/tool),object/tool,-0.0589809144841565,-0.1147205711452616,-0.0773656593546798,0.0860605308122778,0.0526664446668625,-1.346038760777266,0.1828573113100269,-0.0933605542331891
NUEx038,LH,picture,chair,object/tool,0.0274761890870258,-0.0990549270556479,-0.0188679990891899,0.1019599430656149,-0.0288370147668072,-0.7307469676854941,-0.4015866867855137,0.9011597645851994
NUEx038,LH,picture,ladder,object/tool,-0.047360008469806,-0.2019430974613866,-0.1590880577885914,0.1239684436985861,0.0376030091145775,-2.0203878291133064,-0.4592134666299641,-0.4461758485660199
NUEx038,LH,picture,head,body part,-0.1440182780904182,0.0258789128090732,-0.0590881965369387,-0.0687925507331816,0.1163530773537578,-0.1694510098007482,0.7507824553516151,-1.2266704478774864
NUEx038,LH,picture,bed,object/tool,0.0601246602397143,0.1134714054135155,0.1023932377829155,-0.0517881657889953,-0.0612148694065222,1.161415849874736,-0.1051379249408282,0.5088746384366163
NUEx038,LH,picture,pear,food/fruit,-0.0339522235967491,-0.2638386225956354,-0.2156925310173222,0.1497102976769479,0.0229512320871839,-2.504257188314076,-0.9835837820296496,-0.8004426250347373
NUEx038,LH,picture,strawberry,food/fruit,0.0628851359219346,-0.1759413361572655,-0.1200992939042258,0.1197532541236616,-0.0749782700232083,-1.3266986912306369,-1.35295961331166,0.4391925750759619
NUEx038,LH,picture,nail(body part),body part,-0.1476635908692995,-0.1523027805894194,-0.0819023070034767,0.1359663364583372,0.1374164851918151,-1.8375465411145395,1.1224660440085,-0.0045322707568056
NUEx038,LH,picture,mountain,nature,-0.0062781693296934,-0.0361018063208464,-0.0269238456416692,0.0233805340103841,0.0054178855767736,-0.3615823440723298,-0.0651747418760095,-0.0070319690536166
NUEx038,LH,picture,cow,animal,-0.0562045801503945,-0.1424702548100808,-0.1228662247630077,0.075851340346962,0.0478056948618134,-1.2694572464822866,-0.0971357723621553,-0.3916967705932918
NUEx038,LH,picture,nut(food/fruit),food/fruit,0.029583365681469,0.0337633698477446,0.0251452845433696,-0.023616948830548,-0.0292055022638571,0.5273539677541077,-0.2103287615405452,0.1714237783778696
NUEx038,LH,picture,milk,food/fruit,0.0579223154239471,0.3904173605472681,0.2762452111330957,-0.2771454585880591,-0.0367364445618863,3.3628303073992325,1.2340774716899137,-0.3489132614107147
NUEx038,LH,picture,toe,body part,-0.2300528883007473,0.0933883447358364,0.0771599168665977,-0.0423991291316622,0.2298756425729504,0.1210501965408775,1.9736464399961988,-0.7741199461718975
NUEx038,LH,picture,hand,body part,0.0099243111120109,0.0103149538622909,0.0035892364311782,-0.0110140299353687,-0.0086535016657116,0.181174920479752,-0.0496348222996999,-0.0502426102044776
NUEx038,LH,picture,car,vehicle,-0.0234753113370954,-0.0382825576762873,-0.0063553055697505,0.045629915860026,0.0190945839229164,-0.4554944050689812,0.1951299813715188,0.3306530434073717
NUEx038,LH,picture,flower,nature,0.0108217705661998,-0.0214220240635535,-0.0005512190017311,0.0282138614011633,-0.0150481365442812,-0.1645755498980004,-0.1937324896215385,0.3470411991649419
NUEx038,LH,picture,nut(object/tool),object/tool,-0.0390173619504995,0.0753419556157137,-0.0537698510396181,-0.0935234062184851,0.0105785206658102,0.2968003972423022,-0.096968214891202,-1.3484867799742348
NUEx038,LH,picture,wrench,object/tool,-0.0894540710106833,-0.0059210990922579,0.0018529586331867,0.0129126726334621,0.0885729770376054,-0.3106166129984699,0.9439906839595928,-0.2539621139662548
NUEx038,LH,picture,cow,animal,-0.0715184789283834,0.1026761421778071,0.0509027751829089,-0.0854034823350576,0.0763172916865126,0.6540166349452197,0.97458465483746,-0.6686834816708641
NUEx038,LH,picture,hurricane,nature,-0.1313504623454309,0.0604975390341189,-0.0036306470634441,-0.0728899713219861,0.1244164383087247,0.1360361247426653,1.0726723652591057,-1.079831333980033
NUEx038,LH,picture,mouth,body part,-0.0826619977978705,-0.0915765490181586,-0.0193725959266465,0.1033832731559029,0.0653681619123759,-0.970627489806308,0.5420708388703503,0.4532963631653804
NUEx038,LH,picture,hurricane,nature,-0.0590269297028251,0.1501571698680351,0.1604925302582929,-0.0129137273749829,0.0317647237813894,0.8752922994291316,0.8756332618631211,0.8014624407733147
NUEx038,LH,picture,lock,object/tool,-0.0474808903513754,0.104373292772055,0.0929759996874163,-0.0475117949690175,0.0492135422969805,0.7646514116750185,0.9316276305147108,0.1061063047868461
NUEx038,LH,picture,island,nature,-0.0061759114006961,0.2268890020658249,0.1091231831511488,-0.1964163308489676,0.024650612100859,1.7221264476659246,0.7084112521383947,-0.8539138041011076
NUEx038,LH,picture,leg,body part,-0.082708294687376,-0.0305549625182577,0.0050569154350448,0.048236425679613,0.0755366628466917,-0.5353317203591463,0.8752894567575984,0.2119143813711279
NUEx038,LH,picture,bus,vehicle,0.1143576246294001,0.1087236692274451,0.0703404580042893,-0.0850265030667037,-0.1118962723578704,1.390673418439314,-0.7361344409323781,0.2487244060416143
NUEx038,LH,picture,tree,nature,0.0577108160444222,0.0907948229986994,0.0485732027730574,-0.0796207652273537,-0.0527529918127265,1.1327767920115452,-0.3105058581189744,-0.1660417084074196
NUEx038,LH,picture,island,nature,0.0740781399754743,0.1481169127832056,0.1003249562002703,-0.1113041376995002,-0.0689751053565212,1.5943167942255247,-0.1557577469942451,0.0899212669105449
NUEx038,LH,picture,crane,vehicle,0.0129527780949276,0.190896356345592,0.1135434742010272,-0.1526769178397031,0.0032080390523784,1.597848195710262,0.5986621865115604,-0.4588141508109527
NUEx038,LH,picture,mountain,nature,-0.0726436601546101,0.2961820371074002,0.2551795299689813,-0.1453474625838838,0.0741164751220984,2.0105811210131006,1.9054269618979456,0.4645634830263918
NUEx038,LH,picture,dog,animal,-0.0375084924771342,-0.1143210293453766,-0.0793728076769606,0.0826169604962453,0.0310134922639876,-1.3053790856473697,-0.0929181173655515,-0.0538103115124211
NUEx038,LH,picture,subway,vehicle,0.1097926778614052,0.048124529750743,0.0086934722839637,-0.0610766059549615,-0.1022573535773592,0.6941104275482187,-0.5984341312036571,-0.1278677341152283
NUEx038,LH,picture,bed,object/tool,0.0944475806582709,0.0523017184247454,0.0198140311465061,-0.0532940210726349,-0.0918801578559769,0.869871928739694,-0.9161991002629158,0.032330250787715
NUEx038,LH,picture,boat,vehicle,0.122155474859736,0.1087519878457056,0.0383233355563695,-0.1150630448309773,-0.1085399955980649,1.4629650023167655,-0.9448193348844948,-0.4520119183567325
NUEx038,LH,picture,saw,object/tool,-0.2093972315940674,-0.0983040380305561,-0.0318340204169691,0.1076485405754247,0.1998185348853386,-1.2893689572969322,1.7844045837113731,-0.1408323607786737
NUEx038,LH,picture,nut(food/fruit),food/fruit,-0.0608469889346217,-0.1012535636409621,-0.0907498918834538,0.0486983222374694,0.0556698265498022,-1.080256734292723,0.1414286881824806,-0.6069360603370598
NUEx038,LH,picture,leg,body part,-0.0412504478350304,-0.0416902080503245,0.0280847300416642,0.0748326225651545,0.0168928512006183,-0.3490279430536128,0.3033229130621747,0.7354520853891903
NUEx038,LH,picture,deer,animal,0.1144956407525957,0.1131101465512121,0.0686083631524223,-0.0920146713978028,-0.1120770398138547,1.4986157286536257,-0.8218706118774195,0.1770230417939675
NUEx038,LH,picture,knife,object/tool,0.1233029699231151,0.0681214093933949,-0.0077120931131908,-0.1038796946445641,-0.0955932534218449,0.9234278881414064,-0.7907420323778267,-0.5167371243954878
NUEx038,LH,picture,pear,food/fruit,-0.040487236572552,0.1209675859555771,0.103098498993369,-0.0616925353234235,0.0454220716042943,0.8122914822108596,0.8163541229825115,0.0488343688410722
NUEx038,LH,picture,train,vehicle,0.1993480462534462,0.1505509028534638,0.0673812821666823,-0.1496349141549888,-0.1858821712274415,1.650970798174804,-0.9123430854104992,-0.1976936932481229
NUEx038,LH,picture,mountain,nature,0.0500051484516249,0.1809439929240352,0.1441926983063539,-0.1103096248258385,-0.0436548957544396,1.861310605629268,0.3758479596674756,0.4224060720306625
NUEx038,LH,picture,head,body part,-0.0427158817502468,-0.086976973755257,-0.0928540960934284,0.0160954859917388,0.0358106694194606,-0.747183442248126,-0.0657835971219582,-0.7030448038314608
NUEx038,LH,picture,bat(animal),animal,0.0847236148802951,-0.0556027649581611,-0.0672449537974605,0.0043650773043106,-0.0785927227882837,-0.190338015662332,-1.1251838904696765,-0.1925243069743618
NUEx038,LH,picture,nut(food/fruit),food/fruit,0.0866522473216065,-0.0069887300018841,-0.0197214313379293,-0.0124411889574161,-0.0852847372600062,0.276801310088817,-1.106975466894268,0.0732289470768473
NUEx038,LH,picture,leg,body part,0.0442098612736319,-0.1155499678762858,-0.0792439390720326,0.0786554237019647,-0.0517604968578382,-0.9234115577709184,-0.9906036021372222,0.2589117455107553
NUEx038,LH,picture,nose,body part,-0.040966726060372,-0.0488988084956069,-0.007011187486059,0.0587261713767638,0.0338349088137062,-0.6141221536103056,0.3934465195211506,0.4367637425206138
NUEx038,LH,picture,tree,nature,0.0292482322594859,-0.0446935153411813,-0.026159307386904,0.0347250412643472,-0.0339977212323243,-0.2836333614303291,-0.3956243936799208,0.1771197853668928
NUEx038,LH,picture,hammer,object/tool,-0.1175890784893811,-0.1239301085771374,-0.0346102023242342,0.1321940776232495,0.0997915564888103,-1.388825165489427,0.8662219428363217,0.5624235407530929
NUEx038,LH,picture,bear,animal,-0.0304916946100997,0.0346678953653729,0.0395076394530466,-0.0075247375653752,0.0310951910205878,0.1995117734742186,0.4431174055449188,0.1398093849349042
NUEx038,LH,picture,orange,food/fruit,-0.0037574981138807,-0.1227797213582632,-0.1223970882937634,0.0226739851303811,0.0086615857900628,-0.9129289012902668,-0.4869851450090182,-0.895117217769297
NUEx038,LH,picture,river,nature,0.0892702750767105,0.140014315743861,0.0955758003655474,-0.1075714096189656,-0.0808317681176443,1.4913161548621454,-0.237877693675437,0.0247806549669064
NUEx038,LH,picture,bat(object/tool),object/tool,0.0380397443598542,-0.1425998933944686,-0.1267068071044796,0.0619953633514248,-0.0391974782626281,-1.135257246094351,-1.130400390517567,-0.4438114120412118
NUEx038,LH,picture,flower,nature,-0.0249269268871133,-0.2200180460326672,-0.125971741195586,0.1792700317743105,0.0095624541908322,-2.146772511392113,-0.6212825289067818,0.6592992653702537
NUEx038,LH,picture,mouse(animal),animal,0.1510278043301864,0.0347471115336849,0.0020415469409647,-0.0496475396620528,-0.1461228999453608,0.8690917429728048,-1.5235118875163547,0.0895062478821235
NUEx038,LH,picture,banana,food/fruit,-0.0445925075522684,-0.1631019163575056,-0.0619890610298217,0.1536591143507253,0.0265947877973353,-1.4602629824110138,-0.0565952087617808,0.785866247405376
NUEx038,LH,picture,boat,vehicle,0.0926908877529069,0.0624861733010042,0.0577172219761899,-0.0323515030907632,-0.0907311704091343,1.017695352130593,-0.7527158116465786,0.7404358932638311
NUEx038,LH,picture,bat(animal),animal,0.0511142010796948,-0.1131948293221688,-0.098991354087086,0.0519516688471412,-0.0538868030774228,-0.8806185893793487,-1.175090612582317,-0.1414699525381071
NUEx038,LH,picture,saw,object/tool,-0.0276020605840718,-0.1572134917182351,-0.1433564780606665,0.0624365365516676,0.0223406432597516,-1.336700044560435,-0.4475867468255187,-0.6216044017727802
NUEx038,LH,picture,bat(animal),animal,0.0161802104063983,-0.0750045081966944,-0.0161224614553579,0.0786788333591275,-0.0202985457004227,-0.650379846678839,-0.3626186062679485,0.8413360770500333
NUEx038,LH,picture,bat(object/tool),object/tool,-0.1312271628525387,-0.1074089883825485,-0.0588762689265458,0.0955727391338579,0.1243535661961796,-1.352645895795179,0.9412952342897174,-0.1209800109942364
NUEx038,LH,picture,cherry,food/fruit,-0.0035516589980725,0.1671127204103565,0.0674141839044114,-0.1517813893494938,0.021020493237873,1.0759346381604014,0.3707941143838082,-0.3837555207695943
NUEx038,LH,picture,cat,animal,-0.0308403425032402,-0.1480290294758118,-0.0622663443332558,0.1356422087821188,0.017439565536338,-1.4828475405170352,-0.1799258327118729,0.7563756849840003
NUEx038,LH,picture,hand,body part,-0.1250636709811769,-0.059648807442722,0.0325954174005436,0.1129290859456962,0.0786084314649439,-0.5818447132595502,0.5257822911550953,0.4073096542852128
NUEx038,LH,picture,shark,animal,-0.0593474366576782,-0.008952294264736,0.0144262961743389,0.0289842299643498,0.0542710309899683,-0.2788996849444428,0.7238646673354131,0.2025578803907481
NUEx038,LH,picture,bike,vehicle,0.078812365151974,-0.0091773495757104,-0.0158807584301488,-0.0060528784732585,-0.0787322000138921,0.2194589346679186,-0.8633305360298671,0.0974702865881244
NUEx038,LH,picture,toe,body part,-0.1341790344692162,-0.0975821837544275,-0.0842661696308826,0.05388159394579,0.1293008255730923,-1.00536590889994,0.7101479413699787,-0.5519271519957212
NUEx038,LH,picture,crane,vehicle,-0.1599730206935292,0.0911148531876471,0.1393694485164602,0.0450010162427346,0.1133372095723296,0.2207417634316638,1.5221112352273627,0.960420725653301
NUEx038,LH,picture,bird,animal,0.0990149871830173,0.145539836354541,0.0956600911773282,-0.1136875433636658,-0.0923464412886551,1.7984184072168088,-0.4507548322550184,0.1211843076530518
NUEx038,LH,picture,bus,vehicle,-0.0131370250057821,0.1168886479388933,0.1164671207896801,-0.0330218986734379,0.0070566988858993,0.8888133726231449,0.5640094948298008,0.5339966350960939
NUEx038,LH,picture,sky,nature,-0.1276329908156994,-0.1176233530069979,-0.0834223951816651,0.0868604786307726,0.1218466178454303,-1.2906841001135103,0.7344039992056373,-0.2755269821086371
NUEx038,LH,picture,mouth,body part,-0.0509168184026424,-0.1042507752337555,-0.0847283896012101,0.0617220848453173,0.0459339022593427,-1.2143833125480494,0.0667400344262953,-0.4496930801645388
NUEx038,LH,picture,sky,nature,0.0130882733776019,-0.0258005758056429,-0.0074313295710306,0.0273975984298182,-0.0166131039247727,-0.2065983890637616,-0.2642604467901487,0.3800545056427684
NUEx038,LH,picture,milk,food/fruit,-0.107535134388848,-0.095225099175937,-0.0188827480420394,0.1108198796573404,0.0886818678451969,-0.991580517225378,0.7255044743648499,0.3762428518832902
NUEx038,LH,picture,boat,vehicle,-0.0943227975692261,0.043479858484399,-0.0097919825756906,-0.0571301294570851,0.089080714040132,0.0798210188372417,0.7185302339858249,-0.7480481838921976
NUEx038,LH,picture,banana,food/fruit,0.0675118342297669,-0.0974138629529039,-0.0814095291930442,0.0484704110791743,-0.0714338598844079,-0.6743613256316531,-1.304166262630475,0.0814020844645739
NUEx038,LH,picture,nail(body part),body part,-0.1027172744614593,0.0357531433878689,0.0207352844744138,-0.0239846716186096,0.1040020358036269,0.0173591371625405,1.0939362866260032,-0.4778831564856443
NUEx038,LH,picture,beach,nature,0.0899700297328213,0.2388997859640432,0.1590842135425848,-0.1827831967116331,-0.0744482780709586,2.3478350396611827,0.0804012105029742,-0.1271647812654794
NUEx038,LH,picture,train,vehicle,-0.1467643840206475,0.1406523426468679,0.0791600551882911,-0.1064344938123659,0.1514262342589567,0.671205103209049,1.6309852327240604,-0.8560010445095897
NUEx038,LH,picture,book,object/tool,0.0497323306736078,0.0030806421327554,-0.0059434888124149,-0.0112316689177095,-0.0501728930307309,0.2659013370986099,-0.6877078351981158,0.054841801042149
NUEx038,LH,picture,ear,body part,0.0205363946555053,0.0256258329379539,-0.0064773555664332,-0.0386208946960881,-0.0155572193590749,0.3390402225108438,-0.1689048036301883,-0.4451804745497826
NUEx038,LH,picture,crane,vehicle,0.055740262669166,0.1244989303132517,0.1062716922383042,-0.0677144902190867,-0.0528120377518815,1.3513192667382408,0.0142652441092246,0.4932035165065487
NUEx038,LH,picture,mouse(object/tool),object/tool,-0.2704589672972082,0.0286740858980336,0.067341514446958,0.0406296820957444,0.2583105124451867,-0.399245171122755,2.391796900177402,-0.1570975821500952
NUEx038,LH,picture,subway,vehicle,0.1557166831232094,0.1639825759143131,0.0346062979930513,-0.1884981582742031,-0.117392503434659,1.762696104389808,-0.8371784979930572,-1.0563819116639943
NUEx038,LH,picture,airplane,vehicle,0.0302083986452008,-0.0033084963183689,-0.0078614678665789,-0.0038621093203595,-0.0301474337910957,0.1139360217404143,-0.4381438751891827,0.023408060574056
NUEx038,LH,picture,cow,animal,0.0436622379305435,0.0537251807840461,0.0717831421249235,0.0054766542775889,-0.0401549603628924,0.5719266615069571,-0.0415211908436494,0.8317118930141992
NUEx038,LH,picture,orange,food/fruit,-0.0606375532429298,-0.021060160234516,0.0040694989839089,0.0332231745268324,0.0568677223311855,-0.3691138200162253,0.5750425724444402,0.0881563226498665
NUEx038,LH,picture,mouse(animal),animal,-0.0229624663759263,0.0836473945626203,0.0096824892358208,-0.0888468056210025,0.0273518806559291,0.456371050348748,0.2227949627713662,-0.2716297439416485
NUEx038,LH,picture,pizza,food/fruit,0.0428244088790162,-0.0331078417427703,-0.0346780677283,0.0102537334747848,-0.0446672029292503,-0.1329704680045041,-0.6145732501120766,0.0080176783349674
NUEx038,LH,picture,shark,animal,-0.1605505722553464,-0.0755279780197418,-0.0278440519471203,0.0788141535043884,0.1542330405868579,-1.0009979247874856,1.345160317144004,-0.1431474160265621
NUEx038,LH,picture,lemon,food/fruit,-0.0112538556391794,0.0221757233829955,0.0403559103146098,0.0119914192811397,0.0072312341169444,0.1605787662752153,0.2592566442365709,0.3640254571985966
NUEx038,LH,picture,cookie,food/fruit,-0.0347380539081481,-0.109718236727237,-0.0693499569616337,0.085580590568015,0.0283393453180435,-1.1095938832599042,-0.0377078704775221,0.0528157481395619
NUEx038,LH,picture,lock,object/tool,-0.0347448707527106,0.0297472203996576,0.0195169118760716,-0.021674651547955,0.038319073280948,0.1306806728985483,0.3540415717450899,-0.0693570630544481
NUEx038,LH,picture,bike,vehicle,0.0148641792985412,-0.0550130604163492,-0.0110442522232856,0.0595196377244052,-0.0189174041467165,-0.4925780165228713,-0.3308583243459032,0.7484594688111428
NUEx038,LH,picture,lung,body part,0.0550287925621079,-0.1600346241933605,-0.1636110394003968,0.0155872900389343,-0.0295328358824596,-0.8832332459704659,-0.9334298205061442,-1.133533807837774
NUEx038,LH,picture,nail(body part),body part,-0.0535660125598778,-0.014444331319282,-0.0316847790001761,-0.0056679528208689,0.049932189603208,-0.3050122862737632,0.4229753137345673,-0.6123810929725607
NUEx038,LH,picture,muscle,body part,-0.1681663847508064,-0.1259640190828553,-0.0933755866626807,0.0886907443452043,0.162945015281477,-1.4662000659044685,1.1675066959677118,-0.7025083396687438
NUEx038,LH,picture,tree,nature,0.0539243602984786,-0.0405800029809208,-0.0192435922016325,0.0333163852766381,-0.0577917304440282,-0.1862980460350608,-0.8220350033642349,0.4759439712317296
NUEx038,LH,picture,book,object/tool,0.0825128747554046,-0.1074751959236699,-0.1087430908542608,0.0263607156938469,-0.0764131318537615,-0.6615702259144475,-1.507116318329866,-0.463991033420482
NUEx038,LH,picture,train,vehicle,0.1013912609055122,0.1886044289350206,0.0344836924364365,-0.2006821803421321,-0.0657392352274654,1.5673874810904749,-0.2991115874284105,-1.1594234925146911
NUEx038,LH,picture,river,nature,0.0003395805836125,0.1988657952027725,0.152910008269628,-0.1250337114482188,0.0097153543901644,1.6900410565695838,0.9162413458894924,0.039206665639616
NUEx038,LH,picture,bear,animal,0.0658130725038821,0.0487075936456614,0.065512747297712,0.005558028262257,-0.0651130852154912,0.4739867328775289,-0.2182624660096507,0.3088540112093848
NUEx038,LH,picture,milk,food/fruit,0.0361135187495325,-0.0742943773736375,-0.022912593441947,0.0729881063347537,-0.0395821215261447,-0.5383823303807161,-0.5190624047592853,0.6696570950724373
NUEx038,LH,picture,leaf,nature,-0.0290276796166369,-0.1241397845922583,-0.0837918108330297,0.0915622684276942,0.0212546522089747,-1.4219933166042982,-0.2547256570923896,0.0767854334487569
NUEx038,LH,picture,beach,nature,0.0528778577938551,0.3076131613760027,0.1834389643324083,-0.2482979255174952,-0.0292680664127726,2.660877890774712,0.7792952202444591,-0.8737454668130095
NUEx038,LH,picture,bed,object/tool,0.1566348354384202,0.0766542005854324,0.0599475898324481,-0.0529965412505238,-0.1539500018455537,1.1644182048821097,-1.0344954425271822,0.4591438270012883
NUEx038,LH,picture,leaf,nature,0.0450422426491853,-0.0915173407776521,-0.0233229046946115,0.0916775812628124,-0.0470421407930069,-0.6157889008938494,-0.546242603179589,0.764950617383365
NUEx038,LH,picture,chair,object/tool,0.1063972641028674,-0.0468117202228453,-0.033703998686244,0.0273681771346081,-0.1092482289103829,-0.0378678416456629,-1.2657190790988315,0.4161994323966498
NUEx038,LH,picture,pear,food/fruit,-0.0080346106614564,0.0332472256672471,0.0093631085951607,-0.0347024641125216,0.0121933925587009,0.2957189825521509,0.2093004593922715,-0.3048787084267941
NUEx038,LH,picture,banana,food/fruit,-0.1264515676510972,-0.1411777780897189,-0.0198089723861354,0.1612378788031078,0.0933159129440344,-1.317504601497819,0.7471265911983717,0.8021390292920519
NUEx038,LH,picture,truck,vehicle,0.0953593069504585,0.2513908351167139,0.1410672316466107,-0.2132055388918556,-0.0770107984524134,2.527223630559906,0.0350946409910803,-0.6237173832430332
NUEx038,LH,picture,hill,nature,0.1007770913024944,0.0816856659535216,0.0232391683661495,-0.0922946298813181,-0.0882224387780715,1.124023820687819,-0.7623560522792057,-0.3930937713905554
NUEx038,LH,picture,fly,animal,-0.0432429171834077,-0.2119955184766427,-0.141075534938408,0.158621502306748,0.0294398938328869,-2.2088308352764474,-0.4859781436545815,0.2037373925135167
NUEx038,LH,picture,river,nature,-0.0944098805374116,-0.0628304949426754,-0.0201737476564801,0.0681581617359878,0.0878289184041224,-0.730431842725353,0.6068121390315705,0.020916671938437
NUEx038,LH,picture,cat,animal,-0.0556652404826996,0.1747207264520505,0.1741746730120017,-0.0444490641743182,0.0391159456234669,1.099762679746666,1.036301710012301,0.6916478281571696
NUEx038,LH,picture,cherry,food/fruit,-0.003294940389985,-0.2355950017962328,-0.1919083856203871,0.132310608675829,-0.0068160793281285,-2.189649211781988,-1.2059718781270836,-0.566301601380746
NUEx038,LH,picture,mouse(animal),animal,0.0651032317561745,-0.0011340937580888,-0.0034571396856293,-0.0045008490272056,-0.066342210397207,0.2551316900658593,-0.7200838665838744,0.2013106097863594
NUEx038,LH,picture,head,body part,-0.2337773338163497,-0.2091912449722044,-0.1718981401169298,0.1331737371271079,0.2231435763985614,-2.252310367078468,1.3956697253364028,-1.3430015658264565
NUEx038,LH,picture,dog,animal,0.0464461365792046,0.0318961522710414,0.021465848129083,-0.0248037045175368,-0.0466170307650792,0.5884657374714499,-0.4848429672607987,0.2142504115211369
NUEx038,LH,picture,fly,animal,-0.0275770473747902,-0.1242382225141848,-0.0776483845698149,0.097568981698318,0.0195595603305965,-1.2745750205840902,-0.211253922669315,0.2062517339538734
NUEx038,LH,picture,hill,nature,0.0201604406878675,0.1345985987185111,0.1143092713698667,-0.0728834236801957,-0.015737766660077,1.209300635982658,0.4254327466257221,0.2728966597308362
NUEx038,LH,picture,book,object/tool,0.0061124516641773,-0.0568697094011589,-0.0110236511625108,0.0623755262486626,-0.0130157772697366,-0.4128656635476152,-0.139910848359227,0.3436691809050747
NUEx038,LH,picture,knife,object/tool,0.0192176139246882,0.0604734258856329,0.0593239840649823,-0.0238950462649145,-0.0175996088497847,0.6726358737242591,0.1700400295673978,0.3897258971942492
NUEx038,LH,picture,cherry,food/fruit,-0.0144931558255154,-0.1228774244308552,-0.0703695482382712,0.1006295980015333,0.0061794824458206,-1.353082397020107,-0.3871717744420985,0.4675716939311496
NUEx038,LH,picture,island,nature,0.1138530690179175,0.0473871735880811,-0.0036470489443489,-0.0703852395941155,-0.1015112643214698,0.8133685201396711,-1.0135092867569393,-0.3781134241682811
NUEx038,LH,picture,lock,object/tool,0.0951028078064356,0.05709276488545,0.0176205510183739,-0.0638525458991978,-0.0885874543398332,0.9494316017535916,-0.9132444487517124,-0.1647485476700188
NUEx038,LH,picture,nail(object/tool),object/tool,-0.2174446759014658,0.0142703348683624,-0.0548392999943149,-0.0560646684277379,0.201125100543686,-0.3715698079598011,1.3837831412483823,-1.430456437037817
NUEx038,LH,picture,chair,object/tool,0.0107894661395034,-0.170625480466144,-0.1300064086141563,0.1065623302891064,-0.0179380602446384,-1.527206948375955,-0.8879025337153019,-0.100104943224335
NUEx038,LH,picture,muscle,body part,-0.4030034950453338,0.1380617935027653,0.2225063245329708,0.0644146480378858,0.3557762127546892,-0.0045279645865251,3.646123907986983,0.5457077755362266
NUEx038,LH,picture,apple,food/fruit,-0.0668982209146036,-0.0489358842706474,0.0052749775236327,0.0723832438279747,0.0496304028777419,-0.5361372185498287,0.3587515503088148,0.2217984527054336
NUEx038,LH,picture,nut(object/tool),object/tool,-0.1312722977324468,-0.0353560282863506,0.0148892930881661,0.066248153982966,0.1182370137736409,-0.6876587575637583,1.2512245548713634,0.2519569800551004
NUEx038,LH,picture,hammer,object/tool,-0.0721534222407088,0.00784452612893,0.0050523891734017,-0.0028056078043391,0.0724438764233927,-0.140497104432239,0.8923596409099385,-0.3317111479845066
NUEx038,LH,picture,cat,animal,0.0994201764936624,-0.0851760831041766,-0.0639245191967163,0.0474758987045959,-0.1046463609808076,-0.3957225954096668,-1.4309792868362887,0.3651696138002464
NUEx038,LH,picture,shark,animal,0.1268223822143556,-0.0513682179658045,-0.1032727948798807,-0.0481945907180789,-0.0791242347387228,-0.0334097866907971,-1.1976467909348876,-0.8934077499394681
NUEx038,LH,picture,subway,vehicle,0.0900160490665192,0.2301481151601218,0.1384188332067971,-0.1881161078544003,-0.0753354104777621,2.4221665354263,-0.0005877000078787,-0.3666352613485373
NUEx038,LH,picture,apple,food/fruit,-0.0726851787550054,-0.1479524135337113,-0.0439671212449631,0.1495073389918271,0.0501769722438011,-1.3579412839523657,0.2593616378819842,0.7730620938802265
NUEx038,LH,picture,saw,object/tool,0.0132619024022708,-0.138137531839822,-0.0882058339456738,0.1032055187657933,-0.0219463284783021,-1.3362225622740485,-0.803004763968272,0.3977681893916264
NUEx038,LH,picture,toe,body part,-0.0180160554580718,-0.0987720632661189,0.0002878224629318,0.1084627947016956,0.0085282369394793,-0.7217228057248428,0.1003482956950458,0.8613742638018266
NUEx038,LH,picture,bike,vehicle,0.1281628059189327,-0.0742775364551108,0.1080147120661037,0.1125714880808757,0.0049302144266338,-0.0731282872732239,0.4734351750435022,1.523536037810752
NUEx038,LH,picture,truck,vehicle,0.1937538609758896,-0.0868022219977547,-0.0903645251403232,0.0186692827774049,-0.1891782774778555,-0.0019873494671637,-0.7113322258702901,-0.7128021489469935
NUEx038,LH,picture,bird,animal,0.0277025223294979,-0.060787341258075,-0.024789117116154,0.0560818445569434,-0.0321883911810148,-0.5099833622020695,-0.5607903832202605,0.6061597311244025
NUEx038,LH,picture,grape,food/fruit,0.0755040489912635,0.0331638999255769,0.0130008471446384,-0.034435950675752,-0.0743965385449899,0.6839685246573352,-0.8705461711919361,0.1111917647886206
NUEx038,LH,picture,sky,nature,0.0201793368749518,-0.1249948824045704,-0.0876779251933085,0.0858587045522384,-0.0271530344182633,-1.1871876255744938,-0.8682992927608714,0.2198167231057324
NUEx038,LH,picture,grape,food/fruit,-0.004121787909956,0.0373733314047481,0.0201519659989521,-0.0321077413132434,0.0082729990150354,0.3662172792105975,0.2226182916636437,-0.1519176352872942
NUEx038,LH,picture,apple,food/fruit,-0.0351689309464043,0.0211164685027294,0.0111945775517459,-0.016281406976634,0.0371879274251018,0.1001808409348349,0.5105658028838538,-0.2326549068754213
NUEx038,LH,picture,cookie,food/fruit,0.0109803650694302,-0.0079106392934009,0.0030972452121976,0.0128918319811718,-0.0127188848958894,-0.0100637067119444,-0.1687483904466471,0.3315216566550804
NUEx038,LH,picture,lung,body part,0.0222081966042813,-0.1488794837180136,-0.0986725473406632,0.107374016173414,-0.0319871796980522,-1.4078662672396571,-1.0086641134537129,0.4008523751440056
NUEx038,LH,picture,wrench,object/tool,-0.2764218842444056,-0.0089025980071781,-0.0308644686575095,-0.003811414143183,0.2723539553962487,-0.6395244007940641,1.8724648403522988,-1.0079248314557534
NUEx038,LH,picture,pizza,food/fruit,0.1376941678042424,0.0885157894248448,0.0224002463922847,-0.1041234921137254,-0.1237082211299659,1.2755692861887808,-1.1191151233713164,-0.3431215538762711
NUEx038,LH,picture,ladder,object/tool,0.0450550276266121,-0.0600730231158785,0.0484707332943331,0.0860713595803111,-0.0089259595689396,-0.2236231908858611,0.1549441364520621,1.1106750486973076
NUEx038,LH,picture,dog,animal,0.0023771735401451,-0.2012103064125152,-0.1498091744990138,0.1307370647796186,-0.0147127225243476,-1.7566439129040732,-0.9149015938897108,-0.0019309346543374
NUEx038,LH,picture,lung,body part,-0.0353115384519663,-0.1381309706329737,-0.0752865924254014,0.1167554720151723,0.0255167047601768,-1.5520291673500957,-0.1558505889311654,0.4760141728469429
NUEx038,LH,picture,knife,object/tool,-0.1244446281868683,-0.0805000395010049,-0.0760267224341131,0.0396798773809891,0.1183087398479751,-1.005271424029137,0.8258817025391546,-0.8094993364549088
NUEx038,LH,picture,nail(object/tool),object/tool,-0.0823173077472342,0.032738480950623,0.0262668676057054,-0.0167075717053062,0.0836458417418537,0.0371260354806817,0.8449828955215968,-0.219828730377928
NUEx038,LH,picture,nose,body part,-0.006894305722543,-0.1044471829280894,-0.0666526920290265,0.0797204920038371,0.0006547792281789,-1.1298208153804017,-0.404970325319254,0.2376786638801979
NUEx038,LH,picture,orange,food/fruit,-0.013320473011799,0.0551716281677598,-0.0727607900369306,-0.0738577871768838,-0.0110143629282025,0.105088792408451,-0.2935895560240191,-0.7744181039189839
NUEx038,LH,picture,cookie,food/fruit,-0.0220599359051018,-0.1167860249211677,-0.0407195601907355,0.1125295331775726,0.0118172908702447,-1.1561127427717035,-0.105688069756471,0.7799818718170948
NUEx038,LH,picture,deer,animal,-0.0056383976952572,0.0516925001283124,0.0312963092381013,-0.0416330215776373,0.0109339734841712,0.4402547115378935,0.232188476275171,-0.0943495591466374
NUEx038,LH,picture,hurricane,nature,0.0746213652221062,0.2166188947534918,0.1123354810667372,-0.189181104088351,-0.0579401007669453,2.0704321010597795,0.0949563186976388,-0.6851637788771866
NUEx038,LH,picture,truck,vehicle,0.0242561424592419,0.0532062912263482,0.0365292712714059,-0.0398084171737695,-0.0213032082833559,0.6462756926216299,0.0127904110692653,0.0283420286743864
NUEx038,LH,picture,nose,body part,0.0386929353718914,-0.0690779163780266,-0.058507809834513,0.0353114367651237,-0.0424968996568681,-0.5445505969039606,-0.8873236702057514,0.0588920687422743
NUEx038,LH,picture,ear,body part,-0.0144611409763132,-0.0950461077389831,-0.0213156560953365,0.098442279251565,0.0064333946025774,-0.9112134576778852,-0.0607580557305635,0.8618969079211112
NUEx038,LH,picture,wrench,object/tool,-0.1164568745000293,0.0336483855742133,0.0022844738838399,-0.0369072174150066,0.114996740030027,-0.0430872689122365,1.1225782284216368,-0.7453467823371182
NUEx038,LH,picture,nail(object/tool),object/tool,-0.0294859006092838,0.0988620602244682,0.0782668922412793,-0.0575019639385861,0.0350718115714648,0.8534549926380318,0.8621376607888694,-0.0158998519981337
NUEx038,LH,picture,bird,animal,0.0876263846140125,-0.0088903093392162,-0.0124415837023314,-0.0035116902764621,-0.0882513675367346,0.2805655759639511,-1.1567708215472103,0.2672363542034569
NUEx038,LH,picture,hill,nature,0.0549916187407323,-0.0478175187342398,-0.0515024029799119,0.0128200151537664,-0.0547309298655406,-0.2175833258748633,-0.7155003693446296,-0.0315742419994122
NUEx038,LH,picture,duck,animal,0.0392238696829566,-0.0067208651642718,-0.005085753566821,0.0029395437958899,-0.0406313090570615,0.1264432423481065,-0.6436998497292936,0.2497927648259411
NUEx038,LH,picture,deer,animal,0.0505023785654517,-0.1341881417876025,-0.1171177225385958,0.0616049440187179,-0.0536381785755871,-0.9416378488414012,-1.0226457359118772,-0.1268894871755263
NUEx038,LH,picture,key,object/tool,0.0154924717971616,0.1225109282590959,-0.0107271597717503,-0.1317743006284006,-0.0078488243872343,0.8036986428333639,-0.0473412976348705,-1.08775756989864
NUEx038,LH,picture,strawberry,food/fruit,-0.0316303761889769,-0.048789333701459,-0.0430586842951841,0.025343066759805,0.030376444980482,-0.5808902504201953,0.1368416121348888,-0.2684968323047186
NUEx038,LH,picture,car,vehicle,0.0797163691515331,0.1471657165389709,0.0399605195851483,-0.1537989679167913,-0.0557830842293726,1.221494232596352,-0.1741830707812741,-0.5512033095064963
NUEx038,LH,picture,mouth,body part,0.0166983797464934,0.048176398890064,0.0588022263222105,-0.0039534882871669,-0.0171891864399698,0.5500119215088267,0.1508658520168257,0.6826903140600157
NUEx038,LH,picture,flower,nature,-0.0218248099697908,-0.1125320843984276,-0.0123659893590171,0.1191938513635643,0.0066577731193409,-0.827015514956614,-0.0119299453184589,0.7416130368758629
NUEx038,LH,picture,duck,animal,0.0970744329293417,-0.0006039643912047,0.0906723116104368,0.0580192257804712,-0.0256314156942941,0.2002476900327354,0.1350079947137631,0.5979100922507555
NUEx038,LH,picture,crab,animal,-0.1111845722376609,-0.0835432034879626,-0.0709881678944568,0.045738276663455,0.1081338588507759,-0.7870021717984396,0.5103452443543413,-0.319261581047592
NUEx038,LH,picture,ladder,object/tool,3.7536731068609405e-05,-0.1541069674978638,-0.1391735504015381,0.0618604683745012,0.0002856733787742,-1.2574231539893834,-0.6710100408566417,-0.7000234275584754
NUEx038,LH,picture,bus,vehicle,0.1573281227020069,0.0085485623478401,-0.0299744797299867,-0.045541734779303,-0.147361246220345,0.6141218249221772,-1.5741907317925965,-0.1103268666077512
NUEx038,LH,picture,lemon,food/fruit,0.1512835437291781,-0.11169774930581,-0.1389781378205241,-0.0071360418449984,-0.123493578466543,-0.3572427507736584,-1.7073147945281135,-0.7205271594748613
NUEx038,LH,picture,hammer,object/tool,0.1634458769385009,0.1589003417593432,0.0577065957943015,-0.1688410203886287,-0.1391236922199293,1.6680605559548234,-0.7365055584387095,-0.34807540795018
NUEx038,LH,picture,key,object/tool,0.0047855706173624,0.0655441029507256,0.0359355451929483,-0.0551587864621366,-8.983536427228998e-05,0.6943239514857623,0.2718113569014302,-0.2701542563287179
NUEx038,LH,picture,taxi,vehicle,0.1549553979715332,0.0473158970645159,-0.050973262835979,-0.1217464061049398,-0.0940694212868633,0.696236761144636,-0.8040670980837332,-0.9638395180488392
NUEx038,LH,picture,key,object/tool,0.0119044891864697,-0.002111407440589,0.0173664635560483,0.0193340351082645,-0.014235161119582,0.0277955025647422,-0.0100413202872655,0.2734339667880389
NUEx038,LH,picture,strawberry,food/fruit,0.0876717781003651,-0.0426020043387818,-0.0794247978545867,-0.0364976222447082,-0.049959147201383,-0.048032301862209,-0.5901135778685487,-0.541750153976773
NUEx038,LH,picture,leaf,nature,0.0520593669032475,-0.1175715005324435,-0.0641817520986427,0.0933220152711543,-0.0599660944956839,-0.8143432256791894,-0.8502090957662681,0.4833832471045921
NUEx038,LH,picture,lemon,food/fruit,0.0119837118962376,0.0079124547354057,0.0325277462422682,0.0239125978086049,-0.0162984449925644,0.0967140533289634,-0.0245768421423363,0.4766998208313843
NUEx038,LH,picture,bat(object/tool),object/tool,-0.0137651056846373,-0.1288739022095131,-0.0788530367150847,0.1010811452852238,0.0058361909312819,-1.3234069246986042,-0.3952810955623266,0.2936068278657812
NUEx038,LH,picture,pizza,food/fruit,0.020297917342488,0.0778203563545681,0.0886383146566937,0.0022083822911354,-0.0277944144175074,0.6235069589738186,0.0964174261976433,0.7039548171954175
NUEx038,LH,picture,grape,food/fruit,-0.1645969744772384,-0.010833942203552,-0.144994056389975,-0.0830108204263487,0.0406286211063977,-0.3426528379416241,-0.1960586144020931,-1.6364269386711772
NUEx038,LH,picture,airplane,vehicle,0.1055011631958705,0.1045245807539209,0.087378181019633,-0.0613486052780123,-0.1031941873163305,1.430561541462549,-0.6833457596750767,0.7027360037083588
NUEx038,LH,picture,taxi,vehicle,0.0847933313345684,0.129992533053433,0.1049760161094013,-0.0803543783288766,-0.0809027422653169,1.525791482918013,-0.269574507351484,0.5003609571148251
NUEx038,LH,picture,nut(object/tool),object/tool,0.0161685765334575,0.1049733834725483,0.0672643555189214,-0.0802037419844603,-0.010126614187377,1.1049069710725077,0.3191479283619828,-0.1648980490450574
NUEx038,LH,picture,crab,animal,-0.0465193196393884,-0.1236666443680758,-0.1027925431591535,0.0697933448450737,0.0401067523109331,-1.2160941354570072,-0.0868738227323411,-0.431838768171579
NUEx038,LH,picture,hand,body part,0.1202860308473284,-0.1169295792750791,-0.0875883639763406,0.0652684448785836,-0.1260711774783755,-0.5766168645256606,-1.7102221651306733,0.3491823896889139
NUEx038,LH,picture,ear,body part,-0.0448301949324328,-0.104065106763388,-0.0940759746812685,0.0465625979356551,0.0405032963547812,-1.031394571910933,-0.0396849027408248,-0.5442337068399972
NUEx038,LH,picture,duck,animal,0.0326657730510985,0.0424930097145509,0.0362286236478045,-0.025331452645157,-0.031748977627859,0.6019914264254431,-0.1396944528281387,0.2671983602662598
NUEx038,LH,picture,fly,animal,0.004688128475972,-0.0888950525022777,-0.048163044674766,0.0745692009083851,-0.0108101561961579,-0.960811716662462,-0.4915589344157459,0.4949793273172466
NUEx038,LH,picture,bear,animal,0.05880812007198,-0.0971582759989453,0.0028783298721266,0.108728507304088,-0.0469266801271996,-0.5334825155890095,-0.4110156777972503,0.9749734066314206
NUEx038,LH,picture,taxi,vehicle,0.102657371023191,0.2411408638844265,0.1529997529092142,-0.1917482953656507,-0.0869737038268519,2.3952567825658835,0.0201976700902115,-0.2742567852567721
NUEx038,LH,picture,crab,animal,-0.08961667626655,-0.1696305619327826,-0.085171471088235,0.1519965990743459,0.0751695836106443,-1.7853668341930014,0.3519364687883048,0.4527964086217449
NUEx038,LH,picture,mouse(object/tool),object/tool,0.0565131283938649,-0.0343477354095765,0.0119399171666369,0.0496724307346001,-0.0568121118024011,-0.0610468869610183,-0.1424839032522642,0.3078326570386416
NUEx038,LH,picture,beach,nature,0.0168192147007237,0.2393242395729216,0.1252149207449525,-0.2030482352945964,0.0016185279647926,1.99903694374472,0.6571615404595,-0.874910160617843
NUEx038,LH,picture,car,vehicle,-0.0342777942453675,-0.0225546894822612,-0.0579853526485292,-0.0198685113026161,0.0234876113336154,-0.2640483755402457,-0.0131533386495711,-0.3843393041548507
NUEx038,LH,picture,airplane,vehicle,0.1255061386075668,0.0097939239192797,0.0220906605743788,0.002370386498316,-0.1244114358906545,0.5417468088412741,-1.1325620004737065,0.6924393203293256
NUEx038,LH,picture,muscle,body part,-0.0719280219279177,0.1174836191167453,0.0690318691067652,-0.08919599914123,0.0784905078728921,0.7497364015541919,0.9759626165603869,-0.5186026466555748
NUEx038,LH,picture,mouse(object/tool),object/tool,-0.0158473096409484,0.0711584255784695,0.0618811418439444,-0.037288303907394,0.0210886651470462,0.5233120383589528,0.3964958562167063,0.0297033724482514
NUEx038,LH,picture,chair,object/tool,-0.065695512011652,-0.1771036268238826,-0.0848546449213562,0.159295862284873,0.0479598712648614,-1.6533364289113357,0.0539363987894159,0.458795046994903
NUEx038,LH,picture,ladder,object/tool,-0.0537311079580917,0.1178736909724586,0.1276358239227838,-0.013083096116816,0.0373838740930468,0.7181766626738277,0.8646944177711859,0.6210804225088414
NUEx038,LH,picture,head,body part,-0.178921303247318,-0.0962623215518147,-0.0351576157864873,0.1001132569381978,0.1707772395023891,-1.1797315952317255,1.4031795112671448,-0.1190718091749281
NUEx038,LH,picture,bed,object/tool,0.1255454195080739,0.0966007551468177,0.0869454789277449,-0.0525807718770757,-0.1212688085987951,1.371153443617907,-0.8258908689804021,0.801816909038763
NUEx038,LH,picture,pear,food/fruit,0.0072081525843056,-0.0759660081579064,-0.0356017615486601,0.0680706225090067,-0.0130820478299127,-0.7087802821886837,-0.336314127201972,0.4026550266598041
NUEx038,LH,picture,strawberry,food/fruit,0.1550923942570171,-0.0609912841036983,-0.0736592580629343,0.0067361991179463,-0.1485204608241831,-0.010547989976113,-1.9183312245865063,-0.0001672774245289
NUEx038,LH,picture,nail(body part),body part,-0.0968800471125869,-0.111109978848669,-0.0808056162711789,0.0790992067399202,0.091547651125224,-1.4089872969284585,0.64115948641731,-0.4193087730245352
NUEx038,LH,picture,mountain,nature,0.078114336096317,0.0958288823954284,0.0905060615461188,-0.0429564014205066,-0.0745831618829781,1.118560086708165,-0.2684382174163844,0.6032222329185563
NUEx038,LH,picture,cow,animal,0.0631099797579601,-0.0307996027409605,-0.0501800670258058,-0.008989576996102,-0.0550836188210689,-0.0626715852134573,-0.74605251776399,-0.2093773338387831
NUEx038,LH,picture,nut(food/fruit),food/fruit,0.0797896816136645,-0.0418011833657386,-0.0372714790890561,0.0177520663842445,-0.0829736384000959,-0.0679518940367543,-0.6688776020023656,0.1092696541875299
NUEx038,LH,picture,toe,body part,0.0429435873789028,0.0790336423150782,0.0661506765073033,-0.0457698601590258,-0.0412663517065512,0.9275250166131274,-0.0698055870604152,0.2984619398236679
NUEx038,LH,picture,hand,body part,-0.0843470986043945,0.0014296910499572,-0.0518737794190165,-0.0385249526913611,0.0656902263103174,-0.2118462055832024,0.3948503717649947,-0.9184131493240112
NUEx038,LH,picture,car,vehicle,-0.055039154925506,-0.0804076083848852,-0.0970537015033776,-0.0064687381846379,0.0378890794181196,-0.5151686835670624,-0.0108131078864125,-0.685201888614268
NUEx038,LH,picture,flower,nature,-0.0307636850693276,-0.0632871101027022,-0.0470053499964739,0.0437455122370087,0.027632497888504,-0.8045161234901195,0.0746567505107431,-0.1288241889545073
NUEx038,LH,picture,nut(object/tool),object/tool,-0.1470522574826171,-0.0613496860615921,-0.0821089664167033,0.0077181786345022,0.1339361887997952,-0.7811475083911611,0.7996239325091914,-0.9569594508580958
NUEx038,LH,picture,wrench,object/tool,-0.044347135893191,0.0749511785839357,0.0670318212917372,-0.0342951609427605,0.0461270655748935,0.5658679186500408,0.902903499734054,0.0804882230404416
NUEx038,LH,picture,cow,animal,0.0009445997136736,0.0974704524624247,0.0961495841689283,-0.0322459404167872,-0.0017110236951784,0.7756423719780834,0.4228873633158858,0.3808771950181861
NUEx038,LH,picture,hurricane,nature,-0.1046903406592425,-0.0099424826896674,-0.0151190249977369,0.0040495289395106,0.1034778980260026,-0.3838144948806229,1.0433809418046938,-0.5908812685243269
NUEx038,LH,picture,mouth,body part,-0.0811612313756824,0.0095397543411133,0.0222206423960019,0.0121797257982259,0.0788358209228804,-0.1597818626304799,1.0933901736938338,-0.0227566610303592
NUEx038,LH,picture,hurricane,nature,-0.0255013097175518,0.2310103017655557,0.1751417422126114,-0.1461427900091605,0.0370216094860422,1.5028815537996552,0.8484189252584794,-0.0085546117343901
NUEx038,LH,picture,lock,object/tool,-0.0079985153993917,0.0102311674048455,-0.0150021857965697,-0.0241877728715791,0.0091518060417979,0.0880146689504809,0.0625437378958626,-0.5653266991273678
NUEx038,LH,picture,island,nature,-0.1345412755709125,0.2041497192531211,0.1457273821408772,-0.132182508331566,0.1421126708973714,1.1085743237404444,1.6464774935753457,-0.5139140334231863
NUEx038,LH,picture,leg,body part,-0.1182030200223785,-0.1102429589736403,-0.0622970480286815,0.0958620984378328,0.1115021136386067,-1.4418770214469867,0.9572871454442586,-0.1368797014606707
NUEx038,LH,picture,bus,vehicle,0.0427668236433327,0.1136184847802743,0.0791119450284102,-0.0828405238984719,-0.0378510083451356,1.158580230205953,0.0422222964598166,0.0110190315954291
NUEx038,LH,picture,tree,nature,0.0869808922772928,0.0804464812872182,0.0323225977562478,-0.0811088988459597,-0.0800390151067743,1.0611248142029173,-0.6241131250610149,-0.1687555484757181
NUEx038,LH,picture,island,nature,0.053618872103316,0.2506807597353885,0.1515388548118467,-0.2015368011987054,-0.0362244657982414,2.3101894179567206,0.5084861799978682,-0.566713672523954
NUEx038,LH,picture,crane,vehicle,0.0413893424281184,0.0564780726633883,0.0089190459309202,-0.0663052637185989,-0.0316750738267095,0.693474324479591,-0.2582874879571464,-0.5155188755790423
NUEx038,LH,picture,mountain,nature,0.0679774794806794,0.0600058922904209,-0.0081192618684231,-0.0844694085546686,-0.0466552837377778,0.7271924803891243,-0.4930092820557805,-0.7204851358961217
NUEx038,LH,picture,dog,animal,-0.0411257439000762,0.0505153550392811,0.0511105462444011,-0.0170100152394088,0.041613495168162,0.3662576050131568,0.7964244951771561,0.1478539481355591
NUEx038,LH,picture,subway,vehicle,0.069941475636674,0.187119309471896,0.0985308607218148,-0.1638617545485066,-0.0539539429638458,1.8082686784978508,0.0263067911793434,-0.5414431992788047
NUEx038,LH,picture,bed,object/tool,0.121971157638832,0.1816720613587771,0.1028840275324814,-0.1565961724110477,-0.1097326103641417,2.093119855721705,-0.5270390669072672,-0.2721827169820819
NUEx038,LH,picture,boat,vehicle,0.0502065055649948,0.1000003081816831,0.0472261529773665,-0.091309881270224,-0.0436240077917106,1.2044751215461882,-0.1962408785524916,-0.3730626063684757
NUEx038,LH,picture,saw,object/tool,-0.0920476709068576,-0.0057832218048935,0.0126060627957058,0.0236489157802337,0.0885632663771791,-0.3274565749897016,1.091753626052303,-0.0529213713843884
NUEx038,LH,picture,nut(food/fruit),food/fruit,0.0298738295484151,-0.0599578671762026,-0.0646079759714419,0.013379607956127,-0.0275434782802439,-0.4151245193263202,-0.6063433257863102,-0.3139438940882078
NUEx038,LH,picture,leg,body part,0.0188688769090927,-0.0376487287752984,-0.0294091002279976,0.0228484245400769,-0.0212877925111472,-0.3100961691383402,-0.4488854913680297,0.1000839094972798
NUEx038,LH,picture,deer,animal,0.0813243968750691,0.1072533616701082,0.0535681912287979,-0.0976955953990331,-0.0739447434369283,1.38706035667007,-0.5097050159035831,-0.2595322008838613
NUEx038,LH,picture,knife,object/tool,-0.043204429765078,-0.0013027471810408,-0.0244997360128015,-0.0166992600510448,0.0398536059412895,-0.1409163137589344,0.3839866393865941,-0.7102887092105844
NUEx038,LH,picture,pear,food/fruit,0.0324364992369334,-0.1171838744964399,-0.1158497376406238,0.0296467644536257,-0.026729656163444,-0.8883378985463288,-0.9347432936824136,-0.732011160352721
NUEx038,LH,picture,train,vehicle,0.1307094641448959,0.1476533877568484,0.0758047504490215,-0.1344247735958636,-0.1210391569338745,1.8093146240131075,-0.7973934878720503,-0.2343023241576961
NUEx038,LH,picture,mountain,nature,0.0051597791951727,-0.0040707772876081,0.007155287117885,0.0119305263198335,-0.0064921307692328,0.0168938340188416,-0.0341821783419904,0.3698741316423601
NUEx038,LH,picture,head,body part,-0.2165219094873902,-0.060998132600848,-0.0602053914884191,0.032203829366992,0.2116940012350361,-0.8480435161848403,1.4201212920987467,-0.8295482897542831
NUEx038,LH,picture,bat(animal),animal,-0.0270433857817935,-0.0630186299475453,-0.0608164780584837,0.0258848494242699,0.0254017684849997,-0.6323863100556343,-0.0097804251869774,-0.3383955800572685
NUEx038,LH,picture,nut(food/fruit),food/fruit,-0.0382591309045285,-0.0755205976660282,-0.0365522866205895,0.0701449179709186,0.032015427276452,-0.8856840942405644,0.1680398509915367,0.2620303731607469
NUEx038,LH,picture,leg,body part,-0.061426159861695,-0.106046231976379,-0.076229188621725,0.074931484958676,0.0558488099929656,-1.251797620915032,0.2343057156284133,-0.2379867311116675
NUEx038,LH,picture,nose,body part,0.0315534099861097,0.019662230160556,0.0006620850836385,-0.0266020025414167,-0.0296944893649822,0.3565517049917697,-0.351757248757288,-0.1403633242926071
NUEx038,LH,picture,tree,nature,0.0228670123303376,0.0329433885509924,0.0286702977967098,-0.018777581264348,-0.0228381535206429,0.4792232591653993,-0.0813233547020952,0.214872549193099
NUEx038,LH,picture,hammer,object/tool,-0.0829411149429623,0.0685909376679148,0.0622690979504598,-0.0294957215805597,0.0831051428872842,0.3756140859707108,1.2074113998502134,-0.1049066445694407
NUEx038,LH,picture,bear,animal,0.0665763531918502,0.0782992459723175,0.0380765653047712,-0.072669699231141,-0.0607293602160161,1.132857907697623,-0.5062638369341415,-0.2002829657040901
NUEx038,LH,picture,orange,food/fruit,0.015393634399722,0.007981457481637,-0.0030767520293375,-0.0140366939746314,-0.0133746726759566,0.1848797800666869,-0.1742779416095676,-0.1646966570684072
NUEx038,LH,picture,river,nature,0.1352738388102632,0.276912979036068,0.1577354617844982,-0.2354403444723813,-0.1165701875733296,2.772032911401935,-0.233058847804733,-0.5969844612845226
NUEx038,LH,picture,bat(object/tool),object/tool,-0.0226503170591542,-0.0460525215583942,-0.0434909814287793,0.0208844071470409,0.020685316895482,-0.5946755931211176,0.0161607391898846,-0.422638266845748
NUEx038,LH,picture,flower,nature,0.0317548811039501,0.0055271382013588,-0.0110594388755608,-0.0183807099161033,-0.0290837992401798,0.2048595636426055,-0.3931067084074228,-0.2050836866934943
NUEx038,LH,picture,mouse(animal),animal,-0.0249259169031916,-0.0370104936192069,-0.0373821330094988,0.0138800813991807,0.0250949779214309,-0.4149533091010273,0.0927844422345201,-0.2416043577332057
NUEx038,LH,picture,banana,food/fruit,-0.0077922021882911,-0.1277579483404232,-0.0670872158422389,0.1081908338979846,-0.00064780795865,-1.390370767916472,-0.4691457343182028,0.6543007032266497
NUEx038,LH,picture,boat,vehicle,0.1449593612768686,0.1020890950144432,0.0789241458098772,-0.0692069682403783,-0.1419369275427318,1.4331808912416455,-1.0108536195395872,0.5884751029543905
NUEx038,LH,picture,bat(animal),animal,-0.0178032134386981,-0.1709218995008133,-0.1200082024195331,0.1201212947885502,0.0072769599378184,-1.5759319638766092,-0.5288838252951303,0.071021694031779
NUEx038,LH,picture,saw,object/tool,0.0425744120265065,0.035739490773089,0.0113770161578543,-0.0392540577764341,-0.0395775268118337,0.6315197129883052,-0.4539219555743215,-0.1981268657541336
NUEx038,LH,picture,bat(animal),animal,0.005591749545119,-0.0624901429303959,-0.0012957330984557,0.0726985006011883,-0.0097957131121023,-0.4882741583326768,-0.1231950201935897,0.5972621286551298
NUEx038,LH,picture,bat(object/tool),object/tool,-0.0218641912065527,0.0136396206103924,-0.0056754871435568,-0.0211262414888415,0.0239554846234975,0.0492828392146925,0.2019839329045929,-0.2368717295539268
NUEx038,LH,picture,cherry,food/fruit,-0.0243650473570004,-0.0064084673325369,0.000304837819968,0.0091686766725425,0.0251791447019217,-0.1253648029640022,0.3092449667639798,-0.0064721627336394
NUEx038,LH,picture,cat,animal,0.0266515277412833,-0.017258322180362,0.0086074792418526,0.0288886360502057,-0.0273939143263659,-0.0526875924613304,-0.283561958325413,0.6291369355876674
NUEx038,LH,picture,hand,body part,-0.0838867598928219,-0.0875382682848698,-0.0744552677948557,0.0497323100589811,0.0794814678402934,-1.0443796782134538,0.4796636541374146,-0.5334428363279025
NUEx038,LH,picture,shark,animal,-0.0525337728059335,-0.0200792429776926,-0.0262770450618442,0.004740128600076,0.0527132162532422,-0.3018056898916131,0.3413190982827328,-0.2052064660686053
NUEx038,LH,picture,bike,vehicle,0.0189604068749148,-0.1009725506165931,-0.0862442545209453,0.0514338828345169,-0.0230998916172206,-0.926173516819368,-0.7959987948219177,-0.1472613742809488
NUEx038,LH,picture,toe,body part,-0.0724069582160988,-0.0205675408099055,-0.0093453795908461,0.0220162488582171,0.0711310731491315,-0.4068939423526529,0.6958800668603514,-0.1574450885732396
NUEx038,LH,picture,crane,vehicle,-0.0036446398483476,0.1598262185367521,0.1167462197078584,-0.1076073795224428,0.0159809704814744,1.231678880684561,0.6495435206981703,-0.1364024136063771
NUEx038,LH,picture,bird,animal,-0.007559272933819,-0.0075555794858025,0.0006113517158187,0.0112768408648896,0.0065470491700264,-0.0899105207556072,0.122268788208333,0.1704172725780248
NUEx038,LH,picture,bus,vehicle,0.1800386856958404,0.067401204500044,-0.015917908773606,-0.1161240266269239,-0.1508269473469635,0.9986039205751932,-1.0765814259090165,-0.5525093982274593
NUEx038,LH,picture,sky,nature,0.0904820583354601,0.021912522053441,0.0004520596551018,-0.0316543281241572,-0.0880267982543538,0.5959894085208309,-1.07125994812875,0.0614229846374914
NUEx038,LH,picture,mouth,body part,-0.0052247011373924,0.0017689748272006,0.0187229796866482,0.0158205266093659,0.0031895879091046,0.0260593361310233,0.1886037198523217,0.4738013042855876
NUEx038,LH,picture,sky,nature,0.0019364144606942,-0.0326017223125215,-0.0197768970023724,0.0252111313193097,-0.0041876480354703,-0.3544446720599097,-0.184422206388464,0.1372899596473607
NUEx038,LH,picture,milk,food/fruit,0.0622905791347348,-0.1060918280488951,-0.0551547446698057,0.0846932981457181,-0.0701858272529917,-0.6768189686685366,-0.9083161076209888,0.4608077370206093
NUEx038,LH,picture,boat,vehicle,0.0227424515404156,0.0373917076630106,0.0404763528026293,-0.0121165464422676,-0.0232199113616058,0.5069149478850922,-0.0446287528315374,0.4223471127321987
NUEx038,LH,picture,banana,food/fruit,0.1174311002414716,0.051197331373637,0.0285443928897306,-0.0459109334288283,-0.1154989708914051,0.9442067662295448,-1.0976356246714114,0.2938802540083534
NUEx038,LH,picture,nail(body part),body part,-0.1910280143243546,-0.0457159397994178,-0.0120086257236887,0.0563340482036516,0.1856121590974542,-0.8625518878817171,1.7540091966618272,-0.3948365792241606
NUEx038,LH,picture,beach,nature,0.1548033837898767,0.3172014631425252,0.1895118522465497,-0.2646367526854866,-0.1321783013033149,3.018985706866063,-0.2306060486244107,-0.4884641350661934
NUEx038,LH,picture,train,vehicle,0.1421550073813293,0.2221045801045703,0.1707402505306484,-0.1465087734625518,-0.1342547935343995,2.5161671948070867,-0.4380899807690206,0.6767687025287954
NUEx038,LH,picture,book,object/tool,0.0224415844381996,-0.0424335411725734,-0.0593234214325935,-0.0069522276776002,-0.0144616319359897,-0.2977730064496058,-0.516125959538016,-0.6543154312659236
NUEx038,LH,picture,ear,body part,0.0758943160573008,-0.0587719507064005,-0.0124366025978978,0.0594734904367892,-0.0777366399141019,-0.2364107296230003,-0.863849635251148,0.7697871224745255
NUEx038,LH,picture,crane,vehicle,0.0174572710357762,0.1022668884501383,0.0803863501678725,-0.0646007867765534,-0.0124621846761513,1.006166884186216,0.309927378643038,0.1026175099617499
NUEx038,LH,picture,mouse(object/tool),object/tool,-0.0032786265031808,0.1010231558522394,0.063014543021412,-0.0776468686232307,0.0107637708636493,0.9784570711327996,0.5407857632214473,-0.3157288649342468
NUEx038,LH,picture,subway,vehicle,0.0807431803183208,0.182627549021858,0.086049732787492,-0.166862375845003,-0.0645989739809927,1.747285868611636,-0.1030816407193181,-0.6297372730785167
NUEx038,LH,picture,airplane,vehicle,-0.0609568068046482,0.0419209370984287,0.0573748231750072,0.0045157999634482,0.0542657707473011,0.1823083750749297,0.8112520141763275,0.2957426093055578
NUEx038,LH,picture,cow,animal,0.0869884153988255,0.0644790774566477,0.0216750828238536,-0.0679514870143084,-0.0819845927558294,0.9560807369271648,-0.7871872740300653,-0.1327992907862051
NUEx038,LH,picture,orange,food/fruit,-0.0006969225478326,0.0007831037106307,-0.0044566582908371,-0.0051948238786479,0.0017458514165908,0.036766754515679,0.0250489087908153,-0.128668863400013
NUEx038,LH,picture,mouse(animal),animal,0.0137280882166624,-0.0799982889727894,-0.0701043989957893,0.0386684001492596,-0.0157699396448298,-0.7221767292519963,-0.5800067456407544,-0.229001649443867
NUEx038,LH,picture,pizza,food/fruit,-0.0005477502268291,-0.0595963554789966,-0.0445134329846441,0.0387763432206285,-0.0029513440624423,-0.6422651421511268,-0.3186106229655758,-0.0150018985082692
NUEx038,LH,picture,shark,animal,0.0049086408273468,-0.0392204441304391,-0.0317412490889871,0.0229917841605122,-0.0069277253143529,-0.4418136822022102,-0.3575550369449982,-0.0383244830947353
NUEx038,LH,picture,lemon,food/fruit,-0.0066982062627396,0.0066628322861753,0.0277257102173579,0.0197155451589192,0.0018908248099406,0.0387360854461244,0.1353183613638237,0.3638938897404742
NUEx038,LH,picture,cookie,food/fruit,0.0819093749093088,0.0454441915983295,-0.0235972445528961,-0.081187701352159,-0.0544014221451107,0.6485670436478139,-0.6902617429066057,-0.8900090856891669
NUEx038,LH,picture,lock,object/tool,-0.0635157864195237,-0.0401512022757954,-0.0196983286731018,0.038455151858616,0.0609152401513932,-0.6300442040613804,0.6672692196181123,-0.0582975348449223
NUEx038,LH,picture,bike,vehicle,-0.0167430073457528,-0.0469395513221513,-0.0461401816860462,0.0190194257650052,0.0148141126944474,-0.5195985995554753,-0.0714065866350705,-0.3398461069176053
NUEx038,LH,picture,lung,body part,0.0075327872054156,0.1129341993413202,0.0780128780351841,-0.0810030844014776,-0.0005434955564998,1.1305995141130032,0.4900116975086565,-0.1360924449165577
NUEx038,LH,picture,nail(body part),body part,-0.037066700101217,0.1470167124718522,0.0812995084562613,-0.1174499382044569,0.0506684828976814,1.0083484444824518,0.7574286858272257,-0.4666705468114623
NUEx038,LH,picture,muscle,body part,-0.2264448531746664,-0.0457073885727203,-0.0204210863297831,0.0512769141047881,0.2221587249164756,-0.8933475925930744,1.9679813052076651,-0.6520625115836153
NUEx038,LH,picture,tree,nature,-0.0675566946129623,0.0125062257490423,0.0399652241839901,0.0280498240162022,0.0571061496908414,-0.0896010091969925,0.6169377491723346,0.2085445430964133
NUEx038,LH,picture,book,object/tool,0.0018484700782648,-0.0245843998649771,-0.0228757660983028,0.0115869683706894,-0.002573999586186,-0.2393954892159265,-0.1625353124524796,-0.108173228999957
NUEx038,LH,picture,train,vehicle,0.1469980715022587,0.223240258520061,0.1466266304146961,-0.1716816397066109,-0.1397685263358724,2.4792794388077453,-0.5821841630389277,0.1704857695426719
NUEx038,LH,picture,river,nature,0.0541513835576597,0.304082944213644,0.2187067156223887,-0.2129003148427339,-0.0324997607866032,2.510346138367696,0.8117897528365601,-0.1528886634702798
NUEx038,LH,picture,bear,animal,0.066204651120456,0.1036652038308444,0.0048589381822707,-0.1200624711528085,-0.0439646901723837,0.8532221682621376,-0.2720894479999955,-0.3796215694224542
NUEx038,LH,picture,milk,food/fruit,0.0904953387555675,0.1512696236529742,0.1173129020053269,-0.0995046838767776,-0.0843704664744863,1.6774154210071706,-0.1897479210992599,0.3700720895849525
NUEx038,LH,picture,leaf,nature,-0.0283115997186605,-0.0715562750331076,-0.0695477822814806,0.0280324468105698,0.0254957920275527,-0.7636397757922849,-0.0704508019084251,-0.5495787965478878
NUEx038,LH,picture,beach,nature,0.0307501648477709,0.2745627394299462,0.2022983926354059,-0.1847863217632848,-0.015027674313345,2.2323081393625435,0.8675771711489461,-0.1034706530585941
NUEx038,LH,picture,bed,object/tool,0.0597809217099517,0.0621855127604297,0.043579734962322,-0.0454267719621307,-0.0583740263759457,0.923440017402406,-0.4310571039144972,0.25575476735826
NUEx038,LH,picture,leaf,nature,0.0168320672313454,0.0139954221368911,0.0244458600859137,0.0041738564268885,-0.0174702427022815,0.2699536448273326,-0.0569488611701448,0.521555120030146
NUEx038,LH,picture,chair,object/tool,-0.0326805155566544,-0.0105491090468713,0.0256779192614064,0.0424973647989014,0.0228334509772187,-0.1922650293881442,0.3506686069923558,0.4871429162065022
NUEx038,LH,picture,pear,food/fruit,-0.0975722527665069,0.0253140093461401,-0.0785614220380115,-0.0715214141210824,0.0437969252283607,-0.0726074312538879,0.1086417077891131,-1.0727599705598443
NUEx038,LH,picture,banana,food/fruit,-0.0536229501877836,-0.0081657208402561,-0.0028633794085025,0.0108299371499767,0.0534574658222496,-0.25089851231799,0.6447899962440334,-0.1565076362732613
NUEx038,LH,picture,truck,vehicle,-0.0397299080069999,0.0893260082152224,-0.0194406805555512,-0.1029337048818464,0.0259245634718762,0.4518707788559472,0.1638381432416644,-0.8625471920399188
NUEx038,LH,picture,hill,nature,-0.0063307896407038,0.0696633974118624,0.0382697567839727,-0.0575928845882307,0.0114281798285834,0.7094461371236253,0.4117893381676984,-0.3196443272590907
NUEx038,LH,picture,fly,animal,2.225815488455952e-05,-0.0198106882436518,-0.0133157767500468,0.0144705119028014,-0.0013062571886639,-0.215652204828647,-0.1061477780535471,0.0776741856531083
NUEx038,LH,picture,river,nature,0.1746299504722161,0.2697539127038847,0.1749893287786371,-0.2115861150763865,-0.1638307614304823,3.150185959722982,-0.7854843582933303,0.1276672244843127
NUEx038,LH,picture,cat,animal,0.0282307751094176,0.0050055556245781,-0.0068150969927686,-0.0134222991216521,-0.0275488730425623,0.2015442477206347,-0.3943344458578409,-0.0995077066249138
NUEx038,LH,picture,cherry,food/fruit,0.0132030258242023,-0.0738908321012842,-0.0776405282606367,0.0168049106768768,-0.0109003051851498,-0.5618400338174655,-0.4615222094011404,-0.4364831472567017
NUEx038,LH,picture,mouse(animal),animal,0.1340998177335692,0.0931105663918944,0.0672373660628601,-0.0686759450189302,-0.1310150057483815,1.054322699056257,-0.4753886390444004,0.0103207369088329
NUEx038,LH,picture,head,body part,-0.1022117941206293,0.0224869963539607,-0.0013692475888433,-0.0256714607877503,0.1013410640820398,-0.096859277945594,0.8896245377743895,-0.513826301204614
NUEx038,LH,picture,dog,animal,0.0680931789315793,0.0293528824122808,0.0339773831789645,-0.0090701396864284,-0.0681113328429464,0.5030643953302626,-0.4252418099424189,0.400022205266497
NUEx038,LH,picture,fly,animal,0.0204384725705383,0.023010556933716,0.0285030194209649,-0.0048451885352575,-0.0207652485419388,0.369411670999699,-0.0598612608229223,0.4205157230722454
NUEx038,LH,picture,hill,nature,0.1095227889604853,0.2508962961364229,0.1543906724114018,-0.2034676346063292,-0.0934786875513329,2.6098103053661887,-0.0480166491662692,-0.3831852660195218
NUEx038,LH,picture,book,object/tool,0.0899784968198651,-0.1550223684359107,-0.0453800045635371,0.1450932960227941,-0.0915467753523065,-0.8107682772999782,-0.8503754527707647,0.8016148206690118
NUEx038,LH,picture,knife,object/tool,-0.0149064540134258,0.0831905585391174,0.0638231266342013,-0.0521826593483459,0.0227049250145775,0.57638151578969,0.3809636650231247,0.0051981958018415
NUEx038,LH,picture,cherry,food/fruit,0.0361998804652799,-0.0606447105375093,-0.0507264462081276,0.0314891997732575,-0.0388881630926425,-0.4995412762787458,-0.8883674527639598,0.0253697973711332
NUEx038,LH,picture,island,nature,-0.0307534852308605,0.1265365884882719,0.0879924668603593,-0.086896422780643,0.0391539348072846,1.087247459538571,0.9799052349691888,-0.2968459063881363
NUEx038,LH,picture,lock,object/tool,0.0110966540903512,0.0227607356010854,0.0092169180612236,-0.0228686751080775,-0.0092183375677822,0.3320350104190932,-0.0408123215032198,-0.1391737946135699
NUEx038,LH,picture,nail(object/tool),object/tool,-0.0970354238705401,0.0124477960089526,-0.0075846878584445,-0.0188188299440013,0.0965915905838663,-0.1520394595617398,0.5389963919718125,-0.2494856153131321
NUEx038,LH,picture,chair,object/tool,0.0245767416601425,0.0993313171399163,0.1039441345350425,-0.0137110271685134,-0.0357225203619982,0.6817749073973363,0.1117120009958969,0.3506755124786784
NUEx038,LH,picture,muscle,body part,-0.2062156699705418,-0.0551813629843034,0.0202148510900708,0.0980237601622113,0.1865594624860432,-0.9232453384126316,1.858551720124336,0.313632597139038
NUEx038,LH,picture,apple,food/fruit,0.0192420642335268,-0.011311282624545,-0.0444319206401396,-0.026887711614562,-0.008207704393902,-0.0404219170839094,-0.295837279851646,-0.7196246764958015
NUEx038,LH,picture,nut(object/tool),object/tool,-0.048941380460665,0.0655384412823969,-0.0413538323484276,-0.085978401733442,0.027084606977917,0.2524549766400962,0.1171892608406168,-1.070669270632272
NUEx038,LH,picture,hammer,object/tool,-0.0114398227514234,-0.0233902445693119,-0.0068151540992858,0.0252949652492139,0.0095432520213259,-0.3027322555258987,0.1206635174686134,0.2539366904117352
NUEx038,LH,picture,cat,animal,0.0253705691875472,0.053751500809131,0.0332529191610889,-0.0435918633167963,-0.0216215234887376,0.7152484608085934,-0.0067609399817837,-0.0745896464982153
NUEx038,LH,picture,shark,animal,-0.0396822978478585,-0.0123512095877147,-0.0285086985077377,-0.0068194731696163,0.037453724421497,-0.2231670838130745,0.2906005028957195,-0.4869629787371183
NUEx038,LH,picture,subway,vehicle,0.1741118448553793,0.2076111072983236,0.1062413503002225,-0.1888802242218627,-0.1598014177942672,2.3865160299372525,-0.9682269251663173,-0.3575921388942782
NUEx038,LH,picture,apple,food/fruit,0.0730236993923296,-0.0003939206175364,-0.031891548359796,-0.0333145626595834,-0.0618338503819911,0.2271885305148209,-0.5815161558971215,-0.2832914855603033
NUEx038,LH,picture,saw,object/tool,-0.0170280945800771,0.0157555968621951,0.008057929317983,-0.0128864373919103,0.0183835972574247,0.1564685701974199,0.3712770391615078,-0.2199163522232582
NUEx038,LH,picture,toe,body part,-0.0172469755459618,0.0295586497106313,-0.0116320579231181,-0.0430048492602068,0.0179115820237816,0.1955626323607998,0.1717998321754615,-0.5659680882485156
NUEx038,LH,picture,bike,vehicle,0.0064399069541452,-0.0307676409767464,-0.0107785144108058,0.030953055359882,-0.009584725456985,-0.2974309118383247,-0.2027017194493298,0.3843994314069046
NUEx038,LH,picture,truck,vehicle,0.0809068113001331,0.1513520645884355,0.1259898990287447,-0.0881832471006847,-0.0749163445721636,1.690846323430362,-0.078942941465352,0.6041890222914018
NUEx038,LH,picture,bird,animal,0.0590693579542909,-0.0462939619842686,0.0084342056943373,0.0601327055604691,-0.0547060831857115,-0.1693427751086301,-0.4394852008155574,0.7142916894117131
NUEx038,LH,picture,grape,food/fruit,0.060568582888594,0.0710453667163119,0.0350468501903437,-0.0653671652001289,-0.0561117105811455,0.8996038155424968,-0.3623730505961362,-0.1144148116550753
NUEx038,LH,picture,sky,nature,-0.0559103747664959,-0.0198297910824561,-0.0548893996907645,-0.018876698776122,0.042461004700793,-0.2827289693665835,0.1727255271372864,-0.5530301802863735
NUEx038,LH,picture,grape,food/fruit,0.0204375459340981,-0.0137413390329714,-0.0051887755073354,0.012856747695126,-0.0222571129051083,-0.048608561363085,-0.2934411269550894,0.2288200791676002
NUEx038,LH,picture,apple,food/fruit,0.0134484784090331,-0.0028524370589248,0.0098665255234978,0.0126528523359842,-0.0150096785576646,0.0511018482738466,-0.125182095212672,0.4013963160041995
NUEx038,LH,picture,cookie,food/fruit,0.001331602467053,0.0043000419685983,-0.0121088836555443,-0.015500098464462,0.0004460833966211,0.0729051273420054,-0.0265748595632063,-0.3695026603919702
NUEx038,LH,picture,lung,body part,0.0423834368708361,-0.0445475874869173,-0.0197884484582396,0.0389116986599406,-0.0472122548325989,-0.1926747395747771,-0.3002389715986021,0.0662208403752985
NUEx038,LH,picture,wrench,object/tool,-0.1278554359238203,0.0570390262891998,0.014497156085501,-0.0560703775667489,0.1267453039392165,0.1295612486531932,1.2574874140299412,-0.8606864936072822
NUEx038,LH,picture,pizza,food/fruit,-0.0432989037142162,-0.0399010032639572,0.0112568224815073,0.0632297559852211,0.0266093636264475,-0.3933918240826347,0.2702453287257342,0.3018683731012628
NUEx038,LH,picture,ladder,object/tool,-0.0519311604111579,-0.0329616005778179,0.0033573448396223,0.0475401119558442,0.0449081464379825,-0.4421942707984293,0.4698600064036218,0.2378977283328218
NUEx038,LH,picture,dog,animal,0.0221950258194292,0.0098311784127756,0.002049661447128,-0.0121858670388339,-0.0213639819152793,0.2093020955047834,-0.2176455847167271,-0.0020104383757892
NUEx038,LH,picture,lung,body part,-0.0306831148903658,-0.0889768273291425,-0.0658615357318301,0.06124278528673,0.026167417426987,-1.0412700470720757,-0.0755840258323531,-0.0735691117220075
NUEx038,LH,picture,knife,object/tool,-0.1937260982840517,-0.0649178975955998,0.0036597471818916,0.0938279134054693,0.1791200575348022,-0.9210538030560702,1.5549223366655784,0.1392471586233211
NUEx038,LH,picture,nose,body part,-0.1118933040220948,0.0819219856271349,0.0969449492174993,-0.0059265523410047,0.1003378779836532,0.3343966643174994,1.2723387546088676,0.2897190760387594
NUEx038,LH,picture,orange,food/fruit,0.0006061686184921,-0.058816793588756,-0.0273881732314821,0.0532282853123714,-0.0057854534540862,-0.571912753656342,-0.2019030693483077,0.323085291711759
NUEx038,LH,picture,cookie,food/fruit,0.0228822760912515,-0.0311318623938102,-0.0182964722625677,0.0239956347502742,-0.0254229118093998,-0.2443569564334235,-0.4858675106185962,0.2860934005026052
NUEx038,LH,picture,deer,animal,0.1626435968864657,0.1704918364581149,0.0854618315329913,-0.1579087460443856,-0.14987429032229,1.967091867855296,-0.9261915940276334,-0.2847399560138302
NUEx038,LH,picture,hurricane,nature,0.0342899940327699,0.0486408335235117,0.0335652404085115,-0.0366325458228142,-0.0319936593420146,0.7483026949400227,-0.1721058129979587,0.0913918072324053
NUEx038,LH,picture,truck,vehicle,0.0294286320321296,0.0798173933802746,0.0839247884316708,-0.0203899639025033,-0.0291732466606747,0.7999948559645375,0.1386319459202954,0.6362073859630277
NUEx038,LH,picture,nose,body part,-0.0601505775901267,0.0048687966149098,-0.0144800385674606,-0.0157089337912275,0.0583439187137699,-0.1273031530152908,0.5911077232306049,-0.5692770357031137
NUEx038,LH,picture,ear,body part,0.0793971829294364,0.1021905454955372,0.0957143047447395,-0.046458435236174,-0.0753899015529922,1.047589732006578,-0.1911346758435741,0.4503225952075757
NUEx038,LH,picture,bird,animal,-0.0363197384185096,0.1412784902592541,0.1109855201623337,-0.083935245817868,0.0434262691333686,1.1085499612693066,1.0256512423240602,-0.0555510416214132
NUEx038,LH,picture,hill,nature,0.103666640875368,0.0332340845146449,0.0181596205924342,-0.0314619300070522,-0.1022833981454475,0.7328196008863728,-1.0341191607535836,0.2884920167843975
NUEx038,LH,picture,duck,animal,0.0540913251437565,-0.0165713784402857,-0.0142268020049397,0.0070603377592616,-0.0560555351207818,0.0702061006864216,-0.8552834938855003,0.2391445175383473
NUEx038,LH,picture,deer,animal,-0.0249029482302284,-0.0659590237178038,-0.0536898474574988,0.0394129172011425,0.0221699110922327,-0.8400064681394794,-0.0397727213377331,-0.2802339782098095
NUEx038,LH,picture,key,object/tool,-0.05439666839713,-0.0059268456843332,0.0212951835824331,0.0338173423229125,0.0457823906812052,-0.2275593234525819,0.5483773847771151,0.261759128231572
NUEx038,LH,picture,strawberry,food/fruit,0.0178755887797981,-0.0145848650455517,-0.0252365097194646,-0.0042275520557181,-0.0165264672052685,-0.0599738874781191,-0.3536820193161107,-0.2688804036659339
NUEx038,LH,picture,car,vehicle,0.0367391467509297,0.0796482117689094,0.0567424317484556,-0.0562943324537139,-0.0344248990542122,0.9719952481930112,-0.0440411433691346,0.1196316937516107
NUEx038,LH,picture,mouth,body part,-0.0508605815388199,-0.057566665037688,-0.0198173657873594,0.0609617087851307,0.0449290546512889,-0.7968667866928988,0.4689260317877873,0.3342403986600505
NUEx038,LH,picture,flower,nature,0.03667082397664,-0.013126226366112,-0.0028139542878366,0.0135566233231916,-0.0391114967610995,0.0381140526627016,-0.5700172234702109,0.413085991755215
NUEx038,LH,picture,duck,animal,0.054437470809428,0.035710641269383,0.039426688000311,-0.0115534611527452,-0.054703868180079,0.5961696766858476,-0.4135358302065053,0.5501647968373026
NUEx038,LH,picture,crab,animal,0.0088576304120815,0.0810553934568271,0.053999608757023,-0.0597033320905786,-0.004389733480431,0.8893566947419272,0.3408802588529027,-0.1372917048124781
NUEx038,LH,picture,ladder,object/tool,0.1738449147944973,0.093621809320896,0.0650885659182475,-0.0715153281410378,-0.1710082344168606,1.4293921116852768,-1.3368339665081956,0.5088100254636144
NUEx038,LH,picture,bus,vehicle,0.1216233396169173,0.1006650699562678,0.0742323987039523,-0.0717665412005229,-0.118596167866931,1.286024082947035,-0.6793231216370764,0.2725139705450859
NUEx038,LH,picture,lemon,food/fruit,0.1246987059444927,0.1664267563555998,0.1278157153802517,-0.1097461731842641,-0.1200287445909252,1.8487180314358984,-0.4699192508217897,0.5073754942203664
NUEx038,LH,picture,hammer,object/tool,-0.0472679871557116,0.0361803797041573,0.0032279838628788,-0.040935641505117,0.0480672188631991,0.153256266778536,0.4119221181329568,-0.3601725074453031
NUEx038,LH,picture,key,object/tool,0.0247350241523725,0.0170346203275956,-0.0049230127480893,-0.0273891919209304,-0.0215670391729832,0.3180477921287473,-0.2855079742856571,-0.3414294714819073
NUEx038,LH,picture,taxi,vehicle,-0.0853623985592151,0.0998307674627824,-0.0649239251930926,-0.1233233263870575,0.0281731245131885,0.3139074857715986,0.0333502957846373,-1.1556232484372324
NUEx038,LH,picture,key,object/tool,0.0140225854825238,-0.0276655577482436,0.0112193503560593,0.0438054370205996,-0.0157764051953979,-0.1853563869855104,-0.1038536372703632,0.6412882006704402
NUEx038,LH,picture,strawberry,food/fruit,0.0637712070476908,-0.0227259674392403,-0.0388154662385782,-0.0086284161238562,-0.0591927825765256,0.0156861477293438,-0.6863719316403095,-0.1163037169506302
NUEx038,LH,picture,leaf,nature,-0.0388411251410247,-0.0091726642162486,-0.0101346259130459,0.0048434935184791,0.0388032353493246,-0.215731073033686,0.4258325243119872,-0.2316829012322727
NUEx038,LH,picture,lemon,food/fruit,0.0492335574430399,-0.0188252094557123,-0.0134663710327736,0.0105318142147487,-0.0513819229362342,0.0281363001249898,-0.707472301219875,0.221481143165857
NUEx038,LH,picture,bat(object/tool),object/tool,-0.1440927034394689,0.0061076562623361,0.0076060935211248,0.0058340535134522,0.1429538432017238,-0.3317322873103818,1.3366045820105483,-0.4765544496996386
NUEx038,LH,picture,pizza,food/fruit,0.0281072738231874,-0.0403469299517815,-0.0175774896240161,0.0372439222669428,-0.0330847976541178,-0.2926875127231781,-0.4824952044930301,0.3803319468412473
NUEx038,LH,picture,grape,food/fruit,0.0471284669850841,0.0646045054408579,0.0586001495273948,-0.0300859379379278,-0.049191220973238,0.7337168883740828,-0.1870990892641708,0.3201657148953699
NUEx038,LH,picture,airplane,vehicle,0.0715584493371849,0.0763771628152315,0.0383858124253575,-0.0697095899263486,-0.0673087239689543,0.9538881552416696,-0.4389506959434242,-0.0779769152892043
NUEx038,LH,picture,taxi,vehicle,0.1667881676770453,0.0193193368218321,-0.0521792704308178,-0.0828688756575225,-0.1357923527769532,0.6768703083656765,-1.4851034375531489,-0.727006766008302
NUEx038,LH,picture,nut(object/tool),object/tool,-0.105394716943121,-0.0199963282280303,-0.0048575104822889,0.0272965805148527,0.103460130663315,-0.5006290623415732,1.1551974906315408,-0.2484319746910458
NUEx038,LH,picture,crab,animal,-0.0047051917656364,0.0099194388851963,0.018185843907781,0.0041875780959831,0.0039842655219,0.1349781774632733,0.2146540742544261,0.2885023888565193
NUEx038,LH,picture,hand,body part,-0.1104960693480083,-0.0285831712454142,0.0367815675638938,0.0778590494464251,0.0820407345077885,-0.5425622743850183,1.0434226911343334,0.7643910525745514
NUEx038,LH,picture,ear,body part,-0.0277717887220811,0.0463367131986597,0.0513180425165132,-0.0103708587178656,0.026342731443588,0.3730638927537911,0.6364678136778354,0.2732224486501735
NUEx038,LH,picture,duck,animal,0.0706568517873609,0.0092320710242371,-0.0050240228125132,-0.0192879293354544,-0.0699653124900329,0.4104299841312877,-0.94321506508125,0.0634669120101904
NUEx038,LH,picture,fly,animal,0.0150708945779496,0.0012921738343521,0.0020033732486543,-0.0002374197324288,-0.0153152411028485,0.1255441642979597,-0.200149483831434,0.1440484559059725
NUEx038,LH,picture,bear,animal,0.0078559856803097,0.0860741162422781,0.0655339617298497,-0.0557029497878842,-0.003508552959234,0.9001771037378409,0.3293490629392469,0.0852923891945356
NUEx038,LH,picture,taxi,vehicle,0.1180244626718277,0.1935827696868907,0.1210990436461963,-0.1559523039630068,-0.1079315919154759,2.2149556461738658,-0.4294671938974109,-0.0647539770773195
NUEx038,LH,picture,crab,animal,0.04524827142816,-0.0198223668180289,-0.0236334041271685,0.0033427575403164,-0.0467596200608504,-0.0071659707909862,-0.7866856019640195,0.0573616525607375
NUEx038,LH,picture,mouse(object/tool),object/tool,-0.0181229599717652,-0.1415355186141564,-0.1373792991023325,0.0327961352837683,0.0172527957034445,-1.0514584062897026,-0.4467866888776222,-0.9484125289142626
NUEx038,LH,picture,car,vehicle,0.0652078138347116,0.0520639524741056,0.0243983495949892,-0.0495658677894822,-0.0621002927744217,0.8707748225286934,-0.6427214038455984,-0.0306057186610069
NUEx038,LH,picture,airplane,vehicle,0.0342812099185434,0.075623469648765,0.0616697300935233,-0.0454141717645313,-0.0318362839391018,1.0091529741237728,0.0245222206965249,0.3560205521387576
NUEx038,LH,picture,muscle,body part,-0.1902011996797714,0.0353249988409845,0.0851025845356433,0.0512641795678918,0.1652676299454244,-0.1985882597422864,1.7502559213340647,0.3966298976901972
NUEx038,LH,picture,mouse(object/tool),object/tool,0.0413430942047061,-0.0423917000451153,-0.0348724809451512,0.0229128294696582,-0.0443285102739204,-0.2714716677853044,-0.7991232953143628,0.157973426666402
NUEx038,LH,picture,chair,object/tool,-0.004416177366585,0.0011352628714929,0.0025470953398694,0.0010125342417829,0.0043768610811024,0.0431397077201201,0.1359035895696595,0.0225811444495884
NUEx038,LH,picture,head,body part,-0.1205647151029401,0.0708335517637539,0.0778100584095105,-0.013064148514786,0.115605677198188,0.2140688861980424,1.238609582055163,0.0363701702768466
NUEx038,LH,picture,bed,object/tool,0.1442659730263953,0.2290179919284061,0.1552277254927856,-0.173108056664715,-0.1350267183201659,2.569153939394204,-0.5256874385485,0.1979747091862102
NUEx038,LH,picture,pear,food/fruit,-0.012911969553821,-0.0449855629307503,-0.0117843524731597,0.0505393978607777,0.0063078896596946,-0.4057699307638596,-0.0160805286926286,0.2173798361775933
NUEx038,LH,picture,strawberry,food/fruit,-0.0300822409096142,-0.0397086969033145,-0.0199146334889077,0.0360528989592922,0.0278010089871213,-0.5628260409495356,0.2906749410995347,0.0994193123106648
NUEx038,LH,picture,nail(body part),body part,-0.1219267637772384,0.112499520115971,0.1042269735991448,-0.044572026147606,0.1199306217400565,0.542099057068285,1.429009804429051,-0.0569731617705651
NUEx038,LH,picture,mountain,nature,0.0400150930666772,0.2093881394841911,0.171142712953196,-0.1206685010074566,-0.0326689360782518,1.9830667599099248,0.5972785946452155,0.4458831309382653
NUEx038,LH,picture,cow,animal,0.0601968501194863,0.0992090104060552,0.0783661000747248,-0.0628294830031761,-0.0578032202898025,1.2410577895255532,-0.2070383939170152,0.3781183170291934
NUEx038,LH,picture,nut(food/fruit),food/fruit,-0.0519713896818207,-0.0923381026067719,-0.0484434520097672,0.0817746158714074,0.045130869525522,-1.2266367263019735,0.2934033754928972,0.278003842910759
NUEx038,LH,picture,milk,food/fruit,-0.0666807012642659,0.0640964526340503,0.0910097248963541,0.0580474214597769,-0.010752967428592,0.16406176755715,0.2017830206365025,0.2844895239066159
NUEx038,LH,picture,toe,body part,-0.1029492586113035,-0.0300075127936784,-0.0014813265237023,0.0434535285862591,0.0983877319538758,-0.5942705453916923,1.1090655891223988,0.0007593183334015
NUEx038,LH,picture,hand,body part,-0.0767358019012444,-0.0752082597211822,-0.0243437183145699,0.0809427733585982,0.0672275408455601,-1.0354376329371389,0.6761286985817826,0.3826993093874841
NUEx038,LH,picture,car,vehicle,0.0413440303470684,-0.0088214437354833,-0.0291022357702364,-0.0160956637624394,-0.0366835566778118,0.0752227275959659,-0.6094368639695699,-0.3378991632460578
NUEx038,LH,picture,flower,nature,0.038720492338103,-0.0837819175324264,-0.0867235878852013,0.0198118724461821,-0.0337704390536224,-0.6309534689152586,-0.886823444134526,-0.5081688450340598
NUEx038,LH,picture,nut(object/tool),object/tool,-0.2420809135891138,0.0036637834909148,-0.0498624586543102,-0.0388537897335005,0.2313709069183422,-0.3871395510084528,1.3125632373273508,-1.0266300500438743
NUEx038,LH,picture,wrench,object/tool,-0.1012258851507008,0.0116795142931256,0.0439325985518471,0.0349085090526938,0.0882847950284947,-0.17645369497676,0.7585292801722072,0.1526521360174212
NUEx038,LH,picture,cow,animal,0.0032308692902391,-0.0175832673496403,0.0048181592492348,0.0276255028039562,-0.0057935312935921,-0.1591582137463896,-0.0368585661951683,0.5029215873480242
NUEx038,LH,picture,hurricane,nature,0.0123225382140412,0.0557663921561485,0.0528967738315663,-0.0242619141517175,-0.0119255633925051,0.5528166244838094,0.17544696289831,0.2555220237246595
NUEx038,LH,picture,mouth,body part,-0.0077475870905826,-0.0248706875151578,-0.0151229407680936,0.0196667211768927,0.006165464269399,-0.3113382683996921,0.0091993389949025,0.0650284995851232
NUEx038,LH,picture,hurricane,nature,0.0529697805224314,0.0111006480245365,0.0061530047913804,-0.0107889225343925,-0.0549258527222366,0.3114134661549596,-0.5032236632518754,0.1561549490595017
NUEx038,LH,picture,lock,object/tool,-0.0272213692085598,-0.034838928279688,-0.020453047946947,0.0293128143824209,0.0255328879557816,-0.470178147248763,0.237601181626909,0.0149585948923581
NUEx038,LH,picture,island,nature,-0.072989676827232,-0.0025680916987191,0.0112804536281623,0.0171521794710035,0.0710499434388596,-0.2317661080914668,0.8349496038799938,-0.0510056060664122
NUEx038,LH,picture,leg,body part,-0.0739464380331948,-0.0808065494140398,-0.0429537930215909,0.0722526581741701,0.0687937922594098,-1.058641135976069,0.5976945863701019,0.0471553847769681
NUEx038,LH,picture,bus,vehicle,-0.0722848229603147,-0.0315372128065692,-0.0186156609381681,0.0277282219395158,0.0711004505515891,-0.4963626762149761,0.6798915512700975,-0.1875440389508396
NUEx038,LH,picture,tree,nature,0.0081826991201327,0.0540885337043702,-0.0018918743306878,-0.0658682492029446,-0.0030597831963224,0.4519921304081666,0.0071621374885775,-0.5140078479942094
NUEx038,LH,picture,island,nature,-0.055570234476263,-0.027971538930516,-0.0053814655078139,0.0346504650702694,0.0521144889098366,-0.5012774147024416,0.7102865515837409,0.1191832199876083
NUEx038,LH,picture,crane,vehicle,0.0567200342265256,0.1077734235185671,0.0701865839149541,-0.0851999075428047,-0.049437780793771,1.0577323778791043,-0.0749480215193785,-0.0370458521465531
NUEx038,LH,picture,dog,animal,-0.0176681223986324,0.0079694763365109,0.0187416971001763,0.0081362561419971,0.0168674509453923,0.040423468322645,0.3361996237020636,0.2330627154732029
NUEx038,LH,picture,subway,vehicle,-0.0009569926788579,0.0254813173802576,0.0034914451598508,-0.0297364274972492,0.0041268677369193,0.2909399925770642,0.1283497623259318,-0.3839433419134921
NUEx038,LH,picture,bed,object/tool,0.0113180212748703,0.0106457474708393,0.0048001278841389,-0.0102564917638599,-0.0104562304539058,0.2260646336585522,-0.0855381936156056,-0.0364969726231601
NUEx038,LH,picture,boat,vehicle,-0.0176982376124908,-0.0029646842313814,0.0093515330570331,0.0137982725201366,0.0164945862805304,-0.0747177247369541,0.341777979202405,0.248780359204229
NUEx038,LH,picture,saw,object/tool,0.0342623905772056,0.0028418063925556,-0.0082273456166373,-0.0124954657676568,-0.0330972472484334,0.2110539270811801,-0.5177855066325493,-0.0973046005387324
NUEx038,LH,picture,nut(food/fruit),food/fruit,0.0190797551054105,0.053931959956519,0.0149694989335446,-0.0573332387898084,-0.0134075964100152,0.5677472771905304,-0.0274233136525849,-0.3214271257294667
NUEx038,LH,picture,leg,body part,0.0272946202137886,-0.0908567392881997,-0.0672901864134203,0.0583455525756239,-0.0327799207114346,-0.7214941882740454,-0.6446820443043491,0.0866601947945126
NUEx038,LH,picture,deer,animal,0.0451497587361003,-0.0315639879757666,-0.0203425772186531,0.0208878965809081,-0.0479549262823067,-0.1234363875675082,-0.7296575710736043,0.2803607740517204
NUEx038,LH,picture,knife,object/tool,-0.042292238714617,-0.0565726221321277,-0.0427024035933379,0.0378280523191311,0.0402755745799326,-0.7391729187986043,0.275312757576947,-0.2350247557404684
NUEx038,LH,picture,pear,food/fruit,-0.0350368816420894,-0.0063775816230381,-0.0260615203222736,-0.012402548810363,0.0333551176051305,-0.1591568670688284,0.2388294091375718,-0.4404965082718569
NUEx038,LH,picture,train,vehicle,0.0457951901382895,0.0317027383805591,0.0077071014292076,-0.0369949974502514,-0.0431845540634103,0.5735023319063828,-0.4997865469435324,-0.1778491350668135
NUEx038,LH,picture,mountain,nature,-0.0105796896582999,-0.0426995555784357,-0.0193120088442512,0.0399078566088185,0.0074791948149225,-0.5416218818537526,-0.0245213448485463,0.3183290028543288
NUEx038,LH,picture,head,body part,-0.0522478307760337,-0.0751278421985297,-0.0399439756337379,0.0678906283997832,0.0464974533567316,-0.972248673086806,0.3186186736479926,0.1428516347524348
NUEx038,LH,picture,bat(animal),animal,-0.080800394690453,-0.0242408775498612,0.0120319691868971,0.0474528709837939,0.0713645526732584,-0.43907300075584,0.6729691519815453,0.1933413063295587
NUEx038,LH,picture,nut(food/fruit),food/fruit,0.0514317409939366,-0.0276134460643516,-0.034220345245679,0.002786857408981,-0.050914505174608,-0.0646423202820218,-0.8713618023055177,-0.0785577210267251
NUEx038,LH,picture,leg,body part,-0.0293010971586682,-0.0224766933062644,-0.0028449654755319,0.0287693704623076,0.0272718616503246,-0.3581016846924666,0.3911564992499362,0.2205388983019148
NUEx038,LH,picture,nose,body part,-0.0591134036544629,-0.0382804291545446,-0.0317453149818217,0.0247502130129365,0.0574494305038752,-0.5471994417367131,0.4706286552663924,-0.261109075504611
NUEx038,LH,picture,tree,nature,-0.0193555513951823,-0.0060828623883736,-0.0367532550747861,-0.0221667985176327,0.0172319181038716,-0.1080849445036802,0.0377454239265758,-0.4601261756636007
NUEx038,LH,picture,hammer,object/tool,-0.1379714772829276,-0.0669257453678942,-0.0218690094238718,0.0737204043785416,0.1308986409886869,-1.005461042221228,1.3226310364464395,-0.0391276836334014
NUEx038,LH,picture,bear,animal,0.0281996210162436,0.0113500804485081,0.0044810248521357,-0.0123496463128082,-0.0278057688885815,0.305381092063446,-0.3738335236991438,0.0539551139001942
NUEx038,LH,picture,orange,food/fruit,-0.1088557077750688,-0.0742655258470184,-0.0528338002777955,0.0556638610075263,0.1050415982311796,-1.0306927376657775,0.8814378911690959,-0.4152899812412705
NUEx038,LH,picture,river,nature,0.038811029620131,0.0479687968379904,0.0281430556053726,-0.0410614563328225,-0.0367247218188157,0.7001217623453124,-0.2624278099623266,-0.0070378094728831
NUEx038,LH,picture,bat(object/tool),object/tool,-0.0148995130408293,-0.0215388010047976,-0.0091305715036792,0.0210907351176017,0.0135040051132283,-0.2978504602689253,0.1569103106095338,0.1195658758383454
NUEx038,LH,picture,mouse(animal),animal,0.0168900962946799,-0.0914344786284075,-0.0425921937417781,0.0811213842208727,-0.0251111043650217,-0.6508319453424645,-0.3211875091491269,0.2677699491750779
NUEx038,LH,picture,banana,food/fruit,-0.0223778844492998,-0.1229455441091478,-0.1104155531089224,0.054692591885976,0.0177852265661061,-1.214209142682509,-0.4090938183864435,-0.5517531045999217
NUEx038,LH,picture,boat,vehicle,0.0533393515768596,-0.0142837788756552,-0.0146605568213855,0.004093999267352,-0.0551420924751642,0.086482760099635,-0.860934973352782,0.216686299032682
NUEx038,LH,picture,bat(animal),animal,-0.0142166455307583,-0.0945933343410911,-0.0906583937242558,0.0344075726300084,0.0146922521383638,-0.8167895717686517,-0.25507893502092,-0.3748142451133736
NUEx038,LH,picture,saw,object/tool,0.0342914137065911,-0.057112558072088,-0.0265770083411068,0.0501579663802959,-0.0391944394384354,-0.3883751551176403,-0.4936575015341884,0.3409584572577891
NUEx038,LH,picture,bat(animal),animal,-0.0585542104813207,-0.076919223661342,-0.0586925630351348,0.0516357752472154,0.0548936257028003,-1.0247441562581412,0.3595182303558324,-0.3400662728149752
NUEx038,LH,picture,bat(object/tool),object/tool,-0.0541729404166816,-0.0861042388248261,-0.049643497925804,0.0732136209958487,0.0483284344492481,-1.1225062517288102,0.302246675390184,0.1115490613662798
NUEx038,LH,picture,cherry,food/fruit,-0.1177040714815776,-0.076583886988279,-0.0308087852345384,0.0784749414434635,0.1105400250035652,-1.030182817855213,1.008222356469624,-0.0012317653319453
NUEx038,LH,picture,cat,animal,-0.0250656682727847,-0.0490040679976497,-0.0290627752765451,0.0405636325260851,0.0223497956020618,-0.6540709021605776,0.1168208790604038,0.0850823467609631
NUEx038,LH,picture,hand,body part,-0.0634066271031181,-0.012149336241682,-0.0021039707793707,0.0174625663955967,0.0621107867599678,-0.3258052332496211,0.7408937303993487,-0.1226626828428322
NUEx038,LH,picture,shark,animal,0.0007554044748855,0.0006899705850292,0.0161699327773516,0.0144036157350036,-0.002271031650638,0.0488306988122152,0.1070680440947434,0.4535377974048566
NUEx038,LH,picture,bike,vehicle,-0.0356834542879012,-0.0797131585536126,-0.0573683231244912,0.0563467045071559,0.0318166961116183,-1.0580496443124667,0.0577710835955541,-0.1343247727307792
NUEx038,LH,picture,toe,body part,-0.0458027642303887,-0.0563239251055536,-0.0193637074166559,0.0590590887316478,0.0400597614614861,-0.742077254851851,0.4032073783278374,0.2842229255708902
NUEx038,LH,picture,bird,animal,-0.0067918160833031,-0.0478480970996638,-0.0133629599327386,0.0512929587007523,0.0017659697367253,-0.5092357146650259,-0.0710526455556761,0.4711454919562305
NUEx038,LH,picture,bus,vehicle,0.0501697891761598,-0.0030437900181367,-0.0179921414939567,-0.0150648591608314,-0.0472160493419824,0.1350979064874579,-0.3921746994326529,-0.043173970478462
NUEx038,LH,picture,sky,nature,-0.0490229672437104,-0.0264281168228027,0.0146996172526986,0.0512669931628142,0.0377367262299101,-0.3901973176330512,0.4840117367869472,0.4798805777196903
NUEx038,LH,picture,mouth,body part,-0.0144234869658779,-0.0491506527425062,-0.0318940733217073,0.0371492150108267,0.0118465040368495,-0.6307720441570653,-0.0372404647056795,0.0541682236552884
NUEx038,LH,picture,sky,nature,0.0070940377114917,-0.0513110774526172,-0.0497767260840049,0.0190667112908021,-0.0071217751335917,-0.4274872065943644,-0.2865174139396578,-0.1707342260066309
NUEx038,LH,picture,milk,food/fruit,-0.0255944902518349,-0.0457632467193757,-0.0270757450864419,0.0379281272649005,0.0233194427720708,-0.5924684260610397,0.141175584687702,0.0547797827035825
NUEx038,LH,picture,boat,vehicle,0.0308983880603145,0.002052405591667,0.0145775945872414,0.009592085915814,-0.0319930189887569,0.1787968659461552,-0.3193716226325199,0.5090090029274678
NUEx038,LH,picture,banana,food/fruit,0.1164963165785847,0.0068544673582994,-0.0376442964729251,-0.0498905259888852,-0.0990622036058631,0.4130820880165942,-0.9553886134965852,-0.3860705996129972
NUEx038,LH,picture,nail(body part),body part,-0.0606028555406381,-0.010226311168137,-0.0095863790110384,0.0079924802534475,0.0598886652551606,-0.3006976418795615,0.6998553381699718,-0.313586647839654
NUEx038,LH,picture,beach,nature,0.201792029901441,0.1085632742203773,-0.0381588792004531,-0.2011521823508464,-0.0981229369662165,1.0715427011430112,-0.5944863337855292,-1.031881195887995
NUEx038,LH,picture,train,vehicle,-0.0195297762863881,-0.0314439365704244,0.0210939889586683,0.0597198522873279,0.0052823057601614,-0.2406068895281344,0.1469975505221975,0.3875938347570962
NUEx038,LH,picture,book,object/tool,-0.0195205599237505,0.0136743774801066,0.0310228508009743,0.0136296026206388,0.0164763600838886,0.1017814632568216,0.4656329741945866,0.5186410841677375
NUEx038,LH,picture,ear,body part,-0.0117903943732836,-0.0627933400532362,-0.039287110960208,0.0491022943038202,0.008131750388331,-0.7206530077359675,-0.1332801612423303,0.1167819896888709
NUEx038,LH,picture,crane,vehicle,0.0910143607499908,-0.0479367430713716,-0.0718924733321046,-0.0126640564794676,-0.0761549417064145,-0.1077565942337046,-1.1466463540185745,-0.4620370039509283
NUEx038,LH,picture,mouse(object/tool),object/tool,-0.0045573616733769,0.0310615160941376,0.0243749945472602,-0.0191723244313454,0.0065848696544672,0.3703617443516403,0.2827443937668951,0.001522025206135
NUEx038,LH,picture,subway,vehicle,0.0160891623346805,-0.0012323612256869,-0.0415658953016732,-0.0345214677553594,-0.0030843491986255,0.0097688047571051,-0.1744656119354456,-0.6062598959859942
NUEx038,LH,picture,airplane,vehicle,-0.0180942429562744,-0.0592886795012902,-0.0267857269185308,0.0568244441137449,0.0132241402678281,-0.6016089304323107,-0.0076740990386725,0.226816172333
NUEx038,LH,picture,cow,animal,0.0094903612730582,-0.0215431247311687,-0.0130519240061761,0.0165806915250334,-0.0113286756033906,-0.1837623968648689,-0.2533039254465221,0.1685147674207742
NUEx038,LH,picture,orange,food/fruit,-0.043479307897808,-0.0583548776835403,-0.0509551514616205,0.0310827281917294,0.0417766670998065,-0.7319019646100252,0.2208396117931764,-0.3785992963399352
NUEx038,LH,picture,mouse(animal),animal,0.0378998569994732,-0.0095056573323098,0.0166936061665341,0.0264077806562642,-0.0397563286733193,0.0613458202178431,-0.370024668930243,0.6331880080626677
NUEx038,LH,picture,pizza,food/fruit,-0.01899888290373,-0.0721384212872433,-0.0545728939687956,0.0494769684628533,0.0167404951273711,-0.5710511793846821,-0.0238490688877399,0.0187300690725518
NUEx038,LH,picture,shark,animal,-0.016335364968001,-0.0398181901104201,-0.0272103662984914,0.0295174600554496,0.0144398367558031,-0.519413192909616,0.0223072609530448,0.0011219049272085
NUEx038,LH,picture,lemon,food/fruit,-0.0501355087707456,-0.0080207038544261,-0.0303012222652638,-0.0132946375044646,0.048241841952974,-0.2049528506744512,0.2576997890200549,-0.2742708319384543
NUEx038,LH,picture,cookie,food/fruit,0.0127121018231143,0.034041133669951,0.0245537729507056,-0.02448742951298,-0.0107674691369085,0.4769727640688749,0.0434908691100615,0.03496579601793
NUEx038,LH,picture,lock,object/tool,0.0653965882221565,-0.0616756371740014,-0.0501606114553014,0.0316200645837878,-0.0685033123006421,-0.3287711361369015,-0.9829847704581924,0.1296701416942912
NUEx038,LH,picture,bike,vehicle,0.0144026060416486,-0.022768450915368,0.0127888894892882,0.0397869930929794,-0.0158364924473737,-0.1631341235544621,-0.1358740300713624,0.7982784305335932
NUEx038,LH,picture,lung,body part,0.0909488633973223,-0.141623509977342,-0.1570743536647415,0.0003160600800123,-0.0565016016424421,-0.715735199293552,-1.234680113645296,-1.1533128358149294
NUEx038,LH,picture,nail(body part),body part,-0.0733783653075943,-0.0621382530456153,-0.0222604661039364,0.0661078958474466,0.0665940918449522,-0.8963634584035628,0.6952865135466457,0.2207805800728525
NUEx038,LH,picture,muscle,body part,-0.0808155187144754,-0.0340708604398601,-0.0241352315729192,0.0270784939162832,0.0788767479997122,-0.6017828486082236,0.8250630106308754,-0.3402711732704804
NUEx038,LH,picture,tree,nature,-0.0004090139157041,-0.0438881379532246,-0.0281664487267337,0.0328738387623011,-0.0022882660363247,-0.521306540299391,-0.2404506262922771,0.1494631206110488
NUEx038,LH,picture,book,object/tool,0.0223595050548891,-0.0752579445856615,-0.0742509477989426,0.02500351632844,-0.0207328113769608,-0.5575813635009074,-0.5008944109650161,-0.2020661797467294
NUEx038,LH,picture,train,vehicle,-0.0054198380303963,0.0054065253720398,-6.4713264213477945e-06,-0.0066425907271421,0.0061033306967107,0.0667895911311212,0.1054412435534293,-0.1078597258093581
NUEx038,LH,picture,river,nature,-0.0058206292909999,0.0231729192373469,0.0217118857760111,-0.0110579468012564,0.0069683024984371,0.2879003902541314,0.2745900767002393,0.0711593594240637
NUEx038,LH,picture,bear,animal,-0.0261739788581864,0.0421634829076736,0.0511788757730972,-0.0039018396878092,0.0234993042921498,0.3465141894518975,0.6003408309696745,0.3886054816234726
NUEx038,LH,picture,milk,food/fruit,-0.0348980528491325,-0.0349706077247874,-0.0069320556619555,0.0414974909037598,0.0312610899563877,-0.498490911356846,0.395243790330943,0.299833011003768
NUEx038,LH,picture,leaf,nature,-0.030210985725822,-0.0740301126031998,-0.0609972725635507,0.0439142166548165,0.0267146318681001,-0.9311270228450508,-0.0269037644415181,-0.3287874903320019
NUEx038,LH,picture,beach,nature,-0.0089845420736449,0.0986441990663494,0.0745401015536078,-0.0633540309618632,0.0157901818127782,0.8995242571188472,0.6029036529769842,-0.0318826274471295
NUEx038,LH,picture,leaf,nature,-0.0154974258624296,0.02891625511923,0.024464057330029,-0.0161373604841173,0.018535317461348,0.240960905074187,0.3467547408288793,-0.0033423475459745
NUEx038,LH,picture,chair,object/tool,0.1259200447748391,-0.0065306381509931,-0.0236917052737842,-0.0174375232177114,-0.1225739293919391,0.3497044591509357,-1.035461162623038,0.0484691173056088
NUEx038,LH,picture,pear,food/fruit,-0.00493624453413,-0.0098120944665362,-0.0122982134456363,0.0026471464488406,0.0045337672314624,-0.1129488986774794,-0.0129870541641607,-0.121774748832462
NUEx038,LH,picture,banana,food/fruit,-0.0531915451012019,-0.0642932618922531,-0.0485644750780928,0.0441825658522208,0.0510311029670493,-0.7835598550029229,0.2927548944416036,-0.1606725223935331
NUEx038,LH,picture,truck,vehicle,0.0878029480223323,-0.1025880736432345,-0.1224504796765758,-0.0064251885678604,-0.0588735465707758,-0.4986024773210551,-1.1190881720855268,-0.8372025584533948
NUEx038,LH,picture,hill,nature,-0.0482671179452641,0.0314740801988466,0.0578678745972929,0.0252393954549508,0.0332518658765364,0.1047963316792495,0.5973709880696267,0.5612928363843829
NUEx038,LH,picture,fly,animal,-0.0462805973506109,-0.0290971490163548,-0.0051389025724119,0.0360580588298328,0.0429329019913416,-0.4502477745680069,0.5063440419834966,0.1635826825713625
NUEx038,LH,picture,river,nature,0.0111972346840237,-0.0074526711342837,-0.0049463098875214,0.005031511260342,-0.0119228629643237,0.0027264492086235,-0.1839617927839227,0.086852242369812
NUEx038,LH,picture,cat,animal,-0.0437024753507772,-0.0943747053333615,-0.0507490281195868,0.0823501539256764,0.0366528756477786,-1.14931080194374,0.143404642137101,0.2746904420687676
NUEx038,LH,picture,cherry,food/fruit,0.111235204910546,0.0100156791522845,0.0310662943988934,0.0113659305989408,-0.1081109543398744,0.4513567097798406,-0.7759707039491456,0.6365498169855204
NUEx038,LH,picture,mouse(animal),animal,-0.0230979846126082,-0.0133523355570255,0.0198856376917741,0.0385609528395044,0.0165322756582858,-0.201409784500576,0.3302853782336034,0.5955204150111638
NUEx038,LH,picture,head,body part,-0.0134990304167992,-0.0161275878858003,-0.0155580363314384,0.0081240352111146,0.012954524665676,-0.2127232874140815,0.0919185691845144,-0.1585112469611682
NUEx038,LH,picture,dog,animal,-0.0484354943903391,0.0192461366062323,0.0536883139044986,0.0400533932759503,0.0289421998985134,-0.0119141516774526,0.6139380415733218,0.8527406597261116
NUEx038,LH,picture,fly,animal,-0.0379218935537538,-0.0357038341311722,-0.0123417370821191,0.0383116951145601,0.0354013845022629,-0.5038929642227441,0.3470994717481899,0.1495844960744706
NUEx038,LH,picture,hill,nature,0.0168082732041108,0.0345069829394426,0.0193592150385331,-0.0311419969559127,-0.0133240667642841,0.4168111788390292,0.0036789517357719,-0.0785513507663349
NUEx038,LH,picture,book,object/tool,-0.0138446278923431,-0.0304925091165884,-0.0173515716954204,0.026117231755194,0.01195864881614,-0.3901896826734969,0.0461372592986688,0.1020030696449485
NUEx038,LH,picture,knife,object/tool,-0.0477907871428579,-0.0302107782095457,-0.0159517154321955,0.0276839411305024,0.0461199838109422,-0.4786857892883265,0.5254706407333622,-0.0802342784806623
NUEx038,LH,picture,cherry,food/fruit,-0.0272604480425368,-0.0157276919826053,0.005946063190845,0.0279413028972993,0.0247509633239513,-0.2441230721238803,0.2593758056992783,0.2049668363930836
NUEx038,LH,picture,island,nature,-0.0015607076904416,-0.0074772193378296,0.0070712802133896,0.0164817585981753,-0.0002724933177871,-0.0712326282809628,0.0177650629555974,0.1856213588929565
NUEx038,LH,picture,lock,object/tool,-0.0392061394454888,-0.0548892548890759,-0.0374616984411413,0.0412697648332154,0.0372812253939876,-0.7126601080757121,0.2292479457390377,-0.0778961526918283
NUEx038,LH,picture,nail(object/tool),object/tool,-0.0292518701960982,0.0036895837943918,-0.0227354871087,-0.0219270832591137,0.0276746848444282,-0.0491703065469464,0.212917586994171,-0.5053928286052964
NUEx038,LH,picture,chair,object/tool,0.0075738835920134,0.0096343354277084,0.0062246006113686,-0.0074620882840341,-0.0068708851653649,0.2006292830693451,-0.0148886560292451,0.00634618827321
NUEx038,LH,picture,muscle,body part,-0.1320409335515455,-0.0013599149868909,0.0483679893165487,0.057610531213475,0.1112625191659497,-0.3793458533136008,1.381431235436127,0.536757924580616
NUEx038,LH,picture,apple,food/fruit,0.0406745852393434,0.0256407343255735,-0.0007023807447207,-0.0356352192075887,-0.0378056880636775,0.4277198600508043,-0.4478432721372042,-0.1887287775620216
NUEx038,LH,picture,nut(object/tool),object/tool,-0.1265474283689447,-0.1565482699995166,-0.1069175586531145,0.1186287926824917,0.1185867233575357,-1.783481516243171,0.7205979899449269,-0.314425987584479
NUEx038,LH,picture,hammer,object/tool,0.0004554791772076,-0.0118274935098018,0.0068694898002592,0.0225575522960823,-0.0033021146806675,-0.1000087742228892,0.0059403376937128,0.38447895832792
NUEx038,LH,picture,cat,animal,-0.0086832635602938,-0.0366214220145263,-0.022242832020107,0.0299437167098549,0.0059305458498158,-0.4261838829477382,-0.0712938334432953,0.1208812965529593
NUEx038,LH,picture,shark,animal,-0.0319359450480324,-0.0645351200035133,-0.0526159535748718,0.0393495326923352,0.0293984356757346,-0.7955586980185834,0.0513697064564587,-0.2153767387163013
NUEx038,LH,picture,subway,vehicle,0.0429597404622097,0.0206425659910216,0.0261989461707084,-0.0036421285900835,-0.0447094859516528,0.4181189637825991,-0.4152517188220007,0.4803809307580428
NUEx038,LH,picture,apple,food/fruit,0.0165661233982488,-0.0308521148730833,0.0156791786727261,0.0501604341428273,-0.0164728474562124,-0.2124619552943267,-0.1074457247856587,0.8549860440247034
NUEx038,LH,picture,saw,object/tool,-0.0018700558726506,-0.0336534873773808,-0.0178342049143927,0.0289731603310751,-0.0007345160438416,-0.3851294304477696,-0.1270291545684226,0.2117393022837798
NUEx038,LH,picture,toe,body part,-0.128414410940882,0.1050721596192531,0.1235688655288414,-0.0053579905459982,0.1116333309291895,0.4607893825392963,1.569137975967629,0.5082431948875968
NUEx038,LH,picture,bike,vehicle,-0.0546246322573756,-0.0474103047068669,-0.0011830735995298,0.0629460964934435,0.0446984752582641,-0.6497195606180537,0.5400819262162202,0.5254825180109425
NUEx038,LH,picture,truck,vehicle,-0.0149484016765636,-0.0010145002499055,0.0104457528131524,0.0120457450524634,0.0138298277667377,-0.0437930692605589,0.2515185285959322,0.2102035657382233
NUEx038,LH,picture,bird,animal,-0.0492258703010749,-0.1651699356273563,-0.1409729721565245,0.086617321552606,0.0404254039471593,-1.5835240730101592,-0.2940957769079657,-0.6152148330536766
NUEx038,LH,picture,sky,nature,-0.0678845302098388,-0.0897500491493061,-0.0654095024997695,0.062686164753018,0.0637596340307376,-1.0457183701232933,0.3527284082200654,-0.2680341487881779
NUEx038,LH,picture,grape,food/fruit,-0.0591127854504328,0.0932039298206317,0.0104194938357796,-0.0985160095962492,0.0569021323249695,0.4634399600702833,0.4696447554619583,-0.5918650279941673
NUEx038,LH,picture,apple,food/fruit,0.0520723374335383,0.041655197816593,0.0171392605019656,-0.0417146282813293,-0.0501017933446237,0.5966490037496343,-0.390901315649386,-0.0344495393815986
NUEx038,LH,picture,cookie,food/fruit,-0.0262910132581864,-0.0811462184897671,-0.0259173677394913,0.0823877243487208,0.0188839873908579,-0.9166660524090288,0.0648684170008665,0.6043842756434985
NUEx038,LH,picture,lung,body part,0.0201394901150199,-0.0997367343113099,-0.0716490450876307,0.0667295672069078,-0.0264182037054719,-0.8362608743203251,-0.6121888526165652,0.0978962837808618
NUEx038,LH,picture,wrench,object/tool,-0.0680021441054558,-0.016621056156268,0.0029835969441094,0.0287160869030769,0.0645996376072831,-0.3800792935631079,0.7371967657235553,0.046189714283172
NUEx038,LH,picture,ladder,object/tool,-0.0021714662822886,0.0050756897635416,-0.0003444755429958,-0.006833656610476,0.0030066315049045,0.0905215541606874,0.0798490927405092,-0.1330094397592172
NUEx038,LH,picture,dog,animal,-0.0265249901174327,-0.058332422090966,-0.0298126925120376,0.0525064214662575,0.0227159626621665,-0.7726252011684881,0.1151272158474152,0.239490273731172
NUEx038,LH,picture,lung,body part,-0.0061266712113719,-0.0292885265928143,-0.0028380107798814,0.0365462378530975,0.0030527777847371,-0.3439751497110135,0.0272428351160243,0.5126920888740223
NUEx038,LH,picture,knife,object/tool,-0.0325348754018343,-0.0201478859819208,-0.0137020431687738,0.0163469018993581,0.0319931923272213,-0.3290797686831969,0.3469893590383934,-0.1047714782260615
NUEx038,LH,picture,nail(object/tool),object/tool,-0.1479820402316937,-0.0276999975534156,-0.0460849928016412,0.0010194173948802,0.1420574719334119,-0.5899259236186845,1.1133500282890971,-0.893309610268356
NUEx038,LH,picture,nose,body part,-0.0230482344224819,-0.0146775418134069,0.0086085809749785,0.0286709312967837,0.0200810582196614,-0.2340150640005172,0.3822797921085731,0.4424347857574988
NUEx038,LH,picture,orange,food/fruit,-0.0073566459846579,-0.0238154168870109,-0.0107863475553448,0.0220736973890306,0.0056161638590973,-0.294273045407985,0.0311161050765876,0.1711782993090225
NUEx038,LH,picture,cookie,food/fruit,-0.0272353934762122,-0.0834043596478671,-0.0137776607417761,0.0916590458859921,0.0167115091297125,-0.8275818850409149,0.047280150487288,0.6820340608287081
NUEx038,LH,picture,deer,animal,0.0361387474391051,-0.0201546372493018,-0.0190241530766682,0.0076777477959071,-0.0372605282038601,-0.0479774051703083,-0.6740830454289092,0.0941662990591228
NUEx038,LH,picture,hurricane,nature,0.0711836278648344,0.0456567267347785,0.070815676748337,0.0167092117751522,-0.0646923638255812,0.4407253568150319,-0.2020620066251807,0.3820601682329424
NUEx038,LH,picture,truck,vehicle,0.0480542976572149,0.0161319751149829,0.0027497730263256,-0.0204897785144598,-0.0484098802046013,0.3994072304208693,-0.5999633288837537,0.0317926823329748
NUEx038,LH,picture,nose,body part,-0.0389357158152014,-0.0290755999794997,0.0352553127221127,0.0701377883762386,0.0147204927526149,-0.2899079333818679,0.3455874697446071,0.9262777529335092
NUEx038,LH,picture,ear,body part,-0.0145736353210099,0.0466587011978172,0.0408077657846474,-0.0240152583310474,0.017134798344724,0.4638729640426116,0.5082178556169102,0.0874596097555351
NUEx038,LH,picture,wrench,object/tool,-0.0405499044815065,-0.0080241083421474,-0.0480892755606452,-0.0266015414042056,0.0290805286567955,-0.1882822873192002,0.10735082073772,-0.9349356608636572
NUEx038,LH,picture,nail(object/tool),object/tool,-0.043114008308937,0.0029722604479587,0.0063149758483148,0.0036523985712758,0.0429441120363382,-0.0934429684060517,0.5966836182467321,-0.1154990400486769
NUEx038,LH,picture,bird,animal,0.0136930967984592,0.0077013982883821,0.0121162037297657,0.0002114094895527,-0.0137143281369238,0.1630066999808807,-0.0769079141551583,0.2215395833157162
NUEx038,LH,picture,hill,nature,0.0196774342118089,-0.033990923714989,-0.024564201024214,0.0217181734045902,-0.0215835015858197,-0.2362646272095267,-0.3006382615931494,0.0702446451039452
NUEx038,LH,picture,duck,animal,-0.0195089942448927,0.0079466851319251,0.0325247032565993,0.0237788617340692,0.0140057805616871,0.0209212472337299,0.3905206583061386,0.6374128595974425
NUEx038,LH,picture,deer,animal,-0.0095287106509539,-0.0339033299037349,-0.0191082527832115,0.0288240981742014,0.0068816773878425,-0.395870119976567,-0.0188207183177943,0.1296939553256427
NUEx038,LH,picture,key,object/tool,-0.0662339905557389,-0.0276528158977834,-0.0134042492559991,0.0273695789932384,0.064499028324655,-0.4978525802258012,0.733388604268769,-0.1418042152094663
NUEx038,LH,picture,strawberry,food/fruit,0.0039067842017219,-0.0292489821267902,-0.0056361886097607,0.0333507089220667,-0.0066784568864151,-0.3021070397978815,-0.1377954571612321,0.5034485080934895
NUEx038,LH,picture,car,vehicle,0.0331143417956192,0.0195752554485713,0.0124828206571607,-0.0167008545496162,-0.0324057151225958,0.3859684129220181,-0.3011500571112452,0.0972211171038492
NUEx038,LH,picture,mouth,body part,-0.0018454965715969,-0.0414819041418513,-0.0117434558149192,0.0437151304535295,-0.0015916563692567,-0.4455190224612622,-0.0789510112125634,0.4662010951328632
NUEx038,LH,picture,flower,nature,-5.4162394351091726e-05,-0.0764742963742671,-0.0490841364738302,0.0589041172402953,-0.0057262217467488,-0.743567109273862,-0.3207765764435141,0.2003972274261784
NUEx038,LH,picture,duck,animal,-0.0653224978699066,-0.0978847745248948,-0.0330726487617394,0.10088683887485,0.0516525183524142,-1.0799992035726556,0.3679103370145249,0.477712848441537
NUEx038,LH,picture,crab,animal,0.0033597662511985,-0.1022174465589911,-0.0551542551411942,0.0864218929733748,-0.0107426060009184,-0.878494788865827,-0.3324171747109851,0.285834912020081
NUEx038,LH,picture,ladder,object/tool,0.0001818083096575,-0.0482107142750887,-0.0379241961439677,0.0297019624858644,-0.002575505662663,-0.5156655701269806,-0.2725897987896976,-0.0255745767446041
NUEx038,LH,picture,bus,vehicle,0.0119164079076858,0.0526720528979858,0.0116840166464967,-0.0588288955895823,-0.0044582466789535,0.4642427901457576,0.043834091656093,-0.2869690198477945
NUEx038,LH,picture,lemon,food/fruit,-0.0133013641268558,-0.0411788623899271,-0.0109470327688083,0.0452292620373709,0.0093753993839764,-0.4918956509554469,0.0563091164405713,0.4390329173715587
NUEx038,LH,picture,hammer,object/tool,-0.0421160479565896,-0.0339669081772339,-0.0271514004753103,0.0217132958626274,0.0411025623845141,-0.5020564016951912,0.3858673582273387,-0.2579446802815962
NUEx038,LH,picture,key,object/tool,-0.0066150933857201,-0.032098360093286,-0.0181794086280029,0.0263885073319981,0.0047989665920788,-0.3950380153478956,-0.0428959406885356,0.1297110235436905
NUEx038,LH,picture,taxi,vehicle,-0.0083408383075616,0.0265513836740133,-0.0037576500477892,-0.0353545060032479,0.0116079552169738,0.206327331126566,0.1528793143187161,-0.3645343820234351
NUEx038,LH,picture,key,object/tool,0.0624212756986955,0.0174334571710643,-0.0136045340792758,-0.0381376815420793,-0.0548444908662556,0.3464170778861077,-0.4928609886602829,-0.1901199156586638
NUEx038,LH,picture,strawberry,food/fruit,-0.0724117769282995,-0.0598762292288764,-0.0106243917178726,0.0727793360909621,0.0618006422015006,-0.7108231925077423,0.5837460703808338,0.2971880887158675
NUEx038,LH,picture,leaf,nature,0.0028128756417549,-0.0045026468581494,0.0136675262441972,0.0195131471301889,-0.0053223415106614,-0.0143126281880255,0.0473429386159338,0.3464451397313111
NUEx038,LH,picture,lemon,food/fruit,0.0679983961168029,-0.0736930833935128,0.0167150265679656,0.0923083616908919,-0.0527749215031012,-0.3490734483709785,-0.4177365389174509,1.063378437949578
NUEx038,LH,picture,pizza,food/fruit,-0.0232431984573754,-0.0399891885200736,-0.0332245122113006,0.0235529901870319,0.0223919916898415,-0.473703679360331,0.0701742680636511,-0.1296465964685774
NUEx038,LH,picture,grape,food/fruit,-0.057162649178685,-0.0032323067704718,0.0291888303896711,0.0384384075942082,0.0456965604249927,-0.2284351206498032,0.6764897079247227,0.4894377237184042
NUEx038,LH,picture,airplane,vehicle,-0.0502126896419269,-0.0443242772651407,-0.0099012406952979,0.0525183427484384,0.0437284395937364,-0.567370538388695,0.406550877024483,0.2306862734741798
NUEx038,LH,picture,taxi,vehicle,0.1099825645361193,0.0276686663046749,-0.0139030653248876,-0.0530491256812449,-0.0996121656245963,0.595994803299947,-0.9464265267168764,-0.2443310499525854
NUEx038,LH,picture,nut(object/tool),object/tool,-0.1825737664129165,-0.0559655855412269,-0.0736431738003625,0.0083292843157078,0.1737724387423143,-0.673186299334333,0.9001394582029845,-0.8530282370537403
NUEx038,LH,picture,crab,animal,0.0153117574379713,-0.0243385533132647,-0.0220711360435993,0.0115908970299239,-0.0161448236383222,-0.1891101379094058,-0.3702367163832163,-0.0107596207415152
NUEx038,LH,picture,hand,body part,-0.1109559303159041,0.0213693297908609,0.0444956475481422,0.0197717484477805,0.1031695311270929,-0.1315249635591612,1.2895231751243883,0.1476140015663205
NUEx038,LH,picture,ear,body part,-0.0201687399235781,-0.0112945199716932,0.0107774360228346,0.0260786713160806,0.0175495370725767,-0.1800288115827256,0.3233093157958364,0.3973296056021229
NUEx038,LH,picture,duck,animal,-0.0080660034077188,-0.0129322406977753,0.0088966384969123,0.0263286387409035,0.0047788942052388,-0.1486188707600787,0.1209886956781074,0.4431243234024066
NUEx038,LH,picture,fly,animal,-0.0067445666303736,-0.0474871422432978,-0.0227130777277062,0.0430271902850397,0.0034059747070603,-0.5670575084681684,-0.0969877088383935,0.3258682984349776
NUEx038,LH,picture,bear,animal,-0.0188843312712293,-0.0474426734533989,-0.0204480068825502,0.0458538291855757,0.0152048824312698,-0.5896060964861293,0.0614071597819971,0.2961777991989524
NUEx038,LH,picture,taxi,vehicle,0.0637537430002438,0.0800667250322271,0.0582112149700834,-0.0561652957544129,-0.0619393845270295,1.0650275783711722,-0.349651901898883,0.2638316189996159
NUEx038,LH,picture,crab,animal,-0.031309890723585,-0.0235101693616824,-9.396618512956028e-05,0.0324228616380068,0.0288810693187795,-0.3622388737056527,0.4151133150948116,0.2818889594949989
NUEx038,LH,picture,mouse(object/tool),object/tool,-0.0339362063439548,-0.0357504875034758,-0.0157632481704555,0.0348300558869657,0.0318001265328288,-0.5301335162456211,0.366380550385959,0.1177423518375977
NUEx038,LH,picture,beach,nature,-0.0189728154265014,0.0084942520993611,-0.0036438125367854,-0.0132942858687044,0.0202596170901675,0.0441634807207293,0.2861826587354984,-0.3486243898241714
NUEx038,LH,picture,car,vehicle,0.0284231704459635,-0.0553416398582178,-0.0292307669235224,0.0455317526104686,-0.0326152278751804,-0.4481191611641387,-0.579980302980511,0.4155104617156926
NUEx038,LH,picture,airplane,vehicle,0.1297826670909998,0.0459602337925725,0.0193396131095421,-0.0472047096575956,-0.1274113210415112,0.8920126018879452,-1.1944753609618408,0.206551997212056
NUEx038,LH,picture,muscle,body part,-0.0511129419702864,-0.0440666853341589,-0.0054555159373579,0.0554495405911354,0.0435336362870279,-0.60301071332652,0.4923225958872536,0.3769107474633241
NUEx038,LH,picture,mouse(object/tool),object/tool,-0.054614135168772,-0.0444439981841791,-0.0051040131174474,0.0558877068540045,0.0473509898942351,-0.6516498199048911,0.6105310159126607,0.4179666720580908
NUEx038,LH,picture,chair,object/tool,0.0228617014410224,-0.0180000290327337,0.0217083497976081,0.0408687144020972,-0.0226074175177344,-0.075497006381056,-0.1518946007164532,0.7344280391522169
NUEx038,LH,picture,ladder,object/tool,0.0645876516228372,0.02405321375189,-0.0324745212251786,-0.0626342044810653,-0.0382260171531741,0.3685544504027094,-0.4818946754434814,-0.6853374299644643
NUEx038,LH,picture,head,body part,-0.0578140423937077,-0.0405013882017972,-0.0184535135901176,0.0401355261391909,0.0547428702899948,-0.6234589619492944,0.5956798645182358,0.0174886729607509
NUEx038,LH,picture,bed,object/tool,0.0101828497426904,-0.0121335709443962,-0.0118735801374463,0.0047866332147356,-0.0104594664546676,-0.0721756393922878,-0.242004069880019,-0.0252059405853857
NUEx038,LH,picture,pear,food/fruit,-0.0476154557333177,-0.0210981418645273,-0.025378212430105,0.0077538166979482,0.0466312564219634,-0.3740242519346326,0.4415787055936329,-0.396786507800423
NUEx038,LH,picture,strawberry,food/fruit,0.0555795432799808,0.0110400019396881,-0.0452154522804319,-0.0564499249796714,-0.023382061294339,0.1742153351831928,-0.3151840136684281,-0.4851988761934537
NUEx038,LH,picture,nail(body part),body part,-0.1063469267155785,-0.0482398835554912,-0.0042967664521354,0.065863306594371,0.0968441626411852,-0.8088957402191789,1.0771034985593642,0.2344860078525341
NUEx038,LH,picture,mountain,nature,-0.0264426160371115,-0.0335853320329229,-0.0398260541081352,0.0077088298417862,0.0255420515948171,-0.4087168915771912,0.0973756823544893,-0.4386581365379768
NUEx038,LH,picture,cow,animal,0.0045922228926904,-0.0402064726063055,-0.006046520318207,0.0461838664749004,-0.0081359097197717,-0.3857891321799896,-0.1307493577790635,0.541002407601314
NUEx038,LH,picture,nut(food/fruit),food/fruit,-0.0629424090010166,-0.0696725305431757,-0.0314283537702909,0.0679563179262686,0.0571307031360709,-0.8411739686692807,0.4271682653721199,0.1455084749064434
NUEx038,LH,auditory,dog,animal,0.1463136127757069,-0.0195241541799805,0.0675846781328532,0.0687352087170039,-0.114828252071225,0.2866238531937209,-0.561195922041216,1.216561668227384
NUEx038,LH,auditory,bear,animal,-0.1244270916832006,-0.0248206637051602,0.0595050903277101,0.1020793834411699,0.0624556501662958,-0.4431238026885,0.6917084335649706,0.7980780158651666
NUEx038,LH,auditory,banana,food/fruit,-0.0228609035879539,-0.0769774608823144,-0.0211581796377343,0.0798533696639724,0.0161554433377266,-0.7190067163267564,0.056451548192261,0.3780336290356891
NUEx038,LH,auditory,cherry,food/fruit,-0.0274912359410338,0.2377214467398779,0.0316856769590379,-0.2348800104263834,0.03229901764874,1.229465155661323,0.2729580158410276,-1.1992443018950638
NUEx038,LH,auditory,book,object/tool,0.1398291899339707,-0.2307542734036928,-0.218690431072183,0.0750552800097543,-0.1337449240753692,-0.9436007920607216,-1.4346110851122975,-0.5251381377452234
NUEx038,LH,auditory,bed,object/tool,-0.0407997850591288,0.2542104995940699,0.2359072296532062,-0.0941977694220884,0.0259863615721747,1.5255300022563945,0.8844535245228198,0.5588262390232429
NUEx038,LH,auditory,hammer,object/tool,-0.1502229855758842,0.0365815266696775,-0.1148757951794616,-0.0982580720087769,0.0556369440878711,-0.1132920987523242,0.0637645974320457,-1.1306279743365528
NUEx038,LH,auditory,cookie,food/fruit,-0.0939727495415708,0.2339913465264949,0.1650953605903024,-0.1580934796158447,0.1017050646393046,1.367650944371932,1.398953165818631,-0.3781760772966501
NUEx038,LH,auditory,cat,animal,-0.0682170422008372,0.2394945197387177,0.2486615520729647,0.0075233578511495,0.0048992011590206,1.3152339314696664,1.0804214210883494,1.760753408626432
NUEx038,LH,auditory,bike,vehicle,0.0868596242543369,-0.0197832339754171,0.0578234529091999,0.0607469456855187,-0.0541356877707413,0.089453785240962,-0.185631781387753,0.5513524090653695
NUEx038,LH,auditory,island,nature,0.020603458823212,-0.3605605445113421,-0.3038137299542528,0.1893664018095441,-0.0289090933324081,-2.611156898787692,-1.7155252072815308,-0.9885253738058964
NUEx038,LH,auditory,mouse,object/tool,0.084175527794968,-0.0149946703490787,0.0426933971457164,0.0479377972135465,-0.068522095868139,0.1662042686569226,-0.4564115732802301,0.9598686145141552
NUEx038,LH,auditory,deer,animal,0.159380390493452,0.1387191397579767,0.2096928869926338,0.0361298573821209,-0.0224869798493346,0.9334296766336332,0.5744254451450163,1.5852997064706906
NUEx038,LH,auditory,flower,nature,0.0560247024111992,0.0076824995061949,0.052972345317841,0.0359993037446718,-0.0417587445560061,0.1956483734247752,-0.1595760488672369,0.5693347669014196
NUEx038,LH,auditory,grapes,food/fruit,0.1442848115052183,0.0136343385535059,-0.0535386855871788,-0.0766782601713645,-0.1114898684470937,0.561089898763937,-1.2652874179497584,-0.7424385143062895
NUEx038,LH,auditory,fly,animal,0.0996856747605531,0.0362734211538808,0.0687961206301483,0.0135979666203868,-0.08634416801842,0.5174238274410481,-0.3267372862529114,0.3735605599784943
NUEx038,LH,auditory,crab,animal,0.3130903279455956,0.1280324635517469,0.0401802811913952,-0.1446747146130519,-0.3013069688795248,1.7215275672166912,-1.7959088546694462,-0.1991833211974782
NUEx038,LH,auditory,chair,object/tool,0.0245413527301049,0.2634427855879891,0.2309367009922255,-0.1233483865913534,-0.0226658509786555,2.042928240875585,0.8876782265375219,0.7987468431859844
NUEx038,LH,auditory,airplane,vehicle,-0.077164456860737,0.1560865779825181,-0.1183765330368337,-0.1278902759339434,-0.0742532162168937,0.3447378063224233,-0.7633661535711239,-0.982828932447054
NUEx038,LH,auditory,duck,animal,0.0677160447153071,-0.0535649254726607,0.0140091040804769,0.0706447875570274,-0.0597188565145557,-0.2052969336467645,-0.4710276587707475,0.7241025585898535
NUEx038,LH,auditory,cow,animal,-0.0806641674148583,-0.0739996649292174,0.0301915658184327,0.1119421508379691,0.0283094467141779,-0.6401447031854337,0.3739228869102102,1.0002418749898994
NUEx038,LH,auditory,ear,body part,0.0931530064355052,0.006337545601018,0.0984730073231415,0.0563495546180204,0.0015536989285475,0.1887637529937241,0.2896967307451782,0.6472146330376239
NUEx038,LH,auditory,car,vehicle,0.1181972396562534,0.1752003090154012,0.1441707950431413,-0.1052196819351826,-0.1113602973557175,1.689556003198725,-0.2219523119933603,0.310062147084067
NUEx038,LH,auditory,bird,animal,0.0104541453497769,-0.0444854409944887,0.0412127728060039,0.0729463959019114,-0.0048265904233619,-0.2025422113217962,0.094383432147512,0.5845807438660733
NUEx038,LH,auditory,crane,vehicle,0.0036661110740005,0.0491309396187739,0.0403580374908615,-0.029242546319686,-0.0013998767262112,0.5776946265750396,0.2707488073136043,0.1014389636878501
NUEx038,LH,auditory,boat,vehicle,0.0379147928993818,0.0579262873295798,0.0639022217563434,-0.011301866583807,-0.0403027291714805,0.6234564111160733,-0.0862632096208884,0.5283777188264631
NUEx038,LH,auditory,taxi,vehicle,0.0231281105131653,-0.0006383198575586,-0.0079986772704583,-0.0069884640904987,-0.0223710410094144,0.0872252698413082,-0.2463270163297222,-0.0117239949367742
NUEx038,LH,auditory,river,nature,0.1187281195828613,0.1509456517775946,0.1527984738087489,-0.0545163635755515,-0.1040290017961976,1.4243803821685828,-0.180523979494429,0.7160977054295676
NUEx038,LH,auditory,head,body part,-0.0779451053943775,-0.0147240158435952,-0.0882153320474954,-0.0452384279322517,0.0216139629156879,-0.2412407398154103,-0.1319149308471986,-0.9464613158825642
NUEx038,LH,auditory,mouse,object/tool,-0.0395273127368757,-0.0967634182486929,-0.086706090282236,0.0469502003058501,0.0346798841029235,-0.9524930556092917,-0.0616095012675613,-0.356140390909746
NUEx038,LH,auditory,legs,body part,0.0832746795696322,-0.0325834666002629,-0.0145927613295036,0.0259925927113413,-0.0862386523475222,0.0062583703960655,-0.97874101891677,0.4217461077418191
NUEx038,LH,auditory,muscle,body part,-0.0015996254406873,-0.1645049633040605,-0.0386492523242125,0.1580575214153382,-0.0071369640553647,-1.0958192612221576,-0.2056452215417021,0.6014324279281681
NUEx038,LH,auditory,hurricane,nature,-0.0906731635814455,0.2530276268969496,0.219659172973725,-0.1224278814345405,0.0889468145763893,1.5891360148898142,1.6213621577639097,0.2660744955676033
NUEx038,LH,auditory,milk,food/fruit,-0.0847577053858307,-0.1381984392746016,-0.1374384120635876,0.0418746572326043,0.0718844656902094,-1.1068620924487205,0.0789023713892884,-0.7297022349314796
NUEx038,LH,auditory,semi,vehicle,0.2217741107022217,0.0263582560017253,-0.0411722199223845,-0.0902431129764797,-0.198412414122292,0.7482149029057451,-1.005444642988668,0.2419569432031125
NUEx038,LH,auditory,lock,object/tool,-0.0139819886277292,0.4522657970687835,0.3418278094169643,-0.2943783040293636,0.0094802323313208,3.1904261389577795,1.975341740334308,0.1251643543282702
NUEx038,LH,auditory,tree,nature,-0.0871763806456784,0.0005675098952721,0.0011908278699247,0.0039020208817326,0.0878332490781492,-0.2492211941760722,0.6947170292752024,-0.1574688524845998
NUEx038,LH,auditory,nuts,food/fruit,-0.1021394091091601,-0.1138840721268261,-0.0689682019929162,0.0935653591941424,0.0962783935673727,-1.204891037344718,0.5336544034100755,-0.1185594543613182
NUEx038,LH,auditory,key,object/tool,-0.0572143495145682,-0.0559013309424989,-0.0184938874449207,0.059908685194404,0.0512951184579376,-0.6963154945143138,0.4592262847285045,0.2066089771704413
NUEx038,LH,auditory,mountain,nature,-0.0328371169699089,0.0993025028754767,0.0325207679050449,-0.0941295165185999,0.0402249640076788,0.553542755471005,0.379924314305212,-0.2487896879016888
NUEx038,LH,auditory,subway,vehicle,-0.2504206583678123,-0.0499094822418452,-0.1497953582157803,-0.0657936730746193,0.1913775790556798,-0.5441554627743931,0.7082757816253229,-0.8229456191710429
NUEx038,LH,auditory,hill,nature,0.0311126785123497,-0.1077472624052429,-0.0657057464699288,0.081990542049711,-0.0383267839152963,-0.9478422587783182,-0.8200882175099118,0.4053069495472973
NUEx038,LH,auditory,screwdriver,object/tool,0.0699124432203357,0.2494251129745839,0.1992853923181135,-0.1488576332322163,-0.0660389272023949,1.8793631440121967,0.2709854638360693,0.1749878755432788
NUEx038,LH,auditory,train,vehicle,0.063012250573808,-0.0325189140351397,0.0690255651656494,0.0739119824331821,-0.0060652679608164,-0.0364053048003293,0.2543190885199144,1.1501554429243157
NUEx038,LH,auditory,toes,body part,-0.0110141824296757,0.1609462053281693,0.1618843860451281,0.021827781097041,-0.0498354910934753,0.7865293847465681,0.1653836451682669,0.7835847753632178
NUEx038,LH,auditory,taxi,vehicle,0.1779236428541551,0.2308694371135548,0.161957176513329,-0.1945389055322921,-0.1403621799039058,2.050554338083562,-0.2453892808265513,0.3113993067658567
NUEx038,LH,auditory,pizza,food/fruit,-0.0535597898310259,0.0633353177247172,-0.0069509677641112,-0.0755317335980853,0.0485440255670477,0.2517065006038068,0.3015062848535186,-0.3186289741715664
NUEx038,LH,auditory,mouth,body part,0.0208016073701451,-0.1108169031680081,-0.1072062813339745,0.0330311386820506,-0.014655134460464,-0.6292540445928618,-0.3417286018988694,-0.2137642549641187
NUEx038,LH,auditory,orange,food/fruit,-0.0035566422324912,-0.0870332049584425,-0.0924020670735161,0.0098653649975988,0.0078412038418266,-0.6637273536751034,-0.3468789626790572,-0.7173494299818449
NUEx038,LH,auditory,nose,body part,-0.0124894312758506,-0.1975397595965043,-0.0727325529877746,0.1815958711398818,-0.0017235427910179,-1.5009567877145693,-0.3291764272639353,0.8459914881789773
NUEx038,LH,auditory,island,nature,0.0598290841384792,0.0746829341460461,0.0654712113241783,-0.0375227289676866,-0.0618441827892604,0.8516635396195182,-0.2456892768681372,0.353702127179902
NUEx038,LH,auditory,ladder,object/tool,0.0742680511491631,-0.163972948363521,-0.1078536197657493,0.1134805485462301,-0.0858274489652775,-1.102315653868759,-1.2768133777210688,0.3900579643579857
NUEx038,LH,auditory,sky,nature,0.0114162347182502,0.0334892512538694,0.0326952193454581,-0.0152353782880185,-0.0121008367458847,0.3692210803687379,0.0643887562642981,0.1499884059360143
NUEx038,LH,auditory,shark,animal,0.0967175992768201,0.0738409852773686,0.0496884536322708,-0.0565004499347853,-0.0951571619929181,0.9866069002932716,-0.5991097285120734,0.2004267045700445
NUEx038,LH,auditory,cherry,food/fruit,-0.0937564942153282,0.0929332632969986,0.1220648605561853,0.0226479992023044,0.0565905881948649,0.3967898105476295,0.9155308485198496,0.6786721339564997
NUEx038,LH,auditory,knife,object/tool,-0.0637914437230861,0.1282894810685403,-0.0189802525091036,-0.1413574529592074,0.0408372813555441,0.5327186960238516,0.2400807341813128,-0.5240579820117811
NUEx038,LH,auditory,saw,object/tool,-0.0310232578342899,-0.0991948977902881,-0.0318525852576471,0.0995133401090005,0.01993031382254,-0.9353879287518894,0.0013886972384088,0.4320770635601448
NUEx038,LH,auditory,lungs,body part,0.0083217787760413,-0.1166295734858018,-0.1129017766204689,0.0351264251819733,-0.0038241074707648,-0.7722591509683518,-0.3904098097120329,-0.2606704546025042
NUEx038,LH,auditory,lemon,food/fruit,0.011785690998665,0.0716877557081784,0.0760979361013411,-0.0169117293715788,-0.012358294087209,0.6811580238569978,0.2791116541868613,0.5588090892265862
NUEx038,LH,auditory,dog,animal,0.1294905286456574,-0.0912469715883295,0.1098683099374379,0.1193517399452192,0.0204309125365315,-0.1148929610045974,0.540134037753597,1.2152681814256583
NUEx038,LH,auditory,bear,animal,-0.089959869406928,0.1141213280996757,0.13067901061093,-0.0068551184171327,0.068052386365384,0.4351446708488019,0.5296329990059825,0.3344424587306628
NUEx038,LH,auditory,banana,food/fruit,0.0378734360298567,-0.2431794513792227,-0.2348374098942408,0.0555026319442763,-0.0204540819835416,-1.5338474648324707,-1.201315353735021,-1.384196290950365
NUEx038,LH,auditory,cherry,food/fruit,0.1447257380153474,-0.0508490982032441,-0.1085215041850452,-0.0530096410267767,-0.095406747339186,0.0410823768252694,-1.1637891297920877,-0.872223232809995
NUEx038,LH,auditory,book,object/tool,-0.1530711681178755,0.1102618013034106,-0.1391296831429611,-0.1393934086270491,-0.0077920560469342,0.1531650593247531,-0.4370748926752543,-1.613057729367401
NUEx038,LH,auditory,head,body part,-0.0331055685811024,-0.1246197823947265,-0.1085891211653443,0.0622633145164389,0.0263333146503057,-1.1712009140051085,-0.2573405995961677,-0.3556372678309611
NUEx038,LH,auditory,bed,object/tool,-0.1616686346099615,-0.0332128176624848,-0.0019247243242895,0.133986673591727,-0.1074087459278253,-0.2763813366612137,-0.1654929318911408,-0.2844943352482167
NUEx038,LH,auditory,hammer,object/tool,0.1296071006302116,-0.0741278044458958,0.0776135831874235,0.1177167130801647,-0.055858873919798,-0.0723091603462642,-0.0623451749689269,0.9113606968244946
NUEx038,LH,auditory,cookie,food/fruit,0.0856867168644668,0.0339500314383091,-0.0341249499203648,-0.0808227866270509,-0.0469113732790568,0.4506117013666986,-0.4239443514822011,-0.4840651657863828
NUEx038,LH,auditory,cat,animal,-0.0668817817318626,0.2266567426793893,0.2329827408568825,-0.0323829806204687,0.0199349563670165,1.2512876764412642,0.9902276684832784,1.0579053207064728
NUEx038,LH,auditory,bike,vehicle,0.0902079856194566,-0.1043805328027383,0.0525715499028495,0.1283273924813064,-0.0270748823962296,-0.3882413701633205,-0.0387232788987495,1.1084553156323227
NUEx038,LH,auditory,beach,nature,0.2671342997252633,-0.0172155629645917,-0.1639905351366286,-0.1969853971530986,-0.0699560550765434,0.4589464368807847,-0.8611375619722018,-1.7110188245085145
NUEx038,LH,auditory,hand,body part,0.0533762475503571,0.0392668900645185,0.0172831617055047,-0.0385776608110645,-0.0521531794279247,0.6398599964504328,-0.4940187029725608,-0.0140458300514828
NUEx038,LH,auditory,deer,animal,0.1149127458259631,-0.0244505469959909,0.0306879934350656,0.0499359396613294,-0.1051779552092454,0.175728771174397,-0.7771724172314175,0.8239700453695423
NUEx038,LH,auditory,flower,nature,0.1057112095188366,0.0885075292974476,0.1092083447614316,-0.0089668924239104,-0.0910095290360274,0.9466386822440211,-0.284441993481927,0.8009278747542771
NUEx038,LH,auditory,grapes,food/fruit,-0.0383241478066659,0.0121680128942425,0.0455038121855395,0.0427860655607501,0.0163857625313097,-0.0532063590000399,0.2964572113754468,0.4358750242932643
NUEx038,LH,auditory,fly,animal,-0.0291539800895225,0.0307590233500038,-0.0171208458081549,-0.047436213013527,0.0263721221710296,0.1174833048758056,0.1580573719485553,-0.2999148913829497
NUEx038,LH,auditory,crab,animal,0.0144083522155927,-0.2311468128055664,-0.0562109667651679,0.2194062164097498,-0.0257501926714648,-1.2790964633300272,-0.3225352243719923,0.7030658912940616
NUEx038,LH,auditory,chair,object/tool,0.1444312683549697,0.0313929221484201,0.1178580863074294,0.0550060948555956,-0.0811627618496972,0.5569676769124359,-0.1727091152446634,1.4506371418310249
NUEx038,LH,auditory,airplane,vehicle,-0.1011510079539282,-0.2446372793746531,-0.1464012523820788,0.2016334199256438,0.0824459003853718,-2.227569716045521,0.0819292829472918,0.1528506474683491
NUEx038,LH,auditory,duck,animal,-0.1671066534521749,0.0205292765220323,0.1067914958771937,0.1173754867279635,0.0672589961434957,-0.2305445220741399,0.8479536607394811,1.0599196310411128
NUEx038,LH,auditory,apple,food/fruit,-0.0045048199672191,0.2675683999538846,0.1266196984610874,-0.2319327000931616,0.0271825693886223,1.6957167496005463,0.5536686979114982,-0.5442771539466299
NUEx038,LH,auditory,bat,object/tool,-0.0634573711735186,0.0178587643187285,-0.0654563259871828,-0.0556464672068248,0.026661739702042,-0.0673115440583507,0.0022703563091022,-1.0137248353409023
NUEx038,LH,auditory,cow,animal,0.1611514545258103,0.0228863580178207,-0.069343336230023,-0.1117395327431934,-0.0954440503635214,0.5600675432125386,-0.8588550004027908,-0.8406518247057446
NUEx038,LH,auditory,ears,body part,0.0297914326085445,0.3088625724346533,0.2938776291874084,-0.0502422458943082,-0.0734553661893322,1.7409048134707987,0.5594585174652263,1.4414830303952004
NUEx038,LH,auditory,car,vehicle,0.0552987878235472,-0.0236027027379473,-0.0756990760078261,-0.0458708795870567,-0.0144970478003723,-0.0609710629599367,-0.302113208117991,-0.52383921762147
NUEx038,LH,auditory,bird,animal,0.1204741854455869,-0.1368184791268079,0.1041698854748602,0.1451343846635349,0.0386459234139548,-0.3275554804138362,0.5164600846012931,1.1773325364012754
NUEx038,LH,auditory,crane,vehicle,0.2982556735397448,0.0048742031062802,0.237852115272663,0.1463951694167702,-0.095499100797802,0.5163408840222733,0.1928805274040139,1.1776426702310248
NUEx038,LH,auditory,taxi,vehicle,0.1472698754186765,-0.207934780575636,-0.2422057115892163,-0.0525606460156195,-0.0370597168603064,-0.6802181245448609,-0.9567036259104648,-1.4879350138168028
NUEx038,LH,auditory,river,nature,-0.1034043870598092,-0.0512810490542919,-0.1120108327289754,-0.0419291976797136,0.0400471636777216,-0.4291018972915298,-0.0702813350527287,-1.2671913045216556
NUEx038,LH,auditory,head,body part,-0.0153174695691821,-0.108533671650436,-0.1146278860018887,-0.0074165075475466,0.0212750587035421,-0.6251876016198143,-0.2424624690447905,-0.8810674633855744
NUEx038,LH,auditory,hammer,object/tool,-0.0262205708738631,0.0305119012942334,0.0480820379938479,0.0108462228861694,0.0202631665281814,0.1735098301037687,0.4180307900450464,0.3422748099027588
NUEx038,LH,auditory,mouse,object/tool,-0.0096336001221295,0.142843581647424,0.0684371985579885,-0.1242157730577482,0.0228359755484628,1.0244876916050782,0.4191725221580611,-0.4339976764073996
NUEx038,LH,auditory,legs,body part,-0.0258366105353941,0.048591995837983,0.0515957962807224,-0.0141258643477392,0.0258590725938814,0.3489075249982923,0.4653482962896944,0.177812691769859
NUEx038,LH,auditory,muscle,body part,-0.0010276366499376,-0.0123408190826343,-0.026331696471979,-0.007400873618229,0.0024225733624826,-0.1182206262279947,-0.0916570626716933,-0.2717403433425601
NUEx038,LH,auditory,hurricane,nature,0.0712728412776727,0.0057332677585415,-0.0372502935082256,-0.0449942459970516,-0.0531227340819353,0.2637049031365927,-0.6127947194218915,-0.3434530447856986
NUEx038,LH,auditory,milk,food/fruit,0.0054702732615508,0.0434570108512668,0.0089911835648446,-0.0484087098231113,-0.0014936717109475,0.4626171759844262,0.0639419661087288,-0.3837757794323401
NUEx038,LH,auditory,semi,vehicle,-0.0078548808379645,-0.031813138555968,-0.0245377141047325,0.0202073360187958,0.0063710231765863,-0.3772081880965645,-0.0572960462022564,-0.0635546916719913
NUEx038,LH,auditory,lock,object/tool,-0.0024516555346774,0.0168057395700489,0.0303069762163333,0.0065407666630743,0.0017896130586982,0.1680722314987854,0.183144615811673,0.3609785726282957
NUEx038,LH,auditory,tree,nature,0.0172954689086899,-0.0702031119290701,-0.0581637965072186,0.0396695996013621,-0.020703668887595,-0.608715901664213,-0.5152085693487121,0.0074717402425606
NUEx038,LH,auditory,nut,food/fruit,0.0349414967921235,-0.2003157694562005,-0.1985042366136139,0.0131656921071311,-0.0015684868126172,-1.0142133169127787,-0.7111600975720241,-1.2566443650020664
NUEx038,LH,auditory,key,object/tool,-0.0154021381008541,0.0194854539242397,0.0238011945385058,-0.0039158684477652,0.0167294657519926,0.1447724710673216,0.2773695285157973,0.1058895818391979
NUEx038,LH,auditory,mountain,nature,0.0382923946191681,-0.0297011986919601,-0.0216775285650861,0.0181197966961361,-0.0412339189838371,-0.1425030783315531,-0.6388141790042243,0.1848873900609589
NUEx038,LH,auditory,subway,vehicle,-0.0912315163767489,0.0493615746884795,0.0038755530959524,-0.0548575560038554,0.0895787992515721,0.1098872765377566,0.6713293119595427,-0.4830842514957925
NUEx038,LH,auditory,pear,food/fruit,0.0380732877019849,-0.0903017069414096,-0.0946769519192357,0.0175041633018598,-0.030647420843659,-0.6637483921031893,-0.8890537361951182,-0.6311680067633171
NUEx038,LH,auditory,hill,nature,-0.025249358333041,0.0098669891735216,-0.0129478182260675,-0.0220698912989191,0.0268794911906996,-0.0154540277904381,0.1481727362556098,-0.1643584813455758
NUEx038,LH,auditory,toe,body part,0.0112371570235076,0.0565040984041668,0.0504183065036248,-0.0286728007690153,-0.0100385316238506,0.6086941656986615,0.1665208881470251,0.2389380883470859
NUEx038,LH,auditory,taxi,vehicle,0.0377875569637154,0.012069832036115,0.0252750199458,0.0063322532529934,-0.0384195641768788,0.3034279870696408,-0.3362123012583884,0.5840514928054824
NUEx038,LH,auditory,pizza,food/fruit,-0.048956158442494,0.155458540437975,0.1663411857483871,-0.0024541551406712,0.0150628321852204,0.852233570925765,0.7583430598182157,0.9380008603908824
NUEx038,LH,auditory,mouth,body part,0.0531933691082301,0.0330504490697651,0.050529544372685,0.0103505845718638,-0.054132523626981,0.329796893789363,-0.1307627841466647,0.136163395386746
NUEx038,LH,auditory,banana,food/fruit,0.012766538777321,-0.0304667505283199,-0.0532370045550432,-0.0156220472242555,-0.0051777612844708,-0.2038536693524184,-0.3223195230719265,-0.6123780003919198
NUEx038,LH,auditory,island,nature,-0.2060944756332727,0.1213325608759306,0.0102530095146433,-0.1285891176931519,0.1988164020903285,0.1641086403937165,0.6653957665001634,-0.0762106463661657
NUEx038,LH,auditory,ladder,object/tool,-0.0955737331785739,0.0583450497771158,0.0904812831462099,0.0301042521462377,0.0694966376875045,0.1490661263111149,0.9707532931161384,0.6053640438519342
NUEx038,LH,auditory,sky,nature,-0.0296633168502206,0.0077694580700432,0.0423664444165288,0.0387907974939473,0.0164927122216126,-0.0454790023394782,0.4310656148264413,0.8119432996897481
NUEx038,LH,auditory,shark,animal,-0.0141291820604464,-0.0189017025731082,-0.0068037691520275,0.0194476171335606,0.0130807432529524,-0.2381123178064932,0.1460892320241202,0.1164166349049283
NUEx038,LH,auditory,cherry,food/fruit,-0.0931221953149977,-0.0870772274100392,-0.0963822541512553,0.0193518852267502,0.0809608515888275,-0.8369146524614374,0.2954879785186471,-0.6422506487227623
NUEx038,LH,auditory,knife,object/tool,0.0631553305343376,-0.0864078727251126,-0.1088633205978657,-0.0272056588316394,-0.0172086935333993,-0.3830515275464049,-0.5975392849657515,-0.9631176385703828
NUEx038,LH,auditory,saw,object/tool,-0.0283281175718228,0.0632842405261243,0.0786945511557835,0.0059442555304546,0.0171382480259682,0.3879736447364016,0.5183133448639202,0.5450301727859048
NUEx038,LH,auditory,nose,body part,-0.0059913567637556,0.0218886001252457,0.0032917068075321,-0.0257728042078526,0.0094817021887592,0.2113459605735757,0.1422017492317289,-0.2594623970095829
NUEx038,LH,auditory,lemon,food/fruit,0.0722969875656874,0.0068668562203438,-0.0470698530543517,-0.0549095613420934,-0.0435103671887876,0.2585289640761954,-0.6356399814991198,-0.718784975018585
NUEx038,LH,auditory,dog,animal,-0.0594120844287445,-0.1518895618218302,-0.1420637595372171,0.0570034940771497,0.0508728092163441,-1.356082686688546,-0.1593704089547151,-0.899713823191125
NUEx038,LH,auditory,bear,animal,0.0139061881713844,0.0708455069795899,0.057230233059817,-0.0427224944040665,-0.0115893787146797,0.7380348812793144,0.1950180929736442,0.1562438720957203
NUEx038,LH,auditory,banana,food/fruit,0.0116211986966331,-0.1280158517510126,-0.1051164096292296,0.0707083411894791,-0.0157725721876461,-1.1945484616133,-0.7844575896182981,-0.1929646095129277
NUEx038,LH,auditory,cherry,food/fruit,-0.0640989460447465,0.0446651132385178,-8.094425337982059e-05,-0.0524268831368825,0.063338465216842,0.1415798623760238,0.465969596593468,-0.3354920035527771
NUEx038,LH,auditory,book,object/tool,0.016025918678506,-0.0060424486734308,0.0014222973673147,0.0096362700996968,-0.0201018680967636,0.0016830372394046,-0.1498448667464629,0.1134695336350129
NUEx038,LH,auditory,head,body part,-0.0522176498614328,0.0583110327868761,0.0771249322347181,0.0070430233638656,0.0410084143411803,0.2798973270208171,0.6411268458891408,0.4052532549375843
NUEx038,LH,auditory,hammer,object/tool,-0.0861800345684152,-0.0610574942001372,-0.0930126637904234,-0.0106597052438068,0.0584622574691167,-0.5928391193815237,0.1425971629783667,-0.828077801680561
NUEx038,LH,auditory,cookie,food/fruit,-0.0202321922855973,0.0520482849054302,0.0056284015148702,-0.0575764517929686,0.0226713815233335,0.4019569361755038,0.3138287375127945,-0.607149975850345
NUEx038,LH,auditory,cat,animal,-0.0389942487795648,-0.0874804745941726,-0.0944067860982416,0.0071226190309242,0.0356842094266871,-0.6193794405547606,-0.0305412265216873,-0.4849074295817328
NUEx038,LH,auditory,bike,vehicle,-0.0633276422095393,0.039872232253448,0.058544513785384,0.0101517036571128,0.0554399560788788,0.1204822719182754,0.6932722600848072,0.2513586702945026
NUEx038,LH,auditory,beach,nature,0.0238048601519351,0.0447581709721904,0.0159161741573441,-0.0466040573924838,-0.0192414914436413,0.5623183594798205,-0.0943037278649205,-0.2646561565566042
NUEx038,LH,auditory,hand,body part,-0.0435181351926225,-0.0260221286629734,-0.0248651397143622,0.0142824463496875,0.0432816760409172,-0.407587854492547,0.3597797275545399,-0.2267779507944555
NUEx038,LH,auditory,deer,animal,0.0365300005424128,0.1964387123984703,0.1373116836488154,-0.1410678952709967,-0.0254720497580721,1.7624082599503257,0.382053467025411,-0.0667641879805291
NUEx038,LH,auditory,flower,nature,0.0517266965209679,0.0632351741744452,0.0086936679174443,-0.0748998931099729,-0.0406819557449694,0.7499770015537476,-0.3439743801541149,-0.4415559513407914
NUEx038,LH,auditory,grape,food/fruit,0.0314490491839458,-0.0735782525595622,-0.0726908169869275,0.0242432632518917,-0.0306523718124351,-0.5825221814159196,-0.7590221823441354,-0.2769552936382481
NUEx038,LH,auditory,fly,animal,0.0210853618603918,-0.0282551766972301,-0.0382477499395635,0.000523208748043,-0.0184593819779349,-0.1881083555279443,-0.4335064500378622,-0.2843168170950093
NUEx038,LH,auditory,crab,animal,-0.0441665640477809,-0.1787538656670091,-0.130214823801875,0.1223444782700703,0.0342722580864531,-1.6563279856299962,-0.2747612158190973,-0.1373540690726064
NUEx038,LH,auditory,duck,animal,-0.0009357526973929,0.0023553558513596,0.0059635081010346,0.0019212813064827,0.0016893627626114,0.0281996666049073,0.0549809309230473,0.1022179223378952
NUEx038,LH,auditory,apple,food/fruit,0.0291058496015636,-0.0646868978035526,-0.0607151432818994,0.0260756452703416,-0.0303407213558422,-0.52745342828141,-0.7286905201724778,-0.1589912992429146
NUEx038,LH,auditory,bat,object/tool,0.0296973859213997,-0.0493346978271519,-0.0705981044886187,-0.0184607863636905,-0.0090638428473207,-0.2571259906382793,-0.3718289417617668,-0.6496503323720265
NUEx038,LH,auditory,cow,animal,-0.012255973834403,-0.0150008076041027,0.0073120143841911,0.0279037394020668,0.0090956168614452,-0.172880220596406,0.1321638888406475,0.2795363895403795
NUEx038,LH,auditory,ear,body part,-0.0035392077333057,0.0187660068427976,0.0039374714231624,-0.0210887977050207,0.0063554808556122,0.1975700680058669,0.1353574607390184,-0.2209301891945965
NUEx038,LH,auditory,car,vehicle,-0.0014487593786396,0.048702747089299,-0.0233122557234231,-0.0672475990979452,0.0024794623217942,0.3011957302281676,-0.0288381432711537,-0.5762798291343383
NUEx038,LH,auditory,bird,animal,-0.0209350787193483,0.0476712183843335,-0.0129321030419924,-0.0616321351956259,0.0216816077127432,0.2605413861028094,0.1428500415601147,-0.459450041931901
NUEx038,LH,auditory,crane,vehicle,0.0500851365645128,-0.0139387863376009,-0.0600775754473323,-0.0440616047618962,-0.0166232579212439,0.0117167704435264,-0.3977947726102329,-0.6990707382558669
NUEx038,LH,auditory,boat,vehicle,-0.0882470408464965,0.0154286008153552,0.0303404843185946,0.0125736479379993,0.0857659528931264,-0.1293319824147424,0.7628986788963278,-0.0001899499812923
NUEx038,LH,auditory,river,nature,-0.0357628746655526,0.007724791442979,-0.0293445733793283,-0.0294756449610351,0.030451704120305,-0.0532484589045158,0.2113854954143123,-0.6230235351439745
NUEx038,LH,auditory,head,body part,0.0476379710376857,0.0190902486624024,0.0156708253016869,-0.0124378310969466,-0.0498518493772392,0.3919013915012806,-0.4624026886369524,0.2432813499858339
NUEx038,LH,auditory,hammer,object/tool,-0.0285104908311452,0.0351846501651629,0.0014580225821765,-0.041496026831146,0.0301014235006413,0.216303813280077,0.3334398893922731,-0.4356886195825839
NUEx038,LH,auditory,mouse,object/tool,-0.005717429469587,-0.0194778721688622,-0.0315314190931459,-0.0029544556704462,0.0061953880708067,-0.2068912778612332,-0.0832278819108734,-0.3811710551932942
NUEx038,LH,auditory,legs,body part,0.0253155824057631,-0.0528953925103849,-0.0427428537431542,0.030528487557429,-0.0292305225262691,-0.4124871064355231,-0.5610427501761631,0.064388108882268
NUEx038,LH,auditory,semi,vehicle,-0.0141843051269731,-0.0054320564649247,-0.0314665970098224,-0.0182995955577646,0.0134488314646863,-0.095076229633561,0.0278995392087218,-0.4976596778618323
NUEx038,LH,auditory,lock,object/tool,0.0125338366776552,0.0233819733512895,0.0068844771939608,-0.0254365570354951,-0.0106055104231634,0.3338530993641602,-0.059582533140257,-0.1792689331788728
NUEx038,LH,auditory,tree,nature,-0.0286164168546126,0.0063290267406534,0.0348611819828518,0.0303996821927459,0.0204349858474559,-0.0482027135255037,0.3946644817218361,0.528035954302159
NUEx038,LH,auditory,nut,food/fruit,-0.0575721571595463,-0.1037981922925149,-0.1013836807579941,0.0351244432236303,0.0503012404733194,-0.9615874439067036,0.0347511720450583,-0.6698925102931298
NUEx038,LH,auditory,key,object/tool,0.0257781110257481,-0.0443129337709893,-0.0475753722957741,0.0118381939153902,-0.0243145010573189,-0.3255446462142063,-0.5135481445253135,-0.1571511334094351
NUEx038,LH,auditory,mountain,nature,-0.0106147114256163,0.0775162945818484,0.0463410045684614,-0.0610939390905479,0.0173118282249158,0.6978344214230587,0.4205475949908714,-0.2217790502477068
NUEx038,LH,auditory,subway,vehicle,-0.0580627751296111,-0.0520586294900242,-0.0522622519203033,0.0208161808713178,0.0547624267998303,-0.6315738935839901,0.3299717579700507,-0.4375290080090209
NUEx038,LH,auditory,pear,food/fruit,0.0184748458960704,-0.010973347533486,-0.0284999142281575,-0.011824834876212,-0.0147496556199863,-0.032518032560786,-0.3461717033846775,-0.3793362620739818
NUEx038,LH,auditory,hill,nature,0.0122841445312044,-0.1320669799034483,-0.1133565569635289,0.065396373529935,-0.0150485627383099,-1.1781243432721074,-0.7928757759806143,-0.3591962114847752
NUEx038,LH,auditory,wrench,object/tool,-0.0418847884801439,-0.0296188781889332,-0.0626619788353813,-0.0182578685591163,0.0286425185210847,-0.3316658254995293,0.0231071089905008,-0.7754215978517807
NUEx038,LH,auditory,train,vehicle,-0.0035962079910851,0.0697370389993731,0.0626774791531473,-0.0341369178189384,0.0063870170265324,0.6015478351583743,0.3482675520777075,0.1642079092871827
NUEx038,LH,auditory,toe,body part,-0.0237151604140913,0.045764479537977,0.0576737547689734,-0.0007268612423164,0.018504747554916,0.2986749547457922,0.4080849652403315,0.2921616066701511
NUEx038,LH,auditory,taxi,vehicle,-0.0420744728641633,0.0359748135700834,0.0185245540705857,-0.0294419617477468,0.0448134862636324,0.2060143737108767,0.5750675093796118,-0.2972583951122613
NUEx038,LH,auditory,pizza,food/fruit,-0.0508056191225011,-0.1571033479767887,-0.1418322030448179,0.0679999950240053,0.0434248422258426,-1.3468162798845724,-0.2114394578875097,-0.741017982620262
NUEx038,LH,auditory,mouth,body part,0.0108338671118925,-0.0167132554780349,-0.0127812306103742,0.0103541773664617,-0.012136497986494,-0.1206786655872981,-0.2443324632027598,0.074306175497259
NUEx038,LH,auditory,orange,food/fruit,0.0157277515224361,0.0036214328193337,-0.0105563036644618,-0.0141410881436478,-0.0138896278709388,0.1135403400221286,-0.2194689588637033,-0.1654756083770838
NUEx038,LH,auditory,nose,body part,-0.0324170163215751,-0.0220582996981034,-0.0118664113002185,0.0198123643792127,0.0319380320974164,-0.3502700853100363,0.3619379610911223,-0.0451276021045491
NUEx038,LH,auditory,island,nature,-0.0108857893973839,-0.0666332917399045,-0.06723317254106,0.0204125099660387,0.0100864752255333,-0.6558353100741672,-0.2445690459430609,-0.504508672118827
NUEx038,LH,auditory,ladder,object/tool,0.0054003800159656,-0.022850932055175,-0.0393649713122995,-0.0069979190148863,-0.0035386261007186,-0.1927814973110952,-0.2582636229076716,-0.4910387905890685
NUEx038,LH,auditory,sky,nature,-0.0052164209815509,0.0386482180955865,0.0245837757198739,-0.0300087260389417,0.0091603127816305,0.3759983123831186,0.2396624735808884,-0.0877483713466717
NUEx038,LH,auditory,shark,animal,-0.0040279142862431,0.0238634643339675,0.0253878528496033,-0.0084906456975554,0.0049666625494075,0.2587644880452495,0.2391284700531944,0.151475399000888
NUEx038,LH,auditory,cherry,food/fruit,-0.008379540720074,-0.0508827524923344,-0.0457153259733147,0.0244980226454706,0.006603666663114,-0.568776958584326,-0.1887997561546882,-0.2569013915572726
NUEx038,LH,auditory,knife,object/tool,-0.0021374346692257,-0.0118053186544529,-0.033783493903022,-0.0139532309258625,0.0028733913188615,-0.109607023814583,-0.116035286331572,-0.4390134561080357
NUEx038,LH,auditory,saw,object/tool,0.0095301934410536,-0.0452330511327491,-0.0435802767402773,0.0179241441176057,-0.0102625269006071,-0.4069812842186794,-0.370130929038475,-0.1733764753255308
NUEx038,LH,auditory,nose,body part,0.1038287218127549,-0.0598519698893328,-0.0938312486886121,-0.0260665953224071,-0.0743926642137024,-0.1347571759410084,-1.1564954639703875,-0.7972865291622608
NUEx038,LH,auditory,lemon,food/fruit,0.0160605116068166,-0.0141686564264279,-0.0184811274611659,0.0015187790122213,-0.0163057861268283,-0.0656944730348246,-0.3625886633316312,-0.1166800457720032
NUEx031,RB,picture,nail(object/tool),object/tool,0.0361743244938016,0.0022207138105642,0.0041008658923528,-0.028222271898276,-0.0249485671998008,0.2064477259101164,0.1406588457127682,-0.1382913830683559
NUEx031,RB,picture,seal,animal,-0.0417685864567637,-0.2349667782589148,-0.2027743080172967,-0.0338978074457583,0.1173234340601348,-1.838435792552704,0.7666050234920851,0.1603900628136748
NUEx031,RB,picture,hurricane,nature,0.0316556456635721,-0.0275819304036907,-0.0183324736685815,-0.0372039583226605,-0.0012293909158767,-0.0237335618934741,0.432245517290301,-0.1820343140796055
NUEx031,RB,picture,nose,body part,-0.1535943322634789,-0.1963607228245319,-0.2261687065286684,0.0810282754069952,0.0643681766115427,-2.0154877451165296,-0.5402015431527076,-0.4130478330903324
NUEx031,RB,picture,park,nature,0.2639288822906058,0.0731883192789921,0.1062722295546053,-0.2180925515142867,-0.125273094460285,1.4480806551234406,1.6625988393935698,-0.9383152557842352
NUEx031,RB,picture,match,abstract,0.1076733264353584,-0.2939307149086823,-0.0819755948027601,-0.1277711284167332,0.2667125107621005,-1.023702030136041,1.36302139733547,1.8239603066916432
NUEx031,RB,picture,fig,food/fruit,-0.0124764983749987,-0.1495312750007534,-0.1321409449412501,-0.0341157726398733,0.0586463383641629,-1.111853307608058,0.6283997752381947,-0.0984338959884467
NUEx031,RB,picture,date(abstract),abstract,0.1395231277930215,-0.1846348535377012,-0.1297160154389657,-0.1867427657947522,0.0355420265341258,-0.773759764409265,1.9067684890092285,-0.5334391602669031
NUEx031,RB,picture,moose,animal,0.1195947117652083,0.0112548312395261,0.0324490798235002,-0.1064228015736811,-0.043916792396362,0.5436720635083645,0.7906968364532942,-0.3644520961930549
NUEx031,RB,picture,toe,body part,-0.1987212922136877,-0.0750335814752321,-0.1095072032797997,0.168119224402186,0.0653144450346144,-0.9038701661537796,-1.218096451674419,0.4250602187273988
NUEx031,RB,picture,night,nature,0.2542492143075701,0.0055376649556645,0.0462507476517036,-0.231439862532526,-0.0954999979369317,0.9350225547675748,1.839568853020288,-0.9840191191673432
NUEx031,RB,picture,train,vehicle,0.1589759820457471,0.255084990276371,0.257036522692516,-0.0638338298543265,-0.1354980630719573,2.1609784228456594,-0.0208078148639395,0.028121090797907
NUEx031,RB,picture,race,abstract,0.0743047091074507,0.115725641826467,0.1391971839584755,-0.0420017089411921,0.0141952534743403,0.7245280971416086,-0.0395642806831621,0.2122345867812133
NUEx031,RB,picture,spring(nature),nature,0.0914228319010493,0.1128487615030231,0.101420342485701,-0.03874796010213,-0.1009955252342165,1.066002815535567,0.0900477111286961,-0.4464419615215391
NUEx031,RB,picture,lime,food/fruit,-0.1398339926485065,-0.3241077201800414,-0.3042614054748845,0.0343559113552952,0.1699408395749623,-2.9997478745975674,0.2441709188005386,0.3512970970554437
NUEx031,RB,picture,garage,object/tool,0.3242128920107946,0.3683486731234814,0.431653181992185,-0.1817451497328839,-0.1323669428890116,3.248810737823537,0.8239582560054931,0.9113437072759796
NUEx031,RB,picture,sport,abstract,0.11897352015291,0.1724812300452404,0.1751163480933817,-0.0506954686712226,-0.0970304278426366,1.5089291952302728,0.0528356297717497,-0.0578829145248372
NUEx031,RB,picture,waist,body part,-0.1465763670868147,-0.074146800601917,-0.117542754017109,0.1142401816369006,0.0114207041838738,-0.8806968654880661,-0.9461575186165048,-0.2577421509492371
NUEx031,RB,picture,dog,animal,0.0581862662860852,-0.1237143100770229,-0.0652623983858438,-0.0931168099497578,0.0766523275051291,-0.5100963115049094,0.9056034274845772,0.306143460022766
NUEx031,RB,picture,toll,abstract,0.3388436059053284,0.2233881247082883,0.2998741859845823,-0.2451203967314904,-0.1058650757445729,2.50831354345984,1.663844494743502,0.377749703014809
NUEx031,RB,picture,bear,animal,-0.1211956060991939,-0.1942130956958102,-0.1903038377024579,0.0580331855327923,0.108851177447143,-1.6988254816549793,-0.2378767684339066,0.3390129913109829
NUEx031,RB,picture,mango,food/fruit,-0.1209876618002955,-0.3612374903058689,-0.3189762606705241,0.005742485259476,0.2029036683243604,-3.1179838174400625,0.6429581369391266,0.6086328524335588
NUEx031,RB,picture,watermelon,food/fruit,-0.0430800186723483,-0.1909477943739787,-0.1671855340182995,-0.0162100631320623,0.0972801127146342,-1.3203032446056744,0.4277864374465437,0.2058690889190631
NUEx031,RB,picture,lock,object/tool,-0.1333129255350962,-0.043955531256694,-0.0524143170075602,0.1157003236520824,0.069680428680804,-0.5166431148077304,-0.7831765303483308,0.5558011060422202
NUEx031,RB,picture,hill,nature,0.1743807412664028,-0.0077833680049541,0.0354010704715254,-0.1675909767081382,-0.0329338640232653,0.5935770327943084,1.4178280732942,-0.3403470545081323
NUEx031,RB,picture,kiwi,food/fruit,0.0604139498404143,-0.1793117673898518,-0.0926128429753184,-0.1043608537592227,0.1264214365871556,-0.9403833294256192,1.242506419717728,0.6253181807349073
NUEx031,RB,picture,pear,food/fruit,-0.0814468439778013,-0.2039275678281904,-0.1562863845508024,0.0220406675289217,0.1494579928414907,-1.4875828192629357,0.1258282574746932,0.8209060339238491
NUEx031,RB,picture,nail(body part),body part,-0.090864236558196,-0.2400113465461399,-0.22154702971583,0.0137543347027212,0.1248151699441553,-2.103095439339235,0.3060035948019584,0.2490471378344444
NUEx031,RB,picture,wrist,body part,-0.2680071159699222,-0.0591618003488857,-0.1774254892350784,0.1950806621542548,-0.0715713142512197,-1.064426942375251,-1.7066138350551698,-1.2352672030457574
NUEx031,RB,picture,knight,abstract,-0.1559895857748865,-0.1586507358771426,-0.2043238651362099,0.0875791452603897,0.0206063553615592,-1.4343701590757296,-0.5963270823771699,-0.5747132308661297
NUEx031,RB,picture,storm,nature,0.1775634626390892,0.0346381226744484,0.0853497516247533,-0.1571171906797126,-0.0191820442743158,0.9030038220773542,1.4085459527068378,0.0671375130910426
NUEx031,RB,picture,gym,abstract,0.2178015737989202,0.3211917210953567,0.3085179115394724,-0.089998619154677,-0.2113530911586834,2.6719091731047144,0.0568731903427564,-0.4274865493410112
NUEx031,RB,picture,toad,animal,-0.0006541066364958,-0.1393957862878918,-0.0373182459385281,-0.0193320025392109,0.1474496141197994,-0.5200604506652855,0.2489004086081181,0.9420896207969106
NUEx031,RB,picture,fall,nature,0.0500867015297832,0.0460627409485369,0.0270821269338979,-0.0191275324530583,-0.0756352897993017,0.5473624484811368,-0.0124919122813707,-0.608621988725243
NUEx031,RB,picture,bank,abstract,0.0294001743332063,0.3923153217473563,0.3094656593571789,0.1298845176365853,-0.195525912422914,1.9045244758712991,-1.2725907610385885,0.3002604359982839
NUEx031,RB,picture,peach,food/fruit,-0.1151049694092158,-0.2765558745252232,-0.2236594062006797,0.0308128998285746,0.1919053464008175,-2.0753770181443816,0.1838953099805253,1.0258554101748127
NUEx031,RB,picture,book,object/tool,-0.067364848281072,-0.024143132911955,-0.047657608530089,0.0583683662701638,-0.0008864546404972,-0.3589486915054866,-0.6230922751826977,-0.1701773508368242
NUEx031,RB,picture,key,object/tool,0.033275537872341,-0.1517900757888646,-0.0755441022351694,-0.0715083864735299,0.1177466240729812,-0.6603060156715158,0.5431036236487143,0.3432107185116451
NUEx031,RB,picture,grape,food/fruit,-0.1070698496730316,-0.3535334890637136,-0.3153779469448382,-0.0057490216181674,0.1866773225421501,-3.077373185092576,0.7609346927791012,0.3834667371390533
NUEx031,RB,picture,jaw,body part,-0.1264186300585061,-0.1952572480484889,-0.2046572781806463,0.0602019784917198,0.0885323505096028,-1.871099241068364,-0.2998214459031815,0.0001277542625657
NUEx031,RB,picture,river,nature,0.2437168148078464,0.1191245436268458,0.1832629646910934,-0.1904580172704511,-0.0390531394893321,1.436855630410147,1.137643715461403,0.3073649900236578
NUEx031,RB,picture,deer,animal,-0.0893763594669335,-0.1235755810735536,-0.131673619597623,0.0500338349219446,0.0559801373329803,-1.121754753333601,-0.2795227992984568,0.0307755406490329
NUEx031,RB,picture,can,object/tool,0.0563001455204932,-0.3233786589964756,-0.1464796425731879,-0.1178656476610626,0.2621390642538535,-1.4200258548456317,1.3848617551726754,1.559040825911497
NUEx031,RB,picture,head,body part,-0.2055511871610282,-0.0843504634278741,-0.1691257171993132,0.1399038824807154,-0.0379363089085348,-1.046938951570492,-1.1376209179830838,-0.9003857645669197
NUEx031,RB,picture,cat,animal,0.0815561461418156,-0.155240661438889,-0.1530862688765435,-0.09322309742862,-0.0339590838039125,-0.6218874267049833,0.3730338826578454,-0.3279584916969226
NUEx031,RB,picture,date(food/fruit),food/fruit,-0.0622334975083702,-0.2989235517244251,-0.2253038231985211,-0.0264245382345141,0.1994203142818062,-2.2275986313636857,0.8347649890049952,1.050370284880526
NUEx031,RB,picture,nail(object/tool),object/tool,-0.0838923521877313,0.2410365093304113,0.1896855872081012,0.1593912213101116,-0.0579460886115146,1.1640847592733357,-1.3728167499704715,0.5683979717633668
NUEx031,RB,picture,seal,animal,-0.1655150370547546,-0.274447110786622,-0.3004460842873139,0.0596341410458437,0.084090743241103,-1.663919203514493,-0.0109169162909305,0.0764401294969841
NUEx031,RB,picture,hurricane,nature,0.0176078382057018,-0.0508361813988204,-0.0474395188692208,-0.0278005322955036,-0.0010605340978372,-0.2804486607322264,0.3126786751123849,-0.3039779652981242
NUEx031,RB,picture,nose,body part,-0.1104079131783683,-0.1746584853228706,-0.1227932481643106,0.0558866934662845,0.155824981975993,-1.2144448729929318,-0.1816162108304539,0.996026586882931
NUEx031,RB,picture,park,nature,0.2693307818307863,0.07513759626845,0.1410909537203177,-0.2313572423849127,-0.0516982209518502,1.4622115869703616,1.9346037863584065,-0.0364464938252578
NUEx031,RB,picture,match,abstract,-0.043766514697503,0.0165918101129092,-0.0258399517846884,0.0475850377126937,-0.0553070654729316,0.0325411237564161,-0.4749864677964243,-0.4752630248340607
NUEx031,RB,picture,fan,object/tool,-0.1050050336940917,0.0746991229742227,0.0033254646345896,0.1141690814707996,-0.0810975426211766,0.2187385838392119,-1.0625223033080389,-0.5023006811088722
NUEx031,RB,picture,fig,food/fruit,0.0811337969389999,0.0506707619300698,0.0005869446214798,-0.0260417921871253,-0.1341859760178882,0.5105805522935649,-0.00747362426301,-1.2085857158776656
NUEx031,RB,picture,date(abstract),abstract,0.2014637282322027,0.0110093473422701,0.0227402571094866,-0.1701979796547819,-0.1146008692035686,0.7495665439980352,1.2110657445822532,-1.140167234646875
NUEx031,RB,picture,moose,animal,0.0611494831494582,-0.1019238573939292,-0.1073873569370412,-0.0668665414249903,-0.0426146004103787,-0.3945216955529406,0.4694853149830145,-0.6213847684885172
NUEx031,RB,picture,toe,body part,-0.0558954290537919,-0.1463269329546631,-0.1518989092966024,0.0061938936198951,0.0424385785941426,-1.2411407050112957,0.1422325311983473,-0.3230811010604703
NUEx031,RB,picture,night,nature,0.1165668226236534,0.0798417027573284,0.0758656226601578,-0.0744208625407854,-0.0979466854148753,1.064911943250065,0.4675949170034305,-0.8001613745834819
NUEx031,RB,picture,train,vehicle,0.1752410476410483,0.1256965064924851,0.135049515344513,-0.1178491038120299,-0.1190680275691367,1.563308933671978,0.7648706470013334,-0.6780644520892313
NUEx031,RB,picture,race,abstract,0.0927952644422165,-0.0727016810061219,-0.0890262025154599,-0.0667965468233336,-0.0893149551064298,-0.2246830800245737,0.5517300514830604,-1.4104015252172974
NUEx031,RB,picture,spring(nature),nature,0.1529675144167284,0.0247796044890027,0.0721827677205135,-0.1380847634311371,-0.0076792206878361,0.7074892821332514,1.067849518098695,0.064244650848627
NUEx031,RB,picture,lime,food/fruit,-0.023183589993951,-0.0766488420018699,-0.0689808316727798,0.0008206229097585,0.0359055240811552,-0.5732140592946415,0.1301826105567603,0.1043338410609689
NUEx031,RB,picture,garage,object/tool,0.1364781917966967,0.1093141401283088,0.1088119117864486,-0.0846869929218194,-0.109769580902485,1.3003788257323647,0.4618018147799528,-0.6916281645734641
NUEx031,RB,picture,sport,abstract,-0.0110179816284492,-0.013920970941159,-0.0214851476377525,0.0086182766132607,-0.0064950975092822,-0.0857869080065798,-0.1074082118194364,-0.158044634237978
NUEx031,RB,picture,waist,body part,-0.1776777465779392,0.0707327117442437,-0.0191810701629994,0.1737452619421173,-0.0809964762444887,0.0734864383136027,-1.5146528195088385,-0.4620550483693787
NUEx031,RB,picture,dog,animal,0.1254532496168633,0.1368864466357255,0.0435107222234416,-0.020600696560256,-0.2099141223902683,0.7679319854556403,-0.1061926467880626,-0.5764995962756264
NUEx031,RB,picture,toll,abstract,0.2066447682004644,0.1635108557487748,0.2022990744104005,-0.1416749288390933,-0.0826135596448375,1.7898757773457932,0.8875788616438616,0.0944245109606995
NUEx031,RB,picture,bear,animal,-0.0557964874968969,-0.0441054585242793,-0.0511836784394583,0.0409855576667798,0.0269674581182592,-0.4776030550441117,-0.3919691530352114,0.1316262864149877
NUEx031,RB,picture,mango,food/fruit,-0.1679377089434059,0.0864170911098886,-0.0286890845761973,0.1403198293695355,-0.1344740423198348,0.2026141224778738,-1.3765484067796,-1.1146581864113174
NUEx031,RB,picture,watermelon,food/fruit,-0.0475325427140991,0.0005531103328215,-0.0135416036804421,0.0490888361233152,0.0021962978972413,-0.0823836199575714,-0.5122248548445338,0.0971697325388379
NUEx031,RB,picture,lock,object/tool,-0.0573761051898914,-0.0873742627808496,-0.0886962184699379,0.029522600392972,0.044503720624734,-0.8338913837251088,-0.1861850869352328,0.1075431787818867
NUEx031,RB,picture,hill,nature,0.2541955285409142,0.1017036977452086,0.1544057955758051,-0.2079943837651439,-0.0782995262375505,1.6427252131625445,1.7186025738396955,-0.2079646263741256
NUEx031,RB,picture,kiwi,food/fruit,-0.0587088205723353,-0.1431169247204568,-0.1524815219888303,0.0110101477849095,0.0330043903544881,-1.3500698069474164,0.1047662897405169,-0.5444386453676785
NUEx031,RB,picture,pear,food/fruit,-0.1833497537482348,0.0805535233799095,0.0051356386412463,0.1946818177946651,-0.0408434059318357,0.0428024647782923,-1.633183260213947,-0.0624406812051323
NUEx031,RB,picture,nail(body part),body part,-0.0926743091549265,0.0436734192270949,-0.0861431245730877,0.0112640472934809,-0.1480509525765344,-0.0384483539662738,-0.268762533136941,-1.5112358156816288
NUEx031,RB,picture,wrist,body part,-0.0945034057890382,-0.1072849838109843,-0.1522596727419665,0.0311777906640101,-0.0499932675380412,-0.933143510612861,-0.2644504900627218,-1.227715370385651
NUEx031,RB,picture,storm,nature,0.0742527236940925,-0.003744873203882,0.0122645735692266,-0.0697849777007625,-0.0206120946665046,0.3082670682872441,0.686929584688616,-0.2815602861911879
NUEx031,RB,picture,gym,abstract,0.2601143732417398,-0.1032499539440972,0.0926817696426144,-0.190266023655529,0.1771913051067839,0.3201460912271032,1.4857587521904574,1.649990569209638
NUEx031,RB,picture,toad,animal,0.1334363728659537,0.0029229851232661,0.0212012907634939,-0.1210702889664334,-0.0567552284985155,0.56284427126519,1.127379204785171,-0.7302597663761445
NUEx031,RB,picture,fall,nature,0.107169672643227,0.0390888357385625,0.053727116067147,-0.0868644650121594,-0.0494282814413005,0.7300721336397294,0.7025029091206332,-0.3665613053729771
NUEx031,RB,picture,bank,abstract,-0.0135713592963639,0.0604660618826796,0.0469988911640516,0.0405745718312455,-0.0275500670725425,0.4414470097105213,-0.4564405663541475,0.1689609623024987
NUEx031,RB,picture,peach,food/fruit,0.0208379718403026,-0.0653552200978821,-0.0583132225412147,-0.0366986073963105,0.0057266552435601,-0.3893391440145952,0.4924910968995905,-0.3433369321505085
NUEx031,RB,picture,jail,abstract,0.098128517834547,0.1395045212059632,0.1472794561608425,-0.0439930013350929,-0.0672793724353257,1.2931097383203212,0.0524522060675098,0.1113487016787119
NUEx031,RB,picture,book,object/tool,-0.0163016320358162,0.0253456416679525,-0.0294167363723496,0.0216055548109067,-0.0846873927782047,0.1128768677946902,-0.3075768043199898,-0.7461234295458771
NUEx031,RB,picture,key,object/tool,-0.1225571785512542,-0.0202981591258666,-0.0665248153175527,0.1088186043945261,-0.0109484923257548,-0.5038536260945266,-1.0253605882566603,-0.282347071026142
NUEx031,RB,picture,grape,food/fruit,-0.0548791923039503,-0.0156552522752597,-0.0572326094382556,0.0423734540916289,-0.0444511735031382,-0.258886677198999,-0.5041195433283552,-0.7744938793158368
NUEx031,RB,picture,jaw,body part,-0.0546515096274282,-0.0473012794478844,-0.064472418122801,0.0375972845600574,0.0045962992677312,-0.4961143660247007,-0.3975204672931364,-0.2598103868733788
NUEx031,RB,picture,river,nature,0.1152255957388085,0.0621399665500962,0.058006443369216,-0.0774836322089737,-0.0941316004842883,0.8947343836329626,0.4989787315242595,-0.7990118698238791
NUEx031,RB,picture,deer,animal,-0.015764976197212,-0.086582332464362,-0.0707696264232743,-0.0108400436688383,0.0492947816487274,-0.6392500944318921,0.2737281534629729,0.1825554278789915
NUEx031,RB,picture,can,object/tool,-0.1318705171981896,0.0536304504262966,-0.0104719173601346,0.1391510786237156,-0.0540108614666544,-0.0240578417580772,-0.6584251527557337,-0.1346419103595897
NUEx031,RB,picture,head,body part,-0.1224988662616092,-0.0037480457449195,-0.0557617304605532,0.1106604005738509,-0.029023317396699,-0.326487478874653,-1.0701832045462822,-0.3555366432331517
NUEx031,RB,picture,cat,animal,-0.0151388971925427,0.123709015012356,0.0528851376235937,0.0498706697177123,-0.1263529651590477,0.7445486169803511,-0.6306565421010971,-0.7627289033354887
NUEx031,RB,picture,date(food/fruit),food/fruit,-0.0744072881403191,-0.1696162965798935,-0.1594929594772794,0.0204829563081422,0.0888599816958386,-1.5667102244984272,0.0772152652905071,0.1491843497647741
NUEx031,RB,picture,spring(object/tool),object/tool,0.0112946945568672,-0.0613741930652599,-0.0650415221876628,-0.0237951114938142,-0.0103229977983241,-0.4113563361406326,0.3128280180888804,-0.5618567649885404
NUEx031,RB,picture,nail(object/tool),object/tool,-0.0607986700001112,0.0121284314107041,0.006691345425962,0.0692311761917178,0.034816523706351,-0.0343272930973668,-0.3596175819633224,0.2752449217912424
NUEx031,RB,picture,seal,animal,0.0206477726801004,-0.0481954872057811,-0.0388144987585115,-0.0320340895632766,0.0067653268198034,-0.203301238096755,0.2928761581424029,-0.09088475076992
NUEx031,RB,picture,hurricane,nature,0.0038134752864226,-0.0382865113238748,-0.0419750397629147,-0.0120382031235384,-0.006186267937662,-0.2514619733086913,0.1704230657731562,-0.3895542663900395
NUEx031,RB,picture,nose,body part,-0.1283909636830737,-0.1366250836603284,-0.1699247667317274,0.0748318955516056,0.0319191963198779,-1.5183170659309428,-0.6321443117750228,-0.5357431851239329
NUEx031,RB,picture,park,nature,0.2666931709038882,0.0838138596669445,0.1380410067836934,-0.2253132417175701,-0.0807423406741271,1.4737719184260425,1.767036838942174,-0.292268738066027
NUEx031,RB,picture,match,abstract,-0.0169519967691338,-0.1098037297660638,-0.1031340169836267,-0.0167974404734327,0.0368793128620236,-0.8505624452352781,0.3731182804321097,-0.1780829166531832
NUEx031,RB,picture,fan,object/tool,-0.1159946276287549,0.1020372866509721,0.0590093461628653,0.1452202775350262,-0.0123023675308931,0.3388825661763617,-1.0995866923838555,0.3868388749823954
NUEx031,RB,picture,fig,food/fruit,-0.1449841346362874,-0.0478670893846929,-0.0124597839263693,0.0818401913764488,0.1514054665809322,-0.5071475446014616,-0.4225667899054523,1.1295554968110049
NUEx031,RB,picture,date(abstract),abstract,-0.0122637156069901,-0.0480180813648669,-0.0459899675549349,-0.0006410267637139,0.0147915819492476,-0.3254702117372706,0.0717698570515873,-0.0292582648156673
NUEx031,RB,picture,moose,animal,0.1882799437660644,0.0413419114325733,0.0788295984952617,-0.1643578185808815,-0.0572924170817684,0.9861243204808366,1.3693340776671583,-0.3749509481996934
NUEx031,RB,picture,toe,body part,-0.0353174559782797,-0.0454631568862761,-0.0651198230893965,0.0199852161351674,-0.0162129530061209,-0.4010009651994204,-0.1894236592070831,-0.5258898534204283
NUEx031,RB,picture,night,nature,0.1809915924860395,-0.0717872684491754,-0.073303131236916,-0.1451423520461813,-0.1279518054579854,0.1239745159950201,1.0780977897569703,-1.69055790824418
NUEx031,RB,picture,train,vehicle,0.2225318636126814,0.1345435752076174,0.1993441936309081,-0.1606936741068374,-0.0152374959639915,1.481340167890937,1.0802266237901017,0.7163355586368615
NUEx031,RB,picture,race,abstract,-0.0730213122564391,-0.0465076194422127,-0.0671531743823704,0.0593262734012547,0.0064899852966474,-0.4221225343904178,-0.473796172861925,-0.0710040309634197
NUEx031,RB,picture,spring(nature),nature,0.1280431663426347,0.128237663013666,0.1062607429592965,-0.0633695439474929,-0.1395401199374867,1.285346119578842,0.1921151705628864,-0.8688691607366082
NUEx031,RB,picture,lime,food/fruit,-0.0910617147462932,-0.1799368962521982,-0.1699444067494486,0.0346971017197197,0.0995369230794444,-1.5730241483957688,-0.0697869136507466,0.2390601315814957
NUEx031,RB,picture,garage,object/tool,0.052497573562385,0.3954223741899466,0.3197301303888992,0.0925576507900506,-0.2123117899881701,2.456497924933163,-1.3989298777614132,-0.1701044392270397
NUEx031,RB,picture,sport,abstract,0.0082070968974799,0.0108684651340737,0.0055582684580794,0.001539349557767,-0.0195095935442994,0.1482499542651081,-0.0903336074227996,-0.121107873397194
NUEx031,RB,picture,waist,body part,-0.173662635742121,0.0317352545305127,-0.0562677987224253,0.1538742952700184,-0.0752903126584201,-0.1916033404269556,-1.4499906779761744,-0.7142614615288374
NUEx031,RB,picture,dog,animal,0.0709351810470091,0.2134084194386293,0.1547165217177479,0.0208255607934855,-0.1642264547575179,1.5148011425705987,-0.634236215900532,-0.6395256689267208
NUEx031,RB,picture,toll,abstract,0.1448873735659237,0.3229903818932052,0.3284562131084474,-0.0264431111994756,-0.1181848885275599,2.1306447168852345,-0.3540708058365687,0.5375382986077741
NUEx031,RB,picture,bear,animal,-0.0814981311351016,-0.0955741416013116,-0.120335618440926,0.0458304700311716,0.0138242956136827,-1.037130015237246,-0.3947803950009448,-0.5109161960973225
NUEx031,RB,picture,mango,food/fruit,-0.0702317411755677,-0.1814949351346504,-0.1887794222307001,0.0086008611065283,0.0517341434505576,-1.6905924563611834,0.1937282183614715,-0.5500142463140035
NUEx031,RB,picture,watermelon,food/fruit,-0.0279283972555751,-0.0072167809537258,-0.0392637660724668,0.0289327923167985,-0.0419930692988529,-0.0979849817716937,-0.2194441722127191,-0.2867357233397402
NUEx031,RB,picture,lock,object/tool,-0.0956678835146083,-0.0096971614838237,-0.0413747003906806,0.0920186017230259,-0.0016714129352096,-0.3203230183684829,-0.881680883791228,-0.0723179524990686
NUEx031,RB,picture,hill,nature,0.3370274814786523,0.0931161366644087,0.1720956456126516,-0.2888655610619599,-0.0798307608775919,1.802243460543132,2.4140292520240147,-0.1650779699377907
NUEx031,RB,picture,pear,food/fruit,-0.0717906514673222,-0.1462845000181891,-0.1358791546263323,0.0257211402951701,0.0838616952651621,-1.3535738913585351,-0.0173829243666284,0.2371114565802752
NUEx031,RB,picture,nail(body part),body part,-0.0630067113471702,-0.066883248340541,-0.0838814471917819,0.0401940876315005,0.0134866969762526,-0.7016600470979898,-0.3687342281479949,-0.2623822620411158
NUEx031,RB,picture,whale,animal,-0.2337563364378935,-0.1190252001342138,-0.165069291525677,0.1856758618803626,0.0728176949047326,-1.330614874371257,-1.3435949603462147,0.1690773324368126
NUEx031,RB,picture,library,abstract,0.2490647873071914,0.4399122130042064,0.4590080400988123,-0.0889869760504528,-0.1826946670130822,3.5396388086826587,-0.1201799930585289,0.6920338283786113
NUEx031,RB,picture,wrist,body part,-0.1894387490189654,0.0218354800885091,-0.0624048339595088,0.1725982232511645,-0.0538942086568277,-0.3116687163653808,-1.149248718334694,-0.4406076320708361
NUEx031,RB,picture,knight,abstract,-0.0756250261046624,0.0138822221264326,-0.0180852956594219,0.0804491998771293,-0.0173555469429216,-0.056088446695318,-0.8265483694587918,-0.0750070624543537
NUEx031,RB,picture,storm,nature,0.105855879285684,-0.0010655027857148,0.0305562045416025,-0.1009163967103751,-0.0098037907051285,0.4218844652319592,0.8647348237267498,-0.0654321956673461
NUEx031,RB,picture,gym,abstract,0.1744125049710254,0.2545815204095217,0.2744435026774056,-0.0803054213107163,-0.106073147066809,1.886273530577612,0.0757397323164204,0.3440429723211635
NUEx031,RB,picture,toad,animal,0.0817695169265484,-0.1385062756714313,-0.0561399631744949,-0.111102960943593,0.1016812078757652,-0.5430529614972038,1.0299309025279066,0.4505498143984642
NUEx031,RB,picture,fall,nature,0.261179685282735,0.0329918493537342,0.0202375002495419,0.010118667488469,-0.2708129024377761,0.6828533059763556,-0.1315142306048029,-0.4149479326359788
NUEx031,RB,picture,bank,abstract,0.0139693072539197,0.2507442604982685,0.1743163757227098,0.0861647626273347,-0.1617067647655644,1.4700136164711226,-1.0823636876791105,-0.3426765707555974
NUEx031,RB,picture,peach,food/fruit,-0.0900733764578722,-0.1540001347686441,-0.095139885741632,0.0408249719280818,0.1476407413106729,-0.9796123205318688,-0.0898419516505315,0.9853910962155202
NUEx031,RB,picture,jail,abstract,0.0142225063065342,0.0634372857194701,0.0655095059710702,0.0089758104467637,-0.0122966485248203,0.5452030806201059,-0.2261547135242178,0.3267403285313511
NUEx031,RB,picture,book,object/tool,-0.1491336003229904,0.0474349178779278,-0.0446476435324576,0.1257377941499017,-0.0975067875684846,-0.0347848606150266,-0.996972313223724,-0.6434975448055881
NUEx031,RB,picture,key,object/tool,-0.1837088925630027,0.0286156280467159,-0.0581466941337319,0.1651590516573963,-0.0680080323843664,-0.2060334207351049,-1.4208279937184884,-0.5764169333039582
NUEx031,RB,picture,jaw,body part,-0.1282019889101916,-0.0506230729191294,-0.068472273066471,0.1139533061979055,0.0473259767861811,-0.5663009369583547,-0.7360354376454314,0.2024210848678358
NUEx031,RB,picture,river,nature,0.2562136556324464,0.2001150838019107,0.246585579584137,-0.1756713241366311,-0.1067456806440304,2.247881013440899,1.1901019161860786,0.0956242464067156
NUEx031,RB,picture,deer,animal,-0.0507674261718276,-0.0501535883155708,-0.0592322552440025,0.0362245259734396,0.0202196797857861,-0.4577369472441379,-0.2769585201117552,-0.0394698892862291
NUEx031,RB,picture,can,object/tool,-0.1699560313301029,0.1127188306663038,0.0172430259683819,0.178985858186409,-0.096787358365249,0.2297306136134619,-1.3254041134656704,-0.3798731415656552
NUEx031,RB,picture,head,body part,-0.2226412286611829,-0.0592543672133535,-0.10854160937709,0.1940672723671578,0.0513005324640767,-0.9472946996673668,-1.495762156310878,0.2873599458499249
NUEx031,RB,picture,cat,animal,0.0217324971415386,-0.1900002032275054,-0.1764921429811744,-0.0744977941563405,0.0310126066273004,-0.9672180011939108,0.6222176961502647,-0.2157868774767243
NUEx031,RB,picture,date(food/fruit),food/fruit,-0.0869392392583386,-0.2270200588716256,-0.2146786944473174,0.012612249975178,0.109525981212139,-2.125204802883897,0.2990893067785829,0.0625741583801927
NUEx031,RB,picture,spring(object/tool),object/tool,-0.0378181355150128,0.0404119519245402,-0.0017223908740967,0.0499604781976934,-0.0628503127750036,0.2451732412257029,-0.640288388568072,-0.575950109254325
NUEx031,RB,picture,nail(object/tool),object/tool,-0.0350234562708957,0.0129754214297947,-0.0155910188725046,0.0409442066047432,-0.0351523466256068,0.0608485014313277,-0.5059029334188527,-0.3727436428283148
NUEx031,RB,picture,nose,body part,-0.222057573889851,-0.1943893495245341,-0.2741719954184249,0.0061265019317344,-0.0979690636037383,-1.2882635422318816,-0.0728186884080155,-1.4775595635384124
NUEx031,RB,picture,park,nature,0.2947137474594131,0.1922059890939177,0.245757836469884,-0.2138282631693497,-0.1220444229854776,2.3729171714532016,1.5381063072998864,-0.1184919039868143
NUEx031,RB,picture,match,abstract,0.0457900683155382,-0.2452454419150332,-0.0758562731605353,-0.0663845644364331,0.2220225027050024,-0.8307321320137666,0.6131855568887165,1.1848586730258184
NUEx031,RB,picture,fan,object/tool,-0.1070143476637936,0.063557991623471,-0.0092661572984822,0.1101427822804045,-0.0829639586214466,0.1331396177118004,-0.827856934682384,-0.3919262442827453
NUEx031,RB,picture,fig,food/fruit,-0.0663631671118679,-0.0733209815289551,-0.0833794461414453,0.0421627791576822,0.0323752154753492,-0.76072704238712,-0.3773356306453506,-0.0469189602204852
NUEx031,RB,picture,date(abstract),abstract,0.0108155117002651,-0.2271407872042749,-0.223354943890386,-0.0588690034969532,-0.0098830324599496,-1.1103251850975375,0.5271061390513753,-0.6411339492681402
NUEx031,RB,picture,moose,animal,0.2525276531058692,0.0969629347367355,0.1745957916218412,-0.2019414532212831,-0.0054709080587256,1.4385736576476431,1.562103638361749,0.5630284693550606
NUEx031,RB,picture,toe,body part,-0.154801192142095,0.0466682596635441,-0.0048764672531351,0.1613263714242962,-0.0074767619869212,-0.0486726319865824,-1.0986352062524998,0.1616572289324725
NUEx031,RB,picture,night,nature,0.1240432422079115,0.0353266022098516,0.0381072733955613,-0.0979229982866766,-0.0835559375462435,0.7089524878221504,0.7235714968583414,-0.8005706395929697
NUEx031,RB,picture,train,vehicle,0.1052171828548774,0.245780469194962,0.2515713132636093,-0.018514159489436,-0.0772463055131098,1.76253457285835,-0.2872228860844517,0.5455282794762997
NUEx031,RB,picture,race,abstract,-0.0170753583312977,-0.0360146343967111,-0.0030142996179973,0.0007970863300287,0.0775680886951417,-0.1613349125603518,-0.0337003530458603,0.3403497052638321
NUEx031,RB,picture,spring(nature),nature,0.1603183563456832,0.0587868036634034,0.0658195745319132,-0.1233579187679894,-0.1039436395267333,1.0140629144870976,0.9028935492845536,-0.8459704507454696
NUEx031,RB,picture,lime,food/fruit,-0.0790028674768206,-0.151363499456881,-0.1604580672155568,0.0298726270297629,0.0528501506290739,-1.2897308642039864,-0.0459094157897974,-0.1514353396360225
NUEx031,RB,picture,garage,object/tool,0.1683458956299086,0.2675230921679738,0.300447027448512,-0.0840618303558303,0.0408019092015273,1.463811180632978,0.0856955667714846,1.0122238487898545
NUEx031,RB,picture,sport,abstract,-0.0862285745727697,-0.0973735680549442,-0.0942515345431557,0.0594518613841861,0.0681011438982972,-0.7268363129230745,-0.239086418885608,0.2881099314552131
NUEx031,RB,picture,waist,body part,-0.2324480073487701,-0.0869130976597263,-0.1987852441027164,0.101935440008848,-0.1131124832502562,-0.885626499567685,-0.854834570450733,-1.5417278925451416
NUEx031,RB,picture,dog,animal,0.2661327060465202,0.0125349039044089,0.0159709265997947,-0.190395615257251,-0.1926675736078581,0.9290879443736744,1.0962755600571852,-1.3749010444846528
NUEx031,RB,picture,toll,abstract,0.1978068505554615,0.2143916183064944,0.1425720169951568,-0.088248275585059,-0.2461851496692962,1.809990865740904,0.1632516623418834,-1.4488366872712957
NUEx031,RB,picture,bear,animal,-0.1988607266745717,-0.3641740981315872,-0.4049766149214021,0.0350878371076128,-0.0281692529807545,-2.232150868250425,0.032726450178217,-1.4815016806357724
NUEx031,RB,picture,mango,food/fruit,-0.0702845685083239,-0.1128556044284738,-0.1142826733148137,0.0330769423625083,0.0570807022548272,-1.0894168065646856,-0.1768595060490181,0.0466228556173649
NUEx031,RB,picture,watermelon,food/fruit,-0.0280369075105495,-0.0412540945299607,-0.0424333799391002,0.0156996093427164,0.0187393330353722,-0.3451732185494789,-0.1212716295651576,0.0549675113796826
NUEx031,RB,picture,lock,object/tool,-0.0166630367697571,0.0110662807127738,0.016052042618901,0.0209586724114674,0.0218305719752994,0.0792873925531244,-0.2130135577719315,0.3862377317596989
NUEx031,RB,picture,hill,nature,0.1794649129728671,0.1079171428580077,0.1578762412593587,-0.1324656494215678,-0.0193251023097242,1.252952022154669,0.8862212510956075,0.4940479903757457
NUEx031,RB,picture,kiwi,food/fruit,0.0284284814706725,-0.2061662871938609,-0.1106306441504671,-0.0798318169245669,0.1543744824443262,-1.1010133324707716,1.0864672635422623,0.9255402371671398
NUEx031,RB,picture,pear,food/fruit,-0.2483501479053503,-0.0382948310534298,-0.1165045966259797,0.2190985331669133,0.0066994126705358,-0.8024988192660689,-1.589701299969288,-0.107968698846146
NUEx031,RB,picture,nail(body part),body part,-0.1260649900152095,-0.1059591352449327,-0.1507841195357879,0.0773530069497751,-0.0029477283321162,-1.1394985137573914,-0.6775006692762287,-0.7418922821967697
NUEx031,RB,picture,whale,animal,-0.1678170412606329,-0.2104554615632947,-0.2368451842468371,0.0925566949107296,0.0851353946543979,-2.165340198822582,-0.6367939070309642,-0.2134743056417412
NUEx031,RB,picture,library,abstract,0.2725934794482231,0.2278734167500912,0.212292041775808,-0.1603393329292807,-0.231061973303042,2.4480878095154464,0.8192834364798824,-1.3628947552377315
NUEx031,RB,picture,wrist,body part,-0.2197291006888928,-0.1212623662655157,-0.1809912402485329,0.1665531632150401,0.0398592985684599,-1.4988615263435472,-1.4312233095893456,-0.2207603977971596
NUEx031,RB,picture,knight,abstract,-0.0028982951387244,-0.0312386783382137,-0.0076683560019848,-0.007095082662346,0.0550087350517368,-0.1749099068220988,0.1066588301054344,0.4689160010027852
NUEx031,RB,picture,storm,nature,0.1061203068711302,-0.0053979662147256,0.0494499845728012,-0.0957081920968826,0.037074993593593,0.3455640900545669,0.7273103652459083,0.3510432937289601
NUEx031,RB,picture,gym,abstract,0.1846849049970537,0.1958995408109598,0.2172306459394991,-0.1085758655504635,-0.1091087312592733,1.912526504665692,0.5106382234378494,0.0042420142269468
NUEx031,RB,picture,toad,animal,0.1171568170351015,-0.0317079490341053,0.0035226363875106,-0.1203384565377844,-0.0082976339691759,0.2477323092528953,1.2070110153005966,-0.24188952482687
NUEx031,RB,picture,fall,nature,0.0014194807586577,0.1593940003485247,0.1371334882409945,0.0645232493016084,-0.0549743036986676,0.8945398871497837,-0.591441747304141,0.372557794525407
NUEx031,RB,picture,bank,abstract,0.0271437150136682,0.3133388206361068,0.2081065117243203,0.0921303069368131,-0.2172865438666876,1.8509711916459608,-1.1671163708069194,-0.6795912894865603
NUEx031,RB,picture,peach,food/fruit,-0.1359401570691991,-0.1187024631585431,-0.1353071610081031,0.0980479373591029,0.0641895063241062,-0.9626349752873966,-0.5273417560105012,0.1126767186852427
NUEx031,RB,picture,jail,abstract,0.0763010587763838,0.3501446814040348,0.3035613237192411,0.0538682154308138,-0.1760088866550243,2.136487020360961,-0.9635518391862208,-0.0012889629250148
NUEx031,RB,picture,book,object/tool,-0.1566843925717027,-0.000888195421364,-0.0696121821286434,0.1365025418748192,-0.0422900722387225,-0.3507753775707082,-1.2268653005958987,-0.4569758789311283
NUEx031,RB,picture,key,object/tool,-0.1930505615991272,0.092235275057225,-0.0121365057242253,0.1894082978229932,-0.1009732315171543,0.160082375847132,-1.7122969820547975,-0.6249218811914603
NUEx031,RB,picture,grape,food/fruit,-0.0791352717474757,-0.1314907830747324,-0.1443195316018832,0.0444852181038623,0.0407913573369652,-0.6648979304641938,-0.0857522657005266,0.0100890361384045
NUEx031,RB,picture,jaw,body part,-0.1904388997524903,-0.1171924605645361,-0.1684855545486109,0.1409659806330453,0.035588831646545,-1.3810944396975524,-1.219921002916934,-0.2389581593104759
NUEx031,RB,picture,river,nature,0.1558260729501296,0.1266123401040393,0.1149284091187893,-0.0904597431759912,-0.1417677402854546,1.3771558889381053,0.4089574196461263,-0.8469533736746666
NUEx031,RB,picture,deer,animal,-0.0635603187714942,-0.1907739958587234,-0.1034849403269948,0.01501411690705,0.1712626981963859,-0.9713296199290772,0.1191442055996433,0.5790609793939573
NUEx031,RB,picture,can,object/tool,-0.0893180303254792,-0.0795590280755931,-0.11091155980009,0.0573633684398827,0.0001928735655554,-0.7977238635546389,-0.4736011891634537,-0.4199376523817572
NUEx031,RB,picture,head,body part,-0.1734071857599628,-0.1234351332880869,-0.1337548235130601,0.1316162732282887,0.0969640222633522,-1.1466659109980817,-0.9081024293405026,0.5467349607930958
NUEx031,RB,picture,cat,animal,0.0189872520770145,0.0023708007131253,0.0016260153548411,-0.0144764119320604,-0.0159628476326268,0.1785941818733327,0.0979403113391354,-0.1620383140187054
NUEx031,RB,picture,date(food/fruit),food/fruit,-0.0451071283034022,-0.2074721538293797,-0.180909137118006,-0.0216694890186191,0.1053832058616321,-1.6927055247274294,0.6287975369206052,0.1634533364643456
NUEx031,RB,picture,spring(object/tool),object/tool,-0.0728045401981789,0.0122409351912717,-0.0208650320151318,0.0764966773319412,-0.0211926332859251,-0.0760424299723646,-0.8125256350177382,-0.1513055487479634
NUEx031,RB,picture,newt,animal,0.0406720485027634,-0.0233465211478528,-0.0328475382321161,-0.0356055297758292,-0.0434070227169496,0.0009473761104879,0.3323492015333489,-0.8135003316308629
NUEx031,RB,picture,nose,body part,-0.0532372166565198,-0.0586672328531418,-0.082826956510564,0.0303220967845613,-0.0107327999543262,-0.6124734838184136,-0.2997063536762887,-0.5837931492242056
NUEx031,RB,picture,toll,abstract,0.2811110393574907,0.3030027127365722,0.343782603564199,-0.1636082194124262,-0.1497700046815537,2.556726163787555,0.6790991061369551,0.2353297328584987
NUEx031,RB,picture,nail(body part),body part,-0.1043236713795608,0.1771795762496058,0.0465537984118699,0.1015248923496814,-0.1828147870758041,0.6620050611662305,-0.7567800554241956,-0.8022979060987419
NUEx031,RB,picture,storm,nature,-0.221199226010188,-0.2321883310861054,-0.2288340421765572,-0.1783610813154567,-0.121369482722346,-0.7437989999861928,0.9641108608911468,-1.4001691289777631
NUEx031,RB,picture,lime,food/fruit,-0.1110596188690729,-0.1183277400816515,-0.1371112298885782,0.0732484716392066,0.0479559691357577,-1.1810546771829555,-0.542980885164212,-0.0771888492701657
NUEx031,RB,picture,seal,animal,-0.1285235142854839,-0.0005525844152117,-0.095046805426503,0.0619350797722295,-0.1058730637257759,-0.3069269725203362,-0.6531276216456076,-1.289355117827584
NUEx031,RB,picture,date(food/fruit),food/fruit,-0.1190164912655113,-0.1759459450670537,-0.1935547006156849,0.0530062889369388,0.0660103036098352,-1.5766452125153347,-0.2358886574416505,-0.1855801672772439
NUEx031,RB,picture,watermelon,food/fruit,-0.0556633919843847,0.3751585767652098,0.1829315709770627,0.111192644943736,-0.3095648591776854,1.525808715787767,-0.7592624167222035,-0.2597560251957
NUEx031,RB,picture,soup,food/fruit,0.1521057646924521,0.0359628882607082,0.0148199323500545,-0.1008374682280119,-0.1400285123456039,0.6435661972676683,0.5101341877091049,-0.9367283057514758
NUEx031,RB,picture,waist,body part,-0.129663622236675,0.0168802548237999,-0.0562652088207819,0.1094836454976028,-0.0656453440217082,-0.2272070593327372,-1.1229197258443226,-0.7843604561407176
NUEx031,RB,picture,date(abstract),abstract,0.2518111464273847,0.2282263526023482,0.2774647909564253,-0.1624872643653003,-0.0963733100420105,2.3185375798401537,0.9599446549008284,0.3937319499673473
NUEx031,RB,picture,bear,animal,-0.252674031670087,-0.0232826873912017,-0.1298925008195692,0.2074555895453643,-0.0601995345781904,-0.5586798459143385,-1.142613180938982,-0.4227676815700653
NUEx031,RB,picture,moose,animal,0.1953638992178145,0.0804906644547844,0.0587536670810153,-0.1197194386434942,-0.1783267723081175,1.1535528320327186,0.6719765551240837,-1.5016739742658436
NUEx031,RB,picture,garage,object/tool,0.1614410147063937,0.3207248230452317,0.3282853686701049,-0.0457392011472556,-0.1275316350745779,2.3603205572650867,-0.2448727703013213,0.5105962731099013
NUEx031,RB,picture,pear,food/fruit,0.0200453100088803,-0.034867728256754,-0.049115410196021,-0.0213562423708495,-0.0355447037058846,-0.1671683162686313,0.1689560622383138,-0.6482730931421674
NUEx031,RB,picture,head,body part,-0.229861894919712,-0.0375242959548135,-0.1450519871194783,0.1684069598947148,-0.0742605679078255,-0.7401149238606318,-1.3304996572124768,-0.9147865715052528
NUEx031,RB,picture,nut,food/fruit,-0.0446389101786975,-0.0255547155601453,-0.0310972495979671,0.0367892088822943,0.0193893878644113,-0.2543593126276617,-0.3469997374356985,0.2002825112040568
NUEx031,RB,picture,goat,animal,-0.0606676408381101,-0.028785166143515,-0.0437741707773988,0.0509210117945995,0.0116108541693041,-0.3605027394586855,-0.523301655435073,0.0142503749015449
NUEx031,RB,picture,kiwi,food/fruit,-0.0230445166801083,-0.0304770653788516,-0.0306672582956453,0.0150096774362224,0.0167995142308581,-0.2148417216050057,-0.1262330997124848,0.1465162918309074
NUEx031,RB,picture,date(abstract),abstract,0.0529082103410632,0.0069836094320851,0.0192968936403087,-0.047620644602437,-0.0139813816049187,0.2957657969727134,0.3661918544979036,-0.0837343406329065
NUEx031,RB,picture,fan,object/tool,-0.2327723791338295,-0.0469615139898986,-0.0870798127964414,0.2086106870850667,0.0629358832110023,-0.68171930302863,-1.194308131426755,0.3819513720575748
NUEx031,RB,picture,toad,animal,-0.1285401371671502,-0.0786353873397286,-0.1473898110565015,0.0197384681617062,-0.0974281924864859,-0.5791779295302755,-0.1868914583463123,-1.1182203634303651
NUEx031,RB,picture,grape,food/fruit,-0.0076483326332314,0.0021210916186188,0.0088410041988182,0.0095128624375063,0.0188651737446698,0.0591700414962026,-0.1094875611887041,0.3520315999172207
NUEx031,RB,picture,park,nature,0.2192050197701755,0.2281195949881222,0.2401194551152714,-0.1293634075476505,-0.15419994624705,2.284803181066792,0.6313306016677995,-0.4133986892439881
NUEx031,RB,picture,fig,food/fruit,-0.0354918203480491,-0.0367159282713795,-0.0610334247791871,0.0219700399234646,-0.0242135662604251,-0.3441370785200807,-0.2506278375659743,-0.6326467299532992
NUEx031,RB,picture,fish,animal,-0.0845239520456832,-0.0170194937934512,-0.0477320253542987,0.0772752988348507,-0.0069583333404887,-0.3327624615230973,-0.8143678684698629,-0.1651207924021037
NUEx031,RB,picture,can,object/tool,0.0112715063465716,0.1540199805323854,0.1593175824168829,0.0253060521599687,0.0347217013844355,0.7404097748704505,-0.3639743166858109,0.6994416452459434
NUEx031,RB,picture,mango,food/fruit,0.1245630163834121,-0.0820469745668815,-0.0876861904620322,-0.1033523413884643,-0.0912946724530072,-0.1450046925168869,0.7248441676467773,-1.1904255860354886
NUEx031,RB,picture,whale,animal,-0.3538897684334178,0.1612233822756307,0.0035721729226258,0.3657783113285802,-0.1230889911885619,0.1693070272684604,-2.6460883972563423,-0.3017002403722497
NUEx031,RB,picture,wrist,body part,-0.3009523343392046,-0.1184965904358558,-0.2438282137266173,0.1990299385129489,-0.0623552790361112,-1.3570000354143723,-1.4361780131071138,-1.1604076928748397
NUEx031,RB,picture,park,nature,0.2792280703246924,0.237288255734807,0.2572743845895351,-0.1765164663422614,-0.1844125152895024,2.429597429805854,0.8971680739065572,-0.5114006089442816
NUEx031,RB,picture,lime,food/fruit,-0.2288366646395443,-0.0209511763479572,-0.1511954785401283,0.1202156909819798,-0.1355581421155375,-0.5630535349953505,-1.044493163634099,-1.575820939215664
NUEx031,RB,picture,book,object/tool,0.3154371460629561,-0.0289095961049767,-0.0586259318480214,0.0998757229377945,-0.3089053421186675,0.5421801871503895,-0.974368084666132,-2.0724625501890355
NUEx031,RB,picture,toe,body part,-0.2653736964452675,-0.0041009033318713,-0.0895834222408239,0.2460173852926155,-0.0014100090129699,-0.5132754452568375,-1.482162719752575,0.0742802126548806
NUEx031,RB,picture,gym,abstract,0.1217194383904537,0.1383386938727394,0.1420828301849437,-0.0688551846419968,-0.0919691562771809,1.3315760096820777,0.2667323754167997,-0.2260964631500067
NUEx031,RB,picture,night,nature,0.0559745254602908,0.0284935459147604,0.0676417971136355,-0.0460235252512437,0.0729754503945081,0.2854342372973938,0.2964941556536389,0.7308338415090859
NUEx031,RB,picture,kale,food/fruit,0.0474689483865643,0.0510881652494949,0.0589354807761966,-0.028752527411987,-0.0258459115022147,0.4815483690933317,0.0946515385263871,-0.0200159175703659
NUEx031,RB,picture,bank,abstract,0.0928154570147463,0.0698217727403344,0.0750093144332282,-0.0620871680155044,-0.066387531254907,0.7938044931612248,0.3324480628947736,-0.3552021852407331
NUEx031,RB,picture,lock,object/tool,-0.0673182596423467,0.0873626068064232,0.0443720064830768,0.09584197535811,-0.0512388857377215,0.3112099968990459,-0.6889951036142282,-0.1000036275506711
NUEx031,RB,picture,library,abstract,0.133976126503161,0.196503371311514,0.2058427111755903,-0.0618324355840533,-0.0944016595401912,1.6801876437221468,0.1404024606888305,0.0752226332796349
NUEx031,RB,picture,deer,animal,0.0019163544576478,0.0024785275669628,0.0306192698247366,-0.0076854459874006,0.0740051473430246,-0.0072782293030026,0.0490081770060902,0.6061257977068778
NUEx031,RB,picture,bean,food/fruit,-0.0696689061199974,0.0220893519690558,0.0065625169831646,0.0793991680767072,0.0203277653247182,-0.0887960984830896,-0.5660332438910886,0.2425543075090278
NUEx031,RB,picture,fall,nature,0.0340068651871992,0.0286038724512342,0.0583032058897363,-0.0270996615194488,0.0545886885665535,0.2771768722577824,0.1682645859737406,0.7056116655522717
NUEx031,RB,picture,hill,nature,0.1746551444322683,0.136012158994856,0.1648876742155794,-0.1224842142508716,-0.0752616814605539,1.5160286966339405,0.7613764336549634,-0.0670466029067518
NUEx031,RB,picture,knight,abstract,-0.0148911177533194,0.0145781556094042,-0.007109113463821,0.0211255287767233,-0.0354361050242584,0.0624362642291929,-0.2387144285085256,-0.3416558842397312
NUEx031,RB,picture,race,abstract,0.1135303729665955,0.1002823275736654,0.1186430948897893,-0.075812089001946,-0.0545243409270664,0.9925065083531688,0.3472142393426569,-0.0904867165249466
NUEx031,RB,picture,key,object/tool,-0.0269395112036847,-0.0565936479708204,-0.0592373431559301,0.0101378405237152,0.0173655258020351,-0.4543100483262686,-0.0152390093593477,-0.1037572173766627
NUEx031,RB,picture,spring(nature),nature,0.0718518292477516,0.0219710812628809,0.048016831232844,-0.0641601667615357,0.0031625092971103,0.4100470044725454,0.463635756493826,0.1200212167106178
NUEx031,RB,picture,sport,abstract,0.0882126641550259,0.0024654808038721,0.0204310647052129,-0.0835277816572575,-0.0264886720986025,0.3455932463079539,0.6346442173128506,-0.2738133235032413
NUEx031,RB,picture,train,vehicle,0.1191492675642483,0.0402216611908282,0.0669512078519359,-0.1018366288901729,-0.0328715787946946,0.7113567919365601,0.7474836589894333,-0.1726425782084659
NUEx031,RB,picture,jail,abstract,0.1782755991286476,0.1814687778285571,0.2204203972019515,-0.1106499725365541,-0.0508673996354949,1.741582704162328,0.6138493429341731,0.4735575420668279
NUEx031,RB,picture,wasp,animal,-0.0012434749527337,0.0596323630112858,0.0596390451000373,0.023627444589435,-0.0052951860437386,0.3896845258902762,-0.2534543842015481,0.2399349532642588
NUEx031,RB,picture,peach,food/fruit,-0.0760924334469976,-0.0394824571166262,-0.0438584134228473,0.0660539040378438,0.0456271999369912,-0.4509477678662815,-0.394777688439466,0.208543870895609
NUEx031,RB,picture,dog,animal,0.1930868699088117,0.0048114394938543,0.0084037590846795,-0.1472419160237589,-0.132632373195636,0.6087026149745912,0.7003984169805401,-0.6707228480528518
NUEx031,RB,picture,newt,animal,-0.0455768563146152,-0.3043635327717437,-0.2674235809374164,-0.051172349804523,0.1377804555635765,-2.3490685508491227,1.0523535516161435,0.0756560610562285
NUEx031,RB,picture,nose,body part,-0.1153665004986158,-0.2322067862906407,-0.2206812868825609,0.0383599846350984,0.1265777406138504,-2.23477147711017,-0.0004406325130779,0.2830014315595833
NUEx031,RB,picture,toll,abstract,0.3001472806874631,0.401098421752053,0.4287910399631112,-0.1470141023599727,-0.2050941550320351,3.548795198575246,0.4558448042696031,0.2012000395180724
NUEx031,RB,picture,nail(body part),body part,0.012141926462146,-0.0468485174234646,-0.0430969727398141,-0.0224255872329476,0.0024269763743746,-0.2558492156525611,0.2983884351915122,-0.2168146745384934
NUEx031,RB,picture,storm,nature,0.1727351716545936,0.0916529139720655,0.1254476092222174,-0.1328738373043116,-0.0620353048636586,1.321614643822676,1.0558721811069884,-0.1260376802888812
NUEx031,RB,picture,mint,food/fruit,0.0092111569741884,-0.2804032437762954,-0.2293797089518449,-0.0977378899919789,0.1220109622627044,-1.873260845919975,1.4096238428280097,-0.019123375570896
NUEx031,RB,picture,lime,food/fruit,-0.1295176226654403,-0.2573770703190684,-0.2367941284224282,0.046991937397039,0.1530482439599354,-2.320930639809521,-0.0547181807506571,0.5419678825197636
NUEx031,RB,picture,seal,animal,0.0152552993888175,-0.0348220425437802,-0.0245782862179317,-0.0242272245536541,0.0126683623769179,-0.1356186432250598,0.2971656575878423,0.0323410760476541
NUEx031,RB,picture,date(food/fruit),food/fruit,-0.0532719958663293,-0.1312521425160243,-0.1036064471040009,0.0138029108625063,0.0958620487291584,-1.0694654481346937,0.1084191611054763,0.5385764769282143
NUEx031,RB,picture,watermelon,food/fruit,0.114489121751005,-0.178729275954231,-0.1842213576194472,-0.0453406591046775,-0.1167609073314839,-0.5012368888396057,0.1828868527940552,-0.910726387004568
NUEx031,RB,picture,soup,food/fruit,0.1688545010162035,-0.0157942600240865,0.0298461890707075,-0.1660015031032207,-0.022982052635309,0.5193232120634024,1.435068065608952,-0.3149311740286381
NUEx031,RB,picture,waist,body part,-0.0583964521507315,-0.0192543403266034,-0.0390452974831753,0.0532391739419945,-0.0028698854620542,-0.2382849507796447,-0.4972330844801677,-0.046090830117718
NUEx031,RB,picture,cat,animal,0.1027333999338401,0.0247036402037467,-0.0068749815252403,-0.0543800379721592,-0.1237285151614867,0.4617567055814874,0.2439930522414668,-1.1722167113158828
NUEx031,RB,picture,date(abstract),abstract,0.2453512547538499,0.1944058996387783,0.2681923043720322,-0.1548960794207237,-0.0018572429473357,1.7227297744544825,0.8348057876833431,1.0548644181904754
NUEx031,RB,picture,bear,animal,-0.063890492821151,-0.2034260301337549,-0.1836257608394342,-0.0009113389871714,0.1042693527906955,-1.7705838172351105,0.3958791961986705,0.1655418892963018
NUEx031,RB,picture,moose,animal,0.1435542643295412,-0.050453875646231,-0.0297979204391131,-0.1444923884209089,-0.0507882681809993,0.1665732470019333,1.2407493859541574,-0.82911729380386
NUEx031,RB,picture,garage,object/tool,0.2536312903494739,0.1954967329132196,0.2799215213855073,-0.1232887208936739,0.0896137398092339,1.3958756251961804,0.5764208169730493,1.4977084054865517
NUEx031,RB,picture,pear,food/fruit,-0.0314453171001519,-0.1692184996887536,-0.1623284947411049,-0.022852018748623,0.0546110113866889,-1.340754535829806,0.4854523712415042,-0.347488602907514
NUEx031,RB,picture,head,body part,-0.0753928126680625,-0.0638673392416937,-0.0956678797392864,0.0498263549954377,-0.0173227040506869,-0.6070076721970203,-0.3995905242204809,-0.4909271888785187
NUEx031,RB,picture,nut,food/fruit,0.0069025187893887,-0.1054966874093919,-0.0926044919714585,-0.0383294739677159,0.0338358569776198,-0.7347766166730398,0.5364493606954788,-0.2034196384056332
NUEx031,RB,picture,goat,animal,0.0098133484160705,-0.1173122551484234,-0.1036260141752218,-0.0449227155233941,0.0349101257042751,-0.6642633401271958,0.4319804931529223,-0.050841494482603
NUEx031,RB,picture,kiwi,food/fruit,0.1045609882726599,-0.1299160778175904,-0.0619302025017097,-0.1378908602782722,0.0688347112254046,-0.371824865396722,0.9358704436918822,0.1158352494974223
NUEx031,RB,picture,date(abstract),abstract,0.0470802799911187,-0.0531051466607349,-0.0502379944054942,-0.0557525899292601,-0.0195636799229959,-0.2019418893906655,0.4640567013391827,-0.4760224284217703
NUEx031,RB,picture,fan,object/tool,-0.0621363334670867,-0.0759092433664174,-0.0864426517346992,0.03670897328889,0.0274070946808888,-0.7283196072278864,-0.2852905968900417,-0.0842881893227716
NUEx031,RB,picture,toad,animal,0.0867723279757666,-0.1801202132488963,-0.1056562036957845,-0.1361781195849932,0.0975044668883858,-0.8899016839532498,1.6246557961912038,0.2854676759598876
NUEx031,RB,picture,match,abstract,0.1848751855805521,-0.1329888073901644,0.0024741131911946,-0.1889505944777438,0.1211912818281331,-0.0647976604521028,1.572695604287312,0.8520374543549106
NUEx031,RB,picture,grape,food/fruit,0.091481649008378,-0.0638810293543527,-0.0806206998566236,-0.0635696441774822,-0.0923636797675408,-0.1474139091733554,0.4710868788463517,-1.354350173477073
NUEx031,RB,picture,fig,food/fruit,0.0336100019272791,-0.1845098038396649,-0.1519730723556121,-0.0945565019562719,0.0648354752438613,-0.8436316364001328,0.5100226575011133,-0.03022696842381
NUEx031,RB,picture,fish,animal,-0.0332059709776219,-0.1093893814474304,-0.1288827074055287,-0.0098766715233734,-0.0156428434727209,-0.7357190145801864,0.0912861109482238,-0.5339480301731909
NUEx031,RB,picture,toad,animal,0.0127909718036458,-0.1000196708200697,-0.1125705500984979,-0.0292964518266929,-0.0273228729472073,-0.6660038932181188,0.337578061075776,-0.9422122547190632
NUEx031,RB,picture,river,nature,0.3426062956443197,0.0405456419664337,0.1404133164092546,-0.3075773854573191,-0.0350404347962021,1.4352080749979217,2.59638280539628,0.0973430482380292
NUEx031,RB,picture,can,object/tool,-0.0743215364462224,0.1551313258734852,0.0834016142973675,0.1165800840866084,-0.1059411095176589,0.6414503709306968,-0.7694612570430975,-0.12446399797095
NUEx031,RB,picture,dog,animal,0.0276832556622393,0.1731725654694455,0.0122474857872243,0.0223275648676209,-0.2128191663673748,0.7657102269377029,-0.5261336281361043,-1.617239337247508
NUEx031,RB,picture,newt,animal,-0.1065605768713037,-0.1024267622079009,-0.1383288342094401,0.0636268710561522,0.0078207383358437,-0.9401212475898306,-0.3416232097413569,-0.2650633163290199
NUEx031,RB,picture,nose,body part,-0.0861415622404592,-0.2346404106909462,-0.2384644846111852,0.0059986316580147,0.0743891955635468,-2.077098467157861,0.2873919540401818,-0.5189040975537323
NUEx031,RB,picture,toll,abstract,0.2850119759632122,0.1092771851142286,0.1858821761782264,-0.2326471915988058,-0.041343514611126,1.5931952968881151,1.726437192056956,0.3385511074179843
NUEx031,RB,picture,nail(body part),body part,-0.1502099305587515,-0.0585664835956213,-0.1312053286750168,0.0909665404158408,-0.0587951509481529,-0.6041592778794891,-0.6692918986694539,-0.6636864657726038
NUEx031,RB,picture,storm,nature,0.1869292615454174,-0.0003370629649298,0.039633253089752,-0.1770872793487346,-0.0461669744306238,0.6488085701477642,1.2756004526839404,-0.4091508641979252
NUEx031,RB,picture,mint,food/fruit,-0.0265578981119073,-0.1414969129055844,-0.1325626511783632,-0.0177440901359185,0.0501156739840676,-1.1507027231656637,0.4402778835691979,-0.2083675497224874
NUEx031,RB,picture,seal,animal,0.0199545770748027,-0.0375534577212131,-0.027904759543043,-0.0290109388660529,0.0087450676094168,-0.1503616865542742,0.3658812784583279,-0.0833754942613124
NUEx031,RB,picture,date(food/fruit),food/fruit,-0.1033690251823197,-0.2609370134670428,-0.2411965248291487,0.0196854868377483,0.1374752825698655,-2.223975852749865,0.2700929483912941,0.3281876051564654
NUEx031,RB,picture,watermelon,food/fruit,0.0707279088296336,-0.1165873667466958,-0.1332394957972821,-0.0286327873274545,-0.0878262201746139,-0.3787808986532505,0.1072849294714694,-0.7236130431468616
NUEx031,RB,picture,soup,food/fruit,-0.0063890421414624,-0.1186048607626196,-0.1040186950770461,-0.0288959714398869,0.0452177737888778,-0.8275650616452254,0.5034270726171154,-0.0422105181057916
NUEx031,RB,picture,waist,body part,-0.3024455164126007,-0.0210807558478406,-0.1305523218399381,0.2685467642580136,-0.0252856517138936,-0.8049738955372913,-2.014405973780952,-0.3486782538981476
NUEx031,RB,picture,cat,animal,0.0777276355815029,-0.0903904366854377,-0.0553340320901255,-0.1027467433903886,0.0270562782948874,-0.3546123352099313,1.146832646712626,-0.1583388402467018
NUEx031,RB,picture,date(abstract),abstract,0.1999699823029327,0.0733998076084462,0.1159245006144109,-0.1649884975127208,-0.0594646305622975,1.2209840540220005,1.2660217799617093,-0.1549739274946082
NUEx031,RB,picture,bear,animal,-0.0737355069605619,-0.0903542265946668,-0.0980197797874724,0.0448579062231105,0.0442326358198614,-0.9024539780948088,-0.3369108846044758,0.0514410182823846
NUEx031,RB,picture,moose,animal,0.0988618618472085,0.0597589487914988,0.0734336814610152,-0.0716479391155808,-0.0497602118104983,0.896758156246299,0.5605228170066426,-0.2476051185822044
NUEx031,RB,picture,garage,object/tool,0.2383591540065971,0.3184408868395684,0.3713410574523139,-0.1197176543581735,-0.0424992370123629,2.239100032233593,0.3212328788670022,1.1819485042799336
NUEx031,RB,picture,head,body part,-0.0777136082369859,0.0016271523038774,-0.0551911632809192,0.0641534744728963,-0.0631577337773677,-0.1472980373340789,-0.6658840374293191,-0.7398630491725336
NUEx031,RB,picture,nut,food/fruit,-0.0713965672626296,-0.164385134438955,-0.1732067553229849,0.0170253506455838,0.0498000450048423,-1.3558099043184058,0.0609298586026717,-0.2328003697209211
NUEx031,RB,picture,goat,animal,0.0110747739129074,0.0595944865740855,0.0344158568513705,0.0155863844167329,-0.066071546619999,0.5121380339508795,-0.3261806806427293,-0.476549922217743
NUEx031,RB,picture,kiwi,food/fruit,0.0681881971243317,-0.1016958357491629,0.0037198136693499,-0.0567558944935492,0.1324136145918915,-0.2100178613542231,0.5272544490475365,1.1160403298466826
NUEx031,RB,picture,date(abstract),abstract,0.0514885660391815,-0.1266479657721091,-0.0844242390973189,-0.0905897077669287,0.0587399868603526,-0.6364512198509653,0.9178423853517732,0.0219941555280807
NUEx031,RB,picture,fan,object/tool,-0.1473152816072745,-0.1307243166536982,-0.0848674283723063,0.0898987737934153,0.1540996889178341,-0.9051863513890988,-0.4772976685025782,1.137542552746054
NUEx031,RB,picture,toad,animal,0.1175503321057258,-0.0671974092134683,-0.0368802579580664,-0.133227713606249,-0.0083781795534838,-0.0488408864688374,1.0402002024455022,-0.4216348034907949
NUEx031,RB,picture,grape,food/fruit,-0.0779369841497157,-0.1043466192886104,-0.133695075938614,0.036977478905461,-0.0038189180917025,-0.9940322989629043,-0.2754874134877605,-0.7060189255973659
NUEx031,RB,picture,park,nature,0.2746633817895952,0.3309791178933756,0.3726051712507212,-0.1507998569842336,-0.1406215402908817,2.98182882710892,0.6731301669811799,0.4890551333580762
NUEx031,RB,picture,fig,food/fruit,-0.0778086205138799,-0.2103456534864692,-0.1688379894493552,0.0150896831980706,0.1430036663626174,-1.563523604791622,0.2035638396538505,0.6752779653740306
NUEx031,RB,picture,fish,animal,-0.0357096891305091,-0.096440803699565,-0.0978829154710931,0.005287843768603,0.0305403747793336,-0.8410448469270378,0.0939548493081142,-0.2015988085120602
NUEx031,RB,picture,can,object/tool,-0.086958528469128,0.2178076713110724,0.1705688868654491,0.1538009944370081,-0.0476500286826427,0.8584948549407997,-0.6187656317275139,0.2808930214696483
NUEx031,RB,picture,mango,food/fruit,-0.0686862910750871,-0.3579826558468783,-0.3435471954707654,-0.0448664249199931,0.1018845578581427,-2.8837433264144448,1.040052705120207,-0.9174494818551298
NUEx031,RB,picture,whale,animal,-0.1157359454422724,-0.24746899943667,-0.2331514418006454,0.0356597638698571,0.133622106653947,-2.190932272872725,0.0472812950082357,0.3186623483255286
NUEx031,RB,picture,wrist,body part,-0.2522515772706282,0.0101829952306289,-0.1000461649366158,0.221794719532021,-0.0621315593538778,-0.5750774492086994,-1.8745513569071208,-0.6854350626382621
NUEx031,RB,picture,park,nature,0.2040898275967236,-0.0107510446828388,0.0036486864378906,-0.1736355224557529,-0.1173464385377887,0.6212694506995959,0.9848452230436014,-0.8415584852306024
NUEx031,RB,picture,book,object/tool,-0.1665337957438535,-0.0471680878358829,-0.095747002325334,0.1425256528252592,0.0123167388202445,-0.6752021357609118,-1.1432849360314297,-0.0319147704964647
NUEx031,RB,picture,toe,body part,-0.1108723132598616,-0.0653023156949056,-0.0922989852291368,0.0940100850989013,0.0200808309360871,-0.6009828460270064,-0.5809851895138884,-0.0312679596391352
NUEx031,RB,picture,gym,abstract,0.2034352911890788,-0.1093917520898918,-0.030810836377973,-0.2260645036302871,0.0217839333829774,0.0447042193938143,1.5591898225739254,-0.1561518390908608
NUEx031,RB,picture,night,nature,0.182440575705833,0.0382906029870253,0.0654783052169441,-0.1574185396222204,-0.0754069210618301,0.9471055472950952,1.284123225307637,-0.645075959819281
NUEx031,RB,picture,kale,food/fruit,0.1518208559276774,-0.2025279108941975,-0.0689937999399911,-0.1863941969121857,0.1493287209556082,-0.5780357855961168,1.7126051597858876,0.8421604633886672
NUEx031,RB,picture,wheat,food/fruit,-0.0408330485407744,-0.3249080509638175,-0.2191852642890126,-0.0495181257322276,0.2325765017847873,-2.044900709618862,1.0047062929523656,1.3117838295675504
NUEx031,RB,picture,bank,abstract,0.1953607147042336,0.3438505821423425,0.3438481833224395,-0.0676041624253731,-0.1748702919923914,2.7778127848700915,-0.1368864030188119,0.0646177972738006
NUEx031,RB,picture,lock,object/tool,-0.1685058739036168,-0.0522727371494723,-0.0551906017148975,0.1405287366161695,0.0969263542226748,-0.5932389958499967,-0.8538923836035491,0.6820019089535299
NUEx031,RB,picture,library,abstract,0.1767531999901508,0.3397023996252474,0.3597158453644916,-0.0537786661258163,-0.105324533253563,2.3711673180409685,-0.1876928092985664,0.7905323600478328
NUEx031,RB,picture,deer,animal,-0.0198399262070537,-0.105320606021688,-0.0848557010840269,-0.0120082866637891,0.0626267735934902,-0.7916464602108636,0.337260333910071,0.2908472480448345
NUEx031,RB,picture,bean,food/fruit,-0.1182014246687492,-0.3438718530315658,-0.3074357457584754,0.0084573160855365,0.188536620488939,-3.0020655931690348,0.5892391919596708,0.5170627067689874
NUEx031,RB,picture,fall,nature,-0.0097779493676966,0.2679594348806807,0.1782890135373008,0.1225050349955769,-0.1627332643334767,1.2637704271600123,-0.9946066968758402,0.0712896450763077
NUEx031,RB,picture,hill,nature,0.186218237998623,-0.0458597207542783,-0.0630950189245865,-0.0882256729689482,-0.179733209265259,0.2946944641231069,0.4221492361902884,-1.4637196988869063
NUEx031,RB,picture,knight,abstract,-0.2560318068844358,0.0995882913376532,-0.0277475004571326,0.2444665437183116,-0.1222966931404396,0.1004209435935621,-1.615462200434108,-0.478261821543569
NUEx031,RB,picture,dog,animal,0.1454904089155506,0.0088439380295306,0.045683482264455,-0.1340307945586302,-0.0305190250418841,0.631412289993194,1.1375848813472365,-0.2152832003284212
NUEx031,RB,picture,newt,animal,-0.058215385396056,-0.1186016116645529,-0.1403757001182476,0.0165043450965767,-0.0049600842686689,-1.0300689907637408,-0.0492116878046662,-0.8141091762417271
NUEx031,RB,picture,nose,body part,-0.0586727417073365,-0.1117222554878832,-0.1179617853756982,0.0223836967295975,0.0390784389900113,-1.0313616149466815,-0.0874775867899389,-0.1977981664593784
NUEx031,RB,picture,toll,abstract,0.3457606435633085,0.4135960938649765,0.4762012847793995,-0.1906470926325151,-0.1537404050364728,3.839652046766141,1.003581464742645,0.976229057520585
NUEx031,RB,picture,nail(body part),body part,-0.12304981818092,-0.1078799741226639,-0.1504131349953,0.0748841614657299,-0.0009593531902239,-1.0824209261768174,-0.6202334942785941,-0.6629461584688698
NUEx031,RB,picture,storm,nature,0.1066631355760625,0.1393005878415076,0.1355165103310393,-0.0472253056445337,-0.0980179282215609,1.3431086796319425,0.0612030734238286,-0.2705171796564167
NUEx031,RB,picture,mint,food/fruit,-0.1087634306035863,-0.1768202669695161,-0.1932825568229323,0.04698028252575,0.0580693641208565,-1.7103044828892318,-0.2251449660448884,-0.3493263841972335
NUEx031,RB,picture,seal,animal,0.1540219531859891,-0.1161235864953952,-0.1330483347049963,-0.0465420141904825,-0.1647832761188005,-0.2436850186844227,0.2123355015971125,-1.8579186386918376
NUEx031,RB,picture,date(food/fruit),food/fruit,-0.1391599351442448,-0.1187348751481852,-0.1185285307916022,0.1042416699236725,0.0914672730844449,-1.0037362439703823,-0.4181665953931002,0.2536007293208296
NUEx031,RB,picture,watermelon,food/fruit,-0.0308354508997026,-0.0777499488779131,-0.0810701748185666,0.0064486894644109,0.0204834755352233,-0.6617600787583069,0.035160866730941,-0.2052311612436316
NUEx031,RB,picture,soup,food/fruit,-0.0033393644173727,0.0234109259737774,-0.0064519639627931,0.0161491229168854,-0.0557577790925631,0.1373669982646893,-0.2250869239832887,-0.4884013121744951
NUEx031,RB,picture,waist,body part,-0.2909534558448271,-0.0176014777695278,-0.1658868861375436,0.2004091241051429,-0.130707397801214,-0.7802598894978318,-1.790079874950312,-1.697968158882942
NUEx031,RB,picture,cat,animal,0.0571807917863158,-0.0748677865553922,-0.0879638010252722,-0.051445191963104,-0.0561405376232892,-0.3386446555910959,0.4625941018123252,-0.9930052389019558
NUEx031,RB,picture,date(abstract),abstract,0.2022281287427158,0.3046301144393759,0.311331034583325,-0.0880747684680384,-0.1621278791271473,2.646168796124127,0.096654749167975,0.0007055511093368
NUEx031,RB,picture,bear,animal,-0.0645727558562826,0.1520592875417895,0.1414560284219002,0.0838061978525423,0.0612379110565182,0.6192150386708165,-0.6311173830434424,0.9472410053726688
NUEx031,RB,picture,moose,animal,0.2896394292331987,0.0426978306200092,0.0763505821019269,-0.2356476056108271,-0.15226336284654,1.0648296002009847,1.116952982706911,-0.6433627394451733
NUEx031,RB,picture,garage,object/tool,0.2132708895767999,0.2111466030672785,0.2474227149416242,-0.1312055804916607,-0.0975079739572978,2.0566342558380293,0.6814765794846523,0.2612244653757034
NUEx031,RB,picture,pear,food/fruit,-0.1272517381323319,-0.150650693541073,-0.193840502378657,0.0556058806971693,-0.0040884499623957,-1.4207360230429067,-0.3992584091444803,-1.01951665047227
NUEx031,RB,picture,head,body part,-0.3264727862729789,-0.0469055360362917,-0.1826869803731718,0.263490645260182,-0.0661845542537883,-1.060962033032001,-2.1368892636539547,-1.0126092589115594
NUEx031,RB,picture,nut,food/fruit,-0.0628527236498317,-0.108817624505572,-0.1080734058007406,0.0290456554922106,0.0547594743622225,-0.9039842368571128,-0.1138938296054747,0.1348617285603106
NUEx031,RB,picture,goat,animal,0.0253945373569039,0.055952779251724,0.0309945070591461,0.0034876775849702,-0.0730773723563767,0.4955580414103009,-0.1835693941663546,-0.50918100435553
NUEx031,RB,picture,kiwi,food/fruit,-0.1512778412416087,-0.2202642257888641,-0.2218926883084111,0.0808182493113163,0.1209791806351862,-1.9337059503779368,-0.4046182762042178,0.3622558050528203
NUEx031,RB,picture,date(abstract),abstract,0.0156643512353757,-0.0697188511747248,-0.0644443288582282,-0.0320194012076951,0.0058520938650528,-0.3987470953330591,0.3912576702572635,-0.3016063792726491
NUEx031,RB,picture,fan,object/tool,-0.1981760616342454,0.2384710390656705,0.1172759807677933,0.2511171076782916,-0.1353571066080012,0.9126542405985024,-2.157908063640119,-0.2472287796041806
NUEx031,RB,picture,toad,animal,0.0560894887318501,-0.0835962731776019,-0.0707153392997058,-0.0768722189442292,-0.0025598672269366,-0.4183995648162207,0.9060270435955052,-0.6061363088289743
NUEx031,RB,picture,match,abstract,0.0006638647339849,0.0638240252327184,0.042425932022772,0.0257688354728954,-0.0525248628854365,0.5738618735273782,-0.4686113290808001,-0.2731870470842246
NUEx031,RB,picture,grape,food/fruit,-0.0752946703857366,-0.0911376354984612,-0.0797201370491782,0.0486595870613312,0.077399401796565,-0.7407420185751217,-0.2895363214516468,0.4898055730432228
NUEx031,RB,picture,spring(nature),nature,-0.0460234598402219,-0.0383646089687524,-0.0370686446429942,0.0427103107905546,0.033576190217773,-0.306603414711481,-0.2013853492749866,0.0412183778109
NUEx031,RB,picture,park,nature,0.1997132683488487,0.0957671658455609,0.1496889450387303,-0.1565541116723706,-0.0284304608999623,1.316316077091142,1.218838890465579,0.3549252700680432
NUEx031,RB,picture,fig,food/fruit,-0.1217851018785648,-0.1577076193816035,-0.1501047961735521,0.0729289336580052,0.1054404581512975,-1.3354438100515795,-0.3999113911813606,0.5086341179972808
NUEx031,RB,picture,fish,animal,-0.0632003001372379,-0.0464711277784728,-0.0631836442336214,0.0482243330211964,0.0109553236353006,-0.4610006450553882,-0.4503225706596593,-0.0848285518663839
NUEx031,RB,picture,toad,animal,-0.1356330115010471,-0.102807031088048,-0.1332518703867111,0.0969703963105838,0.0396558804879896,-1.1868016812322013,-0.8697537974122512,-0.1264437694510127
NUEx031,RB,picture,river,nature,0.3289645409002162,-0.1517728827897173,0.0866076767105149,-0.2683858923818891,0.2174513658824176,0.2610625459678883,2.187356004800669,1.8710495362386903
NUEx031,RB,picture,can,object/tool,-0.0591632366415371,-0.0100010379140291,-0.0330426382174475,0.0559492343027784,-0.0088147100419444,-0.17852401729213,-0.5718765458930928,-0.0998240051000738
NUEx031,RB,picture,mango,food/fruit,0.0783817109231336,-0.2813975691480296,-0.0145529394949821,0.1669881058004334,0.2327086833022335,-0.5233085486928996,-0.4919306081414509,0.361541630278623
NUEx031,RB,picture,whale,animal,-0.1136175249688151,-0.1265527786004034,-0.1261408571768847,0.0726877433565837,0.0857508231813189,-1.2319720512747685,-0.5496972673757781,0.3861873510210735
NUEx031,RB,picture,wrist,body part,-0.10986395650952,0.1397677802768549,0.1265575061084745,0.0752491776750684,0.1216144151237085,0.2920804559614954,-0.3242581849537111,0.1548475040111808
NUEx031,RB,picture,park,nature,0.1885833770167058,0.1467155885815428,0.172288338458313,-0.1289299083074543,-0.0969909145639465,1.637264535166455,0.7609907544280482,-0.1678401276410267
NUEx031,RB,picture,book,object/tool,-0.1556006143448024,0.0271242705596689,-0.0779282648744922,0.1024231338214758,-0.115291423784056,-0.2017478957343101,-0.9899885063491618,-1.2453877269417506
NUEx031,RB,picture,toe,body part,-0.0612914199607118,-0.0891702817853811,-0.1052818059546619,0.0307055952644756,0.015028498371896,-0.8411560045581946,-0.2011051402097317,-0.3307521821065982
NUEx031,RB,picture,gym,abstract,0.2468122028192282,0.2663316114107226,0.2883826299309003,-0.1438371753830286,-0.1589343988550173,2.670022537172663,0.7159343580515842,-0.1944502192581594
NUEx031,RB,picture,night,nature,0.2346688867049251,0.2114312679971061,0.2538676682246431,-0.1520458506710142,-0.0994350865523947,2.1546931339987903,0.884842159086448,0.2377963767552626
NUEx031,RB,picture,kale,food/fruit,-0.0410657737910319,-0.416882066201553,-0.2996332000810995,-0.078298799526974,0.2761432780281421,-2.789274176053623,1.539025312920718,1.3446437455779654
NUEx031,RB,picture,wheat,food/fruit,-0.013995240700268,-0.1130380012248838,-0.077514261039431,-0.0183708291914415,0.0833257450595409,-0.7555532866277825,0.3792996003537164,0.5039192469295682
NUEx031,RB,picture,bank,abstract,0.0276789075952624,0.0094111286438905,0.0159967558354895,-0.0216020820464951,-0.0082162197641607,0.2823460803745893,0.1801982787990074,0.0346099161336869
NUEx031,RB,picture,lock,object/tool,-0.0851329228531717,-0.0620316937700327,-0.0882096144885678,0.0624295719947456,0.0092153985917438,-0.7129032356345889,-0.6119774434718044,-0.2912899117809619
NUEx031,RB,picture,library,abstract,0.1853265996951968,0.4384142291455851,0.4403868584089003,-0.0224271179812743,-0.1688459766679476,3.008560036934133,-0.6082567639138244,0.7444122568584395
NUEx031,RB,picture,deer,animal,-0.2280858619170641,-0.003120091137168,-0.1312776603266544,0.1477593230188598,-0.1212991000018221,-0.5485447467735243,-1.2566931080465604,-1.345554733123531
NUEx031,RB,picture,bean,food/fruit,-0.1195364678737367,-0.3700573299839722,-0.3120961275828166,0.004163447366318,0.2265813881433403,-3.0231157643029154,0.6660844887436541,0.9128447646335506
NUEx031,RB,picture,fall,nature,0.0933755756741419,-0.0068232044371305,-0.0135955486516869,-0.0759679835357831,-0.077660343538429,0.268849907405065,0.486565166792222,-0.7970553215474491
NUEx031,RB,picture,hill,nature,0.2782566726263434,0.0664716816983632,0.1235962685890263,-0.2412259853643324,-0.08037601871867,1.38568175642054,1.749840672434551,-0.3726734906672982
NUEx031,RB,picture,knight,abstract,-0.1045388299088942,-0.0712613110651683,-0.0992008445029391,0.0786331253627717,0.0201117501192941,-0.829977367290238,-0.7505795164117893,-0.2002348214377136
NUEx031,RB,picture,nail(object/tool),object/tool,-0.2011991300619404,-0.0889552982275917,-0.1842700779185408,0.0939183639524003,-0.0854898545394274,-0.920243207743891,-0.7474344927589868,-1.2232203340460093
NUEx031,RB,picture,race,abstract,-0.0274422917478025,-0.0854381964080289,-0.0470022833066206,-0.0001396128596931,0.0884720881969493,-0.436820040602073,0.0881262246596737,0.5672724259616967
NUEx031,RB,picture,jaw,body part,-0.1964880449262201,-0.0251617619820925,-0.1199109866237996,0.1490401908588138,-0.0600691960162739,-0.6860062231031006,-1.2643989080044793,-0.8418344866950818
NUEx031,RB,picture,hurricane,nature,-0.0569632897275173,0.0092109976944098,-0.0549559299790392,0.0426217046752872,-0.0820355252515461,-0.1034446096592135,-0.5269449548961989,-1.1059422358190347
NUEx031,RB,picture,key,object/tool,-0.1775202084663288,-0.0426850927027515,-0.0953148171877752,0.154110245170457,0.0106295819814775,-0.6555897334157228,-1.218381372551533,-0.0437829145629352
NUEx031,RB,picture,spring(nature),nature,0.235824544352063,-0.1160109036117366,-0.0136669176046764,-0.2565753347348655,0.0427594483283332,0.1300591769911848,1.624916919215774,-0.0529277386824262
NUEx031,RB,picture,sport,abstract,0.0114183537694538,0.1329320917602399,0.1023510026125113,0.0415223592610646,-0.0819200655947492,0.9655817116985066,-0.6442541336059979,-0.083433993296071
NUEx031,RB,picture,train,vehicle,0.2630666953662398,0.181184007236917,0.2432765901745969,-0.1863543681736865,-0.0745895226718116,2.0327557534434346,1.2711359673881892,0.3889600061040142
NUEx031,RB,picture,jail,abstract,0.0849346784064635,0.3399368695087765,0.2168888406195442,0.0522930533197707,-0.2698646570648369,2.0402945226238005,-1.032919868018057,-1.040859895397373
NUEx031,RB,picture,wasp,animal,-0.0310098204397663,-0.2595822248354156,-0.1592478454009183,-0.0388296748008533,0.1987552055140337,-1.498785454100575,0.7224345335871402,1.1284690368901742
NUEx031,RB,picture,peach,food/fruit,-0.0773867041986265,-0.3423570561107957,-0.2733905517983604,-0.028627620541492,0.212945124344644,-2.5406247343880866,0.9179584628417276,0.948799511250346
NUEx031,RB,auditory,keys,object/tool,-0.021601092036002,0.2939206987044898,0.2697390806701239,0.1071425496551754,-0.0352065722366591,1.5450218124277422,-1.0942675701421856,0.8094917235389801
NUEx031,RB,auditory,date,abstract,0.0246272179560026,-0.0401170147833555,-0.0160578544448525,-0.035300059419334,0.0366933985154098,-0.1429418389938264,0.315901622572612,0.2196122685044699
NUEx031,RB,auditory,fig,food/fruit,0.0384098068233073,-0.0840733354867162,-0.0536453830602156,-0.0643824255197435,0.0417419208390499,-0.4159662971650142,0.6873647889100132,0.0184485558190081
NUEx031,RB,auditory,notes,action,0.0257117945732006,-0.2219230195135534,-0.1726656113739942,-0.0972046474924891,0.1015247430869644,-1.2255080839271506,0.9386970471884196,0.0329346657240561
NUEx031,RB,auditory,aledge,abstract,-0.0245619332281596,0.2241696927771147,0.2067529857412823,0.0876840230805875,-0.0184440463552159,1.1558517132884485,-0.7790408230864575,0.5756743062165374
NUEx031,RB,auditory,can,object/tool,0.1049142940892975,0.1832942341479312,0.17331956362729,-0.0291929311336122,-0.1161990422703207,1.3961355033902834,0.0348080322966253,-0.1601594282563204
NUEx031,RB,auditory,miss,abstract,-0.190560976316322,0.051538534059496,-0.1252248380929288,-0.1385364448254984,-0.1222953144409964,-0.1558097294295534,0.5012869852504089,-0.4438256706679654
NUEx031,RB,auditory,goat,animal,-0.1687721210508338,0.1645209543729024,0.0848790747022562,0.2060103057608396,-0.0697779711988165,0.3885105427126367,-0.7421767942638966,0.0708240058548026
NUEx031,RB,auditory,book,action,-0.0673723535351604,0.2252030909944712,0.1918703592031151,0.1321293929001843,-0.02375076423517,0.9954763055475392,-1.0248070975957906,0.4279542387238098
NUEx031,RB,auditory,notes,action,0.049246832896982,-0.2409271850728738,-0.0550138255604346,-0.0595868419696593,0.2286057856978039,-0.7695722035425522,0.591762086415377,1.42207170948835
NUEx031,RB,auditory,man,food/fruit,-0.0196250791124174,-0.1324325033362625,-0.1112109994830212,-0.0216779032293841,0.0709693109065254,-0.9018457665420948,0.2442822518613069,-0.0175218490270908
NUEx031,RB,auditory,key,object/tool,-0.0714364042227708,0.3767240780908019,0.3398837421074326,0.1684200021219917,-0.0107112923631044,1.6321684694916163,-1.34888489506223,1.0878708302074824
NUEx031,RB,auditory,bee,animal,-0.0105228020951737,-0.1123069685061996,-0.0818850311891118,-0.0229211486193708,0.0763782594711347,-0.7515305269842121,0.3033669355726826,0.1490827520642392
NUEx031,RB,auditory,fan,abstract,-0.0234057005163423,0.2926821653417686,0.2616742185436138,0.113343195837959,-0.0581636967601577,1.5337951654199011,-1.0857085809115998,0.5124309636333177
NUEx031,RB,auditory,fall,action,0.0025108158690709,0.1298782230732895,0.1318515123579086,0.0357244043869817,0.0063245313413083,0.7884807233060758,-0.4277906330202243,0.6081521554076601
NUEx031,RB,auditory,fall,action,-0.0224415169664,0.1457010494802426,0.1230789020843458,0.0704134887117695,-0.0412698878764038,0.7736317739202699,-0.5659026501051724,0.0570990040197936
NUEx031,RB,auditory,bank,abstract,-0.1107139222716159,0.0001831415944865,0.015010740024596,0.0753094344861015,0.1205245476530094,-0.284817222157287,-0.4894265140331025,1.0587941966225702
NUEx031,RB,auditory,january,abstract,0.0372726083192195,0.1425134412138535,0.1409615703500893,0.0132291689621485,-0.0413501593318472,0.8068499430787618,-0.2592152859900605,0.0567646598987154
NUEx031,RB,auditory,head,action,0.0550299016039473,0.1173527223266771,0.1348893368806288,-0.0212431446982082,0.0102668014589568,0.8404204868363888,0.0034438638391727,0.5540983372034213
NUEx031,RB,auditory,cat,animal,-0.0289065515420438,-0.039353158007272,-0.0166419590782259,0.0181832246712151,0.0702887675437447,-0.3106259309940866,-0.1014303128347345,0.3815996279564834
NUEx031,RB,auditory,park,nature,0.0431211169795839,0.1617376668298241,0.1673729336369698,0.0109468496747787,-0.0194870464185043,1.088977080315042,-0.2824818773138313,0.4506400937284327
NUEx031,RB,auditory,save,action,-0.0345786145741816,0.0745101472061295,0.0769974114906273,0.0285683957129667,0.0773560643511728,0.20693550391569,-0.2441285628041475,0.3932339988019877
NUEx031,RB,auditory,fish,animal,0.0241292589102497,-0.097016675907251,-0.079043636251294,-0.054177818825276,0.0307261868082862,-0.6140656191976589,0.6296539359471884,-0.2243293941308083
NUEx031,RB,auditory,grapes,food/fruit,0.0073868849981355,-0.0558633685709892,-0.0474626215988503,-0.0247983153792522,0.0176102583156525,-0.3423810050649424,0.2194247246535823,-0.1812975096380044
NUEx031,RB,auditory,fashion,object/tool,0.0110723491881595,0.1181966396902177,0.101459712081703,0.0320151762251187,-0.0569039885415031,0.8728523824024597,-0.4611064003685706,-0.1082134360119898
NUEx031,RB,auditory,bear,animal,0.00449751348888,0.1398378302466095,0.1415373040833075,0.0324830122468271,0.0078852702241913,0.835633504630767,-0.437637864287319,0.6616874176139105
NUEx031,RB,auditory,dog,animal,0.0437195747276825,-0.058392192762843,-0.039691144189754,-0.0612922291987727,0.0145238470056277,-0.2200370853992063,0.5397434451849233,-0.1789101727951217
NUEx031,RB,auditory,fruit,food/fruit,0.0342339628858229,0.035867420483158,0.0405892351872194,-0.0231536845999398,-0.0180899106767677,0.35459364723848,0.0280432120609647,-0.065162862267381
NUEx031,RB,auditory,field(nature),nature,-0.0958826346766541,0.1646237813561914,0.1445161806033061,0.1133574686321706,0.0734720588428312,0.5454499370808447,-0.8807945985986537,1.1776699254537264
NUEx031,RB,auditory,acan,object/tool,-0.0059923910825057,0.1223776021313261,0.1140250363426929,0.0487589434567538,-0.0207441488021496,0.7646209108198735,-0.5344019247713853,0.304828008639404
NUEx031,RB,auditory,lady,abstract,-0.0971369938151818,-0.1748442014243354,-0.1057966531238837,0.045631690976101,0.1646160857858811,-1.0235172058205255,-0.1440895822798913,0.7526586462773972
NUEx031,RB,auditory,change,action,-0.1098491661198971,0.3652037968136987,0.2998776481714739,0.2213579996221968,-0.0603254084528806,1.637707089773807,-1.50091768059456,0.5847582823122388
NUEx031,RB,auditory,free,abstract,-0.1091909493846547,0.017863099359904,0.0286351629435883,0.0276374805884053,0.1420831892263549,-0.236591443692762,-0.1470246267993961,0.5270648026202402
NUEx031,RB,auditory,beans,food/fruit,-0.1377335790166667,-0.0310908168865499,-0.002250379716693,0.079759955734441,0.1448223693134231,-0.4617340626628722,-0.4322832069867521,1.0723095579021258
NUEx031,RB,auditory,travel,action,-0.0104868907186507,0.0847798702990356,0.0871382845456982,0.031625589563424,0.022487442536941,0.4890202367413782,-0.3728253458521115,0.6257725280597395
NUEx031,RB,auditory,moose,animal,-0.1406791404160743,-0.0320560463943188,-0.008169554076266,0.0562523700562301,0.1493521972450708,-0.3795285590515602,-0.2473640334556723,0.1741134869755053
NUEx031,RB,auditory,spring,object/tool,0.1329517755705959,0.1202634334363726,0.0793007851842131,-0.0681013606437623,-0.1651784972203216,1.0165615050500023,0.2056421526307283,-0.7950718570402128
NUEx031,RB,auditory,keys,object/tool,0.0098704764490174,-0.1232289997563219,-0.0760460687411144,-0.0445098825022419,0.0884525158655947,-0.7547845583947971,0.576406588940305,0.4320412069450026
NUEx031,RB,auditory,date,abstract,0.022633436240275,0.2019754050761735,0.1129035071512499,0.0293666436236974,-0.1767026542051373,1.03998318753036,-0.3724860497559165,-0.6251083050127142
NUEx031,RB,auditory,fig,food/fruit,-0.1447157465245267,0.0926949308486705,0.0571006415643589,0.1536355101886133,0.088967539727635,-0.0336633472328046,-0.1799242973657742,0.3699380130028305
NUEx031,RB,auditory,fruit,food/fruit,0.1442320366787048,-0.1195461924915137,-0.052980399262543,-0.174483816611609,0.0411767940458491,-0.2388862237680557,1.2552122799723109,-0.0970341928596095
NUEx031,RB,auditory,keysno,action,0.0069132359293142,0.1415386744875961,0.0814633954442202,0.0334344782789928,-0.1255631727993838,0.7158646106774539,-0.343471582736097,-0.4361067402058189
NUEx031,RB,auditory,field(abstract),abstract,-0.0988386857217553,-0.2433003973183244,-0.143860911636494,0.0282336161322164,0.213545443161304,-1.2422587199875628,0.042404398809092,1.007094795273329
NUEx031,RB,auditory,can,object/tool,-0.1808727886782348,0.347798659370706,0.1363930164721977,0.1442070598389656,-0.3333982764675182,1.321724965233129,-1.1830298609799843,-0.1634231194300245
NUEx031,RB,auditory,miss,abstract,0.1486749329909139,0.0153248865131931,-0.015071554644851,-0.0789533864592808,-0.159305150270963,0.5168838400428781,0.3610206458358739,-1.299426851352852
NUEx031,RB,auditory,goat,animal,0.0789254388369229,-0.046131980323188,-0.0606121118422526,-0.0653426022749071,-0.0780697494773578,-0.0693551046558363,0.400776170892256,-0.9734109301702584
NUEx031,RB,auditory,books,action,0.0135921160801174,0.1378218644258373,0.1284349664990133,0.0318375014462271,-0.0391852940248594,0.9425053510956886,-0.4804207584674156,0.1937894252901157
NUEx031,RB,auditory,mint,food/fruit,0.0820722303663603,0.0146734786557658,-0.0222308927227602,-0.0385019694641194,-0.1184870864842205,0.267226738865085,0.1288492944628362,-0.8225119914840225
NUEx031,RB,auditory,fan,abstract,0.0176168292977411,-0.0129774567252623,-0.0004892374367449,-0.0191887823270927,0.0146760591641116,-0.0060773068037373,0.1550171323261583,0.053029111405779
NUEx031,RB,auditory,key,object/tool,-0.0663564548308453,0.4069591910683409,0.300531546893818,0.1986531353679002,-0.1907684281001764,1.8662599768123624,-1.4472162417754428,-0.2651391272328071
NUEx031,RB,auditory,bee,animal,-0.0525340459701947,-0.2864058445414294,-0.2131056495949297,-0.0350288112237475,0.1902219200982818,-2.0743192840447238,0.8359522319683924,0.8760474533526167
NUEx031,RB,auditory,fan,abstract,0.0452546251597337,0.0865232256229306,0.1047524657495335,-0.0319697919741263,0.1217143427197969,0.3292346490996972,0.1552871105729615,1.1448391438550996
NUEx031,RB,auditory,fall,action,0.1880376866827108,-0.0212452306750485,0.002360103700854,-0.1781497897521895,-0.078144604042761,0.4950422336010758,1.00225542405776,-0.690763824711722
NUEx031,RB,auditory,fall,action,-0.0298747434491163,0.1558932885262064,0.1203039425999076,0.0806252016873232,-0.0653085394574396,0.8537225070398142,-0.7991847037983758,-0.058134358601678
NUEx031,RB,auditory,bank,abstract,0.0241190047583131,-0.043944935589363,-0.0595740509567346,-0.0337016569565692,-0.0348968387797143,-0.1731137891090385,0.0302469077483812,-0.2186864081384307
NUEx031,RB,auditory,january,abstract,-0.1143093283827312,0.0214998461187347,0.0306436201015353,0.0541328739830034,0.141049106020262,-0.1718115701070719,-0.3186591726911427,0.822077282339885
NUEx031,RB,auditory,head,action,-0.0163200139724156,0.3590344594178963,0.3329094721697283,0.1188410595312637,-0.0420184351033974,1.6367408219037691,-1.0169770128691582,0.737297137972443
NUEx031,RB,auditory,cat,animal,0.0902322092914802,-0.0446634175383598,-0.0127514422152553,-0.1050481725029938,0.0125026496980369,0.0350936147082846,0.5117418496901718,-0.1317671983276705
NUEx031,RB,auditory,park,nature,0.0408586425734743,0.076232500385232,0.1001492708018618,-0.0291834428735477,0.0874219067131887,0.3637979846440387,0.091011813143681,0.6160676975230575
NUEx031,RB,auditory,saving,action,-0.0959697870555775,0.0225728678156559,0.0253825818411356,0.0670169824392312,0.1088843703293714,-0.1739352305775446,-0.3417159562094274,0.4682079380180272
NUEx031,RB,auditory,fish,animal,-0.0065895917902858,-0.0601954228182113,-0.0809190845301014,-0.0116931171584642,-0.0301504238395314,-0.355087449865401,-0.0306454382849398,-0.3300334542694929
NUEx031,RB,auditory,river,object/tool,0.0118026211246152,0.2909206706558772,0.2529942894265575,0.091862648315308,-0.104974128509639,1.6912906337135676,-0.9580466698359744,0.1554202418066122
NUEx031,RB,auditory,grapes,food/fruit,-0.2121699809182159,-0.1715421122213034,-0.0984954581252924,0.1191788057882208,0.217237767437226,-1.1551632010869517,-0.4284883420860021,0.8572095077613597
NUEx031,RB,auditory,fashion,object/tool,-0.0406997991950201,0.124551643077585,0.1235530040001548,0.042625322883401,0.0606914623651571,0.4992760012894601,-0.2901186566580205,0.4322054943310519
NUEx031,RB,auditory,dog,animal,0.0700940038990458,-0.21270476163788,-0.1967090696483802,-0.1143225488487092,0.0048422031789887,-1.210481357665148,1.1168495266752425,-1.0253859732793271
NUEx031,RB,auditory,salamander,animal,0.0969838826037981,-0.2214933559733049,-0.2054771183954357,-0.1314355763898835,-0.0173758146135216,-1.074858701680476,1.0730565857731678,-1.0851056493472542
NUEx031,RB,auditory,moose,animal,-0.0128178637876227,-0.1217895794517519,-0.1021219558500466,-0.0257121849464167,0.0608172119761122,-0.8849133732781613,0.3640670965593052,-0.0017948174053701
NUEx031,RB,auditory,nut,food/fruit,-0.051531615618117,-0.1115526135608859,-0.0738273360290507,0.0231926988695986,0.1042941195539238,-0.8282073536560515,-0.0347841155351244,0.4293038130807078
NUEx031,RB,auditory,animal,animal,0.0368035279087727,0.1891740894565026,0.0708210389882482,0.0101485910362481,-0.2003861242061575,1.0122914573517987,-0.3161364857486663,-1.107561630634878
NUEx031,RB,auditory,keys,object/tool,-0.0356362068956882,0.0660986023146754,0.0725363540766796,0.025165850150992,0.0967097013983268,0.1722811290403721,-0.2130572201982427,1.063026446588854
NUEx031,RB,auditory,adate,abstract,0.0374625981067953,0.0962582028020499,0.0974079666012034,-0.005898429972598,-0.0321318415493358,0.7728278852529397,-0.1326731885604193,0.0693756469372704
NUEx031,RB,auditory,fig,food/fruit,0.0031261671338645,-0.1428903869009182,-0.1219354012002434,-0.0495521005767303,0.0564235110282338,-0.9201816744498608,0.5390287216617797,-0.1453256357232074
NUEx031,RB,auditory,soup,food/fruit,-0.0060173029975319,-0.1570705424548983,-0.1271494976121243,-0.0453166803528312,0.0790503211124871,-1.0484584512979342,0.5839366213089293,0.0623385417926835
NUEx031,RB,auditory,hill,abstract,-0.0405699505421664,-0.0193020468909772,0.011628062435207,0.0167038754966722,0.1068699384117812,-0.1936183220467427,-0.1254854601199973,0.6864508512557487
NUEx031,RB,auditory,can,object/tool,-0.0381456118996055,0.2426201485717109,0.2275109303500506,0.035417255080072,0.1135087989755377,0.9446816272185702,-0.3215761408175476,1.1178623834994177
NUEx031,RB,auditory,miss,abstract,-0.017521245498386,-0.008831725518979,-0.0028439460067028,0.0171230747029768,0.026600698995886,-0.1048290672997416,-0.160395430652255,0.1873562897713024
NUEx031,RB,auditory,goat,animal,0.0825626057236393,-0.1347821589237347,-0.1290020379265714,-0.10231048181658,-0.0316934137243359,-0.6541700549447551,0.8901835051129636,-1.030832596882551
NUEx031,RB,auditory,book,action,-0.0004894046891968,0.2663647702080061,0.2545447878217514,0.0757934931386731,-0.0103086910146934,1.4675999722516695,-0.8184820629120074,0.9496082846570096
NUEx031,RB,auditory,book,action,-0.0866129339374311,0.1587011687614779,0.1259408602444352,0.1329262165349984,-0.0014350511595605,0.537959082866518,-0.7555255476808813,0.2043283324216678
NUEx031,RB,auditory,keys,object/tool,-9.871127393261758e-05,0.0776816961507241,0.0717745319990698,0.0250759967671476,-0.0178633832705209,0.5512241311690208,-0.3676718473318214,0.1357795278234377
NUEx031,RB,auditory,date,abstract,0.0199768474525299,-0.085604412581102,-0.0505815177575475,-0.0457717867779164,0.0606772375044479,-0.4350935546342399,0.4447390405645877,0.2583451362178061
NUEx031,RB,auditory,fig,food/fruit,-0.0308181274373337,-0.0050377054027598,0.0054170649903922,0.0312314537863614,0.0497826058749735,-0.1414228054856153,-0.2257218215692647,0.3142030749314474
NUEx031,RB,auditory,soup,food/fruit,-0.0430444841062537,0.1023668788289881,0.1024937148745596,0.0243715994105386,0.0760968785758095,0.3006535816804691,-0.2169492369398624,0.1085273488460393
NUEx031,RB,auditory,hill,abstract,0.0052451391746533,-0.0988416442692008,-0.0919120241740626,-0.03903303714775,0.0253632053194701,-0.60798764757713,0.3135980284249315,-0.244022901154049
NUEx031,RB,auditory,can,object/tool,0.0288698184211512,0.4924008897631322,0.4364464658386248,0.1435820691147989,-0.1676226444376229,2.9985021370465503,-1.651660238484555,0.4278606013397025
NUEx031,RB,auditory,miss,abstract,-0.0331593227851207,0.1661449856300303,0.1607253953006996,0.050447189234716,0.0658133887141981,0.6488509086023089,-0.4873117952699945,0.952288673239965
NUEx031,RB,auditory,goat,animal,0.0556584284448602,-0.0148535159122953,-0.0258926882355489,-0.0469431511143399,-0.0583967300803333,0.0835567009864286,0.2814587912308615,-0.6973362957140697
NUEx031,RB,auditory,book,action,-0.0822554963436256,0.2462573526269277,0.2206316560321276,0.1311961820852867,0.0395579504333635,0.94773381946207,-0.9813027265893288,1.0342169165042496
NUEx031,RB,auditory,book,action,-0.0519671552799322,0.273952824059462,0.2436439602098001,0.1284254582121036,-0.0266293290926112,1.210325108508337,-1.0127652691506042,0.5772362260937632
NUEx031,RB,auditory,mint,food/fruit,0.0077632023516103,-0.1950049022421838,-0.158899131569816,-0.0772238737778871,0.0855030757995117,-1.1911637939720052,0.7753171148466064,-0.0341878852454566
NUEx031,RB,auditory,fan,abstract,-0.0459811290318855,0.0770212817825382,0.0723563204971721,0.0623585994508976,0.0371716545318303,0.3177838197478305,-0.5906290522809597,0.7054238714205153
NUEx031,RB,auditory,pear,food/fruit,0.3927249733599202,0.0557436914240095,0.1987153764661414,-0.3322311022675573,0.0490280631209242,1.4254365799440754,1.9412392190291077,0.4388970346426297
NUEx031,RB,auditory,key,object/tool,-0.1535981312461664,0.0890008049008727,0.0745201626960444,0.0631093956476485,0.1745981257022675,-0.0465007742082057,-0.3891362453203518,1.3467680293173014
NUEx031,RB,auditory,wasp,animal,-0.1737383940556182,-0.2570570238506411,-0.2329823081850512,0.0868615758192876,0.1798865019793869,-1.5010938281771156,-0.1222273140924511,0.1585819318165865
NUEx031,RB,auditory,fan,abstract,0.0693303590612706,0.1949027215381848,0.2046150182562652,-0.0052678669001635,-0.027229491480111,1.2598902826028888,-0.1726895806215347,0.3787672674562078
NUEx031,RB,auditory,fall,action,0.0395632207416917,-0.1672353387400361,-0.1458583228492974,-0.0906450285893724,0.0369188636802637,-0.9844546843490896,0.7459369114657892,-0.3145788039199363
NUEx031,RB,auditory,fall,action,-0.219290123669285,-0.2757569264511144,-0.1892167612572847,0.1115628505790014,0.2662047983275003,-1.817438671063729,-0.4292951517343552,1.4547186784452848
NUEx031,RB,auditory,bank,abstract,0.2116592692717888,-0.0701655946489744,-0.0303097118700832,0.108586795587283,-0.2166956717990394,0.230871978319345,-0.6057898307082579,-0.5668985812861167
NUEx031,RB,auditory,january,abstract,-0.2066684697823881,0.6260799355109885,0.5824219351550344,0.2771333331398831,0.1130066867896088,2.056493495202197,-2.243656442106081,2.512098418239422
NUEx031,RB,auditory,head,action,0.0379390833365784,0.1331966270279284,0.1341352306918219,-0.0210566843692719,0.1341486659517116,0.3900117197880811,-0.0487140731791643,0.804140397408493
NUEx031,RB,auditory,cat,animal,-0.3489554054793085,0.2841516902368866,0.2253606880923244,0.3409965095841988,0.1764684220522289,0.4872852254288858,-2.026958925350116,2.0986088368973626
NUEx031,RB,auditory,park,nature,0.0820631833761245,0.3842502974570778,0.365837910823849,0.0565870389818665,-0.11784910229597,2.44884601199731,-0.7603326721919369,0.3928819045048687
NUEx031,RB,auditory,savings,action,-0.1263397781955934,0.325961841834144,0.1288113494203292,-0.3272464036988914,0.0092736859422104,0.7460015378656554,0.0962454044464543,-0.321948248809523
NUEx031,RB,auditory,frog,animal,-0.0696547472019248,-0.2995365256138114,-0.2200356614235883,-0.0152510349328708,0.2090436568827456,-2.181203291898999,0.659485247531982,0.9437311072698252
NUEx031,RB,auditory,river,object/tool,-0.1684802779422278,-0.4585861875568555,-0.0577756514231046,0.162703757908569,0.4412490533796205,-1.5893060079263426,-0.4822105299644855,3.3554188144833392
NUEx031,RB,auditory,grapes,food/fruit,-0.0198785934252021,-0.114480231111186,-0.0971917881255989,-0.0176388166400502,0.0611793592622147,-0.8044983837204809,0.2322553778059623,-0.0319069748936291
NUEx031,RB,auditory,fashion,object/tool,0.0561616150292562,0.0842846975052445,0.0932047774236553,-0.0230473181766056,-0.0331725019728079,0.7250976017289995,0.0571743596191409,-0.0078807056251211
NUEx031,RB,auditory,match,object/tool,0.0642802764570408,-0.0373114719234209,0.0123595237707084,-0.0669102183203907,0.0594515031908493,-0.0282426802775746,0.5005108445526427,0.369505014009087
NUEx031,RB,auditory,bear,animal,-0.042994520927643,0.069034840457501,0.0640619595525456,0.0649349590333764,0.029771954388623,0.225405693540554,-0.4114919098979785,0.3263009361416646
NUEx031,RB,auditory,dog,animal,0.0088331259636904,-0.2786320783772515,-0.1846302544011671,-0.0910690008831318,0.1823702769580404,-1.6699454735154196,1.2513583856100865,0.8121725382209052
NUEx031,RB,auditory,amphibian,animal,-0.0290456800248586,-0.0203150186756518,-0.0150665092201699,0.0245977660156155,0.0355784469304981,-0.2254529000296586,-0.1676713836154019,0.043444260086415
NUEx031,RB,auditory,moose,animal,-0.0316644642558644,0.0283821339787773,-0.0145575672422343,0.0271248331379101,-0.0606073880696285,0.0066009356411312,-0.2095057450916115,-0.2368664282163041
NUEx031,RB,auditory,nut,food/fruit,-0.1023205216237951,0.0270084680534272,0.0116585324191073,0.107126740445406,0.0546944473235993,-0.1877180956783837,-0.5971099773534275,0.2616443952328994
NUEx031,RB,auditory,free,abstract,0.0073179450840496,-0.0506068339568232,-0.0040470439589305,-0.0183192774694806,0.0877971196816919,-0.2098966611792345,0.1167436397881672,0.6153262574903712
NUEx031,RB,auditory,wheat,food/fruit,-0.0065562182315297,-0.0216435066233535,-0.0074552150623814,-0.0009749804669252,0.037956379042095,-0.1393733986160265,-0.0047315137489002,0.3322759950637405
NUEx031,RB,auditory,park,nature,-0.0360362704823792,0.3208770884724646,0.3039922722361739,0.0931086596486044,0.0510510544923243,1.3004256776930805,-0.8238286244071168,1.2873949456930365
NUEx031,RB,auditory,can,object/tool,0.0618508497584276,0.0122884253582137,-0.0094545132962366,-0.0342319068690704,-0.0863417876832568,0.1666977182050115,0.1355148291805395,-0.3113195271185577
NUEx031,RB,auditory,kale,food/fruit,0.0913964763987155,-0.0595965681757306,-0.003555455460144,-0.1016741326965937,0.0535160816082034,-0.0390216644332638,0.8698192620871221,0.3222552391178535
NUEx031,RB,auditory,change,action,-0.0924186809050136,0.0647657966067776,-0.0480153632818379,0.0488910396837153,-0.1315712149033953,0.0096673746810261,-0.433200776740786,-0.7075043206335794
NUEx031,RB,auditory,lady,abstract,0.0606011935005074,-0.1562671401251077,-0.1220000400741479,-0.107874617788866,0.0436331453768463,-0.8741388250750305,1.209638561903612,-0.36545136789942
NUEx031,RB,auditory,lime,food/fruit,0.0261747583339233,-0.1762137558631082,-0.132541309335099,-0.08358891453035,0.0855589110370854,-0.9909067157842952,0.8871749870451787,0.0560796262652979
NUEx031,RB,auditory,change,action,-0.1403308116290624,0.2969682221619394,0.2700536605329098,0.150938723692793,0.1071222040621564,1.1284486515879666,-1.0980663119130574,1.5781040839395333
NUEx031,RB,auditory,seal,animal,0.0147674796535101,-0.1982276538610923,-0.1861385849679492,-0.0782893272694943,0.0290780625542817,-1.16688388165601,0.7047355099127367,-0.5134760739806093
NUEx031,RB,auditory,free,abstract,-0.1072880778456436,0.0057525098827216,0.0077082973358495,0.090985110525312,0.0891801984063666,-0.2706072922822683,-0.663094285319168,0.8287555962738411
NUEx031,RB,auditory,mango,food/fruit,-0.0186838861003731,-0.2066056822340028,-0.1519698063070971,-0.0455296533461352,0.1308342135830052,-1.3525947467783497,0.6283737230664238,0.4031182105156253
NUEx031,RB,auditory,beans,food/fruit,-0.0370765321484018,-0.2097530008502867,-0.1475938746931774,-0.0204950042390215,0.1488024621747736,-1.4820383022803505,0.5044348566888276,0.6266082060333117
NUEx031,RB,auditory,forward,action,0.0650141561367383,0.1318962025997056,0.1517589766372515,-0.0353966971653725,0.0783339335223941,0.7136399692851448,0.1193122366746471,1.0318638095983288
NUEx031,RB,auditory,moose,animal,-0.004719838119664,0.0353979194035876,0.029331478214221,0.0163767854440452,-0.0128370460586875,0.2306926892559409,-0.233138135245062,-0.0478816938867597
NUEx031,RB,auditory,spring,object/tool,0.0609545293633321,-0.0101955372490267,-0.0084166993095907,-0.0567837688354865,-0.0389881059611526,0.1525718354986876,0.3610166069698315,-0.4591269588444799
NUEx031,RB,auditory,keys,object/tool,-0.0159155448198156,-0.0279741066269233,-0.0129030886504262,0.0075654845386307,0.0468478976743094,-0.2146771267772763,-0.0617084842954245,0.3979845066913006
NUEx031,RB,auditory,date,abstract,0.0039475079200559,-0.1123004482233479,-0.0901837097448429,-0.0412042118429208,0.0547273066685245,-0.6941216744996741,0.4084589285056611,-0.0221235323340684
NUEx031,RB,auditory,fig,food/fruit,-0.0150312855518359,-0.0350303024668337,-0.0058320864072952,0.0041927459901889,0.074677744028418,-0.2288471223492743,-0.0100633962097946,0.6878889770471099
NUEx031,RB,auditory,soup,food/fruit,-0.0083661577446043,-0.0389708572626163,-0.0285749670399275,-0.0035534665996744,0.0310995532829443,-0.2747112274733972,0.0463215057309614,0.1139792141416995
NUEx031,RB,auditory,save,action,0.0088802400555064,-0.000365108449949,0.0012206323454021,-0.0045019784403804,-0.0054306844379645,0.0272317870043099,-0.0185692522478719,-0.1447785939805281
NUEx031,RB,auditory,hill,abstract,-0.1063907039110712,0.1370611914789389,0.1053296380636748,0.1412069541022526,0.0260388588268623,0.3793618846759257,-0.7880140441796576,0.290328398353763
NUEx031,RB,auditory,can,object/tool,-0.0448820299374332,0.1707425702190711,0.1412891822237711,0.1007346211982162,-0.0336312851957559,0.7488758101369208,-0.5716873578758894,0.2644201785674872
NUEx031,RB,auditory,miss,abstract,0.1990464406338485,0.2450913275884006,0.1862929295743896,-0.1039044496686387,-0.236942523453501,1.937623097659857,0.2988844772170556,-0.9685019267231468
NUEx031,RB,auditory,goat,animal,-0.1071759170147492,0.1122736900092887,0.0806300232444615,0.1398783856503183,0.0380254778672506,0.2096657799688937,-0.5553308753323598,0.1749674297801193
NUEx031,RB,auditory,book,action,0.0366709893235651,0.3445658092354932,0.3228074217676183,0.0765419438646872,-0.088276279406242,2.1310263446105253,-0.9770686447490532,0.5683688626271323
NUEx031,RB,auditory,book,action,-0.0027353795856055,0.1625229147028257,0.1439443910044484,0.050685338418217,-0.0485039596675518,0.9880894319117742,-0.6055841581681733,0.1695997898984198
NUEx031,RB,auditory,mint,food/fruit,0.0067257701586715,-0.0648733245576109,-0.0463533353132981,-0.0256906160643008,0.0369094494482839,-0.4221362535674476,0.3042877339130256,0.0214424947799947
NUEx031,RB,auditory,fan,abstract,-0.0066419369122335,0.0864054506436865,0.0947389762354048,0.022336007576815,0.0496488133153256,0.4321620081780739,-0.2038634519163701,0.7222875060807064
NUEx031,RB,auditory,pear,food/fruit,0.0072205728226679,-0.0854586060542401,-0.0610905774530341,-0.0333557828519143,0.0508943740013164,-0.576608284326624,0.4589586878124366,0.1152043949846683
NUEx031,RB,auditory,key,object/tool,-0.1241907317944384,0.1731089295930123,0.0055399399076172,0.0384249000966302,-0.2153354696907474,0.4425996030081466,-0.2813398616311849,-0.1878781806495398
NUEx031,RB,auditory,wasp,animal,0.0398266163548566,-0.1888381530707985,-0.1132390309190206,-0.0913973122474366,0.1250731591773405,-0.8791365998672273,0.7331920731349133,0.3557353080709997
NUEx031,RB,auditory,fan,abstract,-0.0800233037752968,0.1634967099795227,0.1456910354909541,0.1028518732747086,0.0672535354962913,0.5748138769450448,-0.8060461259903152,1.1165658762563535
NUEx031,RB,auditory,fall,action,-0.1749480081479192,0.2045236990054052,0.1735937949669849,0.1656622132110267,0.1204247611054981,0.5143557720175758,-0.849413696520362,0.890679255422895
NUEx031,RB,auditory,fall,action,0.0331783423100669,-0.0704170038042952,-0.069128327242397,-0.051641125410175,-0.0103286709965146,-0.3773851734570129,0.4335470115658609,-0.5375476472750952
NUEx031,RB,auditory,bank,abstract,-0.0809404333054383,0.0788942264276705,0.0690319402227254,0.0872438964910162,0.072595944600733,0.1492927546653214,-0.6675308365527809,0.8855330482518301
NUEx031,RB,auditory,january,abstract,-0.3047965703896148,0.2527207193069574,0.2165059025217318,0.2264854183277826,0.2355625884276157,0.3573559018768349,-1.2965854565391453,2.13401586030382
NUEx031,RB,auditory,head,action,0.0427948175616812,-0.007169211564023,0.0191832874899543,-0.0457625514406419,0.02816632111851,0.1166963098816595,0.2328586856747788,0.1753919582676118
NUEx031,RB,auditory,cat,animal,-0.0066658293224455,-0.0706780615479963,-0.0587451572337244,-0.0160026376468846,0.0360678670356004,-0.4754104113981394,0.1479057474112842,-0.0660737076926203
NUEx031,RB,auditory,park,nature,0.0224410231855277,0.2984371393609307,0.2657608282567006,0.0840627287995753,-0.1026672865772533,1.719691635530116,-0.9025800518224476,0.2353175898337558
NUEx031,RB,auditory,saving,action,0.05508266406357,-0.2284753964059337,-0.1165278912483364,-0.1078837446049849,0.1692509824747651,-1.0377559867938395,0.9760963389875068,0.6737193480694682
NUEx031,RB,auditory,fish,animal,-0.1233038817671381,-0.0221503041217498,-0.0617292026087948,0.1170999757041404,0.0033107074436921,-0.3948764197675516,-0.3598695936765173,-0.1065142792271143
NUEx031,RB,auditory,river,object/tool,0.0111837485960044,0.0884420688797051,0.0865676572957966,0.0234383353070372,-0.0204357613096353,0.5731121678096439,-0.2926475709676681,0.1583128129591084
NUEx031,RB,auditory,grapes,food/fruit,0.2934694408050089,-0.1756288096755428,-0.1631696822028587,-0.151560731724414,-0.2607713923940927,0.0266982945569625,0.5805941677117463,-1.768052366976241
NUEx031,RB,auditory,fashion,object/tool,-0.0041102090487415,0.0190235061058954,0.025798174281653,0.0128937256614559,0.0179433760177316,0.1239079433172142,-0.1550511635780918,0.2510877591640852
NUEx031,RB,auditory,match,object/tool,0.0996594949495904,0.0753917480679249,0.0653911079081361,-0.0598952272760743,-0.0966670830695101,0.8424160675783728,0.2963434772743936,-0.6175519962253606
NUEx031,RB,auditory,bear,animal,-0.0999798923184091,0.2751679561840477,0.2389414592827427,0.1671467886887485,0.0123029100658159,1.1413126464430563,-1.32505427668146,1.0216277803244616
NUEx031,RB,auditory,dog,animal,-0.0301277348474065,-0.0667833052747168,-0.0309597022604651,0.0275490646196883,0.0876043961716051,-0.4140930209074308,-0.0536098408092847,-0.0314847121541269
NUEx031,RB,auditory,toad,animal,0.0044496200527433,-0.1232681233001368,-0.0888785346075091,-0.0430234955802952,0.0741865160523964,-0.7431917643709262,0.4906815103692014,0.1965764850787242
NUEx031,RB,auditory,deer,animal,0.083771884166695,-0.1226478812884308,-0.1011076788884933,-0.1134849928851465,0.0017990987476289,-0.5489620318080823,1.0562203854540015,-0.5997815146159672
NUEx031,RB,auditory,nut,food/fruit,-0.0773398029391704,-0.0309821977104046,-0.0202003497043295,0.0583444444624421,0.0802985065310246,-0.3943071574670641,-0.2605357715947025,0.2916487690412886
NUEx031,RB,auditory,free,abstract,0.0240077238327735,-0.0324279411147988,-0.0011970790680383,-0.0305240284879323,0.0533284124990552,-0.1162814949762522,0.3130821225620576,0.4745978536187321
NUEx031,RB,auditory,wheat,food/fruit,-0.1059840037243788,-0.2975577523799388,-0.16139782441814,0.0259723305761282,0.2638807413857961,-1.491231771874556,0.1598114398683492,1.415740161467616
NUEx031,RB,auditory,park,nature,-0.0365344963014568,0.1222716355934187,0.1189196373555781,0.0587092415872825,0.0445586417469406,0.561540337660551,-0.5554881148978498,0.908263443376296
NUEx031,RB,auditory,can,object/tool,-0.2637992084733386,0.1460482021308466,0.1126769229517823,0.2004466757408326,0.1901103202271003,0.0020190672682343,-0.9578498942571476,1.2575721914861775
NUEx031,RB,auditory,kale,food/fruit,0.0117372348561198,0.3496662498588246,0.3364652946570201,0.0830024982498232,-0.0168326258814705,1.7936656479582835,-0.87970272509018,1.0425068964559605
NUEx031,RB,auditory,change,action,-0.0256686436079884,-0.1106968115270513,-0.074903286940954,-0.0057076170475548,0.089319999189645,-0.791858406769944,0.2187752220198726,0.4754278108338273
NUEx031,RB,auditory,ladies,abstract,0.1121627409599402,-0.458861673571311,-0.3131401785639108,-0.2480986089578842,0.2442593464495543,-1.921926465386892,1.7194378117716558,0.5036203747963612
NUEx031,RB,auditory,lime,food/fruit,-0.1154150789661424,-0.0330196351013024,-0.0026736512314757,0.0655241938131744,0.1344838465732194,-0.3793407608050211,-0.4046333365669216,1.076710237203161
NUEx031,RB,auditory,change,action,0.0578614216861404,0.1956293749294842,0.2071767310891523,-0.0047607102395633,0.0151488233119627,1.1317594862128229,-0.1598678167235261,0.7262839978819795
NUEx031,RB,auditory,seal,animal,-0.0104665324187508,-0.1487986017097806,-0.1268722894905479,-0.0378838957634587,0.0675528864875472,-1.066537062743454,0.5160798921286138,-0.0768194170096484
NUEx031,RB,auditory,seal,animal,0.0606370462812477,-0.1155915476300437,-0.103987959821522,-0.0910374705921583,-0.0041924157445859,-0.5709537882755426,0.7969031894069588,-0.6635947683577339
NUEx031,RB,auditory,slinky,object/tool,-0.0301617592144429,-0.0487603072480098,-0.0335189781670034,0.0158125744079152,0.0540754613312452,-0.4103081406139159,-0.1086531127648823,0.3773939488010467
NUEx031,RB,auditory,mango,food/fruit,-0.1355526829403187,-0.0753901138859178,-0.0201694796502569,0.0711300569167936,0.1543839454376582,-0.4868142301424779,-0.2196637256141575,0.2588334255640599
NUEx031,RB,auditory,beans,food/fruit,-0.0239137817889395,-0.1358320698127678,-0.0864908437119591,-0.0136506090053006,0.1092463884155248,-0.9531405427363898,0.3485287149974047,0.6472240799545873
NUEx031,RB,auditory,forward,action,0.0345336364969642,0.213887801458733,0.1903850369464025,0.0386340143916695,-0.0897462400189317,1.3446180614817915,-0.5638034192676838,0.0051550136529009
NUEx031,RB,auditory,moose,animal,-0.0345387198787527,-0.0688462118960323,-0.0302174372658593,0.013665819984728,0.0957202499292384,-0.4304696332149737,-0.0404921248547433,0.2398689203373468
NUEx031,RB,auditory,spring,object/tool,-0.0081955796787762,-0.2685806405314535,-0.1591718276227704,-0.064425186150039,0.2014187693420691,-1.5807334813395195,0.963316251102844,1.126791285186184
NUEx036,WBH,picture,milk,food/fruit,0.0669416439659318,-0.0487165486214914,0.0334513452825531,-0.0738939240438168,-0.006852143741817,0.3025014096612525,0.8504944926361397,-0.0308794002668128
NUEx036,WBH,picture,toe,body part,-0.0202953175745834,-0.1322020871946856,0.0537102115725018,-0.0500837057182828,0.1094837324118504,1.5201130793209106,0.2127347082451923,0.0289096908677754
NUEx036,WBH,picture,hand,body part,-0.0184494706958412,-0.0610206094990078,0.0430574106195484,-0.0049449799774011,0.0473468674155523,0.7115237650688342,-0.0102658995709408,-0.2684177425016296
NUEx036,WBH,picture,car,vehicle,-0.0258963115200129,-0.0006307468111716,-0.0495652057969112,-0.0037692091247935,0.017249564708106,-0.0244901134168994,-0.2283323512520003,0.7666428016918334
NUEx036,WBH,picture,flower,nature,0.0312528497069906,-0.0418930518954783,0.0050756111154164,-0.0506446854422282,0.0153355726099138,0.3717745716088211,0.4766179983706127,0.2244166499770818
NUEx036,WBH,picture,nut(object/tool),object/tool,-0.0155946736081004,-0.0350360601342842,0.0381737546481218,0.0086523550256521,0.0238862157634139,0.3043640420265507,-0.0703687439061258,-0.1467427691635387
NUEx036,WBH,picture,wrench,object/tool,-0.0169512483341276,0.0190307849926432,-0.0008896896825458,0.0287692370821027,-0.0044524516938431,-0.1219770647511596,-0.283523333571007,-0.1253989447092488
NUEx036,WBH,picture,cow,animal,0.0203691206806002,-0.0277157048675858,-0.0053977698718345,-0.0375937801804699,0.011266363113965,0.1983462679069822,0.3445527641346291,0.3871088547269973
NUEx036,WBH,picture,hurricane,nature,-0.0239784731191435,0.0775163047896764,-0.0127019042651284,0.0658404434224712,-0.0451952375825563,-0.826656219519644,-0.6294851950817411,-0.4101841740413195
NUEx036,WBH,picture,mouth,body part,0.0509687907921656,-0.0639599498906359,0.0481141416575156,-0.0628520245289484,0.0125618033653199,0.6133383136719607,0.8306754155851535,-0.2185837427894909
NUEx036,WBH,picture,lock,object/tool,0.033380357263426,0.1442167877349848,-0.0982903868406034,0.0226173921387917,-0.1062590753483872,-1.211631131000788,-0.0353834991880997,0.4260409724379473
NUEx036,WBH,picture,island,nature,0.0585525604135705,-0.0264036389392143,0.0605556190595153,-0.0246533055180496,-0.0236357133592466,0.1474742499096952,0.590123562606592,-0.6889958865949368
NUEx036,WBH,picture,leg,body part,-0.0270507659924822,-0.0411994373868732,0.0117563501634316,0.0005279307864406,0.0468086854163218,0.687270680067818,-0.2344365455567725,0.0727591806215215
NUEx036,WBH,picture,bus,vehicle,0.0517502118625104,-0.0326330636211363,-0.0035771236707676,-0.0631181438654057,-0.0033135496392176,0.1932303023836138,0.8090189430183194,0.5013140606264223
NUEx036,WBH,picture,tree,nature,0.0311622021931485,0.0114846251589197,-0.0396270952486737,-0.027943101495705,-0.0177987591435579,-0.3029984644641596,0.3121785860709193,0.7036961049056009
NUEx036,WBH,picture,island,nature,-0.0067486439445285,-0.0020811149611573,-0.0031588307621205,0.0046284011706459,0.0062733570800565,0.0667565351477333,-0.1216088986713099,0.0662161407334099
NUEx036,WBH,picture,crane,vehicle,0.0922426570414804,-0.0220618614009961,-0.0549585554742489,-0.0833299074965829,-0.016393795351048,-0.1093355804673674,0.7174862551741042,0.8936171455537819
NUEx036,WBH,picture,mountain,nature,-0.088771853027974,0.0558935708572218,0.0067705853247374,0.1044446966219739,0.0040733178681755,-0.2090838900359131,-1.042818529147041,-0.5937934269372723
NUEx036,WBH,picture,dog,animal,0.0874549503204775,0.0268796264940495,-0.0271483315742734,-0.0596015669835228,-0.0648538934780197,-0.549959853423426,0.8520497017357246,0.3537456051525219
NUEx036,WBH,picture,subway,vehicle,0.0337380501002699,-0.0117920581343145,-0.0029965985029133,-0.0382287413233725,-0.0106574796858426,-0.0205979997345014,0.4024327984958378,0.2617627909306305
NUEx036,WBH,picture,bed,object/tool,-0.0617560151348961,-0.0043210408022588,-0.0291501757312599,0.0370407561952081,0.0433103746228943,0.2328494793442745,-0.8350661805423801,0.4661582214861087
NUEx036,WBH,picture,saw,object/tool,0.0920586332731907,0.0534163551629621,-0.0505678533998314,-0.0506135778913081,-0.0794731105870653,-0.7095211998989283,0.6429136513908668,0.4877171846314626
NUEx036,WBH,picture,nut(food/fruit),food/fruit,0.0667330860871344,-0.041434225468,0.0540377825685663,-0.0539465265034131,-0.0166057071914214,0.2620630016219389,0.7914594758015319,-0.4280895102307317
NUEx036,WBH,picture,leg,body part,-0.0098230330749113,-0.1240508416499187,0.0559276329170876,-0.0514619458291253,0.0959339072725758,1.3846395750819651,0.2774581458936016,-0.0843336594349363
NUEx036,WBH,picture,deer,animal,0.1046249361637641,-0.0526658758628016,-0.0610258987976868,-0.1024341227978444,0.0078325042585056,0.1231089845948933,0.5220625425049754,0.5616328592609611
NUEx036,WBH,picture,knife,object/tool,0.0239235805695914,0.0344755135882342,-0.0432582559474972,-0.0125325057008739,-0.0305484922722561,-0.5547073504189075,0.1749380449180132,0.6333972855384821
NUEx036,WBH,picture,pear,food/fruit,-0.0420389692118719,-0.0462235566975338,0.0054773017194436,0.0066125417481566,0.0610347531601755,0.7117129091199015,-0.3689092349030092,0.1933319386894027
NUEx036,WBH,picture,train,vehicle,-0.0528410264655226,0.0855609101330651,0.0013435806878936,0.0940330322983448,-0.0355532203563209,-0.5682505324373355,-0.6782065065045304,-0.3890243061598848
NUEx036,WBH,picture,mountain,nature,0.0008702328928818,0.0044784959526938,0.007901899187723,0.0066215863191173,-0.0056370093718075,-0.0270378687280556,-0.0283614474918866,-0.2121607738862852
NUEx036,WBH,picture,bat(animal),animal,-0.0014971162883115,-0.0044484406871053,0.003132403904681,0.0009286624448741,0.0038847202155708,0.1012369678776062,-0.0179484691108315,-0.0080713801393969
NUEx036,WBH,picture,nut(food/fruit),food/fruit,-0.0487053979148856,-0.0086479175829934,0.0029617917861876,0.036583693543423,0.0340726367319697,0.3166156691979557,-0.6842358142797378,-0.1002222600051962
NUEx036,WBH,picture,nose,body part,0.1142719584129428,-0.0303479106108177,-0.0728868395807512,-0.0970009945793542,-0.010406255435097,-0.0387408979944708,0.6686343064317062,0.8893623430610568
NUEx036,WBH,picture,hammer,object/tool,-0.0359050290871275,0.0234724834246369,-0.0131882346862617,0.0416305772416327,0.0039588598099005,-0.149539271828946,-0.5735602739025024,-0.0238961638489575
NUEx036,WBH,picture,bear,animal,0.0050299482911677,-0.061932052541757,0.0681488510501523,0.0003745929157854,0.0198033778910799,0.5022413890171867,0.1059289700157223,-0.7027696359690785
NUEx036,WBH,picture,orange,food/fruit,-0.0189128893779093,0.0577845881409423,-0.0297703791318128,0.0445655452536417,-0.0313023328426448,-0.6552349228782621,-0.4784425603417624,0.0360398480079405
NUEx036,WBH,picture,river,nature,0.0818196812903684,0.0240661930111405,-0.0080483557527567,-0.0530930174674356,-0.0656079492713907,-0.5631732829055986,0.9317828068732554,0.1752420717513802
NUEx036,WBH,picture,bat(object/tool),object/tool,-0.0103925445001909,0.0393374839517897,-0.0339616405700319,0.0220104292216921,-0.0200712387919762,-0.5512195259388333,-0.3325835129392845,0.35100060543024
NUEx036,WBH,picture,flower,nature,0.0139625506928283,0.0121206507163773,-0.0087265021583018,-0.0052024022756221,-0.0169443091768233,-0.1976617658086749,0.1113189727953225,0.0739142567335199
NUEx036,WBH,picture,mouse(animal),animal,0.0643613902444394,0.0042365069462072,0.0261184892396297,-0.0374937456550909,-0.0451002638556348,-0.2003374303505795,0.7216066260057756,-0.3005775878700023
NUEx036,WBH,picture,banana,food/fruit,-0.0367518914424452,-0.0446670837627566,-0.0664075722153769,-0.0279909495856763,0.0368588711382465,0.1370964531248531,-0.0701370998749141,0.346841890515328
NUEx036,WBH,picture,boat,vehicle,0.0117502438636052,0.053384926631194,-0.0636705436902462,-0.0039510985614837,-0.0302544677638713,-0.6191356037791436,-0.0160985871099109,0.758899405016844
NUEx036,WBH,picture,bat(animal),animal,-0.0255283068735491,0.0229263442616518,0.0043379147359452,0.0375944184183564,-0.0040961022277789,-0.1361496790739629,-0.4306616696824618,-0.3021659391670829
NUEx036,WBH,picture,saw,object/tool,0.0454538829911664,0.053302665598528,-0.0460598737756605,-0.0171242187179444,-0.0569676951365895,-0.7378422124929739,0.3157794619375912,0.4543716401450636
NUEx036,WBH,picture,bat(animal),animal,-0.0748969958490888,0.001518830502736,-0.0421625040698771,0.0443750270948662,0.0472589388178461,0.1847710045152794,-0.9221079755149922,0.5449333533577116
NUEx036,WBH,picture,bat(object/tool),object/tool,0.0049877230567315,0.0491252018188431,-0.0095095804243319,0.0264641725100241,-0.0408443678912837,-0.5682457749934191,-0.1437789029744693,-0.2050537849190905
NUEx036,WBH,picture,hand,body part,0.0219679448577941,-0.1932247129656948,0.1277685204831431,-0.088379689706452,0.1136637671934418,1.739648307076722,0.7189967789691515,-0.6065677403963989
NUEx036,WBH,picture,shark,animal,-0.0480038164948453,-0.0008714024404949,-0.0127059539709072,0.0358450590003729,0.0308885200552327,0.1970336006991046,-0.739890917436817,0.1429934966646583
NUEx036,WBH,picture,toe,body part,0.132164837699178,-0.2516543409700515,0.1457398590824375,-0.2198189822674879,0.1000032296676257,1.899807052926192,1.898208369921744,-0.2705801952711029
NUEx036,WBH,picture,crane,vehicle,0.0272279129534487,0.0325790538157027,0.0352084935461289,0.0161622291599495,-0.0367458364479722,-0.2243648051611891,0.0846169609126204,-0.5016217025062282
NUEx036,WBH,picture,bird,animal,0.0258194662361299,-0.0056346330091508,-0.0053808853983522,-0.0270083117698722,-0.0098027267873684,-0.037708307145952,0.3383154928640026,0.2263267237274866
NUEx036,WBH,picture,bus,vehicle,0.0886497591184408,0.0272173319850862,-0.0002438681167614,-0.0545339520517789,-0.0735904474269083,-0.5888552674220145,1.003751899731749,0.0732588017361777
NUEx036,WBH,picture,sky,nature,-0.0807671203579008,-0.0917239442799194,-0.0233073544501763,-0.0065203188040794,0.1201298107619355,1.0610394211725644,-0.5189171366858851,0.5839159310541252
NUEx036,WBH,picture,mouth,body part,0.0844603450583032,0.0377700090374752,0.0045314541177725,-0.0420458205762313,-0.0806401739504117,-0.696684415114569,0.916772556331642,-0.0897242976651396
NUEx036,WBH,picture,sky,nature,0.0476258281315189,-0.0164232021245131,0.0252674741138933,-0.040899258513939,-0.0203131095227282,-0.0118398936508707,0.4680735901834544,0.0640925165362449
NUEx036,WBH,picture,milk,food/fruit,-0.0865727740633164,-0.125959278846657,0.0699380627270021,0.0196217261608507,0.1332505244781825,1.363654620184546,-0.455000976407671,-0.25796542153401
NUEx036,WBH,picture,boat,vehicle,0.0532309450108861,0.0730350602775368,-0.0045784744069726,0.0040893813594936,-0.0891202677250842,-0.8732812076249687,0.3500866407765511,-0.3220623101554052
NUEx036,WBH,picture,banana,food/fruit,-0.0324819006473076,-0.0388432903039742,-0.0021606364670885,-0.0008245026272951,0.0520497565338376,0.4077582926196675,-0.1915885587056259,0.2821780885032183
NUEx036,WBH,picture,nail(body part),body part,0.0258206107839723,-0.0286335897087215,0.0071088411011784,-0.03684856042746,0.0069472451038907,0.3013095920256857,0.5007781090348777,0.1985530388833688
NUEx036,WBH,picture,beach,nature,0.0605528606242984,0.1466799496174248,0.0208395868958416,0.0536245284637527,-0.145132204370167,-1.3292389772909747,0.1328536972264139,-1.0089299953592406
NUEx036,WBH,picture,train,vehicle,0.0330398931870741,0.0378497894280102,0.0007508854001708,-0.0006566287698644,-0.0497361282543959,-0.5683741128945636,0.2811066177873352,-0.2224000805102821
NUEx036,WBH,picture,book,object/tool,0.0477170886229018,0.0712885679624454,-0.0554580856511433,-0.0111736613779426,-0.0694005389868873,-0.9102933530036824,0.262208516612183,0.4353688285313563
NUEx036,WBH,picture,ear,body part,0.0378526717778687,-0.0261730375707693,0.0111629365491003,-0.0437695154014179,-0.003009453703791,0.205988404353699,0.5950316838234988,0.0965322249102874
NUEx036,WBH,picture,crane,vehicle,0.1365828963652888,-0.0342426263219431,0.0065819012760861,-0.1286765306200107,-0.0520115708480896,-0.0098628597412827,1.480489720522236,0.3699125610850372
NUEx036,WBH,picture,mouse(object/tool),object/tool,0.0344703971938403,0.0502664406589013,0.0050592437298504,0.0078869316047642,-0.0602738117495116,-0.6558727333112627,0.2236883504365533,-0.3412529715404556
NUEx036,WBH,picture,subway,vehicle,0.0868689821418176,0.003978331110006,0.0259123381358344,-0.0577721253504973,-0.0585485811847444,-0.2942953424326583,0.9587297163597056,-0.1356331087970374
NUEx036,WBH,picture,airplane,vehicle,0.0722564789503041,0.0560121784218946,0.0152636099314021,-0.0167178757358241,-0.0876182525015388,-0.6689008746659129,0.5487859262653068,-0.2744411766179891
NUEx036,WBH,picture,orange,food/fruit,-0.0046411562092088,0.0362536766651657,-0.0350023278413656,0.014262954436214,-0.0208879747154496,-0.4961324051471598,-0.1769272780952362,0.3911050638144795
NUEx036,WBH,picture,mouse(animal),animal,-0.0173812889739564,-0.0312194495244871,0.0158692052388105,0.0007623537929796,0.0323137758798012,0.4552855000404192,-0.1198060446593836,-0.0070449502633078
NUEx036,WBH,picture,pizza,food/fruit,-0.0549856053372505,0.0036481582226776,-0.0329040177751954,0.0347336634737157,0.0333220305602114,0.0986945750692649,-0.7587252047550641,0.4912839102026033
NUEx036,WBH,picture,shark,animal,0.0022201583572743,0.0212890877495658,-0.0249852438797487,0.0035750666854117,-0.0146737557468141,-0.2960127914216155,-0.0603804986555629,0.286185841898215
NUEx036,WBH,picture,lemon,food/fruit,0.0749932278241487,0.0715050669498609,0.0198174302182771,-0.0053626570755797,-0.099674589428206,-0.910723662061537,0.5824765843729884,-0.5502262113757497
NUEx036,WBH,picture,cookie,food/fruit,-0.0564640801853242,-0.0132982819108485,0.017623729819671,0.0436114213699837,0.0366848966198402,0.3795896943506504,-0.6811733511986918,-0.3615176798937334
NUEx036,WBH,picture,lock,object/tool,0.1097208961559075,0.0198629871353455,0.0730729200714736,-0.0311199731414997,-0.0765553604899937,-0.2494277883961808,0.7660596104562198,-0.8240945749632126
NUEx036,WBH,picture,bike,vehicle,-0.0253269620396973,-0.0320070343590149,0.0395718733390859,0.0190813329225499,0.0243799898013842,0.328927534565978,-0.1585341315923791,-0.28561929046915
NUEx036,WBH,picture,lung,body part,0.0811721997833316,-0.0729087471905215,0.0388302842793043,-0.1002798625866065,0.0042603812369967,0.4874845796586096,0.9527528004017796,-0.0338086649245656
NUEx036,WBH,picture,nail(body part),body part,0.047862636353649,-0.205379792235569,0.1328362455265586,-0.1174099879732149,0.1101536060063673,1.8263888414267768,1.019631703574733,-0.5205592529163324
NUEx036,WBH,picture,muscle,body part,0.0330114907468877,-0.1832335078850606,0.0905607484123323,-0.1143320691220962,0.1120415057242403,1.724557246737302,0.8893273063897515,-0.1267016874594659
NUEx036,WBH,picture,tree,nature,0.1053353363103905,-0.0123376031937621,0.0049062963624456,-0.091011433034515,-0.0516832822923036,-0.1745020942972356,1.2734206168362188,0.2540111822941394
NUEx036,WBH,picture,book,object/tool,0.0382896786195524,-0.1009496014513121,0.0381598409649307,-0.084545936947547,0.0525342840128138,0.9066063065138888,0.6946664968248043,0.179630869238225
NUEx036,WBH,picture,train,vehicle,0.1020256667427684,-0.0062964573098457,0.041957658808751,-0.0684933472283668,-0.0610959754329166,-0.1895330869868179,1.087955333112114,-0.2376883432713872
NUEx036,WBH,picture,river,nature,-0.0061394061562689,-0.0206390578116415,0.0176592076734901,0.0007376401744369,0.0167489609379214,0.2389593931002891,-0.0406435761806653,-0.1244580700885494
NUEx036,WBH,picture,bear,animal,0.011989344555146,-0.0125917318856611,-0.0022368076343569,-0.0188962755870565,0.0032772902917791,0.1221265693414212,0.2535115944883657,0.2786062235809736
NUEx036,WBH,picture,milk,food/fruit,0.0376391251768333,0.0266864325796521,-0.0078789069958329,-0.01504150459174,-0.043303717293482,-0.4418169635665526,0.3604846020814484,0.0141103329485974
NUEx036,WBH,picture,leaf,nature,-0.0663767457408175,0.0285551015219664,0.0142509858300032,0.0715738051397133,0.0112902479342555,-0.0132609872245698,-0.882388905551951,-0.5946369429332117
NUEx036,WBH,picture,beach,nature,0.0034407653254256,-0.0446392880198165,0.0257404437362901,-0.0202717544033222,0.0293809718230428,0.5452221528392521,0.1554971587503554,-0.0980684661489208
NUEx036,WBH,picture,bed,object/tool,-0.0863439345812639,0.114560757601464,-0.1123687027488912,0.0854443077012829,-0.0235050179811906,-1.010354520731947,-1.1479578225022198,0.8691063764445873
NUEx036,WBH,picture,leaf,nature,0.0048126767959087,0.0373316794764097,-0.0041720578363711,0.0198563698170343,-0.0318732422962062,-0.4951760140449799,-0.1014910060351636,-0.1972063936675467
NUEx036,WBH,picture,chair,object/tool,0.0001128740201169,0.0692589630010947,-0.0470481343978072,0.0270984137702115,-0.0477811881633521,-0.8613563171283398,-0.2226332876501417,0.3360944456314798
NUEx036,WBH,picture,pear,food/fruit,-0.0098715997880177,0.0215564424340214,0.0060294048417636,0.0250179833024925,-0.0119074804617138,-0.2058295570116339,-0.2833259787373532,-0.3382778064341575
NUEx036,WBH,picture,banana,food/fruit,-0.0794575159571605,0.023594261230335,-0.0719294655640059,0.0416226997334126,0.0320099070863651,-0.1423180023183259,-0.8676426365279325,0.8893197610175249
NUEx036,WBH,picture,truck,vehicle,0.0172580376546794,0.1185842528464018,-0.0340529007435348,0.0526727812461747,-0.1006445412768717,-1.4323051222984649,-0.2216984176107908,-0.2614575563476092
NUEx036,WBH,picture,hill,nature,-0.006134567617228,0.0755714193516403,0.0315994045216882,0.0543929121846175,-0.048562112713003,-0.5030247420344726,-0.2575470125154223,-0.8276189485511635
NUEx036,WBH,picture,fly,animal,0.0360431390210947,0.0256277177126655,-0.009458142444667,-0.0152846680380696,-0.0410718580529986,-0.4453671477872921,0.3827268810443314,0.0750545679400565
NUEx036,WBH,picture,cat,animal,0.1403281277179788,0.0609570298441212,0.0086804748991051,-0.0726921009162797,-0.1319466918331964,-0.8871888711561823,1.242415686794123,-0.1831799563700747
NUEx036,WBH,picture,cherry,food/fruit,0.0423409412576423,-0.0244712125818108,0.0176108919187124,-0.0434044389565624,-0.0083042591234732,0.1941267434570169,0.7310327598387021,0.0021348672585795
NUEx036,WBH,picture,mouse(animal),animal,-0.0225156701969975,0.0280136903116427,-0.0278300907653656,0.0281973052212312,-0.0049360952524259,-0.2629257457411795,-0.4115638007462131,0.1841106388955576
NUEx036,WBH,picture,head,body part,0.0245619187485932,0.0346109259910942,0.0341176404760854,0.0182891813957304,-0.0369007784915704,-0.2829043293745307,0.0603105530817858,-0.5008161900394044
NUEx036,WBH,picture,dog,animal,0.046772335948884,-0.0071218083412029,0.0155334435601847,-0.0369656879136863,-0.0248450795175594,-0.0754498518729321,0.6007266372563882,0.0146342805506813
NUEx036,WBH,picture,fly,animal,0.0293130157072651,-0.0721506754535962,0.0384491167335432,-0.0572678358636632,0.0331756909565877,0.6632008311067805,0.5642941192539139,0.0591886925145707
NUEx036,WBH,picture,hill,nature,0.034296070357464,0.0784591236272575,0.0001407088851507,0.023792630057511,-0.0812600856082589,-0.972292564124652,0.1463203405706611,-0.5000448890125464
NUEx036,WBH,picture,book,object/tool,0.0736772634313566,0.0152131895385553,0.0187141637757789,-0.0419495049760065,-0.0584582737808938,-0.3866515313655717,0.8727841806703303,-0.2599829503808281
NUEx036,WBH,picture,knife,object/tool,-0.0454559835055592,0.0148553873263878,-0.0533133021480423,0.0202539197968932,0.0188683818495216,-0.1314335057347524,-0.4639305154691522,0.6637144154526797
NUEx036,WBH,picture,cherry,food/fruit,-0.0625952230097637,0.0488454140504137,0.0285608238149461,0.0768708469194365,-0.0071854159212132,-0.1832065800016978,-0.7376550926385979,-0.7125625265332923
NUEx036,WBH,picture,island,nature,-0.0751862208168637,0.0768235338699883,0.0334892459747294,0.1010627551440528,-0.0212193159252143,-0.2931056386896741,-0.7307682539975198,-0.7690525439019333
NUEx036,WBH,picture,lock,object/tool,0.0135329838943583,0.0996592113621194,-0.0432372250883911,0.0385093300499957,-0.0820242127820711,-1.059248038555949,-0.1475585647469126,-0.0104909182015187
NUEx036,WBH,picture,nail(object/tool),object/tool,-0.0168493242089843,0.0402504338540718,-0.0378613592076831,0.0304302758416966,-0.01615003714331,-0.275489972813206,-0.2313852423111171,0.0943541701059849
NUEx036,WBH,picture,chair,object/tool,0.1155212778057717,0.0208037994786986,-0.0094777624994319,-0.0831736985461024,-0.0805356212897139,-0.5334719918318712,1.2197990276383353,0.2050360585150905
NUEx036,WBH,picture,muscle,body part,0.0057706120617748,-0.0961509049875816,0.0787629775095277,-0.0256725708111699,0.0496352943644366,0.9067014029042616,0.2745932589310108,-0.5420975654670996
NUEx036,WBH,picture,apple,food/fruit,0.0285514087557564,0.0171394065170237,-0.0270874244904464,-0.0202820910646626,-0.0249398818033376,-0.3474052091830329,0.2852119398749618,0.401144272600149
NUEx036,WBH,picture,nut(object/tool),object/tool,-0.0677259330816342,0.036979383877307,-0.0495465283897575,0.0600891786718511,0.016261813116691,-0.2427175387275972,-0.9011907699372436,0.3886412721633703
NUEx036,WBH,picture,cat,animal,0.0045040956709241,0.0742298678922107,-0.0072195375759314,0.0426424870852819,-0.060184803543473,-0.8834555438598313,-0.2278506392343497,-0.3561615750288247
NUEx036,WBH,picture,shark,animal,-0.0650417929697843,-0.0184184765854675,-0.0370608030284342,0.0252139603370514,0.0552148839347455,0.3222620788521145,-0.6573332070861582,0.5703663474588105
NUEx036,WBH,picture,subway,vehicle,-0.0106429436850106,0.0572039252436932,-0.0043770807546914,0.0446787650029839,-0.0380489077764258,-0.672047231850141,-0.4043650607211804,-0.3663793323973615
NUEx036,WBH,picture,apple,food/fruit,-0.0484594449452953,-0.1403350884855078,-0.0112618984923963,-0.059844309539625,0.1351483205673342,1.3624965582428314,0.023425157973266,0.8761944040977147
NUEx036,WBH,picture,saw,object/tool,0.064826047000462,-0.0248553134385925,0.0110055507941561,-0.065255458782269,-0.0202011644942735,0.0769904176939746,0.8209028434750502,0.1251412957671385
NUEx036,WBH,picture,toe,body part,-0.0862505122538557,-0.1853621950785788,0.113533205296928,0.0001412683472812,0.1686828615906444,2.049424469296265,-0.4063850499595142,-0.7679662928033433
NUEx036,WBH,picture,bike,vehicle,0.017907587850872,0.0280403420898185,-0.0071891109183805,0.0021015449427144,-0.0325375325140582,-0.4779963593219878,0.1509225505707838,0.0099950541434046
NUEx036,WBH,picture,truck,vehicle,-0.0446191029250542,-0.0237546633411608,0.0021927929188458,0.0228532180056791,0.0447732528518151,0.4527505077008731,-0.5191523550145812,0.0821876119847887
NUEx036,WBH,picture,bird,animal,0.027001662189713,0.0073455679473774,-0.0128768321191986,-0.0208887243855691,-0.019530968639183,-0.2123309494477785,0.3658612964770324,0.2726982764452091
NUEx036,WBH,picture,grape,food/fruit,-0.0251323969529588,0.0613294457240654,-0.0095599966103659,0.057147758495916,-0.0324170973597599,-0.6633038949911187,-0.6202159480675835,-0.3801868288080174
NUEx036,WBH,picture,sky,nature,0.0819765467424981,-0.0518418546661246,0.0406437687113845,-0.0852107035390619,-0.0148214611708685,0.2472033632946708,0.7259859395694344,-0.1740158996253186
NUEx036,WBH,picture,apple,food/fruit,-0.0444120857344539,0.010836454763828,-0.0638678077395589,0.0031803127358184,0.0188516206018427,-0.0957480147026748,-0.2085051172520088,0.5448642754864467
NUEx036,WBH,picture,cookie,food/fruit,-0.04970145970331,-0.0030834031541498,0.0141946616065441,0.0432449084203483,0.0263795728142592,0.1951347679584159,-0.5463119609361412,-0.2141799748372863
NUEx036,WBH,picture,lung,body part,-0.1121219668686909,-0.148961502809503,-0.0031745970011037,-0.0096282778231531,0.1846240337702419,1.445570107055366,-0.5407693312491466,0.3230211704288732
NUEx036,WBH,picture,wrench,object/tool,-0.0289622659946506,0.0275481095141876,-0.0004133889315011,0.0416669788441444,-0.0048239747800636,-0.1978860587339882,-0.5497749662682946,-0.2939615286945041
NUEx036,WBH,picture,pizza,food/fruit,-0.1224665476415967,-0.0385286204833838,-0.027874588021837,0.0658091447085647,0.1058004844649676,0.7823277716202899,-1.3371228342744996,0.3974125243992671
NUEx036,WBH,picture,ladder,object/tool,0.0110249489257453,-0.0558618222822085,-0.0030567673455412,-0.0464557893769058,0.038654167063591,0.5241550333348647,0.3181356594557967,0.4752094436080388
NUEx036,WBH,picture,dog,animal,0.0266018494942587,-0.0345839320021315,0.0032454432206235,-0.04322558778626,0.0121530457958883,0.306898184523372,0.4277802420500777,0.2365799408873625
NUEx036,WBH,picture,lung,body part,-0.0219294516119908,-0.0506820406654023,0.0271580226491941,-0.0045852871906389,0.0474911495563304,0.4851709015471846,-0.0626200343421134,0.0380193342523049
NUEx036,WBH,picture,knife,object/tool,-0.0194295306753512,0.0440891859896741,-0.0442357210935669,0.0269363111203216,-0.0173756336239365,-0.527825271284479,-0.3731236653950357,0.4399062322548171
NUEx036,WBH,picture,nail(object/tool),object/tool,0.0173151295281397,-0.010154001767072,0.0233779295028423,-0.0089313868302571,-0.0063571146138057,0.1226774781634624,0.2701791060124812,-0.3286829228758166
NUEx036,WBH,picture,nose,body part,-0.0790038896196536,-0.0321596575260623,-0.0330359615674585,0.0298268308251808,0.0747409866875258,0.5792110282657152,-0.8384872486931925,0.5876343043581558
NUEx036,WBH,picture,orange,food/fruit,-0.0165693463430724,-0.0221063380993747,-0.0121458853335026,-0.0050003151049298,0.0295110690610451,0.2829209601186423,-0.1638355006792963,0.2998266217430053
NUEx036,WBH,picture,cookie,food/fruit,-0.1114360969294745,0.0071739081099037,-0.0689269987172633,0.0624134256445713,0.064950071297903,0.156303618002608,-0.7643627556759252,0.2162279379729144
NUEx036,WBH,picture,deer,animal,0.0704284883766543,0.1176429535383698,-0.0056706353206564,0.0183776898872708,-0.1337908647689489,-1.3990664901587937,0.4068484368964118,-0.6012780687218259
NUEx036,WBH,picture,truck,vehicle,0.0772227711518538,-0.1015157617319745,-0.0023056349368108,-0.1220545101590109,0.0383997445589664,0.6556200063589307,0.8590147583978869,0.531007635857512
NUEx036,WBH,picture,nose,body part,-0.0140963581855994,-0.1144098734375874,0.0730512211574449,-0.030598555303268,0.0816583530804393,1.2007648670235884,0.1642137139915393,-0.3547682665238735
NUEx036,WBH,picture,ear,body part,-0.0004288687005184,-0.0173032465204622,-0.009858574463395,-0.0144841359695894,0.0154884970569917,0.238185107778428,0.0837781946281213,0.4222128941593233
NUEx036,WBH,picture,wrench,object/tool,0.0647784087382841,0.1262694475922939,-0.0280916543706513,0.0208318132716735,-0.1358424479605282,-1.603524153023884,0.3465172232907187,-0.2984259311560436
NUEx036,WBH,picture,nail(object/tool),object/tool,-0.0861447624865569,-0.0545939814370638,-0.0206045038244539,0.0264356329243992,0.096527700269524,0.7775091036133698,-0.7402658095656335,0.4447058364722635
NUEx036,WBH,picture,bird,animal,-0.0009670069348716,0.0157773172795143,-9.426197523775876e-05,0.0123600519967708,-0.0123124847973787,-0.2053230410216716,-0.1058420474239298,-0.0899544860468385
NUEx036,WBH,picture,hill,nature,0.0102539263175957,0.0850756959398023,0.0551310536441553,0.0496612600329445,-0.052190689323343,-0.4341832922047092,-0.1322265235360644,-1.047260391968077
NUEx036,WBH,picture,duck,animal,0.130280018750372,0.0154754695765878,0.0435347361633264,-0.0769057435824438,-0.0938118087319884,-0.3439590054578589,1.0267976485686008,-0.3775864298217714
NUEx036,WBH,picture,deer,animal,-0.000478865220491,-0.0359269892667917,0.0164924187560435,-0.016065685463494,0.0265113024073125,0.4634554167515727,0.1110969887653645,0.014972040567475
NUEx036,WBH,picture,key,object/tool,0.0457381793571674,0.0051645120719289,0.0060584009504936,-0.0311205339244472,-0.0326225312962787,-0.1982346288833646,0.5525117360144536,-0.013224101780136
NUEx036,WBH,picture,strawberry,food/fruit,0.0501904645508121,0.0066755905480142,0.0245960207055248,-0.0235811008412895,-0.037886282141627,-0.1910615734550707,0.5513331517290232,-0.3485249650231873
NUEx036,WBH,picture,car,vehicle,0.0813530957711353,0.0360391936416556,0.0101828819776888,-0.0382657748561083,-0.07828504394845,-0.5991352508878085,0.7982646920353006,-0.2595208249614902
NUEx036,WBH,picture,mouth,body part,0.0403695549007418,-0.0028992626728492,-0.0484932673148048,-0.0383802122472514,-0.0064949018212243,-0.1064509991990027,0.1979013908877951,0.4499048355798383
NUEx036,WBH,picture,flower,nature,-0.0093685420392402,0.03388657293978,-0.0092738047929981,0.0281683036586965,-0.0205961736891393,-0.4357478278260795,-0.3081966598697351,-0.0474696682857523
NUEx036,WBH,picture,duck,animal,0.0585910337465897,0.0457635192948134,-0.062069273860735,-0.0317218798810274,-0.0459708747220497,-0.6143495824255698,0.3454788505301813,0.6709690446366285
NUEx036,WBH,picture,crab,animal,-0.0215276719000052,0.1437512429066419,-0.0060315864846388,0.1066583121760884,-0.0956631528373749,-1.225048122873296,-0.6710385278424464,-0.8238756548532514
NUEx036,WBH,picture,ladder,object/tool,0.0762661106012468,-0.0129991541306277,-0.0004795710077878,-0.069964416655446,-0.0342313363764649,-0.1274806724600217,0.9511779477341225,0.3135101598914531
NUEx036,WBH,picture,bus,vehicle,0.0282079169874517,0.0507094144940486,-0.0464095288707924,-0.0066929954520788,-0.0455819683911924,-0.7745680868987257,0.1793815110341413,0.576205621806009
NUEx036,WBH,picture,lemon,food/fruit,-0.081983924651014,0.0961862467726614,-0.0269464926310438,0.1197265048473086,-0.0254439751512179,-0.7835955410581449,-1.358294085782794,-0.4463931607219317
NUEx036,WBH,picture,hammer,object/tool,0.0226058542403007,0.0295416039294307,-0.0292048038172455,-0.0090674504314459,-0.0318208462163179,-0.4575314274572759,0.1641389978810885,0.344349901204969
NUEx036,WBH,picture,key,object/tool,-0.0103702891441097,0.0001950733194961,-0.0014289592982533,0.0100244588835933,0.0062523037710095,0.0539085648039017,-0.1890931979368431,0.0139132324572394
NUEx036,WBH,picture,taxi,vehicle,0.0338780754658188,0.013619793356648,-0.0138490293177393,-0.0233714744012039,-0.0287606572618345,-0.3035492105837922,0.3774476237510138,0.2198475265974379
NUEx036,WBH,picture,key,object/tool,-0.0623064825329833,0.0082957394817192,-0.0015699370060518,0.0560650393480539,0.0291134351187327,0.1121144561952974,-0.7810179732195065,-0.0894891471621024
NUEx036,WBH,picture,strawberry,food/fruit,-0.0235670494725596,0.0357839330571753,-0.0489237340192351,0.0203545203801705,-0.0072567405685375,-0.4181781881736333,-0.3714837823545321,0.6052073750166924
NUEx036,WBH,picture,leaf,nature,-0.0874835542539032,-0.0099307693410113,-0.0647792539004287,0.0293843706973767,0.0603137170700597,0.2331703839427746,-0.7091986728573281,0.7392496271579146
NUEx036,WBH,picture,bat(object/tool),object/tool,0.0465316295402565,0.0326971595797379,-0.0029651799409913,-0.0166278455074214,-0.0536983487945613,-0.6188701786320344,0.536591609162734,-0.0621113248265896
NUEx036,WBH,picture,pizza,food/fruit,0.1039401062823678,-0.0321821992182681,0.0111241289133101,-0.1006902742792325,-0.036371529355433,0.0266531673127037,1.2491980753709642,0.2288630975251892
NUEx036,WBH,picture,grape,food/fruit,0.0205382978670361,0.0257588785944985,-0.0198369574543652,-0.0066113607881948,-0.030308787384101,-0.3309545932770815,0.1281478882979774,0.11606506221458
NUEx036,WBH,picture,airplane,vehicle,0.113378123511058,0.0124529229785407,-0.0089537312913559,-0.0860474493345277,-0.0726661526104181,-0.400418677886981,1.1184303260840134,0.1763701525458464
NUEx036,WBH,picture,taxi,vehicle,0.0446660896417457,-0.0242888995479306,0.0596200406380248,-0.0074778841976957,-0.0180736655650809,0.0681300980831952,0.2877490405417021,-0.3557604310792907
NUEx036,WBH,picture,nut(object/tool),object/tool,-0.0407366597318847,0.0273496076861008,-0.0706042078413481,0.0034219166435526,0.0083245495793273,-0.2289116569043849,-0.2865094432032292,0.8299217115725096
NUEx036,WBH,picture,hand,body part,-0.1129055252448543,-0.0185245838547726,0.0345548060788753,0.086872948768323,0.0653399516081884,0.2958711006400588,-0.5543149785349472,-0.0325015847252665
NUEx036,WBH,picture,ear,body part,0.0390718345303892,-0.0491635040721126,-0.043001717233347,-0.0615146324375803,0.0207016537144653,0.2089084314549382,0.3947277432547724,0.7845714676841179
NUEx036,WBH,picture,duck,animal,-0.1061892812625507,0.0219569902832899,-0.0843172193949444,0.0543494669345282,0.048948342864778,-0.0285100005015022,-0.9850718628468116,0.8477317175666743
NUEx036,WBH,picture,fly,animal,0.0584748252410408,0.033890767793562,0.0004165711206802,-0.023959239275211,-0.0624111957661689,-0.5871873752606034,0.588303797520855,-0.1311023900321489
NUEx036,WBH,picture,bear,animal,-0.0637206638378815,-0.0410961866287002,-0.016588484840776,0.0182084937715353,0.072479016880441,0.6446669507718706,-0.6028828302307649,0.3950618137250715
NUEx036,WBH,picture,taxi,vehicle,-0.0072098937067494,-0.0393847418141387,0.019211964909676,-0.0128436463505119,0.0327695331574148,0.4399262825883623,0.0545994586116951,0.0776560251296853
NUEx036,WBH,picture,crab,animal,-0.0126900750225412,0.0016473718549698,0.0065645495804593,0.0157508578776247,0.0047457224602993,0.0640404019582611,-0.2354612196194971,-0.1640558047110306
NUEx036,WBH,picture,mouse(object/tool),object/tool,0.0577007891318122,0.0078341280015299,0.0343361339214194,-0.023070658184771,-0.0433270504250601,-0.1510708904802988,0.3151789368978487,-0.2370435701117331
NUEx036,WBH,picture,beach,nature,0.0734656206741176,0.1321111774934741,-0.0017042206788805,0.0274628048289465,-0.1465472545622594,-1.5053673441092026,0.3757385770729529,-0.6636715083193868
NUEx036,WBH,picture,car,vehicle,0.0668275821715536,0.0891143841734827,-0.004929267492906,0.0037067759592514,-0.109220443248546,-1.1683766931645017,0.4905251833530905,-0.4121610041829544
NUEx036,WBH,picture,airplane,vehicle,0.1109307276746807,0.0536472775339104,-0.0508748833386715,-0.0667979546641068,-0.090112271140865,-0.902812983011692,0.9677845668613676,0.6711450573619178
NUEx036,WBH,picture,muscle,body part,-0.067180929388208,-0.0940332451882804,0.0623281804922907,0.0207550735394472,0.0940519140972167,1.1857319422007724,-0.4784122020386114,-0.5188444556295414
NUEx036,WBH,picture,chair,object/tool,-0.0475678877960681,-0.0399712422997026,-0.0148650188499485,0.0070489818207181,0.0619245373473708,0.5894844203107943,-0.4611057783799894,0.4041349089955239
NUEx036,WBH,picture,ladder,object/tool,0.0538547922144037,0.0584728693225663,-0.0218228919175963,-0.0122857458132732,-0.0757745891879147,-0.7535747464652968,0.3678337595186482,-0.040009561293357
NUEx036,WBH,picture,head,body part,0.0472963812237737,-0.15107692600296,0.1280406598382728,-0.0688698262720641,0.0595877123454252,1.2640792869090336,0.7815749220832152,-0.8999161175626446
NUEx036,WBH,picture,bed,object/tool,-0.000336918675683,-0.119116334065102,0.0997480747478869,-0.0211965349603614,0.0617224217321186,0.8732662527950726,0.1861728870814937,-0.5423241058021306
NUEx036,WBH,picture,milk,food/fruit,0.1296928820420227,-0.1700552442392636,0.114453520714028,-0.1730111006818217,0.0410712455375748,1.138816921821035,1.438814838728557,-0.3451860884740627
NUEx036,WBH,picture,hand,body part,-0.0671890918844666,-0.0997730850645737,0.0313503888179891,0.0021125285115132,0.1144947123053004,1.2914549552288024,-0.4544439247809675,0.051459887370073
NUEx036,WBH,picture,car,vehicle,0.0553513155961504,-0.0081011295005181,0.0268803609113889,-0.0381131351208268,-0.0300905720388055,-0.0517556635860742,0.7030970080078678,-0.2538254043267241
NUEx036,WBH,picture,flower,nature,-0.0119407555716742,-0.0636309095464346,0.0327854868501885,-0.0182731254324888,0.0512113964949275,0.8537760914719017,0.0862068533463988,-0.0708865025796793
NUEx036,WBH,picture,cow,animal,0.1082346764375598,-0.0507044675794386,-0.0088591080644944,-0.1175856532173023,-0.0163946609337823,0.1917575090031118,1.2076662391846904,0.6398240278903015
NUEx036,WBH,picture,hurricane,nature,-0.0034670283340706,0.0980903100369325,0.0190903247170825,0.0677891527853153,-0.0676975082842928,-0.6948965491788734,-0.3229757045868357,-0.7438266519755612
NUEx036,WBH,picture,hurricane,nature,-0.0096960887188796,0.0569683696897799,0.0144957682460797,0.0470705677258263,-0.0368300784555332,-0.4509533342439839,-0.2985741719467283,-0.540123747168831
NUEx036,WBH,picture,lock,object/tool,0.0935864922708605,-0.0921494320864888,0.0560951158284213,-0.1163617978482333,0.008061129146046,0.6643069526351549,1.226406814559101,0.0172633585422157
NUEx036,WBH,picture,leg,body part,0.0550042383339672,-0.1054233706697019,0.1138555591179807,-0.0343911840460723,0.0197280897445649,0.7850024759622867,0.5717084494539159,-1.028339191441091
NUEx036,WBH,picture,bus,vehicle,-0.0220645140683161,0.017249697247348,-0.0387284373362287,0.0132301813931537,0.0041892834686091,-0.1992239021646402,-0.3306265595037885,0.5331374326113487
NUEx036,WBH,picture,tree,nature,0.0514277446644807,-0.0442833639043558,-0.0190617491701607,-0.0702177773686965,0.0088721089927202,0.2012055618730881,0.4755457709247003,0.3837828050383277
NUEx036,WBH,picture,island,nature,-0.0481232565354282,0.0970790693789068,-0.0579740678109717,0.0813060676135317,-0.0421559377067007,-0.9403982528649428,-0.8250314146639665,0.1669645480295043
NUEx036,WBH,picture,crane,vehicle,0.0358428064296817,0.0802136379644165,-0.0342258420454734,0.011776388052868,-0.0802260930917266,-1.0780327971547787,0.1635371997251801,0.0479274761725515
NUEx036,WBH,picture,mountain,nature,0.0563277676477123,-0.013583324149526,0.0682756356055712,0.015442624690716,-0.0239231956703342,0.0108286612826992,0.0998360788972974,-0.6624536889989213
NUEx036,WBH,picture,dog,animal,0.0642986266320382,0.0502847581945513,0.0273183252348915,-0.0060644188497318,-0.0764489492626704,-0.670967629366609,0.5655179356355049,-0.6675460770990521
NUEx036,WBH,picture,subway,vehicle,0.05319374495149,-0.027046721357812,0.0276264069667463,-0.0501233058968836,-0.0147827430939149,0.1066015755840897,0.5682313714161789,-0.1071594492938603
NUEx036,WBH,picture,bed,object/tool,0.0026971652856663,-0.1174153602899713,0.0728422480448292,-0.0482574764153715,0.0757958244421468,1.1532900027591302,0.3737066301107385,-0.2735363083364667
NUEx036,WBH,picture,boat,vehicle,0.0275131922905127,0.0215059686634119,0.0215846833118209,0.0021313792936543,-0.0347176416950812,-0.2846823901753814,0.2341865712511074,-0.3820568287746477
NUEx036,WBH,picture,saw,object/tool,-0.0134314304535852,-0.095106798310857,-0.0261490357516872,-0.0586962074721056,0.0785407490649621,0.7952178546237874,0.2022812041399198,0.8073333257699876
NUEx036,WBH,picture,nut(food/fruit),food/fruit,-0.0527977781913676,-0.0332060388078723,-0.0026348914081473,0.0211006796409091,0.0586410067280885,0.5292589768639925,-0.5003743155519125,0.2252862052379201
NUEx036,WBH,picture,deer,animal,0.0324354081370844,0.0020152702868154,-0.0284132896546807,-0.0318941359797353,-0.0142121156905168,-0.1362009117454974,0.2697159195030564,0.3186705035958588
NUEx036,WBH,picture,knife,object/tool,-0.0518897760414483,-0.1439392379898449,0.0476139630349662,-0.0339474404304781,0.1393008576525368,1.7060778208250296,-0.1287277245937791,0.0947801738223374
NUEx036,WBH,picture,pear,food/fruit,-0.0698932231180011,-0.0167341854880428,0.0188345260643789,0.0533106053630426,0.0457110236747828,0.4054016243741866,-0.733733147122772,-0.3126362591938035
NUEx036,WBH,picture,train,vehicle,0.0326399561239976,0.0504571482818712,0.0105688979733149,0.0111785257283297,-0.058322306153099,-0.7060765283028151,0.2343283975849213,-0.5254974724985316
NUEx036,WBH,picture,mountain,nature,0.0025912136230469,-0.0355356312628892,0.0291015889087922,-0.0117912936934951,0.0202952151646695,0.4413879595747342,0.1289177351332518,-0.1921379390387661
NUEx036,WBH,picture,bat(animal),animal,0.0022406342023006,0.0011293002294479,-0.0237169587676137,-0.0095518126637854,0.0010427088897017,-0.0757677216824912,0.0359351463494824,0.5204119851491381
NUEx036,WBH,picture,nut(food/fruit),food/fruit,2.862068583622421e-05,-0.0738444197025328,0.0361496337200479,-0.0339916104827296,0.0523172091373431,0.9073241472488052,0.2669336938653884,-0.0208606619202418
NUEx036,WBH,picture,leg,body part,0.052237628402612,-0.1511183107436221,0.1521232247241717,-0.0342476260723773,0.0371868230726714,0.9340971322439912,0.5550443538622443,-0.9931902576326096
NUEx036,WBH,picture,tree,nature,0.0332525730979498,-0.0918741409042797,0.0248831490810081,-0.0786748401798048,0.0517945900104577,0.7016733634435236,0.4729107668988312,0.1288568987263347
NUEx036,WBH,picture,hammer,object/tool,-0.0237741571292514,-0.0051943501163554,-0.0098908399180155,0.013142386607945,0.0195560426987014,0.1448968909597335,-0.2839962602758081,0.1727836119985977
NUEx036,WBH,picture,bear,animal,0.0363971094820279,0.1132778854753129,0.0122361257258214,0.0474770589377437,-0.1064202566808488,-1.1271087017166594,0.0229561975362201,-0.7955151834324264
NUEx036,WBH,picture,orange,food/fruit,-0.0148858934955852,0.005611088412617,-0.0158336073830009,0.0117710788489398,0.0067900252869686,-0.024908405762019,-0.2116730995659231,0.1924549397663158
NUEx036,WBH,picture,river,nature,0.0928595087596346,0.124607621667521,0.0968732895316026,0.0454891816725695,-0.1075916297137246,-0.5671003419368891,0.2538018231886289,-1.4558808140754105
NUEx036,WBH,picture,flower,nature,-0.0581427033619252,0.1225900157520655,-0.0268118527421073,0.1186876864110384,-0.0573405358441602,-0.8669061989601845,-0.9472434987226038,-0.5177449973863485
NUEx036,WBH,picture,mouse(animal),animal,0.0189077696926613,0.0365517055752393,-0.0043272307485585,0.0080006540817451,-0.0398132749315117,-0.5283081051232703,0.1188916461092892,-0.1726810111872417
NUEx036,WBH,picture,banana,food/fruit,-0.0063979302457873,0.0038326935823944,-0.0169999859130732,0.0025820225984663,0.0031134660796858,-0.0750369048288579,-0.0552713117413703,0.2344250546422938
NUEx036,WBH,picture,boat,vehicle,-0.0260298829689302,-0.1307696054129083,0.0825962800744441,-0.0271047662170267,0.0992407673279304,1.367034527254011,0.0821542998744596,-0.3759881262133999
NUEx036,WBH,picture,bat(animal),animal,0.0468644221833494,0.0005449173838158,-0.0137628208191674,-0.0427289027218308,-0.0252302097515559,-0.1717073080890784,0.5168445523922804,0.3399263744525606
NUEx036,WBH,picture,saw,object/tool,-0.0757306297974098,0.0006487484278335,-0.0335578117130759,0.0494521786762979,0.0482260666716386,0.2175174708461993,-0.9956004331854188,0.4433729116429008
NUEx036,WBH,picture,bat(animal),animal,-0.1155284884880557,-0.0289680064432995,-0.0270674839592838,0.0662077658464788,0.0945627515683847,0.6332009335491527,-1.2046010660003723,0.3989081275892587
NUEx036,WBH,picture,bat(object/tool),object/tool,-0.0802580070694107,-0.0755444944083005,-0.0065790041370876,0.0113316400834889,0.1087469246904705,1.013014374758023,-0.6078737462082784,0.423020324945478
NUEx036,WBH,picture,cherry,food/fruit,-0.0086236005500745,-0.0059740160742853,0.0088385809404715,0.0077652641319595,0.0082471497324533,0.101416970303767,-0.103627437503218,-0.060630553883293
NUEx036,WBH,picture,cat,animal,0.0418429458155178,0.1222627753691447,-0.0185624871817945,0.0393750998653473,-0.1199498369807929,-1.2834604547846122,0.0710178568864328,-0.4542880748669739
NUEx036,WBH,picture,hand,body part,-0.0725703918036455,-0.1650488151150347,0.0790137263142596,-0.0150536220894325,0.1594937500525829,1.914490060157912,-0.3466403425206915,-0.3374218759321973
NUEx036,WBH,picture,shark,animal,0.0835602766313422,0.0510684159582695,-0.0579191528511002,-0.0463047533291031,-0.067913037700717,-0.7571978297178098,0.641372703285171,0.6912977529794697
NUEx036,WBH,picture,bike,vehicle,0.0633963655294358,0.0369698638185621,0.0155128165215987,-0.0200404827559134,-0.0680450007704495,-0.6005637441957654,0.6521287575209288,-0.4091967718661556
NUEx036,WBH,picture,toe,body part,-0.042092829927728,-0.0906088175862314,0.048977397076487,-0.002715814506727,0.0854599406543121,1.1566303189931848,-0.2400766192928188,-0.3113603676615498
NUEx036,WBH,picture,crane,vehicle,-0.0177331439935294,0.0118175280496467,-0.0198194867853395,0.0156798759839251,0.0037540108428596,-0.1067843323700517,-0.323928432576136,0.2610523023291873
NUEx036,WBH,picture,bird,animal,0.0782430880769612,-0.0117238272988791,-0.008646525464187,-0.0722664654985316,-0.0339058540194066,-0.1504240480511024,0.9742602910714556,0.4323300846992906
NUEx036,WBH,picture,bus,vehicle,0.0236230492623032,0.0172689077653069,-0.0253938563642735,-0.0160762680987016,-0.0231057951483298,-0.3433520551742263,0.2410706819232888,0.4172891523795039
NUEx036,WBH,picture,sky,nature,-0.0721455632546324,0.0413378227172595,0.0272838272395593,0.0814407538782978,0.0024660237689026,-0.0851555552539494,-0.8001698757058613,-0.7065707473216566
NUEx036,WBH,picture,mouth,body part,0.0169179355440802,0.0349448195163146,0.0224728853119947,0.0176492464502531,-0.0369459895878606,-0.3886289436939115,0.0688399850170181,-0.6292747947228752
NUEx036,WBH,picture,sky,nature,-0.0643569430459697,0.0572408655052922,-0.0397812886761406,0.0771747709938894,-0.0027784388886442,-0.3769821762346727,-0.8506635604878966,-0.000874542647324
NUEx036,WBH,picture,milk,food/fruit,0.0139517652837403,-0.0051729407563381,0.0064602595077767,-0.0121464419552345,-0.0055013528382169,0.0270662494388112,0.2249719488703699,0.0194568792784512
NUEx036,WBH,picture,boat,vehicle,0.051552394914197,0.0453245987373164,0.0304710231268457,0.0015896221802534,-0.0639466410498556,-0.4800748638572492,0.3293622156246189,-0.3858156239095588
NUEx036,WBH,picture,banana,food/fruit,0.0671649468960415,-0.1379920408615432,0.1090211876618485,-0.0954911278446797,0.0452611987423123,1.0162125888635545,0.9083151091304434,-0.3818905578975463
NUEx036,WBH,picture,nail(body part),body part,-0.0159794379300161,0.0717617029996338,-0.068830284148731,0.0252084995963728,-0.0334227320847551,-0.6290422484423318,-0.3155836820009203,0.4123748582500382
NUEx036,WBH,picture,beach,nature,-0.0138253371156739,0.068096108475106,0.0386987987592461,0.0534669927551778,-0.0389853043802688,-0.3831337923497391,-0.2952194644842288,-0.9489084451538172
NUEx036,WBH,picture,train,vehicle,0.080328792571761,0.0436672487760057,0.0051813568525886,-0.0340852321027382,-0.0830644696428786,-0.7236730399812633,0.8166546714074199,-0.1987616550898999
NUEx036,WBH,picture,book,object/tool,0.0660503515359724,-0.0279134976052588,-0.073466672271981,-0.0554590394487575,0.0065733417757466,-0.0701292865632457,0.3382442845465275,1.153526155582881
NUEx036,WBH,picture,ear,body part,-0.0299728279828395,0.01234794583836,-0.0228186702680731,0.0260855088836083,0.0103208224892257,-0.0796488642252468,-0.3144808345839674,0.2007166841812175
NUEx036,WBH,picture,mouse(object/tool),object/tool,-0.0230728838557039,0.0352208256088986,-0.0158460405194114,0.0380791161144189,-0.0119392891968846,-0.3274369297618182,-0.4686698106586673,-0.0655003621854812
NUEx036,WBH,picture,subway,vehicle,-0.0214437875667802,0.1193341947002719,-0.0291938229780277,0.0875850955512556,-0.0764929735975283,-1.039457021095852,-0.6227976422508325,-0.4479564136437745
NUEx036,WBH,picture,airplane,vehicle,-0.0004291242290823,-0.0054776180876814,-0.0285847947215537,-0.0129449633054208,0.0084826056307613,0.0140855740905372,-0.0024706363462283,0.4638840186011519
NUEx036,WBH,picture,mouse(animal),animal,0.0005673451859274,0.0526653392021336,-0.0628413539125471,0.0021989128206774,-0.0262264172590402,-0.4075745189596896,-0.0279182356467228,0.3873133111549289
NUEx036,WBH,picture,pizza,food/fruit,0.0458827460984742,0.0171972514243013,-0.0406434011725423,-0.0346034024334908,-0.0283734392190066,-0.3907162435508945,0.4205576661891568,0.661552434919802
NUEx036,WBH,picture,shark,animal,0.0146529483008494,-0.0345731337994545,0.0005010423740429,-0.0344776144298922,0.019094488208249,0.3869649392709164,0.3647310815832307,0.390829164485416
NUEx036,WBH,picture,lemon,food/fruit,-0.0251466223326163,0.0143334259199457,0.0422489753933153,0.0338991316347124,-0.0066175021604844,0.03429442135702,-0.1919115742651416,-0.6363220903626657
NUEx036,WBH,picture,cookie,food/fruit,0.0454367624000317,0.0715129214850172,-0.0278775819020741,0.0008838565435263,-0.0799733813229748,-1.0371672312842304,0.3212371660409925,0.0481124369279831
NUEx036,WBH,picture,lock,object/tool,0.0781006593966442,-0.0554150712258904,0.0230111326183506,-0.0924995442086345,-0.0060907395133613,0.2893810460391236,0.8807594331773231,0.1828012542381545
NUEx036,WBH,picture,bike,vehicle,0.0600584021336286,0.0046623127125275,0.0347478536428765,-0.028949100804447,-0.0432258688488307,-0.1970814440959706,0.4971851733035509,-0.2038599527989809
NUEx036,WBH,picture,lung,body part,-0.1095460380947027,-0.1440300671119578,0.0829589402875966,0.0292740555205479,0.15678156659465,1.63110755158548,-0.6738201409786266,-0.5511677475236242
NUEx036,WBH,picture,nail(body part),body part,0.0163868309731945,0.0366520212907449,-0.0142115697930365,0.0058298989330777,-0.038249654054903,-0.5239252742305969,0.085248322683234,0.0605232713062087
NUEx036,WBH,picture,muscle,body part,0.0425572891243307,-0.0897384512927834,0.0966301912576819,-0.0263154928401029,0.0185708511660082,0.684754462034961,0.45281131995877,-0.9201118257144209
NUEx036,WBH,picture,tree,nature,0.0099875270104826,-0.0024821730423805,-0.0280779190747457,-0.0194461995563952,0.000412549469178,-0.0623902236261767,0.0930042798350135,0.365511962364241
NUEx036,WBH,picture,book,object/tool,0.0080371782761634,-0.039843918727707,-0.0043058824098298,-0.0342203478575902,0.0275517625988895,0.4125448661583933,0.264703901902284,0.4320261094173636
NUEx036,WBH,picture,train,vehicle,-0.03559803055552,0.0563675698333121,-0.0781278507850296,0.017098463181585,-0.0100428348465267,-0.5528500921305977,-0.4001550405934263,0.956705384722194
NUEx036,WBH,picture,river,nature,0.0280934992250334,-0.0801027718298894,0.0374940897626724,-0.0616151486140017,0.0418563053336218,0.7084694237709018,0.4692452470246733,-0.0387724952126121
NUEx036,WBH,picture,bear,animal,0.0308660434569867,0.0990914863610246,-0.0783736378738177,0.0048751279970426,-0.0712576234806787,-1.0382815211268663,0.0251834417371441,0.584224556298121
NUEx036,WBH,picture,leaf,nature,-0.0136671426717079,-0.0736125653346029,0.0283011661749905,-0.0269946154092849,0.0625782392398837,0.7761308767769379,0.0938821247075174,0.0509481513176295
NUEx036,WBH,picture,beach,nature,-0.0090259600464774,0.0346071679149162,-0.032015892422878,0.0185222441686056,-0.0179634554074982,-0.4649245096362608,-0.2465292151328545,0.3546883519775407
NUEx036,WBH,picture,bed,object/tool,0.0668879879258811,0.0222484893742855,-0.0627819196770323,-0.0461045193120725,-0.0300650582871027,-0.4486519481283159,0.4696848908261913,0.9787226232339186
NUEx036,WBH,picture,leaf,nature,-0.0242881182324294,-0.0181936730001416,-0.0061892646514567,0.0060332901517037,0.0308718448660691,0.2499180162761983,-0.2038627755176139,0.1980787827494949
NUEx036,WBH,picture,chair,object/tool,-0.0033579788167194,0.0286403869408164,-0.0186185951915766,0.0156811635586262,-0.0188142888708813,-0.3627731624403499,-0.134808690200154,0.1620340937929274
NUEx036,WBH,picture,pear,food/fruit,-0.0212177599626121,0.0270417053513227,0.0532733778458802,0.0344147585553697,-0.015159442339336,-0.0110995951339543,-0.1489255633860035,-0.9203441367764486
NUEx036,WBH,picture,banana,food/fruit,-0.0383824957091981,0.0446375209732841,-0.0814946815153722,-0.0043211596844012,0.0011443137868237,-0.2662071408943308,-0.1891268714506103,0.7710052218849565
NUEx036,WBH,picture,truck,vehicle,0.0890424715213109,0.0543526466011444,-0.0522607762845877,-0.0468154836159165,-0.0785464358433613,-0.6640686386228284,0.5584257812918039,0.3073395963519556
NUEx036,WBH,picture,hill,nature,-0.0320368639626951,0.029425525933231,0.032575795665375,0.0460270511487042,-0.0094436284032161,-0.0815776416536211,-0.4221613358911638,-0.78857668210116
NUEx036,WBH,picture,fly,animal,0.0497849983178977,-0.0674286125513437,-0.0040556315267632,-0.0817814601350838,0.0262451591459931,0.5217490483407605,0.6988225271360697,0.4916102931476396
NUEx036,WBH,picture,river,nature,0.0042185476855068,0.0109848392941612,0.0212736964582223,0.0131416897031846,-0.01448935654857,-0.1096602937255425,0.000783409486778,-0.2514568144561428
NUEx036,WBH,picture,cat,animal,0.0133320648436718,0.0099691209648163,0.0207902961966436,0.0061124429806672,-0.0183256023024707,-0.1187888515965516,0.1187611144730659,-0.4776285358724299
NUEx036,WBH,picture,cherry,food/fruit,0.0521043655365074,0.0791134079323445,-0.0285663298938409,0.0002958790341335,-0.0899159931464141,-1.0404001604453097,0.3341883459900845,-0.0501869129960024
NUEx036,WBH,picture,mouse(animal),animal,-0.0265390193535816,-0.0121577943836619,0.0107641221948222,0.01870700641907,0.0223434105561531,0.2909534006134998,-0.3393752107721882,-0.1698524890759103
NUEx036,WBH,picture,head,body part,0.114299326473557,0.0109943792876168,0.083524819023745,-0.0285168443968896,-0.0720553709904808,-0.2021191459686057,0.8190115412679029,-1.0749872729633032
NUEx036,WBH,picture,dog,animal,-0.0115132703151212,0.0066166155389602,-0.0316109684584542,0.0021714888226964,0.0062542470953414,-0.0727604627022886,-0.1771148260440758,0.3404469969938495
NUEx036,WBH,picture,fly,animal,0.0119912186101706,-0.0328336921265061,0.0236414302814138,-0.0214688336062603,0.0145738251540653,0.3692594465685008,0.2691864058238609,-0.0832971121330692
NUEx036,WBH,picture,hill,nature,-0.0135177734521254,0.084667882094269,-0.0233605734875981,0.0595822739716047,-0.0562229065867493,-0.9177476553471614,-0.5024840922052624,-0.3147742102500737
NUEx036,WBH,picture,book,object/tool,0.0524396908856879,-0.0742676641526385,0.0220959018366481,-0.0834645535878819,0.0267828235958864,0.5365083321723544,0.6011637919108272,0.0870494090534525
NUEx036,WBH,picture,knife,object/tool,-0.0557112690572427,-0.0002476434822501,-0.0690633553475624,0.0021045400077077,0.0297972125643614,-0.0131009550524953,-0.3470280945328587,0.9534137815936028
NUEx036,WBH,picture,cherry,food/fruit,-0.1241061832683654,0.1139668390097926,0.0189251505227415,0.1646693308756302,-0.0211303429154923,-0.5556139526375246,-1.5544315600582117,-1.1833987640229242
NUEx036,WBH,picture,island,nature,0.0474676199340312,0.1085966255656048,0.0271142719876405,0.0400757869535046,-0.106079941825164,-1.00690004652341,0.1356697934662083,-0.9406565491603156
NUEx036,WBH,picture,lock,object/tool,-0.0945096145578596,0.0039644296326032,-0.003869424082857,0.0788646479279225,0.0509270794736308,0.2766883237983284,-1.148069624505538,-0.1465145837539658
NUEx036,WBH,picture,nail(object/tool),object/tool,-0.0528398510638008,-0.0274957794356389,-0.0334259867489675,0.0119037454813713,0.0548958155824615,0.3617825676131611,-0.4437979634057847,0.3936266920994471
NUEx036,WBH,picture,chair,object/tool,-0.0232789057331026,0.0020303934033963,-0.0048336176792521,0.0203924890159477,0.0126508251864172,-0.0001146126734717,-0.172661508848378,0.1188309038052721
NUEx036,WBH,picture,muscle,body part,-0.0571121783178659,-0.0565455338512417,0.0359752798813623,0.0252108470558654,0.0669878322141611,0.8412965704317324,-0.5394278792244667,-0.3060566515621742
NUEx036,WBH,picture,apple,food/fruit,-0.0083701159407078,0.0278878722574561,-0.0348925013953984,0.0116351729717557,-0.011853418833283,-0.3900777256267923,-0.207009359289098,0.474324226518386
NUEx036,WBH,picture,nut(object/tool),object/tool,0.005668092621282,-0.0382454618466702,-0.002636425001726,-0.0314165120256909,0.0279944282663119,0.3697526876715995,0.2280498803142044,0.342362578421072
NUEx036,WBH,picture,hammer,object/tool,0.013732128838661,0.0637474419380834,-0.0503830872154688,0.0112129520153245,-0.0492079097921738,-0.610477124151111,-0.0299362483115153,0.2837809090819776
NUEx036,WBH,picture,cat,animal,-0.0721328787510139,0.0211972468682461,-0.0408506939596433,0.0576894476292721,0.0302289620498167,-0.0551545146327516,-1.0523923450745425,0.4057409973115292
NUEx036,WBH,picture,subway,vehicle,0.0275381052708357,0.0095736113145466,-0.0188028783392729,-0.022035819466192,-0.0206026232237586,-0.2350221746349002,0.2669972738887254,0.2786688219685319
NUEx036,WBH,picture,apple,food/fruit,-0.0420758744444793,-0.0570760962258654,-0.0037412995907672,-0.0055952465633,0.0710558564103178,0.7579343946408915,-0.2873385844122069,0.4013921239881801
NUEx036,WBH,picture,toe,body part,-0.1063775151206312,-0.1082840351379822,0.0841555767625808,0.0490177983777207,0.1156899956603437,1.3917248412950372,-0.8214965477303666,-0.8908355624126156
NUEx036,WBH,picture,bike,vehicle,0.1008131351335106,0.0160249030694138,-0.05204790316913,-0.076199546619729,-0.049396943305045,-0.468738785657917,0.825058016253632,0.8219437278274774
NUEx036,WBH,picture,truck,vehicle,0.0243625296071064,-0.0242517584986315,0.0250694206105466,-0.0234600376603077,0.000585614579728,0.2716352444009354,0.4071756553348529,-0.2398898872369322
NUEx036,WBH,picture,bird,animal,-0.0240358685009378,0.0110629487339545,-0.0458989075855549,0.0056742471440569,0.0102099474646334,-0.1165366392582187,-0.2588014380184857,0.5274965547850605
NUEx036,WBH,picture,grape,food/fruit,0.0589062867716468,-0.003913590124201,0.0483401622124363,-0.0208935015254071,-0.0356195530155741,-0.059780256007268,0.5577379382884013,-0.6013371402324686
NUEx036,WBH,picture,sky,nature,-0.0627539454396421,7.104157039200423e-05,0.0700922701606153,0.0400303422904445,-0.0042049265943252,0.1158317673980081,-0.1538577254645836,-0.7404894974624937
NUEx036,WBH,picture,grape,food/fruit,-0.0503906359953507,0.0522682456294295,-0.0264270028639797,0.0675735995245061,-0.008678208704507,-0.4782719885127287,-0.9147242164874088,-0.0531585594357945
NUEx036,WBH,picture,apple,food/fruit,0.1020957968971258,-0.0175480835147014,0.0533771242906139,-0.0682973949212728,-0.0538950054263327,-0.0538082662232805,1.1487576311002856,-0.5307136598714564
NUEx036,WBH,picture,wrench,object/tool,-0.0846395891121634,-0.0016085614960846,-0.0384208099940014,0.0532469997178706,0.0558558466437708,0.2131973221596889,-0.6859953427905827,0.2010392734975234
NUEx036,WBH,picture,pizza,food/fruit,-0.0281154138757512,0.021668726794866,-0.0532763689456909,0.0101785709594229,0.0052640858708615,-0.2255959280095253,-0.2799072959937763,0.619877423934938
NUEx036,WBH,picture,ladder,object/tool,0.0272404080983929,-0.0661338241239451,-0.0198273659960157,-0.0661963405987432,0.0371072527382618,0.5352468759056692,0.4956141106659995,0.7922955996644334
NUEx036,WBH,picture,dog,animal,-0.0990536843069569,0.0558125931797105,-0.1054819956286698,0.0464459066111379,0.0231011401891855,-0.2972109566860885,-0.8411119796081702,0.8776281824525642
NUEx036,WBH,picture,lung,body part,-0.0645672132530037,-0.0479549830127373,-0.0141411300278879,0.0144778464209197,0.0782169536200999,0.7482981305356311,-0.6125335091615964,0.521009396939066
NUEx036,WBH,picture,knife,object/tool,0.0033746253135424,-0.0795751862798523,0.0023689855075187,-0.0550676707639413,0.0603244880935982,0.7521233185670215,0.3061277664474853,0.4991957951833276
NUEx036,WBH,picture,nail(object/tool),object/tool,-0.0322857703000944,-0.0288157241263167,-0.0021045488848954,0.0075893065836335,0.0426862525541295,0.5408329309033624,-0.3786002182734907,0.2434121943618441
NUEx036,WBH,picture,nose,body part,-0.0466019685173707,0.0328355067368304,-0.0288235882207289,0.0502011235006528,0.0048156953160696,-0.2742764008768699,-0.7919047319017931,0.167621810858556
NUEx036,WBH,picture,orange,food/fruit,-0.0460554500452341,-0.0215271501932445,-0.0100320008223137,0.0207044412071868,0.0460765707891234,0.4520574446723566,-0.5997485392088946,0.3064253484385498
NUEx036,WBH,picture,cookie,food/fruit,0.0315688873020299,0.033115169215342,-0.025993637557453,-0.0124322925942874,-0.0401969235752908,-0.5959921741613082,0.321670389307637,0.3391971392326199
NUEx036,WBH,picture,deer,animal,0.0465234865784743,0.0578582782004311,0.0238886890305055,0.0103993576184328,-0.0701525609163002,-0.6662078944904399,0.3285604805961966,-0.6716876750994384
NUEx036,WBH,picture,truck,vehicle,0.0465557275671678,0.050277547715147,-0.0200803228100252,-0.0120021032216727,-0.0654471222740269,-0.6958984017716651,0.3717545617700109,0.0446029536102079
NUEx036,WBH,picture,nose,body part,0.0050079833248873,-0.1939062360455826,0.1000769730850963,-0.092140505135177,0.1353452958180211,1.8756806658223903,0.5948187652015899,-0.2765178356189515
NUEx036,WBH,picture,ear,body part,-0.0452581779162236,-0.1607669441625784,0.0619178923648563,-0.0455122010428751,0.1461604320027443,1.7115997040264297,0.0378938918193939,0.0133117181623118
NUEx036,WBH,picture,wrench,object/tool,-0.0552866801156146,0.0060837139936111,-0.0034502146973697,0.0483855169703797,0.0275099973736338,0.1312672320261377,-0.7608473997213463,-0.0626208506555916
NUEx036,WBH,picture,nail(object/tool),object/tool,-0.0454421346868357,-0.0429475104814657,-0.0224096934323372,-0.0008420346428922,0.0624192153401916,0.5927398043734349,-0.3762166773419202,0.633596623067245
NUEx036,WBH,picture,bird,animal,-0.0465800609057699,0.1351253884571344,-0.0167364607114471,0.1186308359781958,-0.0749606332069153,-1.1100180795878742,-0.9362232912683208,-0.691970418200565
NUEx036,WBH,picture,hill,nature,-0.107732878835436,-0.0310788527464095,0.0861948090865377,0.0721047112185193,0.0292437875616298,0.4174183242396814,-0.5523595369498552,-1.071338258017493
NUEx036,WBH,picture,duck,animal,-0.0064667043457962,-0.0503979042222667,-0.0205469625761191,-0.0348130714737229,0.0438070157544338,0.4327764552638195,0.115561634799027,0.5922976889067867
NUEx036,WBH,picture,deer,animal,0.0491965206807543,0.0127345988006356,0.0443136161197108,-0.0032906736978189,-0.0386669424963168,-0.1653883497100571,0.3799805528674929,-0.6817487870126394
NUEx036,WBH,picture,key,object/tool,-0.0062188045693398,0.0227249528545254,-0.0018099393159797,0.0201875715610601,-0.0143583262802056,-0.2524814542700479,-0.2053331139895788,-0.1429419608537366
NUEx036,WBH,picture,strawberry,food/fruit,-0.0420434174080827,-0.0526325990466302,0.0103083491783063,0.0054047698195107,0.0654393510149091,0.7794242087551282,-0.3845422220166747,0.1349223880450622
NUEx036,WBH,picture,car,vehicle,0.0383237935363051,0.0130168804858877,0.0152920791416037,-0.014668137778715,-0.0354372457800158,-0.2538036630979456,0.425954198059154,-0.2370606961158241
NUEx036,WBH,picture,mouth,body part,0.0119565708650442,0.0983662599198511,-0.0912883173383629,0.0038388062883089,-0.0504959516515132,-0.8592524194593623,-0.1181571470612954,0.7941154773400559
NUEx036,WBH,picture,crab,animal,0.0962834092265013,-0.0167726514760523,0.0936783743997378,0.0392509858192038,-0.0276048301838332,-0.0328808112354294,-0.0172416578340844,-0.4611223238845953
NUEx036,WBH,picture,ladder,object/tool,0.0293563877145242,0.0903514723787097,-0.0153209109446747,0.0307857167708597,-0.0871917661487747,-1.1768441434716428,0.0329251817246666,-0.3430568077707
NUEx036,WBH,picture,bus,vehicle,-0.0736672357262721,-0.126013645139408,0.0263464084087579,-0.0150050911359082,0.1415695031988615,1.3725751735955074,-0.3041636517851204,0.3271409076171573
NUEx036,WBH,picture,lemon,food/fruit,0.0350073466648074,0.0963743762511222,-0.0247457531586513,0.0270899304366974,-0.0944110679261926,-1.1160683157462823,0.0630775737918375,-0.2617297436238354
NUEx036,WBH,picture,hammer,object/tool,0.0112074044160113,-0.0117475189695239,0.0053432258516968,-0.0151521195998813,0.0019228306512754,0.0899783426076386,0.1938110987291775,0.1277051042229224
NUEx036,WBH,picture,key,object/tool,-0.0019174341317529,-0.0196112598635096,0.0146014576117834,-0.0035863664458667,0.0140584013135489,0.3151295306827741,0.0198117624442333,-0.1465058935329733
NUEx036,WBH,picture,taxi,vehicle,-0.0046155981149265,-0.1276950828525359,0.0992802478188416,-0.0273959577027115,0.0744354204071028,1.1679830062049423,0.2202219655921538,-0.7052288452178944
NUEx036,WBH,picture,key,object/tool,-0.0737547316802721,-0.0631451123650553,-0.0017672149198129,0.018764191298131,0.0946127786188974,0.9302021530801302,-0.6795727679276791,0.2829688419329557
NUEx036,WBH,picture,strawberry,food/fruit,-0.0029420007500156,-0.0665317593023294,-0.0244452732128628,-0.0470486886179922,0.0530417718642262,0.5573657730469911,0.1814937358089023,0.6853163427810028
NUEx036,WBH,picture,leaf,nature,0.0137788675840155,0.021016184502148,0.0069163591423368,0.0060911456986349,-0.0255486099081571,-0.2937225231424895,0.1009401900445043,-0.2691613063620263
NUEx036,WBH,picture,lemon,food/fruit,-0.138659669297582,0.0956019625603065,-0.0542399682742789,0.1579738512178451,0.0116037448282942,-0.5501722062617278,-1.9211647672804255,-0.1818754322175487
NUEx036,WBH,picture,bat(object/tool),object/tool,-0.0269386589567878,0.0872056498325971,0.0526922274912754,0.065774681921859,-0.0427408099127997,-0.3495209035018126,-0.2567307306581153,-0.6438174536832713
NUEx036,WBH,picture,pizza,food/fruit,0.01695940462368,0.0756613197811566,-0.0626398477559506,0.0086860452892833,-0.0540684986726375,-0.959846335335481,-0.0502866263380941,0.602599145852784
NUEx036,WBH,picture,grape,food/fruit,0.0308559096428385,0.0656498326027274,-0.0098731112232421,0.0150382187238396,-0.0694521130460223,-0.9492150625561824,0.1627724412575714,-0.2671888042479733
NUEx036,WBH,picture,airplane,vehicle,-0.0463022455692946,0.0338457410747814,-0.0741859469154267,0.0111451397007111,0.0081235894394384,-0.2762691398721111,-0.4114514435287619,0.8980836247437372
NUEx036,WBH,picture,taxi,vehicle,0.0503202845216807,0.1222767768342527,-0.1140950224664112,-0.0151631422211738,-0.0661193342559978,-1.012071607675319,0.0752273120485404,1.062351162583009
NUEx036,WBH,picture,nut(object/tool),object/tool,-0.0462613704674053,0.0241106430074682,-0.0413268953640363,0.0374943948083338,0.0134468741346982,-0.1503298207943449,-0.6143927996367058,0.3608664037550139
NUEx036,WBH,picture,crab,animal,-0.0785044228320735,0.0849546515019144,0.0316585903535807,0.1082550448545219,-0.0255243084345689,-0.4156253268959354,-0.9063116883263472,-0.9805721156450922
NUEx036,WBH,picture,hand,body part,0.0820406828146205,0.0215668942826628,-0.0352600849162055,-0.0594979357030392,-0.0534153005270128,-0.540461721834183,0.8641151182546094,0.626104428194204
NUEx036,WBH,picture,ear,body part,0.0277757134034135,0.0378847923292375,-0.0457732410232664,-0.0136442094893796,-0.0339823684491624,-0.5299016406610662,0.1580820884964821,0.516966356920342
NUEx036,WBH,picture,duck,animal,-0.0134556181660214,0.0479964747743817,-0.0330679769100127,0.0315125168178471,-0.0266688146586335,-0.5676285078383347,-0.3489605999632093,0.1918488168680331
NUEx036,WBH,picture,fly,animal,-0.0452199522789334,-0.0190785396638543,-0.0176084571033524,0.0198529898733104,0.0448177689877363,0.3416377088023555,-0.5011470891400752,0.2456424409810681
NUEx036,WBH,picture,bear,animal,0.0384340889484059,0.0485016087867127,-0.042437233747662,-0.0138161506581864,-0.050848137142137,-0.7620731359933169,0.2944555689128325,0.4904728010731378
NUEx036,WBH,picture,taxi,vehicle,-0.0035670641462799,-0.019285046397093,0.027866487867181,0.0038311583271994,0.0100359587047878,0.2277371876982108,0.0150599872261492,-0.2342962403553422
NUEx036,WBH,picture,mouse(object/tool),object/tool,-0.0817981525721248,0.0968400384105577,0.0001506603256919,0.1220943262114613,-0.0296632043087775,-0.6617076317347661,-1.1094378137814642,-0.6431589612943508
NUEx036,WBH,picture,beach,nature,0.0182803344660232,0.0144450561078461,-0.0026928707785382,-0.0052636168097094,-0.0220341633577869,-0.2869078793646418,0.22707526461999,0.0097515258327002
NUEx036,WBH,picture,car,vehicle,0.0616771816953452,-0.0509942726932344,0.0303447916869467,-0.0725998828882205,-0.0007710598452464,0.3515089572247987,0.8462259312318022,0.0455935413397776
NUEx036,WBH,picture,airplane,vehicle,0.0760189078003662,0.0412252755795852,0.0121914396100957,-0.0295449562552347,-0.0791678638012094,-0.6191325567901365,0.6971387764202245,-0.3243508356450602
NUEx036,WBH,picture,muscle,body part,0.0676077570647789,-0.1494666179701596,0.1523561461717632,-0.0491854691630111,0.033272153230198,0.9791574708659329,0.698621586685789,-1.1346196084244526
NUEx036,WBH,picture,mouse(object/tool),object/tool,-0.000736627997204,0.0917839096122112,-0.0717859817191555,0.0277469385867518,-0.0559954605764001,-1.0922134518353284,-0.3013949306515797,0.6256031198068649
NUEx036,WBH,picture,chair,object/tool,-0.0047376983703755,0.0167723831181602,-0.0171138515434098,0.0093287355757751,-0.0081075580202091,-0.2367145350907504,-0.1712791977476262,0.2223943701888622
NUEx036,WBH,picture,ladder,object/tool,-0.0912463261827628,0.004790921785063,-0.018772895248373,0.0727521299832934,0.0517073934534973,0.245949751605158,-1.0976790038117603,0.0258711555896164
NUEx036,WBH,picture,head,body part,0.0888849115490966,-0.1367107851297398,0.0756929549634327,-0.1335904481512572,0.0467985522685556,1.0258047308085203,1.0762280790107908,-0.1818147302699521
NUEx036,WBH,picture,bed,object/tool,0.1425578382243514,0.0130674929888784,0.0853774449833741,-0.058028393862995,-0.0956328311096713,-0.3368646045728183,1.129193753293798,-0.8628944691304288
NUEx036,WBH,picture,pear,food/fruit,0.0096078510381943,0.0083702689694751,-0.0075513805448575,-0.0039609885196942,-0.0111318775725877,-0.1552070568858096,0.1087082767294971,0.1225084449815423
NUEx036,WBH,picture,strawberry,food/fruit,0.0210775744301416,-0.0579271256369385,-0.0217060854054032,-0.0571917159255661,0.0346355936182817,0.4466984564047535,0.3983348251444731,0.6948228718294402
NUEx036,WBH,picture,nail(body part),body part,-0.1314038818928051,0.0416308634925387,0.0180448299928084,0.1313377776021168,0.0345979351538733,0.0570462833749729,-1.3307143603713725,-0.6978804949821941
NUEx036,WBH,picture,mountain,nature,-0.0602506341541051,0.0548896193083776,0.0117134709654888,0.0813568243080583,-0.0106979243732228,-0.289368687355116,-0.7828394275657954,-0.5621586023235801
NUEx036,WBH,picture,cow,animal,-0.0135666540505887,0.0191055501976058,0.0064348731333564,0.0269472663472884,-0.0080388716628796,-0.1444798815526654,-0.2550101645908223,-0.2360390975475349
NUEx036,WBH,picture,nut(food/fruit),food/fruit,-0.0417702251095841,-0.055306705109383,0.0596418972246467,0.0296373778073956,0.0370015922303629,0.401248569098002,-0.2141818262982208,-0.3474401947965508
NUEx036,WBH,picture,milk,food/fruit,0.0763450021313659,0.0053677581428908,0.0256552575929088,-0.0485323626762616,-0.0547402661814987,-0.1312962768820208,0.3634710017734382,-0.1581080190125632
NUEx036,WBH,picture,car,vehicle,-0.0478038332889606,0.0542775467078776,-0.0757829432962422,0.0312806756144186,-0.0032715150873471,-0.4663256993240084,-0.5441844009547993,0.7163433210041247
NUEx036,WBH,picture,flower,nature,-0.0468329461383227,-0.0038607727176645,-0.0248404547494137,0.0272388672294446,0.0338303693583278,0.1739160675163904,-0.6452101417733077,0.4439216450055456
NUEx036,WBH,picture,nut(object/tool),object/tool,0.0634286530162306,-0.0220389457163497,-0.0016652792043298,-0.0659841711702836,-0.0188469865184579,0.017542909413103,0.8076423297373151,0.3830150840188377
NUEx036,WBH,picture,wrench,object/tool,0.0071529346168789,0.0009852763874728,-0.0134586341323971,-0.0094384942734557,-0.0029975887814363,-0.0617861177765144,0.1120210687799867,0.3498294010183958
NUEx036,WBH,picture,cow,animal,0.0795581024956673,0.0971840028566677,-0.0810721783776853,-0.0257771090703879,-0.0922839662547045,-1.2076022859874789,0.4444807043022339,0.793369837410926
NUEx036,WBH,picture,hurricane,nature,0.0836382458741565,0.0351357551034106,0.041409776131793,-0.0239674820532375,-0.0766674667033261,-0.4941926400625474,0.6505826026790966,-0.4145667438779501
NUEx036,WBH,picture,mouth,body part,0.0713134334985765,-0.0994171276523234,0.1011783432225111,-0.0660237159659218,0.0139282797402503,0.7947718100720537,0.9091817842528046,-0.8280948291403958
NUEx036,WBH,picture,hurricane,nature,-0.0543448890337985,0.0787490880372602,-0.0351295227343477,0.0846554739207806,-0.0263981236635785,-0.7483183954997272,-0.9730924985975884,-0.1103824812773263
NUEx036,WBH,picture,lock,object/tool,0.1125858207994448,0.0805053007978222,0.0156011836173897,-0.032840002309513,-0.1314572100911194,-0.9744971563699796,0.880421178473524,-0.4290517317212854
NUEx036,WBH,picture,island,nature,-0.0364158696815347,0.1361381044406424,-0.0490406577725055,0.1031624192754576,-0.0800625212616583,-1.316276370654887,-0.8981145862076055,-0.3190259338713565
NUEx036,WBH,picture,leg,body part,0.1709893602372964,-0.1009742096633067,0.0636614109827305,-0.1835261634060844,-0.0292851465807947,0.5349333717540568,1.8426684838848224,0.0936785960938704
NUEx036,WBH,picture,bus,vehicle,0.0179723184815427,-0.0646180141874172,-0.0379906975730211,-0.0587728923043533,0.0384915174874212,0.4200687509064637,0.290690947244245,0.8353374444559237
NUEx036,WBH,picture,tree,nature,-0.0200498234776363,-0.0572533869495132,-0.0141169225794735,-0.026993191117416,0.057406657784631,0.6427826585739316,-0.0274499518247757,0.5668299697754396
NUEx036,WBH,picture,island,nature,-0.0244527294601729,0.0615231526946447,0.0380727849181808,0.0548104888759448,-0.0319799169839009,-0.3367393953084037,-0.2881104082430737,-0.681512515738589
NUEx036,WBH,picture,crane,vehicle,-0.0342800345472745,0.0544106376291196,-0.0351336333342385,0.052986262453585,-0.0188616784210699,-0.4944305774842976,-0.5396270065561212,0.0780384057333209
NUEx036,WBH,picture,mountain,nature,-0.0870867483062044,0.0287380147741587,-0.0253932091656478,0.0834969886928189,0.0301410735178517,-0.0612271408360678,-1.036709513910425,0.042879343988023
NUEx036,WBH,picture,dog,animal,-0.0167246405861045,0.0198711502824786,-0.0162483470301175,0.0232740167871095,-0.0034798170759715,-0.1927901008768882,-0.2791559362533246,0.1220147003262915
NUEx036,WBH,picture,subway,vehicle,0.0232178748077101,0.0276123369806747,0.0152104618547452,0.0064615824558721,-0.0363430774181527,-0.3857626171300535,0.1975924503601715,-0.4053467855183061
NUEx036,WBH,picture,boat,vehicle,0.0319314625554616,0.0186564339230212,-0.0356078545375712,-0.0241055183252417,-0.0249967899799075,-0.4118609913926579,0.3391180495181153,0.6609647980051632
NUEx036,WBH,picture,saw,object/tool,-0.0269379965323209,0.0229577606740846,-0.025431299447134,0.0290524283090373,0.001214136406626,-0.2160908631866107,-0.4756518224253335,0.2280971964384642
NUEx036,WBH,picture,nut(food/fruit),food/fruit,-0.0641945543044157,-0.011407279954911,0.0672016284360885,0.0468701466227137,0.0033824176759768,0.1786352525349501,-0.3197893369388171,-0.9061450675445551
NUEx036,WBH,picture,leg,body part,-0.0191465226989791,0.0385091707907759,-0.0249971353202052,0.0338140900927439,-0.0170833214829968,-0.3956760808171279,-0.327891414748061,0.1346328950041749
NUEx036,WBH,picture,deer,animal,0.0040470336954716,-0.0663012259558669,-0.0292798789001341,-0.0518238413454086,0.0476661721528107,0.5391142406397355,0.217861129429161,0.8014650483813381
NUEx036,WBH,picture,knife,object/tool,0.0277649952525793,0.0756407945458196,-0.065683153953589,-0.0010824860367892,-0.0571013510084983,-0.8364123212421645,0.0501232834273328,0.5270896943243676
NUEx036,WBH,picture,pear,food/fruit,-0.0399591495487231,-0.0371760293301232,-0.0329924072402185,-0.0053852418448613,0.0540400281515281,0.2895383228114576,-0.1736442322801823,0.1899203448795577
NUEx036,WBH,picture,train,vehicle,0.131298948886409,-0.0221451533852186,0.0097111086706963,-0.1166191527079345,-0.0597160842385688,-0.1271907955783002,1.4486835955962385,0.2237856333831075
NUEx036,WBH,picture,mountain,nature,-0.0009997488791538,0.0188350429736149,-0.0266046732340719,0.0037296673196448,-0.010369060506229,-0.2761810510982731,-0.0758929175213835,0.3805218033048765
NUEx036,WBH,picture,bat(animal),animal,-0.0527764012033698,0.0295940160429205,-0.0460821513786298,0.0441864694205443,0.0123970561271209,-0.2510632790190973,-0.7045993672107302,0.4704418896342316
NUEx036,WBH,picture,nut(food/fruit),food/fruit,0.0138839171461092,-0.0306908267917036,0.0185636056897595,-0.023858003711816,0.0135787738079223,0.3515113013322593,0.3000176895239835,0.0153522334792642
NUEx036,WBH,picture,leg,body part,-0.0471550846612401,-0.0405571827593682,0.0422166810737551,0.0301692716353952,0.0416402604029295,0.5487551121997876,-0.4138518731012422,-0.4712680054761029
NUEx036,WBH,picture,tree,nature,0.0192200370591707,0.0356553673319271,-0.0319325907536663,-0.0034202642646476,-0.033935621407225,-0.5705317743934916,0.1074673083842327,0.373713228159564
NUEx036,WBH,picture,hammer,object/tool,0.0786812063134339,-0.0453973177275224,0.0130628301867621,-0.0886023795711506,-0.0117587903396784,0.2356138875528477,0.8831830689014117,0.1461556656654038
NUEx036,WBH,picture,bear,animal,0.1007579160035725,-0.0119957800451339,-0.0261994297473753,-0.0910503814463512,-0.0395131853168922,-0.1708354038007443,0.9684631710746846,0.5436402924499664
NUEx036,WBH,picture,orange,food/fruit,-0.0514395870874657,-0.0387567144775165,-0.0032107464428938,0.0166946973146732,0.06252197712057,0.5410538806839067,-0.4766465450058914,0.240174968723933
NUEx036,WBH,picture,river,nature,-0.0149327833876577,0.02843854681688,-0.0032701546130347,0.030615823294391,-0.0134070717184,-0.2807591981688374,-0.3282716204886552,-0.1842040173234088
NUEx036,WBH,picture,bat(object/tool),object/tool,-0.0180897502676767,-0.0421043549000811,-0.0712903789883542,-0.0345338087024396,0.0259174984413855,0.0526346310954125,0.0528937707639038,1.0626835194377595
NUEx036,WBH,picture,flower,nature,-0.0016058314513793,0.0872107573544083,-0.0562935374571787,0.0369613202837298,-0.0585217114480103,-0.860923646043329,-0.285141080937832,0.1661091834566682
NUEx036,WBH,picture,mouse(animal),animal,-0.0110411401751349,-0.0310281631693194,-0.0212643672139198,-0.0192153715266133,0.0325194481106599,0.31669644675649,-0.0354441011517764,0.5089736943202405
NUEx036,WBH,picture,boat,vehicle,-0.1880233661316896,-0.1900721949713218,-0.024947939335423,0.0124772636776455,0.2645767139047937,2.01625040823876,-1.1123563051005871,0.8905442388415533
NUEx036,WBH,picture,bat(animal),animal,-0.0518111538021775,0.0147844908221411,0.0080349845231783,0.0531486332605672,0.0153593682645272,0.0327242359784635,-0.7194992969530116,-0.2955171116029216
NUEx036,WBH,picture,saw,object/tool,-0.0087462956791749,-0.0189263209858123,-0.02477926035554,-0.016004667598612,0.0224422016919369,0.1184835458210456,0.0155796217671033,0.3897066486327823
NUEx036,WBH,picture,bat(animal),animal,-0.1031682539893409,-0.024214476488268,-0.00420671591957,0.0686469206029617,0.0798372585933938,0.5114680530864162,-1.0047835293594665,0.1109186335323317
NUEx036,WBH,picture,bat(object/tool),object/tool,0.0231685541205652,0.0144181080925248,-0.0308570197591617,-0.0191796671607175,-0.0189276442458702,-0.3075068314305347,0.2444961129297729,0.5350444663863128
NUEx036,WBH,picture,cherry,food/fruit,-0.0037560839869778,-0.0140677329411605,-0.0116163807007987,-0.0099308263895408,0.0155921395468042,0.178999649622212,-0.0030462483040447,0.2774096381324481
NUEx036,WBH,picture,cat,animal,0.0129599683418572,-0.0669373413503246,0.0195755221734115,-0.0484414339477982,0.0429589323529701,0.6357433080616297,0.3453320417364228,0.1744762584272974
NUEx036,WBH,picture,hand,body part,0.0145745138512,-0.0051747887375093,0.0136555487811333,-0.0080958765458444,-0.006810474531234,0.012948745932194,0.1427624572505313,-0.0866831203788366
NUEx036,WBH,picture,bird,animal,0.0638452225216167,0.0641761408090253,-0.0664437940813981,-0.0263917388215784,-0.0622792852901063,-0.6014181094858472,0.2430732257218723,0.3405297368111988
NUEx036,WBH,picture,bus,vehicle,0.0127731794354954,-0.0201476093999041,0.0052063721208029,-0.0227455213552131,0.0081904904326998,0.1536275846283665,0.2143506865780706,0.1914833971473634
NUEx036,WBH,picture,sky,nature,0.0150907797244384,-0.0328112056232644,0.0283886129780525,-0.0195851213592829,0.0125894614787511,0.3151256742518276,0.2038663821107375,-0.1337659737410473
NUEx036,WBH,picture,mouth,body part,0.0429203829235995,-0.004037503058906,-0.0011952999793868,-0.0380592854727285,-0.0219947158658747,-0.1232399079619961,0.6165814337205175,0.2204522400897328
NUEx036,WBH,picture,milk,food/fruit,-0.0881423801689852,0.0594939215141816,-0.0583835159221326,0.0883917411861996,0.0112025073132935,-0.4397025446820155,-1.1896066887000958,0.3602745665412752
NUEx036,WBH,picture,boat,vehicle,0.0530116580923244,0.0739886446365171,-0.0247046262798313,-0.0026549334416179,-0.0873190640544203,-0.9197268959504672,0.3429281226049359,-0.0154059251040872
NUEx036,WBH,picture,banana,food/fruit,0.0328883070282506,0.0498530366634276,-0.0296521691881669,-0.0040361181162524,-0.054248533912728,-0.8119870477031526,0.2604251643778993,0.2502079032286967
NUEx036,WBH,picture,nail(body part),body part,0.100209669413676,-0.0226699898909516,-0.0094808937071592,-0.0953940004613648,-0.0365859171718775,-0.0590864000301688,1.174178126501119,0.4860541008941742
NUEx036,WBH,picture,beach,nature,0.0205497134365773,0.0771268430249835,0.0180516343516772,0.0382908487018727,-0.0681519984086595,-0.7563488166619544,-0.0375976305177263,-0.7492789297588266
NUEx036,WBH,picture,train,vehicle,0.0609856872615422,-0.0305951616981283,-0.0080078687973667,-0.0694683906982642,-0.0088224276651906,0.1341423518898114,0.7545290501003676,0.3774415899535307
NUEx036,WBH,picture,ear,body part,0.0296507057907594,-0.0103601153294634,-0.013723157452548,-0.0352581053534484,-0.0068015774611102,-0.0233720986119576,0.4496895599181863,0.4771289872954806
NUEx036,WBH,picture,crane,vehicle,-0.0596828180540631,-0.0206266839862625,-0.0226985764373484,0.0278523763964413,0.0542084823806671,0.3889140809454844,-0.6373435408708064,0.3605748898743536
NUEx036,WBH,picture,mouse(object/tool),object/tool,0.0417194090539656,0.0176517082234578,-0.0135514627672122,-0.0269695260958772,-0.0365764685586773,-0.377451632889562,0.4787649226577555,0.2271188549200754
NUEx036,WBH,picture,subway,vehicle,-0.0262142453081679,0.0440139065847437,0.0021482526891719,0.0492032642448126,-0.0191490106105652,-0.2738054308797146,-0.2968685765115404,-0.1982995820000167
NUEx036,WBH,picture,airplane,vehicle,0.080003013246257,0.042389566428252,0.0154666130813991,-0.0304556659495018,-0.0825113112917056,-0.6328298556537884,0.737530241798343,-0.3591141971211299
NUEx036,WBH,picture,cow,animal,-0.001403031554871,0.0251897845930893,-0.035144738748732,0.0042874928829853,-0.0141380085864058,-0.3170208134011755,-0.0739394865576906,0.3765477104049129
NUEx036,WBH,picture,mouse(animal),animal,0.0350402512438553,-0.0307321433649585,-0.022370030297889,-0.0519451623015568,0.0078904633225971,0.1242297259165843,0.3513480561421598,0.3483461361742966
NUEx036,WBH,picture,pizza,food/fruit,-0.0362985345913874,-0.0281244043584105,0.0425711298431589,0.0271515855388441,0.0242344762098119,0.3187179759272492,-0.2670999201239831,-0.3627662194375117
NUEx036,WBH,picture,shark,animal,0.103663457661101,-0.0553501607820834,0.0594594511759653,-0.0951143631244043,-0.028323908022013,0.2944593255145723,1.2268043393040546,-0.2392058431570947
NUEx036,WBH,picture,lemon,food/fruit,-0.0551191424490899,0.0609044835850394,0.0193573150977085,0.0800193405023631,-0.0191219330765403,-0.3516256739261698,-0.6820336450575483,-0.622532228520532
NUEx036,WBH,picture,cookie,food/fruit,0.0223380766562181,-0.043355260934422,-0.0327561612051545,-0.0492760945675832,0.0231471586555204,0.2677466154897435,0.315650600287072,0.7110033488309013
NUEx036,WBH,picture,lock,object/tool,0.0190817546715309,-0.002187937424971,0.0235663408923313,-0.0053538603940158,-0.0138584254588347,-0.012554786937755,0.2455558861684038,-0.2985516488886829
NUEx036,WBH,picture,bike,vehicle,0.0569579075374364,0.0886037648354563,0.0012817019480351,0.0119730472810758,-0.1030647096276775,-0.8891746271649263,0.2967557899276579,-0.2886316563143403
NUEx036,WBH,picture,lung,body part,-0.1184751835479101,-0.0862198813959388,0.0743695806445399,0.0670929362141962,0.1060995028642972,1.1539900859150332,-0.9438165895640884,-0.8109766393687935
NUEx036,WBH,picture,nail(body part),body part,0.082984595020761,0.0260977146495272,-0.0371455359000598,-0.0579729901929301,-0.0570384675581009,-0.5029446471931767,0.7208102487535547,0.5184686214511189
NUEx036,WBH,picture,muscle,body part,0.0313658527699067,-0.0627302274228634,0.0665144872382235,-0.0273514676968582,0.0137301200417331,0.5212388607787446,0.4360976618980609,-0.5114185200657837
NUEx036,WBH,picture,tree,nature,0.0397571206616855,0.0444249996852413,-0.0359466908899958,-0.0161300853791314,-0.0524815543456928,-0.5201993116656645,0.2387574685701793,0.2703529436865754
NUEx036,WBH,picture,book,object/tool,0.0517753927646144,0.0216257288214137,-0.0037012071405685,-0.0289306159043561,-0.0480421792508493,-0.4280033771861714,0.5874516210555292,0.0460675365910563
NUEx036,WBH,picture,train,vehicle,0.0064647019368612,0.0638090701016749,-0.0502483896127448,0.016438952352122,-0.0449309006363741,-0.776897605791794,-0.1097646806554601,0.4231265385863986
NUEx036,WBH,picture,river,nature,0.0984121544538952,0.0920369329203835,0.0207680291325698,-0.0109090409167563,-0.1304850209618303,-1.0639624066325,0.7172434309240416,-0.7137429764820773
NUEx036,WBH,picture,bear,animal,-0.0198484949372824,0.0129316365078423,-0.0141008068489011,0.0206033255070591,0.0032615771367528,-0.0999535854054319,-0.3708733087129159,0.1360084763197279
NUEx036,WBH,picture,milk,food/fruit,0.074822624048288,0.0136892181776023,-0.0112991457448918,-0.0550815334876835,-0.0519170263665959,-0.4218635748754549,0.9044199843006208,0.288402256142193
NUEx036,WBH,picture,leaf,nature,-0.0550267830005555,0.0458281914406567,0.0079046574020565,0.0720366808566313,-0.0062045506357733,-0.2495369182082653,-0.7222827011549123,-0.4683601797804703
NUEx036,WBH,picture,beach,nature,0.0194842525127917,0.0473218059954771,-0.0329283525893186,0.0038934432578685,-0.0450723364229265,-0.5643817032537682,0.0573751499200409,0.2239723325386035
NUEx036,WBH,picture,bed,object/tool,-0.0162334396510791,0.0751896133912659,-0.0520009076165948,0.0422634337622996,-0.0423237043759251,-0.9116815284864946,-0.483062286675341,0.3419166676076566
NUEx036,WBH,picture,leaf,nature,-0.0704258545165777,0.1368749681099932,-0.1152534428539242,0.0886119702843452,-0.0471191027936756,-1.1065908164025409,-0.905929589602574,0.6841686863374961
NUEx036,WBH,picture,pear,food/fruit,0.0391610074327618,0.085295504653013,0.0403032426816336,0.0313130921351713,-0.0791293757250411,-0.621874060543187,0.1231938570731778,-0.655900563433472
NUEx036,WBH,picture,banana,food/fruit,0.0451880741321387,0.0142291617524793,-0.0316657859693191,-0.0353619659495292,-0.0296890227043122,-0.3793246146093613,0.494220605343452,0.6009785432525392
NUEx036,WBH,picture,truck,vehicle,0.024988163101143,0.0056814397131027,-0.0011622934205851,-0.0177756084507272,-0.0200368304747277,-0.176697791342053,0.3026764572794619,0.1204002068603608
NUEx036,WBH,picture,hill,nature,0.0371459380382937,0.0699071040031405,0.006013748323415,0.0169471587437407,-0.0768542317688193,-0.7582499850971404,0.1841206844959012,-0.3925904826620068
NUEx036,WBH,picture,fly,animal,-0.0821971159942763,-0.051940940070218,-0.0192812614231641,0.026039687214868,0.0919366184649362,0.8229163889068475,-0.8056335521525867,0.4935091344795722
NUEx036,WBH,picture,river,nature,-0.0737891966333813,0.0248337318659194,-0.0061600491339029,0.0750839626435568,0.0225078103961158,0.0008952158469865,-0.7765434122742884,-0.2016536156993808
NUEx036,WBH,picture,cat,animal,0.0197354846298463,0.0864367410869619,-0.0270921921500831,0.0320431476054823,-0.0773046549684495,-1.182124208843372,-0.0830439883445776,-0.1440555146591459
NUEx036,WBH,picture,cherry,food/fruit,0.0087828771617577,0.0056720613053865,0.0070843674238282,0.0005715061261714,-0.010998042058255,-0.08960904404691,0.0965214713396931,-0.123155349950722
NUEx036,WBH,picture,mouse(animal),animal,0.0143382640583813,0.0123923152752308,-0.0051078221413322,-0.004408576134793,-0.0177242792486875,-0.2336842237373992,0.1717457594011544,0.0716376636199661
NUEx036,WBH,picture,dog,animal,0.0810479028711455,0.0034590472362443,-0.073247704575984,-0.0546440546528385,-0.015718196395446,-0.1630434361999013,0.2661795900857476,0.4474349720112294
NUEx036,WBH,picture,fly,animal,-0.0219966802174634,-0.0869352259579186,0.0442840098763535,-0.0202750744146325,0.0733327671269756,1.0619609300368305,0.003430451126161,-0.1705639001363549
NUEx036,WBH,picture,hill,nature,-0.0618073380044665,-0.0171364906071815,0.0392727138740968,0.0495265748764865,0.0294271052350665,0.3078373289139745,-0.5025197749010849,-0.5355494276024739
NUEx036,WBH,picture,book,object/tool,0.0445858869783433,0.022272087104819,-0.028050247344369,-0.0293556796110728,-0.03788244438289,-0.404923628437963,0.409492765156078,0.3616487061707243
NUEx036,WBH,picture,knife,object/tool,0.020960270697604,-0.0917094954750825,0.0201360099924878,-0.0713867908907943,0.0580458729737013,0.7606654043630132,0.4517921410695304,0.2339323575008366
NUEx036,WBH,picture,cherry,food/fruit,-0.0467929150447741,0.0620762273696901,0.0006651803687236,0.0753709909842477,-0.0212610641737167,-0.3625913697683995,-0.584451082794274,-0.4194799044099496
NUEx036,WBH,picture,island,nature,-0.025658478336907,0.1170214874078985,-0.009141126734307,0.0922866269257202,-0.0736631619834112,-1.1029312281246026,-0.7087709762650847,-0.6978009090539767
NUEx036,WBH,picture,lock,object/tool,0.0071808921532912,0.0809815800424611,-0.0344960102145031,0.0362713317789259,-0.0647115914569374,-0.9606067513927852,-0.2022920178918847,0.0342331964856923
NUEx036,WBH,picture,nail(object/tool),object/tool,-0.011194026583943,0.0268288974161499,-0.0392711452023723,0.0107163909085052,-0.0086225252978011,-0.3505816303397674,-0.2145073150582047,0.522180296097452
NUEx036,WBH,picture,chair,object/tool,-0.0374770659041203,0.0028727163216031,-0.0689541187821321,-0.0099754443620792,0.0169094862624336,-0.1020590154032337,-0.1674317115241827,0.9872799861517898
NUEx036,WBH,picture,milk,food/fruit,-0.0922804497893038,-0.0597063719553506,0.0279219352826585,0.0487623272044964,0.0931824494824074,0.943156777546313,-0.8927770033405135,-0.2370769835645511
NUEx036,WBH,picture,hand,body part,-0.0078053645225893,-0.1504142157730952,0.1030537793817583,-0.0442064643840073,0.0986109124149397,1.104385695771534,0.255973300242463,-0.2966055236594805
NUEx036,WBH,picture,car,vehicle,-0.0197736092347862,0.0308850395713442,-0.0262054405878994,0.0277865958017198,-0.0094653867768588,-0.3623322822529706,-0.3861781405831702,0.2320185616603608
NUEx036,WBH,picture,flower,nature,0.038436625317847,-0.0129186439386989,0.0130461245421731,-0.034565884791872,-0.0145588292897982,0.0548152796340632,0.6259692378484905,0.0056227362292543
NUEx036,WBH,picture,wrench,object/tool,-0.115652032913563,0.0224591861925487,-0.0550128688011246,0.0887493679630493,0.0552493817884637,0.0680961906037263,-1.2431775324531704,0.3097484279199907
NUEx036,WBH,picture,cow,animal,0.0819226417909983,0.0200771335655343,-0.0054171688732456,-0.055483496350843,-0.062687360517012,-0.4540805976069077,0.880948211178534,0.1566421281048238
NUEx036,WBH,picture,hurricane,nature,-0.0447248788753505,0.0638726484316337,0.0216258656227742,0.0736480681321323,-0.0254510224938926,-0.3682716835895031,-0.6172326504675081,-0.7630107887300778
NUEx036,WBH,picture,mouth,body part,-0.0375725581747907,-0.0392180382103503,-0.0256364932477964,-0.0060789058699503,0.0552066608962076,0.3728355511889466,-0.2243410634407642,0.3916584865982578
NUEx036,WBH,picture,hurricane,nature,-0.0146896747286088,-0.0073441848277672,-0.0083579702984997,0.0048449081784601,0.0155969483980508,0.1737456617299528,-0.2290686592171888,0.2632775696563106
NUEx036,WBH,picture,lock,object/tool,0.0836042423857778,-0.0472565947880315,0.0339493381424482,-0.0865765438459248,-0.0178710539284227,0.2713421749587438,1.1078894782725968,0.03511185817687
NUEx036,WBH,picture,island,nature,-0.0138463574623776,0.0310621982343563,-0.0030513475020637,0.0313458326274761,-0.0159017980193144,-0.3452429440364289,-0.3853053489182855,-0.2540526567922471
NUEx036,WBH,picture,leg,body part,0.0652583173385898,-0.1066663002311143,0.1018901763862321,-0.06719318972679,0.0229550623105138,0.8563845330165695,0.8591306986545819,-0.7180687329807633
NUEx036,WBH,picture,bus,vehicle,0.2098891092266237,0.0600579866318178,0.062747239286195,-0.105523593464403,-0.1771394468434662,-0.8178903981956115,1.7276828609532628,-0.7829680898334698
NUEx036,WBH,picture,tree,nature,0.0023617725329933,0.0672874901852416,-0.0551570239108777,0.0200933310030916,-0.044513385972266,-0.4974852093400398,-0.1366346237834428,0.1154904990409226
NUEx036,WBH,picture,island,nature,-0.0271841441218892,-0.0218956666347828,0.0059533871524967,0.0108600755226621,0.0323023873541322,0.4456386403237749,-0.3380450392815521,0.0425631522122506
NUEx036,WBH,picture,crane,vehicle,-0.035894921919331,-0.0431078009958859,0.017221077454028,0.0095337116163266,0.0517260446826164,0.6509576369906934,-0.3176681240844177,-0.0724443228704742
NUEx036,WBH,picture,mountain,nature,0.0859754088719699,-0.0462612084608099,0.0141843381841168,-0.0943969000223034,-0.015073371278617,0.2585800324571558,1.1315669225327636,0.2310693561394158
NUEx036,WBH,picture,dog,animal,0.0313420765071136,0.0242048452120785,0.0052808029836635,-0.0069718796664955,-0.0387974651060564,-0.4015610632156436,0.3036448680158807,-0.1543516274157721
NUEx036,WBH,picture,subway,vehicle,-0.0089877857292756,0.0704449319343438,-0.0095007080286815,0.0502602646231348,-0.0490585729873004,-0.8059081563047232,-0.3934646089411218,-0.3525849809008032
NUEx036,WBH,picture,bed,object/tool,0.1195266142410072,0.0564237847030412,-0.0534621379112769,-0.0723423455423372,-0.0959741684971667,-0.7719985109979366,0.8672867823372762,0.5393686245714536
NUEx036,WBH,picture,nut(food/fruit),food/fruit,-0.0202326411412285,-0.0114458796272276,0.0418025684473516,0.0246745450453525,0.0036518077236622,0.1477642388007897,-0.1291337386691256,-0.5083104463256077
NUEx036,WBH,picture,leg,body part,0.1190569329959902,-0.0253161606481805,0.0938578949778398,-0.0499126274752717,-0.0575028549054749,0.0355145917925773,1.0008421968884762,-1.0120263227349329
NUEx036,WBH,picture,deer,animal,0.0390112619532301,0.0170429142469884,0.0114835404731411,-0.013996724187855,-0.0385486623602936,-0.2797891227388862,0.3783367099721557,-0.2307010362182882
NUEx036,WBH,picture,knife,object/tool,-0.0098321864509562,0.0692971041352454,-0.0566666393684206,0.0299754623737998,-0.0390302759560695,-0.6278821195974992,-0.3025375137639867,0.2314702539009987
NUEx036,WBH,picture,pear,food/fruit,0.0100261106164552,0.0033726644749544,0.0257193676787961,0.0068828575920077,-0.0128160830841406,-0.0273900273333373,0.0845568718177439,-0.4606060051329887
NUEx036,WBH,picture,train,vehicle,0.1486727246674937,0.0759830392801215,-0.0039391766676639,-0.0736330925823403,-0.1475719013427675,-1.0630378554679154,1.3185509994626434,-0.1355509276860012
NUEx036,WBH,picture,mountain,nature,0.0687738640556036,0.0957260200095597,0.0175339287727889,0.0144636736725543,-0.1135037566126324,-0.9903684204701356,0.3931886873443404,-0.6246086417874602
NUEx036,WBH,picture,bat(animal),animal,-0.021975204376161,-0.038334299886691,-0.0009555985006864,-0.00716780616908,0.0439002840397764,0.6032124249876981,-0.1753224379255609,0.3162638264510964
NUEx036,WBH,picture,nut(food/fruit),food/fruit,-0.0984729388613169,0.0248515771019558,-0.0650819768373046,0.0672869640077815,0.0436445026317325,-0.0468979946736443,-1.1848423630173688,0.6532723338235479
NUEx036,WBH,picture,leg,body part,-0.0535813921877966,-0.015226976981529,0.0571160840434563,0.042785114993208,0.0096034591254953,0.1209050888809495,-0.2461337754392394,-0.3813343083289806
NUEx036,WBH,picture,nose,body part,0.0076792484561984,0.0208958805829639,0.0174237096886702,0.0147887754521665,-0.0223655499863075,-0.2169440229837555,0.0099760794969048,-0.3880436520990187
NUEx036,WBH,picture,hammer,object/tool,-0.0606570122613926,0.0066028851789808,-0.0375805293528282,0.0386999919627853,0.0347071145257925,0.0845790744911042,-0.8396196897078085,0.5252329125655472
NUEx036,WBH,picture,bear,animal,-0.0192188766646829,0.0194599957154021,-0.0202553475036035,0.0221411297786708,-0.0013175686322042,-0.2297658718126038,-0.4262323804426325,0.2509891699402689
NUEx036,WBH,picture,orange,food/fruit,-0.0167645585166286,-0.0091449994298989,-0.0132761123308672,0.0041803111281159,0.0194097666734307,0.1668893075561273,-0.2267580898042501,0.2728430657590205
NUEx036,WBH,picture,river,nature,0.0324082037412123,0.0922704870344908,-0.0211587106706706,0.0273647768638888,-0.0900964990180536,-1.012645109680927,0.0520498699103672,-0.3203945946916802
NUEx036,WBH,picture,bat(object/tool),object/tool,0.0413681745577157,0.0196203692166498,0.0043678300243505,-0.0186331435873315,-0.0410820574531139,-0.3805619750087836,0.5033926906868343,-0.0903887709000803
NUEx036,WBH,picture,flower,nature,-0.0679696309821296,0.0117375580620238,0.0205801239736206,0.064721854564504,0.0223104154795527,0.140280167572627,-0.8631795508688969,-0.5282231280656613
NUEx036,WBH,picture,mouse(animal),animal,-0.0088586093451911,0.0002510846241406,-0.0010905974584706,0.0084778770831384,0.0051040375816887,0.0294124248968228,-0.0955088565051956,0.0334943278990529
NUEx036,WBH,picture,banana,food/fruit,0.0956733882184326,-0.0695944735902985,0.0461226729233271,-0.1066230893444096,-0.0088013687265948,0.4843653974575769,1.294883776203129,-0.024576083263746
NUEx036,WBH,picture,boat,vehicle,0.0827941336598759,0.0476084242943211,-0.0269314206278338,-0.0435044933432937,-0.0804563780556595,-0.8457405050924034,0.8242329367558914,0.2826048540873951
NUEx036,WBH,picture,bat(animal),animal,-0.1202621499527987,-0.0485255812764553,-0.0170006900047803,0.0624547320195115,0.1113361095393829,0.8158351630360345,-1.1549585866649867,0.2021975384685619
NUEx036,WBH,picture,saw,object/tool,0.0365624517351942,0.0757616362786821,-0.0363036459708554,0.0076060962327544,-0.0760777777169419,-1.1168274338774191,0.2020460492316597,0.1624027969901216
NUEx036,WBH,picture,bat(animal),animal,-0.0335873509290272,0.1020038407264909,-0.0713274005081489,0.0640904556301094,-0.0503533057504202,-1.1529237625179614,-0.7601195585456909,0.4405008681067481
NUEx036,WBH,picture,bat(object/tool),object/tool,-0.0389536852059382,0.0565085741566406,-0.051823085963743,0.0484248583923579,-0.0145307997190379,-0.5404383965675245,-0.6418327537680601,0.3287546040219797
NUEx036,WBH,picture,cherry,food/fruit,-0.0389583410706772,-0.0006581822840284,-0.0163098016333716,0.0268883932339731,0.0258828882723695,0.1562068940770514,-0.5790537579099763,0.2026728757331276
NUEx036,WBH,picture,hand,body part,-0.0306819110209845,-0.0181636614933013,0.0176300682860699,0.0214056463704217,0.0274803096148377,0.3286745841028326,-0.3212866765067968,-0.2344710127259306
NUEx036,WBH,picture,shark,animal,0.0001783004307994,0.0225688980765017,0.0047676602330789,0.0174143982840597,-0.0182125701596555,-0.2611167741129847,-0.1333239698194585,-0.2616555359082702
NUEx036,WBH,picture,bike,vehicle,0.0627877386966767,-0.0713024855005697,0.011194046850783,-0.0927508515479427,0.0190963403591672,0.5187154321651899,0.873300942240778,0.3834786767629561
NUEx036,WBH,picture,toe,body part,-0.0543382795437955,-0.19626543987791,0.1095424141750545,-0.0361904027357518,0.1659025796436064,2.0364589648102163,-0.0513424112294809,-0.5530515751560114
NUEx036,WBH,picture,crane,vehicle,0.0780236252550131,0.1006154312449885,-0.0278170103934651,-0.0069394556670647,-0.1225070285145214,-1.3534673059629212,0.5914233074127427,-0.1017777561018779
NUEx036,WBH,picture,bird,animal,-0.0837901630184798,0.0557249553865475,-0.0853411844964485,0.0578522887882674,0.0147874328612913,-0.3739666117256853,-0.8926523504945515,0.7153185534908557
NUEx036,WBH,picture,bus,vehicle,0.010132176339927,-0.0683284973053274,0.025606112750118,-0.0435283460751038,0.0449349613088898,0.8156538387398209,0.4012555428776855,0.1444902239813846
NUEx036,WBH,picture,sky,nature,0.0064591357403023,0.061464945433857,-0.0341821010401717,0.0240921437973623,-0.0493121665820601,-0.6049665156600292,-0.1097267950747443,0.0669942815405741
NUEx036,WBH,picture,mouth,body part,0.0194115716822862,-0.0233855592870398,-0.0181208035875039,-0.0374887295826579,0.0100028873395784,0.1091004819335276,0.279670903193783,0.4572398852911296
NUEx036,WBH,picture,sky,nature,0.0921470055189782,-0.0975381980964111,0.0987924526463895,-0.0887923396512931,0.00089544599062,0.6387371088662266,1.0484366090948318,-0.4422849292290756
NUEx036,WBH,picture,milk,food/fruit,0.0197962905729608,0.0059418212550342,0.0275174965637617,0.001536704706473,-0.0203308927230099,-0.0904754351266637,0.1856222323068946,-0.3925479509368716
NUEx036,WBH,picture,nail(body part),body part,0.040120273308876,-0.0441416525738904,0.006680167495479,-0.0588049022319618,0.0114008545058078,0.3656639538017924,0.5974129377518864,0.227341756341401
NUEx036,WBH,picture,beach,nature,-0.0647934624377409,-0.0562309333162544,0.0224708106773241,0.0283467321040757,0.0772676359084071,0.706883390872102,-0.5342630080956327,-0.1011263962363268
NUEx036,WBH,picture,train,vehicle,-0.0042525177992141,0.0190230150690464,-0.0278101235353379,0.0059080461048523,-0.008495093834459,-0.2960929860640328,-0.1481665495197844,0.4418032986273425
NUEx036,WBH,picture,book,object/tool,0.0164838196299127,-0.1102172197683428,-0.0114746667079229,-0.0846163315535204,0.0751819380609318,0.9674926677848203,0.5102225066082223,0.847396053334125
NUEx036,WBH,picture,ear,body part,0.0277785903553558,-0.0184083546000767,-0.0429790002633772,-0.0370364585065887,0.0058653676158668,-0.004703986915203,0.09318839622568,0.2661502756664723
NUEx036,WBH,picture,crane,vehicle,0.0982179638361921,0.0093152216727941,-0.0280764406611934,-0.0786427200950708,-0.0539656402809408,-0.3227647332324049,0.8027525883997851,0.3290343635611893
NUEx036,WBH,picture,mouse(object/tool),object/tool,0.0611696011108054,-0.0109098848003662,0.0211743338112203,-0.0490842406387407,-0.0314911436633641,-0.0442862181575258,0.5146295930710966,-0.1371380666591148
NUEx036,WBH,picture,subway,vehicle,-0.02475318721826,0.0509849448270699,0.0207858304840274,0.0527282141819558,-0.0245806083478098,-0.3197105079983742,-0.4104929786685058,-0.6230424253221057
NUEx036,WBH,picture,airplane,vehicle,0.0911893154526952,0.0050341129146314,-0.000391230461889,-0.0710269668836714,-0.0564448162831002,-0.3423024209513981,1.0635363434413232,0.2198730214204381
NUEx036,WBH,picture,cow,animal,-0.032513747139164,-0.0739573475863297,-0.055985290971684,-0.0399049700306379,0.0633786136258909,0.3389847993308656,-0.0914654250694371,0.3142211005988776
NUEx036,WBH,picture,orange,food/fruit,-0.1076980463030671,-0.046972404668151,-0.018071558708117,0.053430104682364,0.1025629378416505,0.7041340560632438,-0.9751694594948924,0.2412075778788726
NUEx036,WBH,picture,mouse(animal),animal,-0.0452814014342502,-0.0980116054982604,0.0576938179651149,-0.0007161529072067,0.0901571284542609,1.034336414074249,-0.177709744985304,-0.1650902556556885
NUEx036,WBH,picture,pizza,food/fruit,0.0164477615372881,-0.0084233264406635,-0.0094900376303707,-0.0224703305476079,-0.0015953623613557,0.0137732754085866,0.2843212858633717,0.3807362306263528
NUEx036,WBH,picture,shark,animal,0.0891788387189194,0.0134921527262517,-0.0611996055408159,-0.0658397183611481,-0.0355166277892111,-0.354728576813788,0.6354295071401069,0.8342712651553
NUEx036,WBH,picture,lemon,food/fruit,-0.0132264448017778,0.0618038010155074,-0.0016895838446676,0.0496379502579058,-0.0400356012695561,-0.6606924378100407,-0.4260284995233138,-0.4635590162442228
NUEx036,WBH,picture,cookie,food/fruit,0.0527539811674871,0.057636416801267,-0.0140612203212113,-0.0089502079514718,-0.0755520946266281,-0.8749998617357528,0.45694944640598,-0.0997126842049178
NUEx036,WBH,picture,lock,object/tool,0.0365565154706851,-0.015290984220824,0.0407191453936056,-0.0163414302548085,-0.0165558178335151,0.0632100475706478,0.3764434698439686,-0.3751154001207359
NUEx036,WBH,picture,bike,vehicle,0.1400412239662688,-0.0221803673005941,-0.045030726009141,-0.1263278045949319,-0.0441916038742291,-0.139483033994414,1.1289996034221386,0.8251471211150061
NUEx036,WBH,picture,lung,body part,-0.093448791241053,-0.1998326008050103,0.0756378720135999,-0.0231599401117083,0.2044631140192558,1.9961571944494012,-0.3426517814044031,-0.1002024435712716
NUEx036,WBH,picture,nail(body part),body part,0.0500852468054247,-0.1070487782805593,0.060446515077307,-0.087932518438185,0.0458281323284719,1.0374430159176151,0.918958850650572,-0.0875360718285294
NUEx036,WBH,picture,muscle,body part,0.0026242721940375,-0.109525564109974,0.0972358468471002,-0.0167933682903729,0.0501513982752617,0.8317197524252704,0.1873822285363009,-0.6165020846599029
NUEx036,WBH,picture,tree,nature,0.0408825334279312,0.0010500294289124,-0.0165421270759199,-0.0371307624372923,-0.0211331845638168,-0.1734550230872829,0.5423450413367006,0.3989518799158005
NUEx036,WBH,picture,book,object/tool,-0.0008897596163673,-0.0523494288194814,0.0233286142834903,-0.0233340083365805,0.0392999945643084,0.577993972212729,0.1351907746798945,-0.0355618486646394
NUEx036,WBH,picture,train,vehicle,-0.0127255405193363,0.0005067973700579,-0.0184845654141471,0.0047941007431454,0.0093260306722148,-0.0214021964935723,-0.131388892773254,0.2973349533728605
NUEx036,WBH,picture,river,nature,0.0067991205693841,0.0508895703585797,0.0043887161554396,0.0292963638352823,-0.0437840875453605,-0.4938148864862151,-0.0930738505338969,-0.3828074041271546
NUEx036,WBH,picture,bear,animal,0.0573809465406312,0.0698272027066975,-0.0471650852141215,-0.0158022848116476,-0.0776090366912506,-0.994771125777164,0.4066916114202759,0.3768771263014192
NUEx036,WBH,picture,milk,food/fruit,0.03425865130866,0.0177548078093331,0.0235349310060864,-0.0036974329976521,-0.0355062540034024,-0.257044177208351,0.3255111081490419,-0.4636519581713632
NUEx036,WBH,picture,leaf,nature,0.0314018621533106,0.0055096727031634,0.002943336961365,-0.0205572042444108,-0.024041838039796,-0.1453649073273443,0.3577917976318971,0.0008700999768882
NUEx036,WBH,picture,beach,nature,0.0652677550904502,-0.0221246987957064,0.0324562190751754,-0.0541822762857303,-0.0265012389249653,0.0502485608334793,0.8203845221195518,-0.142815614075921
NUEx036,WBH,picture,bed,object/tool,0.0159137452119346,0.0137024044200872,-0.0080350095025763,-0.0055894148680311,-0.0196740728014872,-0.2396701224989738,0.1450892723099713,0.0883401751985852
NUEx036,WBH,picture,leaf,nature,-0.0341021855968433,-0.0269384817198663,-0.0174060091089013,0.0034602637410367,0.0439702749391079,0.4115996057438909,-0.3066661425658183,0.4318350293860133
NUEx036,WBH,picture,chair,object/tool,0.0649795456068164,-0.0714380704702137,-0.018727832877172,-0.0950536279569823,0.0240988539705312,0.3677703710785708,0.5310448930418783,0.3418070892507764
NUEx036,WBH,picture,pear,food/fruit,-0.0724158692330897,0.0764007575508405,0.0441964647866179,0.0941496018357849,-0.0238784210358871,-0.3176462537598284,-0.7580016600153036,-1.08644803405296
NUEx036,WBH,picture,banana,food/fruit,-0.0360684252157854,0.00985280326566,-0.0219868696907568,0.0308838176633129,0.0165657922767525,-0.0122529572406333,-0.4084081235331412,0.1518698315424392
NUEx036,WBH,picture,hill,nature,-0.0054765981596393,0.0981670093772409,-0.0616068486352867,0.0435790616275252,-0.0653501079233521,-0.9968673371024146,-0.3194332747090964,0.2434696013867694
NUEx036,WBH,picture,fly,animal,0.0454203307075474,-0.0100060718301802,0.0074823425878936,-0.0410528374561884,-0.020149704112288,-0.0313648759286089,0.5667705655236601,0.0618566880205857
NUEx036,WBH,picture,river,nature,0.0188074161136091,0.0662506875058104,0.0341127027862937,0.0358652049197029,-0.0533172221480149,-0.4063407509403735,-0.0194384835373551,-0.65156420331277
NUEx036,WBH,picture,cat,animal,-0.0034459476075925,-0.0049229745031144,0.0141362489287973,0.0065950406028777,0.0028790322005153,0.1246041394598671,-0.0519951097674026,-0.243483292591624
NUEx036,WBH,picture,cherry,food/fruit,-0.0651754689703303,0.0360695313388894,0.0135894987317048,0.0746240720214323,0.0056563559965594,-0.0919258716821726,-0.899477296523041,-0.6318114814663836
NUEx036,WBH,picture,mouse(animal),animal,-0.0112025295786748,0.0149792146608698,0.0170713181252786,0.0251961325915106,-0.0077826764727805,-0.0664918395101446,-0.2296934942924521,-0.4630975178833363
NUEx036,WBH,picture,head,body part,-0.0775714907816146,-0.012335453368957,0.0562617922089975,0.060086882403102,0.0233024855534653,0.3367207937277475,-0.6044616493084052,-0.9292615800299766
NUEx036,WBH,picture,dog,animal,0.0197200876821647,0.0715212535915775,-0.0854015178774003,-0.0140189128476597,-0.0286724298247684,-0.6387902252849766,0.0100571616320197,1.058661345378734
NUEx036,WBH,picture,fly,animal,-0.033387679092713,0.0609472418862465,-0.0438119576883688,0.0515359223345015,-0.0235895741989247,-0.6298443237029792,-0.5919014491891279,0.2221255666223101
NUEx036,WBH,picture,hill,nature,-0.1051145297463119,0.0594347477346486,-0.0289217148118848,0.1152894574932878,0.0176636971558918,-0.2305846849308741,-1.2892569618553624,-0.2381520057847189
NUEx036,WBH,picture,book,object/tool,-0.0187345238939704,-0.0174765373315712,-0.0305573161187318,-0.0084268451432827,0.0263517135770494,0.1967403782966276,-0.1615907883442401,0.6914922457738958
NUEx036,WBH,picture,cherry,food/fruit,0.0072971727246157,0.1144144479162256,0.0550130961182151,0.0675043881031566,-0.0734955001185174,-0.5599221758788467,-0.1647194062170885,-1.0589667700395415
NUEx036,WBH,picture,island,nature,-0.0034757071330089,0.038539931217793,-0.0157394536187535,0.0233739368283434,-0.0268375983357409,-0.5772873638846504,-0.2507519535852002,0.0107862976542044
NUEx036,WBH,picture,lock,object/tool,-0.0096549061070836,0.0092979402617205,-0.0368275506018903,-0.0007880085570749,0.0031627712052881,-0.1541610083055167,-0.1482826336484229,0.6478218392331192
NUEx036,WBH,picture,nail(object/tool),object/tool,-0.0034859679666518,-0.0136210271706336,-0.0013193937157922,-0.0054805718681354,0.0139021936950642,0.1964055376718919,-0.0079703630013761,0.132156303558562
NUEx036,WBH,picture,chair,object/tool,-0.0404936908026786,0.0619817216696915,-0.0742190566597465,0.0330259429479667,-0.0125659828493007,-0.3757145007035199,-0.3823855475186316,0.3342084866717854
NUEx036,WBH,picture,apple,food/fruit,0.0500349348580325,-0.0620739338287934,-0.0130515822029562,-0.0797868740407034,0.0227549466902358,0.4082891882152694,0.6511302753491016,0.6251161614242849
NUEx036,WBH,picture,nut(object/tool),object/tool,-0.028556064689478,-0.0298051970828138,-0.0022008368245815,0.0036791038950478,0.0416049727241701,0.4719210581481294,-0.2824591396150577,0.2063657616973846
NUEx036,WBH,picture,hammer,object/tool,0.0030342277752543,-0.0253266483695135,0.0007925275939527,-0.0181765708998025,0.0188956078313778,0.3440888320245657,0.1422340953943782,0.2368829673340182
NUEx036,WBH,picture,cat,animal,-0.0146802205653938,0.0187352795188952,-0.0014300557485384,0.0249305771480714,-0.0059329422261053,-0.1506334348224831,-0.3309129136900928,-0.1888989719277814
NUEx036,WBH,picture,shark,animal,0.0638234272361137,-0.0478338813529612,0.0070086155065452,-0.0798232204833453,-0.0001808810561637,0.3141650455104615,0.945751809919233,0.422757978616457
NUEx036,WBH,picture,subway,vehicle,-0.0900828272333003,-0.0284509449659768,0.0196507735524021,0.0630790635751775,0.0670120442680213,0.5915277404945687,-0.9457620436331956,-0.3371285328518542
NUEx036,WBH,picture,apple,food/fruit,0.0809786132559316,0.0191633409699021,-0.0176365841739268,-0.0580184036128351,-0.0579109196545828,-0.4670727783530557,0.8521371582650058,0.2901820368070139
NUEx036,WBH,picture,saw,object/tool,-0.033973398355988,0.1120879004762978,-0.1056212481180959,0.0359599977115825,-0.0422564854481527,-0.97160000956431,-0.4968294805559499,0.9008961401992494
NUEx036,WBH,picture,toe,body part,-0.1566691085011448,-0.2996173211403844,0.1789256358058049,0.0149600295185517,0.2851423166834935,3.0633067710943824,-0.8643185361490282,-1.265859127357888
NUEx036,WBH,picture,bike,vehicle,0.0764872157655996,-0.0414244524137401,-0.0647896947295668,-0.0738943826336469,0.0083377398333602,0.043683071912225,0.4575534300762665,0.9244644691878716
NUEx036,WBH,picture,truck,vehicle,0.0726543829285296,0.0825391936061838,0.0344364805951023,0.0092796912831195,-0.1020385823974336,-0.8843328025308279,0.4765589112177943,-0.8370835864834514
NUEx036,WBH,picture,bird,animal,-0.00046261332108,0.0122909265372213,-0.0403144493939981,-0.007437365329381,-0.003517510032357,-0.2374931347953637,-0.0276367520328427,0.7223636292785487
NUEx036,WBH,picture,grape,food/fruit,-0.0688978011698079,-0.0084201614914421,-0.050730095479442,0.0260783761735226,0.0493738867284796,0.2167224153709508,-0.715112864802205,0.7289739512425886
NUEx036,WBH,picture,sky,nature,-0.0430033469227539,0.0854219120515807,-0.0725080847999309,0.0601735662162868,-0.0295411612287127,-0.3496195615630715,-0.3623418063120456,-0.081657947357425
NUEx036,WBH,picture,grape,food/fruit,-0.0102358232579733,-0.0156640322564794,0.0171560752362747,0.0059588778840158,0.0146404584895493,0.2148061947341986,-0.0653584250243555,-0.1325998456973491
NUEx036,WBH,picture,apple,food/fruit,-0.0687386886731188,-0.0312514928648043,-0.0273129091563066,0.0250638389005477,0.0678918377772534,0.4911757038600131,-0.6747370249465134,0.4096909979046291
NUEx036,WBH,picture,cookie,food/fruit,0.047505391733974,0.059721350407681,0.0132798295697114,0.0064062795438862,-0.0743156151742486,-0.6427669521256327,0.2936216852724201,-0.5042216484909561
NUEx036,WBH,picture,lung,body part,-0.1154608679926678,-0.138111107202363,0.1081802040068938,0.0468166214307397,0.1350431180109458,1.4560889152640533,-0.6654896254920964,-0.929355646422426
NUEx036,WBH,picture,wrench,object/tool,0.0761725851426893,-0.0097088309423845,0.0850900732861198,0.0355563412776813,-0.0266629527482304,0.0219128022429781,0.0084852033475373,-1.1079483945837367
NUEx036,WBH,picture,ladder,object/tool,0.0032548370868184,0.012151389139517,0.0016340597191533,0.0071614654936415,-0.0122442265907647,-0.1518943171842965,-0.0214592376723213,-0.0774834704171646
NUEx036,WBH,picture,lung,body part,-0.0061732120730684,0.0554060498186533,-0.0010821580150312,0.0405126235919772,-0.0397289581688938,-0.6298423090770178,-0.3007297429766604,-0.3960645925544817
NUEx036,WBH,picture,knife,object/tool,-0.0520484729730318,-0.0048677627401691,-0.0164298056689213,0.0349043661797388,0.0371932559635757,0.2110519933905805,-0.6673883889422076,0.2623536336432024
NUEx036,WBH,picture,nail(object/tool),object/tool,-0.0613170521422643,-0.001065575324428,0.0253235482527196,0.0537117468634626,0.0265197278274455,0.244753230780195,-0.6583993429121139,-0.4888943096690133
NUEx036,WBH,picture,nose,body part,-0.0033887525004824,-0.0182080518553672,-0.0213362951054882,-0.0174738749216649,0.019106693357485,0.1399540399619767,0.0404606706141106,0.4796035085845982
NUEx036,WBH,picture,orange,food/fruit,-0.0337228403230708,-0.0290025022240013,0.0146288182825824,0.0150035574478119,0.039342964195093,0.5473186395160383,-0.3801497159008385,-0.1035208530836521
NUEx036,WBH,picture,cookie,food/fruit,-0.0424471218802764,-0.0139373638018636,-0.0151018952755218,0.0218913975638446,0.038940005483507,0.261003030754392,-0.4675405352965383,0.2447707363375646
NUEx036,WBH,picture,deer,animal,0.0977126361776212,0.0754527411288205,0.024426015470773,-0.0195283752843209,-0.1170483268241868,-0.9467511086720852,0.8196027328211749,-0.6420301300153942
NUEx036,WBH,picture,hurricane,nature,-0.0765916976326227,0.03538331725231,-0.0108228242669775,0.0823295370904709,0.0174895507828995,-0.0748656766832148,-0.9127552416815726,-0.241716800896919
NUEx036,WBH,picture,truck,vehicle,0.0812971911556254,-0.0116693273304813,0.0683362832042195,-0.0247581262931058,-0.0447949058936004,-0.0500088175891159,0.4801023003521412,-0.4438501354389669
NUEx036,WBH,picture,nose,body part,-0.0513932253261912,-0.0419036438635515,0.0347063699690637,0.0296012351157542,0.0502694418554688,0.636241817438651,-0.4908315761153393,-0.4106573690050884
NUEx036,WBH,picture,ear,body part,-0.0797025120340843,-0.0982825973468218,0.0308351079378102,0.0140945196265276,0.1203718799841487,1.27377448123662,-0.5831074174316859,-0.0190465617677831
NUEx036,WBH,picture,wrench,object/tool,0.0693631131630866,0.1226979632389099,0.0266092916751802,0.0320224514252069,-0.1321113137173384,-1.1280948419278711,0.3084978128393533,-0.9154567372431908
NUEx036,WBH,picture,nail(object/tool),object/tool,0.0046375594631972,0.0126828728521038,-0.0146157962553535,-3.632944371430344e-05,-0.0109277189233951,-0.2200341143304614,0.020997449921107,0.253607302217206
NUEx036,WBH,picture,bird,animal,-0.0023018546314496,0.0512518453673692,-0.062305931130998,0.0045234756679662,-0.024113268119175,-0.594688243544866,-0.1626545059907359,0.7316272315361383
NUEx036,WBH,picture,hill,nature,-0.0137943344811109,-0.0018620982007914,-0.015545151339218,0.0050076589827347,0.011773332995979,0.0276384504860557,-0.1456342432362824,0.2369387820927552
NUEx036,WBH,picture,duck,animal,-0.0679484345998991,-0.008927143173491,-0.025952238780696,0.040362700733961,0.0504203284172848,0.2921181030931131,-0.8007280269367182,0.3568565793557118
NUEx036,WBH,picture,deer,animal,0.0309414346396623,0.0175105977855562,-0.0186542979340243,-0.0200759205575152,-0.0291013203009839,-0.3582381696818073,0.3563232102075352,0.2952979603875792
NUEx036,WBH,picture,strawberry,food/fruit,-0.0940383783083928,0.0018517227904556,-0.0199606341393885,0.0727193685963238,0.0557653476742788,0.2610333460584643,-1.0210533525097656,0.0437990759133571
NUEx036,WBH,picture,car,vehicle,-0.0307852131210739,0.0035698819310364,-0.0161701530915042,0.0227432357044162,0.0172244409659496,0.0179604215834567,-0.3615143886655403,0.2337184158532459
NUEx036,WBH,picture,mouth,body part,-0.0624079579215632,-0.0658491940237288,0.0100746620617577,0.0124541739042164,0.0881552640681129,1.0412548932794308,-0.5947437278662667,0.183125373169432
NUEx036,WBH,picture,flower,nature,0.0306633008946049,0.0133362621827047,-0.0191277779340989,-0.022078086629003,-0.0250093795523177,-0.3352645575872883,0.4057003886780293,0.3934532910406783
NUEx036,WBH,picture,duck,animal,-0.0573118118180158,0.0406344884442708,-0.0473084984486929,0.0551121431812103,0.0076173436981704,-0.3270192569472904,-0.8927051527740658,0.3762806326915364
NUEx036,WBH,picture,ladder,object/tool,0.0365451664857705,0.0352568936789159,-0.0083785930938351,-0.0092139614840106,-0.049492830193454,-0.6103679491987903,0.3641185562486857,0.0358907580110568
NUEx036,WBH,picture,bus,vehicle,0.041339286624878,-0.0135413999943159,0.0012439039152357,-0.04424271308739,-0.0143578921091305,-0.022194183248762,0.3747767400084381,0.1724210591228213
NUEx036,WBH,picture,hammer,object/tool,0.1276989571321733,0.0643830851067429,0.0520405203477068,-0.0381249830696868,-0.1247095848937393,-0.686733507994999,0.8945977449344027,-0.5751246405979399
NUEx036,WBH,picture,key,object/tool,-0.0088813052187179,-0.014681483129667,-0.0199040361849478,-0.0096174230101597,0.0192847834982528,0.1850036136682925,-0.05226991323345,0.5095533107345975
NUEx036,WBH,picture,taxi,vehicle,0.0266253577082499,0.0146505169751367,-0.0003237257737193,-0.0115444673830867,-0.0277326786432,-0.3216873676681779,0.3555985349438668,0.0024171550373675
NUEx036,WBH,picture,key,object/tool,-0.0206801131699548,-0.0704845907952709,0.0401761911161702,-0.0110939611526196,0.0596197640703021,0.6657393118112896,-0.0072663605665726,-0.1242994701441561
NUEx036,WBH,picture,strawberry,food/fruit,-0.0520916467298053,0.0057460825481561,-0.0188403789135353,0.0414142677059173,0.0287544584969225,0.0579582451229354,-0.5653121702134807,0.1987813265660252
NUEx036,WBH,picture,leaf,nature,-0.0171249665368172,0.0001658506846422,0.0136052517960964,0.0195733169604185,0.0062085093573955,0.0949613767554432,-0.2532119132211079,-0.2739786880676246
NUEx036,WBH,picture,lemon,food/fruit,0.0393213989315642,0.0596942543650441,0.0388982192758888,0.0205005399231683,-0.0613222749343979,-0.5216610013094432,0.1985847833292327,-0.8547206666890423
NUEx036,WBH,picture,bat(object/tool),object/tool,0.0221540494601501,0.0052299905809741,0.0087676474565154,-0.0109411288519118,-0.0197864244106023,-0.1430534304093794,0.2306838242056573,-0.0022016871956562
NUEx036,WBH,picture,pizza,food/fruit,0.0235314256809525,-0.0107891628535968,0.0331649283603901,-0.0075194915800282,-0.0111336194947682,0.1068451807289722,0.2958745025578761,-0.5197884637254107
NUEx036,WBH,picture,grape,food/fruit,-0.0750581130010981,0.1388563062983824,0.0081785479578337,0.1428128096472598,-0.0622712835795253,-0.9358439703866098,-1.1656428984976617,-1.116899974873082
NUEx036,WBH,picture,crab,animal,-0.0084160663365498,0.0455348515575692,-0.007060165293205,0.0354103153484558,-0.0297271125596087,-0.4967877588492356,-0.3241281463818583,-0.2691685127394709
NUEx036,WBH,picture,hand,body part,0.0019912096998673,0.0127689351575186,-0.0276027904147675,-0.0035551698867716,-0.0073911171977029,-0.2440393068691101,-0.0151325137646746,0.5102629913751591
NUEx036,WBH,picture,ear,body part,-0.0547088738437564,-0.0478779920256191,-0.0600818166390139,-0.0171183335607125,0.0596692025067429,0.4077783460748541,-0.2775622975294097,1.1133210158939897
NUEx036,WBH,picture,duck,animal,-0.1199486669231873,-0.0822472811136846,0.0404535248685784,0.0619067616153978,0.1237578836998251,0.9872021660330637,-0.8456241803930025,-0.2356356529154711
NUEx036,WBH,picture,fly,animal,0.0723714285418848,0.004426644314468,0.0339568123340344,-0.0400935828845634,-0.0511286414538779,-0.1544032458447879,0.5720528955452591,-0.2758764623317195
NUEx036,WBH,picture,bear,animal,0.0279457190243903,-0.0047706001532706,0.0014415387393556,-0.0255036040155137,-0.0130036894349997,-0.0466618762368167,0.3798493916021183,0.0987520641912494
NUEx036,WBH,picture,taxi,vehicle,-0.0749864112793666,0.1150937205816672,0.031172019312855,0.1246194718524109,-0.0451581219839914,-0.6305129473297615,-0.9517771061168894,-1.110710758027453
NUEx036,WBH,picture,crab,animal,-0.0359104482307317,0.0198835400315022,-0.002823839534363,0.0417542217586357,0.0051180675076449,-0.0903054448109673,-0.5798435254438196,-0.1852243061129136
NUEx036,WBH,picture,mouse(object/tool),object/tool,-0.0014317113580592,0.0133762543132697,0.0061112446510895,0.0133901032402766,-0.0110491855120735,-0.1506016153978222,-0.0905362641651765,-0.2003592597321386
NUEx036,WBH,picture,beach,nature,0.0439111308270815,-0.0151852765204533,0.0576522612852036,-0.0008825957584939,-0.0215396379900274,0.0796701761687734,0.3080447905139777,-0.8465257541252793
NUEx036,WBH,picture,car,vehicle,-0.0793326427893971,0.0371240990860785,-0.0701669910796314,0.0538760252937792,0.0240877272478012,-0.2554661264428265,-1.0025008238610449,0.7772611859637657
NUEx036,WBH,picture,airplane,vehicle,0.025370361256577,0.0049814654333452,-0.0225350600607966,-0.023993666276283,-0.0146225674460493,-0.2088642359372622,0.3373489195966471,0.5123484131261413
NUEx036,WBH,picture,muscle,body part,-0.0435414913891158,-0.1690640578376422,0.082190862989273,-0.0411492844617617,0.1462026847769678,1.891834657154594,0.0073392094705542,-0.2578249627328811
NUEx036,WBH,picture,mouse(object/tool),object/tool,0.0320479117486852,0.0798645336822195,-0.006233030169023,0.0243882361560208,-0.0813044254317003,-0.9106850661804076,0.1028171583579366,-0.4056093385653472
NUEx036,WBH,picture,chair,object/tool,0.0172755756485261,0.0410926911505778,-0.0547549382459732,-0.0098206532470205,-0.0269459090190628,-0.4521606838276666,0.0510822728527447,0.5095545954270707
NUEx036,WBH,picture,ladder,object/tool,0.0684747365245387,0.0458114539920233,0.0072000244545835,-0.0239088814422673,-0.0780678662565177,-0.627383437736836,0.5665969521244517,-0.0961768807086546
NUEx036,WBH,picture,head,body part,-0.0637248251102671,-0.0493543239938439,0.0802215307834159,0.043618849415477,0.016381655217885,0.4052738392344095,-0.3217896891186391,-1.140743159948611
NUEx036,WBH,picture,bed,object/tool,0.1773361618554155,-0.0469938454547147,0.0119860713153552,-0.1681342526031323,-0.066364630727167,0.0500905028523787,1.1996638206343355,0.0486040857548905
NUEx036,WBH,picture,strawberry,food/fruit,0.0478888417157866,0.099659209776672,-0.0466783763496439,0.01004611620165,-0.0992060610968009,-1.0547404349264609,0.187820406692528,0.015959133597371
NUEx036,WBH,picture,nail(body part),body part,0.0197795741945549,-0.1110003426429236,0.1066044538401561,-0.0168696265010705,0.0392503480514965,0.8353704764423255,0.2606185360434035,-0.8816056471673795
NUEx036,WBH,picture,mountain,nature,-0.0244683828497562,0.0447882883480124,-0.0103460663038027,0.0465295678042426,-0.0194305278182946,-0.4750536324793137,-0.5862239570514076,-0.2447232057813831
NUEx036,WBH,picture,cow,animal,0.0082731616606631,0.0286144060894869,-0.0158430950034432,0.0075205519052944,-0.0255535063557122,-0.4409971752928407,-0.0260782068700956,0.0977040857121829
NUEx036,WBH,picture,nut(food/fruit),food/fruit,-0.0608794352000625,0.0290131127008336,-0.0295925205672613,0.0598687216349986,0.0159829898005135,-0.1587101988258609,-0.8051225675310906,0.1536118568958634
NUEx036,WBH,picture,milk,food/fruit,0.0345309227187294,-0.0853893683877944,0.0686541737078185,-0.0492973849792355,0.0338880397642905,0.6799215643109857,0.430145576153377,-0.3384220270930235
NUEx036,WBH,picture,toe,body part,-0.0114327895773431,-0.17941146456116,0.058700480474722,-0.0898569830115478,0.1419045085419371,1.6360215617601348,0.3997088657207726,0.1902712933678303
NUEx036,WBH,picture,hand,body part,-0.0729216013131881,-0.1779409703141067,0.1375982745711196,0.0096442810015081,0.1329632584777441,1.6266693606776506,-0.2283835538314622,-1.073313942824869
NUEx036,WBH,picture,car,vehicle,-0.0120638085597043,-0.0298347466963155,-0.0254421509433534,-0.019136935721078,0.0317654519724904,0.3225496162979571,-0.0134845902031357,0.7049508850338688
NUEx036,WBH,picture,flower,nature,-0.0353090838534707,-0.0436718661937381,-0.0340329325161385,-0.0139162311977814,0.0541778084959159,0.4930385794287178,-0.2459202540280643,0.7943927742805975
NUEx036,WBH,picture,nut(object/tool),object/tool,-0.0944288813412636,0.0222745596443086,0.0188076790629885,0.0910906899528133,0.0290794609813724,0.1124623575121118,-1.0900123029415407,-0.5657824619025424
NUEx036,WBH,picture,wrench,object/tool,-0.0051060838077244,-0.0008763396924333,-0.0255934394101431,-0.0051697439863123,0.0075295238527729,0.0022489770106214,-0.0668661806182035,0.3216217515890197
NUEx036,WBH,picture,cow,animal,-0.034956183029858,0.0289641723276589,-0.0641298207933847,0.0098818580824939,0.0049013481173272,-0.2630297834433771,-0.3253096815187716,0.7734719065224575
NUEx036,WBH,picture,hurricane,nature,0.0170208929635886,0.0956291971751376,0.0458181476092098,0.0540355962688635,-0.0676615621793159,-0.5549360806321496,-0.115387860027495,-0.9216775047337654
NUEx036,WBH,picture,lock,object/tool,0.1670439218415699,0.0783828834582422,-0.0813555458424373,-0.10334870369304,-0.1266072260261372,-1.0280545743787652,1.2166353671378685,0.953950286336568
NUEx036,WBH,picture,island,nature,0.0513750652793188,0.0893870128547223,-0.044014416306655,0.0016561912584365,-0.0931271699480705,-0.8095330379341161,0.1967702776252825,-0.0631945002230913
NUEx036,WBH,picture,leg,body part,0.0166633950045529,-0.0287898347361265,0.0018109731246259,-0.0330032089817926,0.0154240541614208,0.1687757405432939,0.158267917237548,0.0862647211730285
NUEx036,WBH,picture,bus,vehicle,0.0763709957069311,0.0293308669311965,-0.0508018637939183,-0.0506163823028734,-0.0497844218489883,-0.4442680023444089,0.4859103371936867,0.4066457288797232
NUEx036,WBH,picture,tree,nature,0.0362099027902743,-0.0698720485427342,0.0473435024266878,-0.0560878077581623,0.0247024503689483,0.6192933841664263,0.6056706047196799,-0.0770583810973329
NUEx036,WBH,picture,island,nature,0.0145845172170429,0.0010921934045479,-0.0133535894062795,-0.0154995301513677,-0.00739229277414,-0.0930456798997112,0.1859460164841916,0.300151842971642
NUEx036,WBH,picture,crane,vehicle,0.0737690617402839,0.0438328387890655,-0.0272435421227894,-0.0390928355589178,-0.0722946400810437,-0.6779704326212735,0.6589483306031302,0.2163667010589045
NUEx036,WBH,picture,mountain,nature,-0.0088878275576832,0.0649244246640455,-0.025320325879453,0.0424222727750279,-0.045254338461237,-0.519002370219594,-0.2093920151913791,-0.1049318017424081
NUEx036,WBH,picture,dog,animal,0.0070589693387958,0.014929543012319,0.0121343337045401,0.0110597928365693,-0.0172728181708349,-0.1493937033719168,-0.0115517023973305,-0.2879686662810172
NUEx036,WBH,picture,subway,vehicle,0.0457966596757583,0.0357828109607501,0.0140160381179767,-0.0068900300451061,-0.056009760971411,-0.5785069556830393,0.4913773511159878,-0.4255865184692795
NUEx036,WBH,picture,boat,vehicle,0.0140679043680985,-0.0339170707256249,-0.0334986137215653,-0.0387936068139403,0.0204807641299525,0.2060701229133315,0.188644776059831,0.6014330380724686
NUEx036,WBH,picture,saw,object/tool,-0.0407923739366048,-0.0805903504442495,0.0197054801294962,-0.011418691852944,0.086250169412917,1.039891063903375,-0.2168506422271149,0.1640084524361055
NUEx036,WBH,picture,deer,animal,0.0413562199132311,0.040923603636973,-0.020010213776207,-0.0138297600694262,-0.0546073046919965,-0.6824866753671458,0.3817897316410282,0.1842229049928333
NUEx036,WBH,picture,knife,object/tool,-0.0241994449206447,-0.0006276876624404,-0.0130975880844299,0.0155437038831102,0.0165072425113364,0.1085165337339862,-0.3816676539111366,0.2174303663588458
NUEx036,WBH,picture,pear,food/fruit,-0.0188469639749076,0.0052849182517756,-0.0269285458843039,0.0086786940260275,0.0101438072957974,-0.0482459155612432,-0.3217168407937187,0.5079312711723081
NUEx036,WBH,picture,train,vehicle,0.0900713639537241,0.0028990558478902,0.0551941170633904,-0.0394712319768304,-0.0597228324181068,-0.1935490940410222,0.883399113474224,-0.6670397094589874
NUEx036,WBH,picture,mountain,nature,-0.0908568779375725,-0.1179375236060424,0.0312296575728272,0.0091971082070925,0.1438728726678441,1.36263019966597,-0.5381187860899798,0.0133410026685802
NUEx036,WBH,picture,bat(animal),animal,-0.0292631182507921,0.0683989303472992,-0.0785162422847539,0.0229502770302636,-0.0210054465828205,-0.6955663401333105,-0.4294398473040134,0.8805796287073948
NUEx036,WBH,picture,nut(food/fruit),food/fruit,-0.0125327542200291,-0.0105263652813873,-0.007793390247373,0.0007845718405363,0.016908661608751,0.1939241126728351,-0.1428532372551169,0.2791778075177911
NUEx036,WBH,picture,leg,body part,0.0343708563309337,-0.1034726643482997,0.0818554892302158,-0.0554648554650844,0.0427195905035576,0.944178552021341,0.6216224216283528,-0.5150650457233046
NUEx036,WBH,picture,nose,body part,0.0051737913849656,0.0612826781935299,-0.018528195514326,0.0328492635932585,-0.0507566278697167,-0.509664617685038,-0.1155650212250855,-0.0895776091433364
NUEx036,WBH,picture,tree,nature,-0.0543783431300404,-0.0474161944528329,-0.0493898508409823,-0.0101197685692763,0.0642694049690808,0.4323782721974502,-0.3224612635723515,0.6762814557201877
NUEx036,WBH,picture,hammer,object/tool,-0.0179381751965229,-0.0008190280435272,-0.0398418143449792,-0.0028759483253496,0.0141468829765715,-0.0186733968107936,-0.1754846821542892,0.7181901855358215
NUEx036,WBH,picture,orange,food/fruit,-0.0306807648620344,-0.0919847040299826,0.037437487734624,-0.0204540312951646,0.0853170681760224,1.128913776206972,-0.0288932578511754,0.028659799044515
NUEx036,WBH,picture,river,nature,0.0179663918277175,-0.0392180201369052,0.0325931376224167,-0.0251396918562429,0.0142463386544425,0.4342222168274964,0.3469467877715858,-0.2177344299403719
NUEx036,WBH,picture,bat(object/tool),object/tool,-0.0432756964125876,0.0742051626613059,-0.0934046313799304,0.0184853523723943,-0.0129003278030755,-0.5750496462069834,-0.4088705201229424,0.9278837421472332
NUEx036,WBH,picture,flower,nature,-0.0076290248124326,-0.0101890428690528,0.0004967488975455,0.0012632095435379,0.0128749482355165,0.1938908744409656,-0.1056885206934992,0.0570486422810421
NUEx036,WBH,picture,banana,food/fruit,-0.0183823474767385,0.0200516101486064,-0.0005251446271383,0.0284867650886508,-0.0055110865221012,-0.1807183677128425,-0.2945169234256787,-0.0578588349585454
NUEx036,WBH,picture,boat,vehicle,0.0367065139710938,0.0522200802986281,-0.0072608918411931,0.0024172401475913,-0.0627923713336792,-0.7470765508653395,0.2892716586425152,-0.1932748582365073
NUEx036,WBH,picture,bat(animal),animal,-0.0292561439880944,0.1003361374352806,-0.1078711677393162,-0.0001389623491512,-0.0239560642802153,-0.322857267764788,-0.1477958078582426,0.2201161325291267
NUEx036,WBH,picture,saw,object/tool,-0.0610777469316528,-0.01287974980954,-0.0633491693775184,0.0045510751523148,0.0424547409850072,0.1075331211712511,-0.3699629194428089,0.7929339043091932
NUEx036,WBH,picture,bat(animal),animal,-0.0221129129510451,-0.0521023952716337,0.0243033704086477,-0.0055871690314506,0.0503029042227667,0.5513511312391943,-0.0631257196418519,0.034920896153694
NUEx036,WBH,picture,bat(object/tool),object/tool,-0.0193406053645225,0.00619220709122,-0.03231895423894,0.0068561343122693,0.0103299949428006,-0.047384862960691,-0.1954617271032833,0.3214622263942397
NUEx036,WBH,picture,cherry,food/fruit,-0.0551466249791636,-0.0072471545583563,-0.0050170582007901,0.0405142070071106,0.0390949636672517,0.244716321015855,-0.6410817354601397,0.0753196508359737
NUEx036,WBH,picture,cat,animal,0.0477843534306539,0.0525664951982475,0.0039522165777199,-0.0026676289601154,-0.0702216249349539,-0.6977155864279122,0.3844288893153595,-0.2969519958967933
NUEx036,WBH,picture,hand,body part,-0.041861342364326,-0.0816446429533722,0.0441454794911415,0.000314941315933,0.0790579534298161,1.060245806056732,-0.2353323480891039,-0.258227168924778
NUEx036,WBH,picture,shark,animal,0.0335114695526902,-0.0138209734092557,-0.0060852238847651,-0.0392643717276611,-0.0076075954289778,0.0248521087044593,0.4772762050253304,0.3393346103611057
NUEx036,WBH,picture,bike,vehicle,-0.0080525515984688,-0.0165839200101283,-0.0119789581977085,-0.0085558750314499,0.019686086031906,0.240193813058606,-0.0450841694702207,0.436193538684646
NUEx036,WBH,picture,toe,body part,-0.0082297078164766,-0.0423174243360133,0.0548765925959689,0.0118855884643829,0.0149746046732099,0.4352062000925362,-0.0398840031031427,-0.7788546311881673
NUEx036,WBH,picture,bus,vehicle,-0.018889274868176,-0.0391468223154899,-0.035101925923337,-0.0233684133780932,0.0403904172532015,0.3544380867508634,-0.0450248391886075,0.8457761113046983
NUEx036,WBH,picture,sky,nature,0.0378847415316296,0.0236843298016348,0.0253367044578383,-0.0017857593781648,-0.0415614611864328,-0.31865238579706,0.3367039075332917,-0.5141204734836263
NUEx036,WBH,picture,sky,nature,-0.1213335046044163,-0.0670342282289128,-0.0375709270850559,0.0363591322696253,0.1279931649482405,0.9361435229832864,-0.99405599715133,0.7026782266686663
NUEx036,WBH,picture,milk,food/fruit,0.0104024058154375,-0.0379320197241817,0.0153849406450331,-0.0279662107761561,0.0222791866085989,0.3990353409459228,0.256651974345655,0.1066730404434051
NUEx036,WBH,picture,boat,vehicle,0.0173977350889983,-0.0049159874345877,0.0224979190183017,-0.0058394467799413,-0.0103086348107449,0.0509372869344129,0.2628307966482722,-0.3807568955085265
NUEx036,WBH,picture,banana,food/fruit,0.1586353481196923,0.0258996516811563,0.0195535285168581,-0.1061486683707317,-0.1163027451840354,-0.6213225632386692,1.6206970613475298,-0.1038347926800291
NUEx036,WBH,picture,beach,nature,0.0846752747657145,0.0737737731820632,0.0028290748448847,-0.0190791490050035,-0.1086324129037638,-1.0190690819208363,0.7430487172788187,-0.3815372753268833
NUEx036,WBH,picture,train,vehicle,-0.0462111327214261,0.0181234277133908,-0.0032794044525587,0.0490012640349621,0.0124961249577824,-0.0367230454262253,-0.6881309041770449,-0.1397449693312692
NUEx036,WBH,picture,book,object/tool,0.005688109783234,0.0763870842228267,-0.0740177961525484,0.0082872299498835,-0.0421613531517352,-0.8617463651017914,-0.1326557328279702,0.8274221476210278
NUEx036,WBH,picture,ear,body part,0.0192972636627083,-0.0404470677788484,0.0112541815823647,-0.0380537706967995,0.0197992157513666,0.4546459076143489,0.4211477555299283,0.2204679290801686
NUEx036,WBH,picture,mouse(object/tool),object/tool,-0.0540195329026696,0.0168541690712729,-0.019780316752183,0.0494619569295852,0.020844827092712,-0.0169964956394798,-0.8091072968638675,0.0957560015841415
NUEx036,WBH,picture,subway,vehicle,0.0678247743992947,0.0724994161478394,0.0462492631195013,0.0131339698797935,-0.086220505111456,-0.6679012543435704,0.3756620511738516,-0.9482702890598113
NUEx036,WBH,picture,airplane,vehicle,-0.0059736745204973,0.0245025376470873,-0.0083185663518365,0.0205328678549627,-0.0153930789976553,-0.2743440445285975,-0.1639444752487163,0.0598911368372354
NUEx036,WBH,picture,cow,animal,-0.0442693072182595,-0.11617861221584,0.0468313847687036,-0.0216488599034809,0.111241861307951,1.456568595818978,-0.137349413062203,0.0146396323388974
NUEx036,WBH,picture,orange,food/fruit,-0.0093067914179105,-0.0477276897729567,0.0232738007841733,-0.012926094389687,0.0393851259695954,0.6733658485304548,0.0249782692049052,-0.0651808913493981
NUEx036,WBH,picture,mouse(animal),animal,-0.0156928737282101,0.0032579317889497,0.0160970705336877,0.0215204282073374,0.0027346390769603,0.0579841519409396,-0.2146303824098133,-0.3217228800362102
NUEx036,WBH,picture,pizza,food/fruit,-0.038842580089661,-0.0275155638325344,0.0291042689024426,0.0247213939827681,0.0349140845533605,0.2411233254417179,-0.2025553840445118,0.045979721179946
NUEx036,WBH,picture,shark,animal,0.0437631372871427,-0.003143810455029,-0.024995618291668,-0.0429848404934535,-0.0168636611723034,-0.1538392557018165,0.5711039152912232,0.6157824213297463
NUEx036,WBH,picture,lemon,food/fruit,-0.1397837889612992,0.0177627479124781,0.0847731514273657,0.110140729526461,0.024577664983993,0.2079781346719235,-0.7102827624745582,-0.9101260652254451
NUEx036,WBH,picture,cookie,food/fruit,-0.0003655117081064,0.0291046728126878,-0.0009209660574874,0.0199722738564178,-0.0229315684425134,-0.3905184234383323,-0.1499513094807859,-0.1732843157701195
NUEx036,WBH,picture,lock,object/tool,-0.0996530773718986,-0.0833030373359059,0.0162240910853341,0.032792607685012,0.123566325920031,0.929069935468718,-0.5877202516180985,0.1956688902250891
NUEx036,WBH,picture,bike,vehicle,0.0019304913863498,0.0532845274211808,-0.0271236717687696,0.0246009629476577,-0.0410459877736593,-0.7306917927362157,-0.1807667863631867,0.1294837742589088
NUEx036,WBH,picture,lung,body part,-0.0575791709785909,-0.1371418684998539,0.1138484530732242,0.0134823367310074,0.0948745884080755,1.2796091359131168,-0.2051909893725066,-0.9787986307148944
NUEx036,WBH,picture,nail(body part),body part,0.0951130494966099,-0.0054996116179691,0.0356532281153483,-0.0654061151615389,-0.0575863300018633,-0.1853612096359736,1.0102506273310992,-0.2717659303946309
NUEx036,WBH,picture,muscle,body part,-0.0595308936506972,-0.0412801214093607,0.0602208998226205,0.0421093179670003,0.0320252299626069,0.4966465013933562,-0.4634697353437881,-0.8445216746581422
NUEx036,WBH,picture,tree,nature,0.0026886046325688,0.0171362382208033,-0.0012071842028407,0.0095074502013132,-0.0155696573984173,-0.2358674110202041,-0.0302187645918934,-0.0609167237736772
NUEx036,WBH,picture,book,object/tool,0.0042928222936924,0.0116954200049812,-0.0295264408518122,-0.0061999506949193,-0.0070552316979778,-0.2112253083913435,0.0211662309509311,0.4990235572570924
NUEx036,WBH,picture,train,vehicle,0.0034583138707875,0.0328637640000866,-0.0423240507842902,0.0018493603766533,-0.0200476553355312,-0.455082264235052,-0.05959226654765,0.5274299580814792
NUEx036,WBH,picture,river,nature,0.0669508992955018,0.0197045550499607,0.0462691110587368,-0.0145528011340928,-0.0549212843305055,-0.2729425716730322,0.5772756683594534,-0.7112836717092558
NUEx036,WBH,picture,bear,animal,0.0154062340251666,0.0255406305012713,-0.0415535658869829,-0.0110142876220196,-0.0201057105111985,-0.3823300696721048,0.0770551220814489,0.5495302143079998
NUEx036,WBH,picture,milk,food/fruit,-0.0171462603895924,-0.0202297597159093,0.0081065525192838,0.0051646738468364,0.0246976058322076,0.3992093299065523,-0.1960042217914672,-0.0317117096376465
NUEx036,WBH,picture,leaf,nature,0.0221877931959574,0.0246579358327168,0.0228483161234547,0.0076014866705711,-0.0331029345217333,-0.2728346704941377,0.125969031834714,-0.3185419001251329
NUEx036,WBH,picture,beach,nature,0.0294766791228847,0.006262583025837,0.0173459233327723,-0.0110497654759133,-0.0250048383088495,-0.1549149356550268,0.3679652383663596,-0.2693253580495252
NUEx036,WBH,picture,bed,object/tool,0.106075608673702,0.117359743988167,-0.0419197118409361,-0.0245553035078693,-0.1487725730268866,-1.4982803574574288,0.8068251990317447,0.0517079139267471
NUEx036,WBH,picture,leaf,nature,0.0121548799257431,0.0912003779629215,-0.0176815615311375,0.0445465107001294,-0.0785633069656178,-0.8067211970582633,-0.1163212146275517,-0.1282306203730294
NUEx036,WBH,picture,chair,object/tool,-0.0928073097558359,0.0154558108822633,-0.0736079202741138,0.0462756967593159,0.0457717304714028,0.0004446160006617,-0.9526278063374298,0.878499598792403
NUEx036,WBH,picture,pear,food/fruit,-0.0613876298122293,0.1349462734684684,0.0266216864315001,0.1276706452572858,-0.0664740130822065,-0.8138498997465796,-0.840549283971153,-1.1227603461211897
NUEx036,WBH,picture,banana,food/fruit,-0.0043445822030044,0.0446815032735568,-0.0300148747952199,0.0226625965457372,-0.0292056930764188,-0.6419576039302479,-0.2463029213682918,0.2506078185646355
NUEx036,WBH,picture,truck,vehicle,-0.0390477850832271,-0.0642864339403392,0.0394951215266887,0.0078765228170877,0.0630669689908502,0.8598452308347391,-0.2784907445287856,-0.2982844963498436
NUEx036,WBH,picture,hill,nature,0.0317488816268194,0.0863000445775187,0.0329697568570504,0.037699388060715,-0.0776339878721586,-0.7461458583702189,0.0682670184210432,-0.908212500205974
NUEx036,WBH,picture,fly,animal,-0.0283710545350215,-0.1015083551137569,-0.0256970120495829,-0.0521931650992362,0.091902675427465,0.9128122751576804,0.0342224902899515,0.7220680568407234
NUEx036,WBH,picture,river,nature,-0.1127137203767978,0.0091679588402969,-0.0338726544928723,0.0873329342248324,0.0629598350494389,0.203406692061765,-1.0757062644696176,0.1242227463019314
NUEx036,WBH,picture,mouse(animal),animal,-0.0930560936756393,0.0646604033987193,-0.0727530034129176,0.0868201222362355,0.0124493090641107,-0.3852183897252167,-1.1036548272861284,0.3418085023009867
NUEx036,WBH,picture,dog,animal,-0.0296638001721304,0.0572907827896091,-0.0337841778033403,0.051454370142619,-0.0235149293258497,-0.6143935450257575,-0.6494425569542911,0.0665242144317912
NUEx036,WBH,picture,fly,animal,-0.040321692114326,0.0378582618501347,-0.060282819225084,0.0263945339290577,0.0011776071014979,-0.3361605566184797,-0.4429924956950309,0.5994594502550238
NUEx036,WBH,picture,hill,nature,-0.0407711545767888,0.0141660652107551,-0.0239065802451973,0.0365834981429851,0.0160074050809844,-0.0549240288299726,-0.5722227198474551,0.1944191129397648
NUEx036,WBH,picture,book,object/tool,0.0007349033301911,0.02007794351639,-0.0658765081888506,-0.0188972711927249,-0.0013657923988744,-0.2496828287106562,0.0153036314604922,0.9018498032915228
NUEx036,WBH,picture,knife,object/tool,-0.0265392764995142,0.120550365363654,-0.0640064169822011,0.0771353030740834,-0.0706621821904196,-1.1249161246818729,-0.6750370604339856,0.0007369982245673
NUEx036,WBH,picture,cherry,food/fruit,-0.0543621460518382,0.0365896876886954,0.0378888763759205,0.0620258539368084,-0.0051330216657144,-0.0492387705121579,-0.5821763806923668,-0.8981145018837764
NUEx036,WBH,picture,island,nature,0.0391955851362224,-0.0083274344182147,-0.0221761253569745,-0.0424542019863969,-0.0112527714094972,-0.0721336645810965,0.5142777760747155,0.560408363689938
NUEx036,WBH,picture,lock,object/tool,0.0170725745273855,0.0068521113363823,0.0016838947964736,-0.0082095937257424,-0.0162866943946378,-0.1605770033986028,0.2443458083704608,0.0229766419983329
NUEx036,WBH,picture,nail(object/tool),object/tool,-0.0009123711417593,-0.0181084675353017,-0.0064775151212015,-0.0134415948013468,0.0160716256942956,0.2418318125001507,0.0668703557924892,0.3685033674403561
NUEx036,WBH,picture,chair,object/tool,-0.0415606873647416,0.0083738501562914,-0.0310090277910385,0.028011197684224,0.0216161174377722,0.0050724086478737,-0.6554623842232513,0.4313618640616173
NUEx036,WBH,picture,muscle,body part,-0.1275424719479935,-0.1237239309339805,0.065139566139945,0.0490638500494578,0.1565448686628481,1.5777417361379005,-0.9606058840870548,-0.4267882673977405
NUEx036,WBH,picture,apple,food/fruit,0.0089610716588625,0.0290900835864783,-0.0122867319549991,0.0083434374446528,-0.0270537687953147,-0.468418620642108,0.004947205866114,0.0636337024113282
NUEx036,WBH,picture,nut(object/tool),object/tool,-0.0137940173379688,0.0137630020632987,-0.0203808295900062,0.0139686428370092,9.610021685474928e-05,-0.1630144132065887,-0.2744127738753056,0.2904798025120049
NUEx036,WBH,picture,hammer,object/tool,0.0621104196724331,0.0780571143159169,-0.0339591700458273,-0.0103026428470828,-0.092946181232019,-1.086586431317501,0.4473196831936936,0.1780398438810267
NUEx036,WBH,picture,cat,animal,-0.0762761742803121,0.0232727215669588,-0.0443917034122278,0.0609215824776959,0.0311666454621432,-0.048541398696886,-0.9406082408308152,0.3321103746676038
NUEx036,WBH,picture,shark,animal,-0.0015045298417447,0.0190935700339051,-0.0388235770165027,-0.0022269461548488,-0.0080455749316755,-0.291617432049808,-0.0722005612330559,0.5799297504602503
NUEx036,WBH,picture,subway,vehicle,0.0499086874073906,-0.0426515751607285,0.0508571451072948,-0.0415993179891715,-0.0055679411634246,0.3350698576559963,0.6538659321909613,-0.4507088571873268
NUEx036,WBH,picture,apple,food/fruit,-0.1001178130662152,-0.0318407961542098,-0.0509736167223229,0.0371014457737889,0.0861744785816209,0.5242479853453684,-0.8673685895944829,0.6090003389853463
NUEx036,WBH,picture,saw,object/tool,0.0305027020083098,-0.1927090471237264,0.0179844986110079,-0.1411580933931993,0.1303554495074771,1.4908621725159543,0.7692808347880932,0.7766916202889822
NUEx036,WBH,picture,toe,body part,0.0228697169114541,-0.0334238970844276,0.0271399497085222,-0.0293309070491099,0.0083231955273658,0.2879863999193119,0.3360311748273529,-0.0592599393848064
NUEx036,WBH,picture,bike,vehicle,0.0206116849368354,0.024925600245098,-0.0135889911507749,-0.0051698453668687,-0.031304085153261,-0.4161339298187825,0.184874674469116,0.1710056141812947
NUEx036,WBH,picture,truck,vehicle,0.0263979558793757,0.0369505943027487,0.0034362641750802,0.0048067115936888,-0.0450794477366482,-0.5413435565569082,0.2192612966110516,-0.2459478760345714
NUEx036,WBH,picture,bird,animal,-0.0299837720567251,0.0390968142691337,-0.0686180687445217,0.0084997087074124,-0.0023571788170973,-0.3949181036288581,-0.328794694683468,0.9092964067072916
NUEx036,WBH,picture,grape,food/fruit,0.0198770064532956,0.0270011639685866,-0.0092524800936263,-0.0017841846134559,-0.0332512997251367,-0.4058275494117233,0.1493637851599466,0.0628577192933013
NUEx036,WBH,picture,sky,nature,-0.0503552373115251,0.012334419438224,-0.0303874279496411,0.0386203281665097,0.0238473662977925,0.0062249379808547,-0.707154212809738,0.3130014551225256
NUEx036,WBH,picture,grape,food/fruit,-0.1191583848499844,-0.0528559957132245,0.0431002403771211,0.0789819221024745,0.0933249385278091,0.8007716102786532,-0.9933687065048968,-0.5033476871071274
NUEx036,WBH,picture,apple,food/fruit,0.0101497792331933,-0.0565770496370457,-0.0265575812663392,-0.0497164356382829,0.0382137771827163,0.4572985630419123,0.2796081134639452,0.6927277594428999
NUEx036,WBH,picture,cookie,food/fruit,0.0328345453812059,-0.0232019406895759,0.0242385326679864,-0.0316216194883359,-0.0054220465806816,0.1643938014489313,0.4173800716520441,-0.1135033656907358
NUEx036,WBH,picture,lung,body part,-0.0240328811844781,-0.030870750276566,0.0286632335936993,0.0135657150863324,0.029804024700589,0.3944291964628779,-0.2097322186024907,-0.2748495670576709
NUEx036,WBH,picture,wrench,object/tool,0.0168707939081876,-0.0435958975294528,0.0222886163697441,-0.033454705098885,0.0211925917443568,0.5373059306396702,0.4251659512229535,0.0525541734597216
NUEx036,WBH,picture,pizza,food/fruit,0.0112267479114411,0.0182879680891008,-0.0069298412563726,0.002016678553193,-0.0207513581570903,-0.2324708615329569,0.0410300793644305,-0.0110049421936232
NUEx036,WBH,picture,ladder,object/tool,0.0280171879872692,-0.0294107959363482,0.0145305099784354,-0.0363308893353421,0.0050391708616687,0.3027467541779142,0.5077183561292319,0.0669122144258069
NUEx036,WBH,picture,dog,animal,-0.0377867429206558,0.0750242147765265,-0.0307579621557526,0.0714565393933683,-0.0326005317393126,-0.6049768841252078,-0.648536057516831,-0.1785281213627516
NUEx036,WBH,picture,lung,body part,-0.007741626962889,-0.0539681977734401,0.0289082644429947,-0.0158750385731223,0.0418320867468877,0.7051796423053494,0.067968883271581,-0.1500154743306834
NUEx036,WBH,picture,knife,object/tool,-0.0642033335433447,-0.0347401931513924,-0.0155566816433701,0.0244475926651856,0.0674786881266333,0.6419746269213594,-0.7452602660469891,0.4236966074579196
NUEx036,WBH,picture,nail(object/tool),object/tool,0.0362617959538204,-0.0272261492841608,0.0126706311934931,-0.0422893009624559,-0.0015088620275275,0.2499256868797015,0.6553984398142354,0.1055441779393883
NUEx036,WBH,picture,nose,body part,0.0203066582785384,-0.1143313527302248,0.0371694640617182,-0.0784515714330491,0.0745207420055146,1.2193986985101617,0.6409942303112047,0.2549383701216571
NUEx036,WBH,picture,orange,food/fruit,0.0149890838042741,0.0966913591423478,-0.0583382762767777,0.0290470233142168,-0.0741394077103025,-1.2082874469820268,-0.1763590582095145,0.3209097949491031
NUEx036,WBH,picture,cookie,food/fruit,0.0117946283132541,-0.0285835588276095,0.0179723198128792,-0.0199839398931555,0.0131360063654803,0.3807104739415176,0.2607168151669733,-0.0878144383047022
NUEx036,WBH,picture,deer,animal,0.067552513609906,-0.0074269279398064,-0.0497672555345767,-0.0602927148040739,-0.0165710363804144,-0.188787263168851,0.599325821372772,0.9438431852941456
NUEx036,WBH,picture,hurricane,nature,-0.0614092727539502,0.0820066849186517,-0.1042821286106269,0.0275973175392977,-0.0083739744323731,-0.3944079002000685,-0.4147761625883784,0.5081962441000197
NUEx036,WBH,picture,truck,vehicle,0.0409222153884729,0.0676676257727412,0.0310064241740625,0.0200916388725846,-0.0721629703413602,-0.5841109424756311,0.1815668592892841,-0.436461668366405
NUEx036,WBH,picture,nose,body part,0.0367081306357939,0.0259126106361197,0.0073841438544076,-0.0086564620910084,-0.0431168032876837,-0.4366900568934718,0.4013422276922813,-0.2618130947985874
NUEx036,WBH,picture,ear,body part,-0.0661446777574011,-0.0327169444434209,-0.0255359314751649,0.0221983382494324,0.0673292471462623,0.5877657537954173,-0.732995349881114,0.5712066957987534
NUEx036,WBH,picture,bird,animal,-0.0526421052924122,0.0321419371964697,-0.0691336448867771,0.0241493083825931,0.0115832303044169,-0.2977417788483826,-0.546590100939164,0.8726873449600963
NUEx036,WBH,picture,hill,nature,0.0131039614187191,0.0882388586839453,0.0206496910528436,0.0490392388507104,-0.072016662859847,-0.7392588149280108,-0.1122012080840084,-0.5919276867416601
NUEx036,WBH,picture,duck,animal,-0.0423480916851221,-0.0092628091412343,-0.021776062654156,0.0210114453794033,0.0353233337148791,0.2326843983645269,-0.5410429130220006,0.4212829814249578
NUEx036,WBH,picture,deer,animal,-0.0568895922781871,0.0274653670030271,-0.0513792687004222,0.0432116326509076,0.0160929982147526,-0.1818162905870957,-0.490807283521428,0.3728535438383254
NUEx036,WBH,picture,key,object/tool,-0.0199727967868365,0.0152531222362666,-0.0421984004095149,0.0075317426022244,0.0050279188092842,-0.1312903267343255,-0.224020424552796,0.4089061714985674
NUEx036,WBH,picture,strawberry,food/fruit,-0.0257976147389462,0.0142242710552758,0.0142192565254249,0.0337199480189627,0.0001986657539647,-0.0371357539592137,-0.4108477618512989,-0.4125106400387617
NUEx036,WBH,picture,car,vehicle,-0.0059380348523118,0.0438878549628396,-0.057450084623108,0.0051542119263828,-0.0190365286626527,-0.4484975607364614,-0.1502109839722842,0.5620094599286422
NUEx036,WBH,picture,mouth,body part,0.0306944108718765,-0.0909313217607891,0.0511051136131838,-0.0650778900098718,0.0453153271820645,0.8628979631500665,0.5962186334963341,-0.0302024186208908
NUEx036,WBH,picture,flower,nature,0.0025726097379938,0.0779769597614941,0.0167123380565422,0.0500890843744437,-0.0585104109970948,-0.633208933499618,-0.1945586475013067,-0.6814477219210813
NUEx036,WBH,picture,duck,animal,0.0669035048019918,0.0854072348095122,-0.019269390760621,-0.0051018870019924,-0.1054102710651924,-1.0685533787320955,0.4743040317280801,-0.1293475987531044
NUEx036,WBH,picture,crab,animal,-0.0171300358220381,0.148251141671701,0.0046096880832504,0.1083820863024918,-0.0994720707825162,-1.0593811243247986,-0.5783490074960915,-0.9336023927928307
NUEx036,WBH,picture,ladder,object/tool,0.0577787151793135,0.10074371290385,-0.0421540639298709,0.004500857295086,-0.107021152535663,-1.348575456400937,0.3557423582380994,0.0834611837409775
NUEx036,WBH,picture,bus,vehicle,-0.0073215399049555,0.0038904774817394,-0.0431989151974107,-0.0093957009874728,0.0058571144210555,-0.1114883470261093,-0.0594428482722207,0.6738994107237551
NUEx036,WBH,picture,lemon,food/fruit,-0.0154538445265205,0.0537568759080492,0.0279276982466694,0.0472543008975822,-0.032057086525432,-0.3677618598958571,-0.2816396403333344,-0.6884274782912959
NUEx036,WBH,picture,hammer,object/tool,-0.0159310740914537,-0.0060915177581209,-0.017785361855411,0.0024994279955797,0.0163912275508063,0.0908197536032062,-0.1798175301827929,0.4172595676110668
NUEx036,WBH,picture,key,object/tool,-0.0299983515005728,-0.0308685325010371,-0.0081755228373471,0.0015331193177404,0.0440828193326745,0.4640130719244154,-0.2574909747586391,0.3102577700399722
NUEx036,WBH,picture,taxi,vehicle,0.0051227468263971,0.0136780892470142,-0.005349103848927,0.0036409277419564,-0.0132791683501919,-0.2329500711541523,0.0176190460739024,0.0630891866589831
NUEx036,WBH,picture,key,object/tool,0.0074978931700099,-0.0274598266030889,-0.0115373665479731,-0.0287147802511566,0.0187105906833109,0.2616156411872797,0.2208422899735987,0.4668986481520094
NUEx036,WBH,picture,strawberry,food/fruit,-0.071384329238536,0.0372326633994126,-0.049400655122363,0.0641258968251138,0.0181446121096723,-0.2169566520000961,-0.8495178069805901,0.317151769236223
NUEx036,WBH,picture,leaf,nature,0.0716504116195218,0.0664879038346756,0.0179800141479532,-0.0078085591379332,-0.0942814109041984,-0.8345477874543205,0.5852737616614636,-0.492800270277431
NUEx036,WBH,picture,lemon,food/fruit,-0.0787094106598792,0.1191848867485513,0.090645364963334,0.1008417961366279,-0.0430088098122788,-0.2725757255826919,-0.5184582927941446,-1.5819837578858529
NUEx036,WBH,picture,bat(object/tool),object/tool,-0.0344509585667289,-0.0385063361065629,-0.049651833425679,-0.0189081579176963,0.045392466239484,0.2836418171840414,-0.1343638758479198,0.8556307909785215
NUEx036,WBH,picture,pizza,food/fruit,-0.0405005129026436,0.0082645682494004,-0.0054317348703714,0.0379786114957504,0.0176536139895878,0.0619909515787091,-0.6308014707411024,-0.0488604186168317
NUEx036,WBH,picture,grape,food/fruit,-0.1537853238531857,-0.1168817666478201,0.0167494393242401,0.0553322651158456,0.1831788578427748,1.5970602918151338,-1.2336383372571087,0.2307355914239176
NUEx036,WBH,picture,airplane,vehicle,-0.0352141815787286,-0.0127549143577945,-0.0176700568559903,0.014157060051546,0.03342442178438,0.2732483346486581,-0.4446045529033756,0.3947925268797305
NUEx036,WBH,picture,taxi,vehicle,0.0473833610063573,0.0265805565367747,0.0123124603823901,-0.01519064126977,-0.0511007263360683,-0.3613150650974306,0.3992892111965901,-0.1978111092118258
NUEx036,WBH,picture,nut(object/tool),object/tool,-0.0441127794005028,0.0281289561537187,-0.020511541057511,0.0485862555226756,0.0063909257328011,-0.176523022499052,-0.7206162235926862,0.0254869968012455
NUEx036,WBH,picture,crab,animal,-0.130108753541684,0.0734941485426827,-0.0107545277711226,0.1469554360061743,0.0170288053682169,-0.2753937947561071,-1.665362185645986,-0.6280102769092886
NUEx036,WBH,picture,hand,body part,-0.0485833437576562,-0.1167845106518182,0.0428644655082658,-0.0201689548610983,0.1154404571916089,1.5275542607314436,-0.2055787472282492,0.0476515044755705
NUEx036,WBH,picture,duck,animal,0.0189635435941105,0.0378832830389786,-0.0200356009688481,0.0028657761018522,-0.0386614491502679,-0.6201727193744785,0.1244199550688358,0.1713050694329583
NUEx036,WBH,picture,fly,animal,-0.1173564792207969,0.0952597794695042,0.0036982782944888,0.1497943011399654,-0.0092596615378425,-0.4738067034511488,-1.4861843099807712,-0.8563747246251592
NUEx036,WBH,picture,bear,animal,0.0187338906267493,0.0473435050900286,0.0060226014407144,0.0186478837357667,-0.0485933892905204,-0.5198222108512275,0.0429593668095346,-0.2631700891537976
NUEx036,WBH,picture,taxi,vehicle,0.0084129444796375,-0.0131172274650979,-0.0128274671098529,-0.0199752019939526,0.0073396317692202,0.1176051625461438,0.1995514964332333,0.4914460123911356
NUEx036,WBH,picture,crab,animal,-0.1259477066887745,0.0527207417747639,0.019302629020844,0.1323753265403787,0.0236235273807998,-0.0290221826529381,-1.3392527527200626,-0.8005579075252703
NUEx036,WBH,picture,mouse(object/tool),object/tool,0.0165032675512622,0.0077592212092133,-0.0074879545010111,-0.0107727864528147,-0.0151893361302653,-0.190231566036703,0.2100086056187627,0.1733860521908057
NUEx036,WBH,picture,beach,nature,0.0538013703312262,0.0770315448122521,-0.0381767162213014,-0.0067940913506817,-0.0864046143787697,-0.9248139852371698,0.3165728554971089,0.1219485681304435
NUEx036,WBH,picture,car,vehicle,-0.053532074002984,0.0606095002608938,-0.0534619470663673,0.0631240919789886,-0.0110081778238754,-0.5407205303161075,-0.7056237177075683,0.309144418730145
NUEx036,WBH,picture,airplane,vehicle,0.0265627721964735,0.0220789272704304,-0.0283804433214845,-0.016315495780665,-0.0279814575188,-0.3814224147076335,0.2520111867229261,0.375892066481102
NUEx036,WBH,picture,muscle,body part,0.0613190418026319,-0.1500055088248688,0.1072125240446532,-0.1015480212545179,0.0614713721593761,1.1962459895798496,0.9045003289660428,-0.5273902923858841
NUEx036,WBH,picture,mouse(object/tool),object/tool,0.0451739720183279,0.0100946761362211,0.0173360998649973,-0.0221601475213459,-0.0372080974929266,-0.2682507255702081,0.5539620725271954,-0.2180631414422282
NUEx036,WBH,picture,chair,object/tool,-0.0965053328276167,-0.0126514682449701,-0.0397539273882905,0.0548278663473505,0.07120968872749,0.3994702958954463,-1.0578394136517042,0.466683827775502
NUEx036,WBH,picture,ladder,object/tool,-0.0168298903807057,-0.0313466027999103,-0.0261995330269317,-0.0168693057665095,0.0358222266875552,0.3424658874456159,-0.0537662684746661,0.6212958475340531
NUEx036,WBH,picture,head,body part,0.0011890044881538,-0.1739570956119969,0.1196478771510799,-0.0584036656344886,0.1093032576792906,1.613430412755749,0.4151095519649895,-0.702614301869612
NUEx036,WBH,picture,bed,object/tool,-0.0557489765502826,0.1497781433980426,-0.091735736195862,0.1071501496268178,-0.07211213386271,-1.4551606648838118,-1.1072792513851224,0.3093877354861791
NUEx036,WBH,picture,pear,food/fruit,0.0054395190290209,0.0366027100813803,-0.0183600122197103,0.0143385707106239,-0.0310886013442493,-0.4184276446196592,-0.0487616791243605,0.0470133594616036
NUEx036,WBH,picture,strawberry,food/fruit,-0.0558769155867995,0.0233857493104791,-0.0126026003862663,0.058166859315527,0.0150490451503864,-0.0578588778296855,-0.6530456642981677,-0.0749758018461041
NUEx036,WBH,picture,nail(body part),body part,0.0039671337075461,-0.0846359079235488,0.0564843752089368,-0.0321788667263448,0.0525206692345462,0.8735413710359626,0.2343041902401878,-0.3104514278763973
NUEx036,WBH,picture,mountain,nature,-0.0093066345021275,0.0805101179367569,-0.0227784677652947,0.0529361760147747,-0.0565513665024328,-0.858142929726521,-0.3804698618226168,-0.1905571938472754
NUEx036,WBH,picture,cow,animal,-0.049456984830948,0.0722368071760729,-0.0814694562778276,0.042984452743926,-0.0137584135508811,-0.4892231910306422,-0.5472623384799113,0.4400963509278749
NUEx036,WBH,picture,nut(food/fruit),food/fruit,0.0321435632261786,0.0178775061657623,-0.0516515011266139,-0.0264401842966758,-0.0172369194771148,-0.3066153860527228,0.2176415695048391,0.6545758329203638
NUEx036,WBH,picture,milk,food/fruit,-0.0021555945210547,-0.0695087460275427,0.0242614844733877,-0.0343888363218897,0.0546163221583278,0.5686761589930379,0.0920581556350543,-0.0265715049001297
NUEx036,WBH,picture,toe,body part,0.017595010725453,-0.1573923588992549,0.0552709434873112,-0.0988454674270851,0.107830149069649,1.5591326062700814,0.6901475612227506,0.2094469194321384
NUEx036,WBH,picture,hand,body part,-0.1992046126094961,-0.046141630158166,0.0472235707446757,0.1471880912149341,0.1325658254156625,1.0329777682051366,-1.900416117973838,-0.8516249225184713
NUEx036,WBH,picture,car,vehicle,-0.0672403008642761,-0.003458222876345,-0.0616764080614536,0.0170050506629884,0.042660568713715,0.1099847123152001,-0.4659753424033164,0.5625559424994228
NUEx036,WBH,picture,flower,nature,-0.0999570417592331,0.0031025900846047,-0.0082999818215998,0.0822722019715598,0.0555866249935153,0.2626090721732743,-1.1692462427159849,-0.0427028264671821
NUEx036,WBH,picture,nut(object/tool),object/tool,-0.0585526968296012,-0.0461751497681284,0.014435718045702,0.0243303565571028,0.067732871575905,0.7993798826647315,-0.6298795668020177,-0.0350942480180183
NUEx036,WBH,picture,hurricane,nature,0.1420504300863148,0.0430480814760907,0.0169617994672542,-0.0821997994694826,-0.1198503866447978,-0.6738678796395606,1.260045944249653,-0.2114103034739775
NUEx036,WBH,picture,mouth,body part,-0.0722720701602346,-0.2799541680965606,0.1690011522845875,-0.0455922001363476,0.2283595351718043,2.400393461629,0.0014025502262016,-0.7405319449348682
NUEx036,WBH,picture,island,nature,-0.0853003504813932,0.1429481575077207,-0.0675279655835012,0.1403367489296767,-0.0545823617650131,-1.1437604157750565,-1.3682552824890246,-0.2059411208526355
NUEx036,WBH,picture,leg,body part,-0.0253630377060862,-0.0940019604046758,0.0568063495494826,-0.016426634568819,0.0759767078702415,1.005294508800925,0.0253694385379894,-0.2301361439748909
NUEx036,WBH,picture,bus,vehicle,0.0969752056266857,-0.0262326479166568,0.037308791180813,-0.0809778380787014,-0.0432738028000064,0.0089008634805889,1.1386464143097712,-0.1116507088425004
NUEx036,WBH,picture,tree,nature,0.063527340777535,-0.0379770513726128,0.0142037704610741,-0.0711791745158843,-0.0089307282736294,0.2356191356845434,0.8630561976048744,0.1275723744599463
NUEx036,WBH,picture,island,nature,-0.0507043812505471,-0.0147050407566838,-0.0206399136444105,0.025126969818017,0.0450490505152232,0.2831094097354845,-0.5158012264018519,0.3086369428965335
NUEx036,WBH,picture,crane,vehicle,0.023749503501386,-0.0294958363721038,-0.0008967418528049,-0.0384942545695818,0.0106118020142012,0.252193652823627,0.3506172751078313,0.2111386791291395
NUEx036,WBH,picture,mountain,nature,-0.0020048311414495,-0.0418189229858802,0.0376411819709232,-0.0072932543501186,0.024503326908251,0.5252020589052534,0.1093857438986336,-0.3397959206070793
NUEx036,WBH,picture,dog,animal,0.0190404593532258,-0.0586096298844985,0.0657262224325068,-0.0115237422027965,0.0143534669410124,0.4789378299433401,0.2606371824143616,-0.5966222946637679
NUEx036,WBH,picture,bed,object/tool,-0.0325209371821332,0.0314745588357695,0.0569207904688959,0.0349965274868192,-0.0162530116548609,-0.0621154580986783,-0.0721514347505895,-0.4079037342581766
NUEx036,WBH,picture,boat,vehicle,-0.0075320145459826,-0.0878347839481399,0.0798872011845682,-0.0057727167916216,0.0433711578178009,0.749804486736646,0.101268627772833,-0.5809345597744117
NUEx036,WBH,picture,saw,object/tool,-0.0072136602329672,-0.0101578868085201,-0.0069719037255189,-0.002791826254753,0.0136777502233109,0.1615103919561838,-0.0647938564634103,0.1957951318190771
NUEx036,WBH,picture,nut(food/fruit),food/fruit,0.011053907863919,-0.0196360981274823,0.0124542489758006,-0.0166768878593887,0.007271737829344,0.2196084225640216,0.2073183457687364,0.0163111876484787
NUEx036,WBH,picture,leg,body part,-0.0162613132113488,-0.1997372333577331,0.096803473600319,-0.0807772751237706,0.1533540201597039,2.0220449016835955,0.437745197068864,-0.1052291366975955
NUEx036,WBH,picture,deer,animal,0.0819062804114487,-0.0322906650749801,-0.0189901509841037,-0.0868638316321229,-0.0153591319590254,0.0604936861710045,0.727979866960708,0.3570769156049496
NUEx036,WBH,picture,knife,object/tool,-0.0630879294732019,-0.0640285674147254,0.0474346699473703,0.0297804483941673,0.0708669381431317,0.8739859125273368,-0.5216234866338164,-0.3957762900849377
NUEx036,WBH,picture,pear,food/fruit,-0.0126224492838515,0.0264520422668145,-0.0153160652061449,0.0237011734229662,-0.0113907848969547,-0.2870710875888959,-0.3142184614967437,0.0334019385539941
NUEx036,WBH,picture,mountain,nature,0.0351610042724394,0.099657606920503,-0.0071010483665077,0.0344897365674744,-0.0978873145567787,-1.232375231545352,0.0685685826254838,-0.512806239039671
NUEx036,WBH,picture,head,body part,-0.0370100911643779,-0.0913819260840629,0.0865598098517495,0.017046091901254,0.051463453377698,0.807383080560935,-0.1517624259290906,-0.8744596593854372
NUEx036,WBH,picture,leg,body part,0.0074479161013533,-0.1122682023914674,0.0572502578357538,-0.0566138033604983,0.0756327615822973,1.1791838937575905,0.4030867113570453,-0.1344669007642991
NUEx036,WBH,picture,nose,body part,0.0206463038314206,-0.0903712416785358,0.0396161142372952,-0.0616514368869104,0.0543617152699829,0.9140677311127384,0.5329299503243828,0.1121872622720045
NUEx036,WBH,picture,tree,nature,0.0799784034536237,0.0627036637283567,-0.0571773465248206,-0.0383822284800482,-0.0768451081100891,-0.9122639465834704,0.5988393615848514,0.627879643897695
NUEx036,WBH,picture,bear,animal,-0.0686693699618458,-0.0247887909493236,-0.0467879304194578,0.017349684274626,0.0607017538529492,0.3455471589170701,-0.5870903076719416,0.6480103613169351
NUEx036,WBH,picture,orange,food/fruit,0.01118538944335,0.0068057819662799,-0.0237687362565164,-0.0126090596068996,-0.0082391273862953,-0.1901617471259128,0.141817414358251,0.5107288559268296
NUEx036,WBH,picture,river,nature,0.0034734942623907,0.0304429607718079,-0.0197796426071558,0.0134202472500975,-0.0247366790628193,-0.2222372496773391,-0.0485621908951951,-0.0189577153987134
NUEx036,WBH,picture,bat(object/tool),object/tool,0.0793450448564516,0.0181365829090584,-0.0050664364033141,-0.0539830619732481,-0.0599887307182275,-0.4683810407870523,0.9284533552210574,0.1186634224047342
NUEx036,WBH,picture,mouse(animal),animal,0.0177082107084074,-0.0142241330473954,0.0161185499561054,-0.0162690581052046,-0.0017590217117382,0.1581413319774558,0.2797538409986075,-0.1386239429331097
NUEx036,WBH,picture,banana,food/fruit,0.0424242219996072,-0.1035201263980615,-0.015724162267193,-0.0978669520862225,0.0578292525622555,0.7231119506967894,0.6378100526383328,0.7601804758759537
NUEx036,WBH,picture,boat,vehicle,0.0586289591545927,-0.018157421883744,0.0381607747258142,-0.0409178349664719,-0.0261280093649562,0.0660612194677523,0.8068690900153997,-0.3716244491448404
NUEx036,WBH,picture,bat(animal),animal,0.0328201723360891,0.0619654046076928,-0.000431311872904,0.0145649374001158,-0.0680219248559473,-0.7768969082293771,0.1817549476497486,-0.3557868973656434
NUEx036,WBH,picture,bat(animal),animal,0.0565032804135187,0.0259310900779784,-0.0604582496959393,-0.0373091357541491,-0.0292592584622265,-0.4277278504659175,0.3555804722905131,0.8176112517934334
NUEx036,WBH,picture,bat(object/tool),object/tool,-0.074755962135253,-0.0964271487318859,0.0381643667819348,0.0164026870711829,0.1133122664780448,0.8896562068812365,-0.3641367191908976,-0.1606848078710719
NUEx036,WBH,picture,cherry,food/fruit,-0.0031170707886913,-0.009680502104637,-0.0145841804714889,-0.0085172135080899,0.0116037043917985,0.1275964065685681,-0.003135693784479,0.3998091629419125
NUEx036,WBH,picture,cat,animal,0.0425250643872355,0.0380224110964946,0.001184804137914,-0.0081638193666312,-0.0558396425149185,-0.5673098201754421,0.4023445380067761,-0.2226055721607585
NUEx036,WBH,picture,hand,body part,-0.1162571348897235,-0.1085636075548867,0.1237978894346192,0.0651708653104168,0.0775376053463228,0.9180714987505116,-0.542255078869337,-1.1280076251411784
NUEx036,WBH,picture,shark,animal,-0.0829759815834066,-0.0082207863806096,-0.0148387584310034,0.0603456003546627,0.0566722536236882,0.2701163640241976,-0.7681306220950949,0.0580183099812608
NUEx036,WBH,picture,bike,vehicle,0.0666243958604441,0.1034824462966077,-0.0184614378094402,0.0056918720991496,-0.1204233357285454,-0.8362735266681545,0.2389836610571376,-0.0259313466489081
NUEx036,WBH,picture,toe,body part,-0.0141175821193112,-0.1784147527400045,0.1277307051333136,-0.0449268901852733,0.1150925669811051,1.6745974041131466,0.3317919972233504,-0.75924094918312
NUEx036,WBH,picture,crane,vehicle,-0.026357819856136,0.0071903906523723,-0.0330548459504861,0.0129071415151257,0.0133853496514679,-0.044935369345485,-0.3091618152890491,0.4272571296995737
NUEx036,WBH,picture,bird,animal,-0.0243897131107122,-0.0248130073734403,-0.0073807804528694,0.0020155895473569,0.0364089799271277,0.3506562506326577,-0.2346956978343032,0.2129069567690646
NUEx036,WBH,picture,bus,vehicle,-0.0600160834901017,-0.0040624778767519,0.0152040270103311,0.0503588871506387,0.0326420948006923,0.2514887661200419,-0.611042383736055,-0.264098126521641
NUEx036,WBH,picture,sky,nature,0.0174733731396795,0.0021842984405066,-5.7795770271482494e-05,-0.0118318435371407,-0.0121335469447568,-0.08386186899281,0.2333412895716123,0.0310552366827785
NUEx036,WBH,picture,mouth,body part,0.020153063706602,-0.1072507753581425,0.0800945416555741,-0.0471374449335777,0.0549618323778737,1.1031450587517682,0.5029230774348065,-0.5223891603039057
NUEx036,WBH,picture,sky,nature,0.0107304879234713,0.0995169307927381,-0.0359678240581685,0.0453674369942514,-0.0808734184708551,-0.9765796384663324,-0.1968834596359012,-0.1802464445291088
NUEx036,WBH,picture,milk,food/fruit,0.0193814706226753,0.0426461520253803,-0.0150955641468143,0.0093764201929161,-0.045308983621948,-0.4326431255975288,0.0334224003543471,-0.0407469449168457
NUEx036,WBH,picture,boat,vehicle,-0.0813466849217781,-0.0426344418619559,0.02084228161923,0.0478119218865992,0.0748027641259015,0.7926794597494116,-0.9027210476793992,-0.2390765293095426
NUEx036,WBH,picture,banana,food/fruit,-0.0140371143444489,-0.0867233541238584,0.0259710627967788,-0.0369417238781462,0.0742266291299636,0.9379714477269564,0.1603515180453958,0.2088798137055763
NUEx036,WBH,picture,nail(body part),body part,0.0793504408641601,-0.128361047986352,0.0841410600617677,-0.1155076398531192,0.0411150894269897,1.0331567074672223,1.1257135315762734,-0.2785493187674988
NUEx036,WBH,picture,beach,nature,0.0011703214306217,0.0096140445692316,-0.0090858057745771,0.0034061258656707,-0.007701242131423,-0.1327957545153828,-0.0297371386767735,0.0901631581145744
NUEx036,WBH,picture,book,object/tool,-0.0581012585213044,-0.0813201677718578,0.0754307554565453,0.0271348237563263,0.0621237220135101,0.5315005127396933,-0.1153651336639679,-0.0805333953694757
NUEx036,WBH,picture,crane,vehicle,-0.0042398076499026,0.0258978625325377,-0.0116810561770959,0.0168116096857307,-0.0166188144697147,-0.3600583208502024,-0.1911179423876224,0.0232100125039798
NUEx036,WBH,picture,mouse(object/tool),object/tool,-0.0159034609985118,-0.0162386667799488,-0.0556277507057228,-0.0203760339572531,0.0192666663679851,0.0244885503304358,-0.0328339089906268,0.98116839601349
NUEx036,WBH,picture,subway,vehicle,-0.0314355857203788,0.1030738029917373,0.0200293649374037,0.0889589218406122,-0.0568972552666169,-0.6861220057289049,-0.5820579273336044,-0.8913402068214924
NUEx036,WBH,picture,airplane,vehicle,-0.0061033327209008,-0.0223845407919304,0.014147719067687,-0.0027750375826413,0.019001353069536,0.3017680621771466,-0.001863040269948,-0.0336951228540419
NUEx036,WBH,picture,cow,animal,-0.0361347122778167,0.0178657073119549,-0.0234042009255631,0.0350618107059508,0.0104803628449995,-0.090022287598271,-0.5704889817550779,0.1522295657621077
NUEx036,WBH,picture,orange,food/fruit,-0.0614243130381583,0.0089368206479475,-0.0654193132592213,0.017020331320366,0.0303241397698127,-0.0527796224969064,-0.4183171601591197,0.7045137234149442
NUEx036,WBH,picture,pizza,food/fruit,-0.0624661962879043,-0.0082381838264085,-0.0477240153984173,0.0232896380434049,0.0455231938630368,0.2009130831459466,-0.7021558854648493,0.7587278511997746
NUEx036,WBH,picture,shark,animal,0.0080316234284015,-0.0178074096788347,0.0120917837911329,-0.0125058269997532,0.0074799825120073,0.2580757591309333,0.2018753114971699,-0.0176441789992702
NUEx036,WBH,picture,lemon,food/fruit,-0.0404437709330083,0.0150154607781025,0.0442788819657114,0.0428027090099951,-0.0018358584888593,0.0687530601363662,-0.3370653304827696,-0.8007505140985515
NUEx036,WBH,picture,cookie,food/fruit,0.1158323665997266,-0.0355589098681152,0.0173366236156322,-0.1105248141175475,-0.0419464960875215,0.0525648382574164,1.4553750122146636,0.2312005449654538
NUEx036,WBH,picture,lock,object/tool,-0.0085275691334094,-0.0505593617336676,-0.0332310019052857,-0.03517474918051,0.0427647398181659,0.3626703832688862,0.0501442578421568,0.5046483567947531
NUEx036,WBH,picture,bike,vehicle,0.019216574236473,-0.0169281852593837,-0.0209593890126362,-0.032547898123382,0.0054402790517942,0.0840180664234408,0.3268783699346079,0.6246972021811544
NUEx036,WBH,picture,lung,body part,-0.0616175922601844,-0.1601263307700538,0.0553497097397502,-0.0343263967908015,0.1568209443139872,1.699173998148796,-0.0985387412255944,0.0912016465374883
NUEx036,WBH,picture,nail(body part),body part,0.0855302061499523,-0.0109719045279645,0.0745788182367715,-0.0212683322030414,-0.0461777317141055,-0.035583229788328,0.6098204857441166,-0.7229828774440062
NUEx036,WBH,picture,muscle,body part,0.1357526104960477,-0.1255322586998697,0.0904887636297858,-0.1583629536615408,0.0057476317180326,0.8574114437940157,1.5942903630956409,-0.3024967217073374
NUEx036,WBH,picture,tree,nature,-0.0301288319460354,-0.0162793080961709,-0.0159899663290245,0.008126714779633,0.0330193227268012,0.3038411274899771,-0.3605063781784941,0.4182535006685693
NUEx036,WBH,picture,book,object/tool,0.0089353471116671,0.0207546160477881,-0.0325755860764223,-0.0058880185732496,-0.0162170529200742,-0.3480748726612663,0.0612586058772034,0.5046154431549911
NUEx036,WBH,picture,train,vehicle,0.063195462962253,0.0771258395998447,0.0256737801630362,0.0094836403132344,-0.0946088556199389,-0.8755992578595918,0.4100085507601554,-0.6416639689973627
NUEx036,WBH,picture,river,nature,0.045822044240434,0.0876040785932541,-0.005285073668893,0.0185654005891314,-0.0953809617084755,-0.8611197433672152,0.1973067773041031,-0.3579402245082565
NUEx036,WBH,picture,bear,animal,0.1017186072237569,0.0433090661185191,-0.0574802082048836,-0.0644206291235439,-0.071248186829708,-0.765990917878174,0.8747207389245226,0.8338799847969091
NUEx036,WBH,picture,milk,food/fruit,0.0073159271470401,-0.0287088791418862,-0.0022268322438006,-0.0253131094077338,0.0195804177191413,0.3321985130907984,0.1882351669653748,0.284436971369118
NUEx036,WBH,picture,leaf,nature,-0.0556104094719283,-0.0742348168908275,0.0139863333019123,0.0026132523555991,0.0904153090507715,1.1287483254461648,-0.4719749406984088,0.2025469110340367
NUEx036,WBH,picture,beach,nature,-0.0328369686249792,-0.1139439791705238,-6.781576040815933e-05,-0.0490119007015236,0.1081754747955876,1.1238533248230005,-0.0066567730737517,0.4638156915670255
NUEx036,WBH,picture,bed,object/tool,0.0132133623176618,0.0057826343578477,-0.0049885554538952,-0.0079914689508494,-0.0117434116375712,-0.1371567739520219,0.1901420419432594,0.126177807831039
NUEx036,WBH,picture,leaf,nature,-0.0230893152399911,-0.0294035032218926,0.0049925762676271,0.0031775986581028,0.0377008193861446,0.3492018903287784,-0.1873171267995069,0.0692272504572062
NUEx036,WBH,picture,chair,object/tool,-0.0767258318347994,-0.0134979007523454,-0.0482927878622484,0.0316352881807911,0.058200831250433,0.2468651010144991,-0.6750361513808439,0.5550952760448801
NUEx036,WBH,picture,pear,food/fruit,0.0088336125617353,-0.0590945189971942,0.0524507597063516,-0.0187601764414099,0.0267497602424236,0.4522622804222391,0.1889734874142586,-0.2098580795379614
NUEx036,WBH,picture,banana,food/fruit,0.0148661100137157,-0.0009210882752064,-0.0171844700364332,-0.01816822730712,-0.0052155654802751,-0.0738015994004577,0.2425372054104522,0.4583155229100892
NUEx036,WBH,picture,truck,vehicle,-0.0228700464645298,0.0883726072026332,-0.0535816870567594,0.0566637687280025,-0.0494191684725857,-0.909748341293425,-0.5523199468816119,0.1190864697544263
NUEx036,WBH,picture,hill,nature,0.0467437849416021,-0.0830614686052443,0.0742578583925075,-0.054087537141639,0.0217461018286857,0.7163312110967862,0.6721104726645117,-0.5083951860864538
NUEx036,WBH,picture,fly,animal,-0.015650939060169,-0.0046488945901964,-0.0143970323039643,0.0055911367257665,0.0151519216202777,0.0771847827203269,-0.1810077943840031,0.2722211115256274
NUEx036,WBH,picture,cat,animal,0.0319660569876786,0.0338958025907537,-0.0213358080621274,-0.0107221182938076,-0.0423402219458216,-0.6121325567588708,0.3342510368466882,0.2546447604916921
NUEx036,WBH,picture,cherry,food/fruit,-0.0837011698585905,-0.0589147582286737,0.0352747159249114,0.0442831548423992,0.0843212988463351,0.9236338328188832,-0.7915796628126512,-0.3714449890704001
NUEx036,WBH,picture,dog,animal,0.0910994325784489,0.1162793247692729,-0.052496487090234,-0.0151592472239182,-0.1357429693672037,-1.5206922533931546,0.6367232764774482,0.2332035220891317
NUEx036,WBH,picture,fly,animal,-0.0632670079128352,0.0760536212297988,-0.0606903575873463,0.0781661990231402,-0.0147335096438296,-0.6176163015421995,-0.9326341019039932,0.2173993576240396
NUEx036,WBH,picture,hill,nature,-0.047259310859492,-0.0080373202823534,0.0038821670921128,0.0358977168165163,0.0327950321879295,0.2497024360918492,-0.5368166455624401,-0.0616135691934002
NUEx036,WBH,picture,book,object/tool,0.0709735419495616,-0.0218940419576826,-0.0240151931114316,-0.0727032842981487,-0.016942789585277,-0.0188204261482458,0.8154607966490313,0.6267455023084116
NUEx036,WBH,picture,knife,object/tool,-0.0205031319663102,-0.0053613947632013,-0.0090725901636676,0.0107780738857326,0.0174931271165244,0.0976356242118715,-0.2376084155225181,0.2192785766415566
NUEx036,WBH,picture,cherry,food/fruit,-0.1786602628379144,0.0947014378790235,-0.0250456357812234,0.1972251645393604,0.0308468868998316,-0.3508727316808404,-2.2637915564897533,-0.6013187789203944
NUEx036,WBH,picture,island,nature,0.0267548265261606,0.0007179138250066,-0.0380374783018755,-0.0295547231957122,-0.0078533178096684,-0.1417259312073639,0.2354301197066401,0.569782541309254
NUEx036,WBH,picture,lock,object/tool,0.0432545523870517,0.0241227979909874,-0.023154628449429,-0.0263808858553923,-0.0403750228477745,-0.4774245536757162,0.4461700025985726,0.3483102699335655
NUEx036,WBH,picture,nail(object/tool),object/tool,0.0104537810378149,-0.0152386142772359,0.0399662197649532,0.0053206061466113,-0.0034335289272269,0.1695018088939675,0.0886288050010413,-0.6229326629763305
NUEx036,WBH,picture,chair,object/tool,-0.0325071474783857,-0.0493347393957008,0.0264042774278966,0.0072062436657226,0.0517333437476057,0.6412364475447857,-0.2635457982441087,-0.1449169127403529
NUEx036,WBH,picture,muscle,body part,-0.0752520182280322,-0.13899446427733,0.0852564574460307,0.0075918961371851,0.131431706020558,1.6127732729980386,-0.3951124135167935,-0.5772754509114222
NUEx036,WBH,picture,apple,food/fruit,-0.0594520570018327,-0.0292535933817101,0.0080340084540991,0.0337909317599832,0.0558538610477249,0.5068713955841362,-0.6075918602034174,0.0021220681437855
NUEx036,WBH,picture,nut(object/tool),object/tool,0.0322977093576923,-0.0078918230506343,-0.0560117072337234,-0.0353465992975183,0.0008446386548396,-0.1036600615020982,0.1821899047969112,0.6262201665473439
NUEx036,WBH,picture,hammer,object/tool,0.032870433150501,0.0241736374173072,-0.0153825691427514,-0.0157083081910992,-0.0361597284590546,-0.5043987117718551,0.4124081260872081,0.2510162902498623
NUEx036,WBH,picture,cat,animal,-0.072901943380039,0.1092082948421521,-0.01369238363954,0.1226764140218723,-0.0410331900720119,-0.7688975793053386,-1.088977628257964,-0.6275925428557414
NUEx036,WBH,picture,shark,animal,-0.0237797651879173,-0.0299158594065739,-0.0484118682099508,-0.0200273316979845,0.0335759208941672,0.2151588554082495,-0.0930776497536596,0.9628183087890868
NUEx036,WBH,picture,subway,vehicle,0.0925450936376954,0.0192072692577878,-0.0032100735237172,-0.0643507041855017,-0.0684253900323495,-0.4367067678957391,0.877521080803185,0.0873046302481226
NUEx036,WBH,picture,apple,food/fruit,-0.1603666457558092,-0.0851600397565954,-0.0372972270897907,0.0550644955626244,0.1679416916007911,1.0844700112697403,-1.084001730130958,0.6674618011513707
NUEx036,WBH,picture,toe,body part,-0.1593170571200847,-0.134242366751985,0.084064307395049,0.0739729538411535,0.1747618630981149,1.769303085936382,-1.2617492505996466,-0.7676931876935508
NUEx036,WBH,picture,bike,vehicle,-0.0180619723877175,-0.0095390228114071,0.0003975070955272,0.0100886839754915,0.0181415016162651,0.1771846027937114,-0.2350694105900156,0.105612549325761
NUEx036,WBH,picture,truck,vehicle,-0.0182935289049178,-0.0038766590347324,0.0227773513888005,0.0202963536277787,0.0068658977704049,0.0799020869657079,-0.1468645800395079,-0.1961069458303106
NUEx036,WBH,picture,bird,animal,0.0363136697156332,-0.0053986650405446,-0.0287798250971255,-0.0389092128586108,-0.0101200742715246,-0.0902264717046776,0.3651507877676332,0.4893227674818401
NUEx036,WBH,picture,grape,food/fruit,-0.1182323070795488,0.0466093213246277,-0.0717058758819322,0.0970713577896901,0.0406987724594296,-0.1394530672577595,-1.2981368647553386,0.3734308155751989
NUEx036,WBH,picture,sky,nature,-0.0162131271438321,0.0630325131926809,-0.0257198299545536,0.0484242263771835,-0.0379039915492509,-0.4779764680517669,-0.2834160741045837,-0.1008301072850528
NUEx036,WBH,picture,grape,food/fruit,-0.017168953542828,-0.0325800872690248,0.0021797134863618,-0.0065161019671599,0.0366630698963158,0.4410015769908602,-0.0848738224935081,0.2249938680964544
NUEx036,WBH,picture,apple,food/fruit,0.0277504839444913,0.0514268507928225,-0.0345019892283356,-0.001216397110353,-0.0512793524385872,-0.7044577269825832,0.1638673054509915,0.2501266763141769
NUEx036,WBH,picture,lung,body part,-0.0190685460754325,-0.0157701733113297,-0.007182976211702,0.002924432565704,0.0250587663878219,0.2888385450026503,-0.2076037491689816,0.2520925432223773
NUEx036,WBH,picture,pizza,food/fruit,0.0184271247949794,-0.0398728863154601,0.005004311735591,-0.0395022187984748,0.0204562357802132,0.425567275859225,0.3879283071810922,0.2868002957140997
NUEx036,WBH,picture,ladder,object/tool,0.0515642792268519,-0.0124245275590369,-0.0485695759392441,-0.0513387348809113,-0.006591510976646,-0.1094998541604219,0.4704371789708544,0.9424505516770656
NUEx036,WBH,picture,dog,animal,0.0730556065468023,0.0144560916120331,-0.0460099643354649,-0.0562131412386905,-0.0374962062680993,-0.41861583930828,0.6658202763866635,0.7676005253999831
NUEx036,WBH,picture,lung,body part,-0.0913237230494921,-0.0439543132219712,-0.060778301861146,0.0110179615416114,0.0854389945231865,0.4214442047079394,-0.4563526920400457,0.6608294043128271
NUEx036,WBH,picture,knife,object/tool,-0.1031487112860456,-0.1471095974233425,0.0497138828164878,0.0079036785591232,0.1710516393872778,1.7900978048462042,-0.6146185158651366,0.0600624907132738
NUEx036,WBH,picture,nail(object/tool),object/tool,-0.1363109294047978,0.0048577324569285,-0.0084862971261111,0.1122938131757235,0.0752893938499572,0.3827144104519024,-1.5021427588382026,-0.1803441389180202
NUEx036,WBH,picture,nose,body part,0.0545452242368876,0.0301712738560014,0.0242002963664869,-0.0130076181577852,-0.0572558842066947,-0.4535775583037242,0.5152947301721357,-0.3650345166728511
NUEx036,WBH,picture,orange,food/fruit,-0.0516147288505804,-0.0121442026525162,-0.0199180433203188,0.0279407587927964,0.0429388965036157,0.3299684359390651,-0.6923466688177056,0.3793275302602811
NUEx036,WBH,picture,cookie,food/fruit,0.0192748472770592,0.0150300805186443,-0.0113045577850546,-0.0099063381162261,-0.0224604750031981,-0.297430307767041,0.2109786081705269,0.2079392641519357
NUEx036,WBH,picture,deer,animal,-0.0039692807630742,0.044047953581163,-0.0494861215468357,0.0106314102101423,-0.0231699847865853,-0.5915525088811384,-0.1865217424838294,0.6161466133020209
NUEx036,WBH,picture,hurricane,nature,0.0461001792508909,0.130820203754639,-0.0203996666316416,0.0419616371469842,-0.1288062773821242,-1.337213570494513,0.0791938287789942,-0.5098003639053097
NUEx036,WBH,picture,truck,vehicle,0.0917765026844779,0.0179461566307489,0.0048930921690771,-0.0614229986242854,-0.0686885805919215,-0.482939760692149,1.071702655330212,0.0033909307205255
NUEx036,WBH,picture,nose,body part,-0.0089910919397292,-0.0278354466272574,0.015484362646887,-0.0034601057161553,0.0246082089405308,0.4675878681906691,-0.0546264124875679,-0.0749493696131695
NUEx036,WBH,picture,ear,body part,-0.013016619794645,-0.0973039639423824,-0.0650791034666538,-0.0635076961658859,0.0653009448339513,0.509674290584967,0.1942803813297837,1.1425802567420795
NUEx036,WBH,picture,nail(object/tool),object/tool,0.0219683818846572,-0.1162961183205584,0.0296414166261092,-0.0839194677799608,0.076008940718606,1.2012992808751342,0.653066284800867,0.3693113797442751
NUEx036,WBH,picture,bird,animal,0.0246725711078525,-0.0193046500791103,0.002065969342762,-0.0331619106877199,0.0004008366828553,0.1323295059503404,0.4153763356842843,0.2657319232619822
NUEx036,WBH,picture,hill,nature,-0.065334578115056,0.0642428887684607,0.0056528623026635,0.0903792568564884,-0.0148037272857718,-0.3913846726136962,-0.8856731457960665,-0.6263365121551528
NUEx036,WBH,picture,deer,animal,-0.0202878882093766,-0.0167729130478309,-0.025479483063146,-0.0042793631708871,0.0273165519714567,0.2296635245513214,-0.1947640061771983,0.6210756734390086
NUEx036,WBH,picture,key,object/tool,-0.0835871492168385,0.0005315561662221,-0.0132750919025205,0.0650050764311443,0.050128806260612,0.2660555297100222,-0.9607260046402474,0.0348557831306299
NUEx036,WBH,picture,strawberry,food/fruit,-0.0605801852301996,0.1047970630635385,-0.0878213718777739,0.077142606577583,-0.0332944593242864,-1.0474233922914464,-1.0361080988250833,0.6279747815516186
NUEx036,WBH,picture,car,vehicle,0.0047054931404237,0.0919399602383979,-0.0084459837965906,0.0533138201019708,-0.0734248108176874,-1.014212970704674,-0.2752311894937025,-0.4764541308293706
NUEx036,WBH,picture,mouth,body part,0.0366782604757105,-0.0427155510283749,-0.0184525652952154,-0.0589223096128671,0.0159486408455401,0.2161527265521254,0.3161689983212872,0.2572268806731513
NUEx036,WBH,picture,flower,nature,0.0272280133144762,-0.0424548480516735,0.0366141681405609,-0.033377973853575,0.0107558901134392,0.4282255927404438,0.477970075409361,-0.1671254931519621
NUEx036,WBH,picture,duck,animal,0.0025790706967568,0.0174773024880429,0.0084658757606883,0.013630629909409,-0.0163109548908058,-0.1866369980529871,-0.0563185106548607,-0.288165157080677
NUEx036,WBH,picture,crab,animal,0.0229449176800448,0.0566212462488808,-0.0690677787830943,-0.0130644063592996,-0.029478451308251,-0.3727421595819162,0.023510485673963,0.3383563651494136
NUEx036,WBH,picture,ladder,object/tool,-0.0039861206222633,0.0606068647157912,-0.0720690047596505,0.0036603362388989,-0.0256130521692146,-0.637407337889253,-0.1478386355804323,0.8409200380882006
NUEx036,WBH,picture,lemon,food/fruit,0.0115868936157286,0.1298403632248986,0.0140905177533502,0.0758853873503464,-0.1027353986660005,-1.1420089992285425,-0.2805648233791992,-0.9418665053237432
NUEx036,WBH,picture,hammer,object/tool,-0.0586379430145903,0.0170061976920549,-0.0053363016402602,0.0573467913739087,0.0205837019349795,0.0209227450008234,-0.9204090699302736,-0.1612944825790475
NUEx036,WBH,picture,key,object/tool,0.0559398509481114,0.0275983453106575,-0.0408268727039168,-0.0365841941224223,-0.0427676281850784,-0.526425635178898,0.4898445110824642,0.6056403853562036
NUEx036,WBH,picture,taxi,vehicle,0.0946632919852641,0.00506590287961,0.0050055829395747,-0.0722271073487605,-0.0598658584677555,-0.3507049271701485,1.1139694736083348,0.1590109330076708
NUEx036,WBH,picture,key,object/tool,0.0440504407661902,0.0550674983243227,-0.0734052948935936,-0.0237889586064866,-0.0366159108998977,-0.6401310161047168,0.2068304633312129,0.940846802321632
NUEx036,WBH,picture,strawberry,food/fruit,-0.0260360800077884,-0.0232648834951495,-0.0260563569842925,-0.0047794186701801,0.0354814077459477,0.3272325725744243,-0.2393189335513583,0.6820719820425717
NUEx036,WBH,picture,leaf,nature,0.0170721409274955,0.0742155184366878,-0.002128239898912,0.0340065062479492,-0.0673868630412552,-0.93073929938468,-0.075119778923618,-0.490425104729259
NUEx036,WBH,picture,bat(object/tool),object/tool,-0.0506646951646953,0.0185979949265542,-0.0405469137360427,0.0378671008723419,0.019997446464587,-0.0923728854759138,-0.6533157096950575,0.4061648726546216
NUEx036,WBH,picture,pizza,food/fruit,-0.0680488334833058,0.0076021025224334,-0.0179726144039673,0.0552688270993912,0.0361946454715021,0.1548364947540278,-0.9344242321865937,0.0773476821363588
NUEx036,WBH,picture,airplane,vehicle,0.0043395431573816,-0.0198972169079657,0.0318477933059766,-0.0004856425903399,0.005370757664562,0.1968736707112997,0.0723824021709104,-0.2595466775827851
NUEx036,WBH,picture,taxi,vehicle,-0.0359794547063547,0.0352011853753748,0.0450884935159032,0.043363701332549,-0.0142805472380318,-0.1068700913206417,-0.1567133624420563,-0.3546821462925444
NUEx036,WBH,picture,crab,animal,-0.0591234789194822,0.0379141116003,-0.0287574095856696,0.0641186894341416,0.0080169108874175,-0.2861697084637301,-0.9870587476367392,0.0958825792687464
NUEx036,WBH,picture,hand,body part,0.0586129521896706,-0.1304931166810446,0.0539587177468545,-0.1155145825024299,0.0624200362508208,0.7952322029599244,0.5661482272845123,-0.0652719546082877
NUEx036,WBH,picture,ear,body part,0.0324726818261653,-0.0493353050477336,0.0157666080267941,-0.053679298120204,0.0190470129551028,0.347133075293155,0.3603687534902273,0.0475772953846206
NUEx036,WBH,picture,duck,animal,0.0698799072562984,0.0326024328267387,-0.0288209132861842,-0.0426981330843568,-0.059987040515807,-0.6113598528685977,0.7030694270520219,0.3536365806637233
NUEx036,WBH,picture,fly,animal,-0.0193207367079234,0.0143201829376607,-0.0029758816119273,0.0253994563816321,0.0002234881652409,-0.094420170118084,-0.323010784671177,-0.0613226195612888
NUEx036,WBH,picture,bear,animal,0.007542795724369,-0.0214973237252214,-0.0026672486421188,-0.0212204337721491,0.0136400494655555,0.2411984295120249,0.2034005536248836,0.2910750498174231
NUEx036,WBH,picture,taxi,vehicle,-0.0477515443729717,0.0033895976872568,0.008898292719703,0.0443525081646322,0.0217851537284736,0.1707678143901494,-0.7175988851050064,-0.3024410964237632
NUEx036,WBH,picture,crab,animal,-0.0096090705738915,0.0038081689121423,-0.0059001574355433,0.0101465064720719,0.0036842436395559,-0.0044432726285817,-0.1948534707244507,0.0641014731673674
NUEx036,WBH,picture,airplane,vehicle,0.0164145920731909,0.0746108362745534,0.0038142956804616,0.0362861671186361,-0.0670140725257812,-0.8705447312025354,-0.0703199050757165,-0.510910589853517
NUEx036,WBH,picture,muscle,body part,-0.0511901224644724,-0.080677663346228,0.0448612429573935,0.0095544282349454,0.0827792548069776,1.1021650398649396,-0.3790399503909551,-0.3168128114629914
NUEx036,WBH,picture,mouse(object/tool),object/tool,-0.0153617243480357,0.0199142622270367,-0.0393570456808401,0.0092437076991754,-0.0007911791022874,-0.2314686494959508,-0.2673381984390119,0.5153495243147517
NUEx036,WBH,picture,chair,object/tool,-0.0273645065261553,0.0759681740752118,-0.0087457278069043,0.0687460457870219,-0.0414085364712361,-0.6992205831749432,-0.6246638169942641,-0.4482725741892449
NUEx036,WBH,picture,ladder,object/tool,-0.0282062551782093,0.0295637145935825,-0.0345904490655738,0.0291324492010248,-0.0022402396957474,-0.3449956288937226,-0.5374343433153995,0.4056861264736446
NUEx036,WBH,picture,head,body part,0.0295255702830909,-0.042449152601943,0.0584601959898454,-0.0125819404112768,0.0014756559915012,0.3456797111306104,0.3176596386614117,-0.6147687152151429
NUEx036,WBH,picture,bed,object/tool,0.0683858770311508,0.0314883078452805,-0.0493077936427103,-0.044324367673053,-0.047955451804292,-0.623701394995525,0.6099250453491813,0.7851201167875465
NUEx036,WBH,picture,pear,food/fruit,-0.1091715297870715,0.0354453974595378,0.0185411842892214,0.1093424480974481,0.0279721067308651,0.0360630022000875,-1.1066617839632913,-0.5937985100635119
NUEx036,WBH,picture,strawberry,food/fruit,-0.0108881880489037,0.1288824981016943,-0.0948442754822021,0.0485123084027845,-0.0725422979333023,-1.1716728672299463,-0.3989695312093595,0.5647600210645217
NUEx036,WBH,picture,nail(body part),body part,0.0131833699329995,-0.0239186342881062,0.0185178229374999,-0.0177195381828698,0.0081724179554584,0.3255381662858925,0.2877059284838957,-0.1292167610602726
NUEx036,WBH,picture,mountain,nature,0.0230431203953401,-0.0404786043692307,0.0463160347795962,-0.0179106314215293,0.0079026458185662,0.3833075858548612,0.3023326271788019,-0.4639585998466835
NUEx036,WBH,picture,cow,animal,-0.016637041987735,0.0731662353222093,-0.0163491423221089,0.0567743703278073,-0.0458954103362354,-0.7858247669503109,-0.5065621519359436,-0.3001608646610803
NUEx036,WBH,picture,nut(food/fruit),food/fruit,-0.0166869445319604,0.0062228139802237,-0.0102654169262005,0.0167070968013338,0.0064181360284717,-0.048636215473255,-0.1866854455071048,0.1491084200467327
NUEx036,WBH,picture,milk,food/fruit,0.0358389853719103,0.0656278279876688,0.0310685403385835,0.023850762892963,-0.0660462693189906,-0.5168993206528536,0.1286905748503548,-0.588373776386187
NUEx036,WBH,picture,toe,body part,-0.1091825358866716,-0.2203663443061445,0.1469641130254392,0.0121720658468698,0.1957054301769837,2.248496468604006,-0.5321383991764626,-1.0901674753368122
NUEx036,WBH,picture,hand,body part,0.0328270407424244,-0.0266381835042382,0.0386069130025392,-0.0232319195844302,-0.0057165215972299,0.2396418078392221,0.4516583576461458,-0.4111243063475877
NUEx036,WBH,picture,car,vehicle,0.0924412511213252,-0.1158586861707546,0.1480790272839299,-0.0211668189778373,-0.0002094058675463,0.6364313544906053,0.5448590597242404,-1.2530707679457125
NUEx036,WBH,picture,flower,nature,0.059907946977965,0.0804227784559472,-0.0234510153770407,-0.0029732315669796,-0.0962688270164924,-1.136204404425455,0.4394598175695699,-0.1021953904336311
NUEx036,WBH,picture,nut(object/tool),object/tool,0.043789857128684,-0.0442476213383231,0.0750259935309901,-0.0015270672495569,-0.0109521535504164,0.243817293738733,0.3052428488476649,-0.8284677392346531
NUEx036,WBH,picture,wrench,object/tool,0.1069135118090332,-0.0544840707226474,0.0308797613482835,-0.1117913697280839,-0.0234837559153445,0.2463464815352795,0.9939041857417512,0.1061635752597319
NUEx036,WBH,picture,cow,animal,0.0418560238412205,0.0325161953582426,-0.015400672377817,-0.0192155715788433,-0.0496091712433566,-0.4866624432562718,0.363654722006158,0.1561218963824346
NUEx036,WBH,picture,hurricane,nature,0.0721566063311268,0.1411461855565308,0.0230316625722527,0.0407824880732087,-0.1487110277841055,-1.2898807560366077,0.2910464175694374,-1.0085111356275105
NUEx036,WBH,picture,mouth,body part,-0.0603634151992356,-0.0034306745289173,-0.0137966533186297,0.0432972569530827,0.0403659743677341,0.2469917961779565,-0.8402754187980275,0.1871700916177319
NUEx036,WBH,picture,hurricane,nature,-0.0333320106795556,-0.0753265194707996,-0.019006854058961,-0.0293788997074011,0.0792222075363497,0.5366609408413281,-0.0716420771224298,0.1596222384824265
NUEx036,WBH,picture,lock,object/tool,0.1572379363393674,0.0052034668206176,0.0306528120596885,-0.113746886309238,-0.1010512988974394,-0.4214341253890682,1.6037607501197615,-0.1982570945287882
NUEx036,WBH,picture,island,nature,0.0026242577425137,-0.0381760118817799,0.0148217601078599,-0.0213424746887507,0.026986911734428,0.5029866912948161,0.19420356027694,0.1203709972041091
NUEx036,WBH,picture,leg,body part,0.1003519827527243,-0.0528774576017484,0.0383862044018521,-0.1022865599939734,-0.0231540420826931,0.307223164543882,1.3131529832643334,-0.0306242459048205
NUEx036,WBH,picture,bus,vehicle,0.0315442706470317,-0.0188359608119926,0.0260620122604934,-0.025741341784401,-0.0083919620476143,0.1580424021336081,0.5029615308819557,-0.2035966177196154
NUEx036,WBH,picture,tree,nature,0.0244211378490918,-0.0200637106185261,-0.0175022077401416,-0.0377881862779516,0.004598755341326,0.1014627546252383,0.3355726074951803,0.4475787621078219
NUEx036,WBH,picture,island,nature,0.012893634266947,0.0166442623503954,-0.0279897957257359,-0.009470333245385,-0.0162115304685259,-0.2811293238078423,0.1183482718566274,0.4092276051011145
NUEx036,WBH,picture,crane,vehicle,-0.0301786414917041,0.0581910990738882,-0.0045274014371128,0.0606833632744044,-0.0270363974178944,-0.5144436841861246,-0.5844710373527868,-0.3949769045625473
NUEx036,WBH,picture,mountain,nature,-0.035841769593635,-0.067396004130075,0.0140128208992209,-0.0094152272853345,0.0732802491098535,0.9553537236272152,-0.2257114928827396,0.1777062248731906
NUEx036,WBH,picture,dog,animal,0.0599876884747416,0.0645100635613862,0.0043354965075122,-0.0040916228073257,-0.0865345164619212,-0.9158782129240938,0.5345271395830535,-0.4202766221579117
NUEx036,WBH,picture,subway,vehicle,0.0989905045649535,-0.0347250857457044,0.0582602761051151,-0.0754718928560256,-0.0407440889722816,0.1137780804736805,1.1635242602302942,-0.3876188557815744
NUEx036,WBH,picture,bed,object/tool,0.0087329091715507,0.1292691545914348,-0.0235083794601115,0.0702007975352476,-0.1043308990328288,-1.4030562940251745,-0.3491988193873295,-0.4911161215477372
NUEx036,WBH,picture,boat,vehicle,0.066925056471791,0.0529222641091063,0.0389831004705248,-0.0012055053363364,-0.0766936201496087,-0.5764665758127486,0.4917311864459678,-0.6537250705418693
NUEx036,WBH,picture,saw,object/tool,0.0067108866597262,-0.0232026119180797,0.0284473987927136,-0.0062764011460327,0.0082327371332344,0.2734416576219697,0.1194650174809243,-0.2713940974076385
NUEx036,WBH,picture,nut(food/fruit),food/fruit,0.0022415537769009,-0.0149338757125721,-0.0109721500031605,-0.0151031329257616,0.0124348924211909,0.1684271032444604,0.0700971378518051,0.3638833692635737
NUEx036,WBH,picture,leg,body part,-0.0268209891994599,-0.1571938418489324,0.1174876145835111,-0.021568332988674,0.1042288195789255,1.43751094589069,0.1091181925155267,-0.7843350092621453
NUEx036,WBH,picture,deer,animal,0.0250138945291993,0.0094403666077503,-0.0152631494237963,-0.0193818810042826,-0.02001886972787,-0.2582710564639968,0.2914472614125518,0.3285258174713551
NUEx036,WBH,picture,knife,object/tool,0.0740140837132861,0.0853122972326008,-0.0044444759567776,-0.0050172349312661,-0.1109198013594955,-1.1999706172558091,0.608458601797688,-0.3248017876091879
NUEx036,WBH,picture,train,vehicle,0.0151539598355929,0.0421129790958955,-0.0065093529124913,0.0144981727999993,-0.0419331483384214,-0.5655266646870551,0.0184821060829369,-0.1766043475379631
NUEx036,WBH,picture,mountain,nature,-0.0226955104596577,-0.0284181484705485,-0.0291746106903291,-0.0118418655061091,0.0372025144259654,0.3061825160964603,-0.1614715952079291,0.639111279893007
NUEx036,WBH,picture,head,body part,0.1289140155565048,-3.172181512314872e-05,0.1066663016728288,-0.0165035802859564,-0.0675816471188068,-0.1120511929876232,0.554544669778355,-0.9646852842799472
NUEx036,WBH,picture,bat(animal),animal,0.1266404075002123,0.0367167450653806,-0.00023071425819,-0.0793252573765328,-0.1031535123267448,-0.7538060917058839,1.3592605586303548,0.0073145637994215
NUEx036,WBH,picture,nut(food/fruit),food/fruit,-0.053027289291729,0.0705129877878191,-0.001780207208374,0.0857525166832288,-0.0235992374864278,-0.4680287433149799,-0.7829692162374877,-0.4687380089858139
NUEx036,WBH,picture,nose,body part,0.0063099020106037,-0.0295992062948469,0.0116205530682156,-0.0203074085926199,0.0184797714480279,0.3292739075853311,0.1871439330926617,0.1062871046337775
NUEx036,WBH,picture,tree,nature,0.0339516962191066,-0.0165724510904924,-0.0469902945726626,-0.0422877306291104,0.0024021719006088,-0.0400032295790589,0.3245276378008832,0.8989102920858377
NUEx036,WBH,picture,hammer,object/tool,-0.1024481387530482,0.1304962403913428,-0.1067797243953655,0.1223298000389738,-0.0282946131174236,-1.1523292561668603,-1.539149107383573,0.6263392835091468
NUEx036,WBH,picture,orange,food/fruit,0.0875831032418992,0.0337538539227153,-0.0180964122851765,-0.0539235281349939,-0.0742214690156154,-0.6835916107406346,0.9198011413682358,0.2554877663303334
NUEx036,WBH,picture,river,nature,0.0555727955037872,0.0087180540349807,0.0074839729861112,-0.0364698640000915,-0.0410702605422801,-0.2800696074423389,0.7285917686865839,-0.0475910059521071
NUEx036,WBH,picture,bat(object/tool),object/tool,0.0474147728133123,-0.0246188083474544,0.0089855209748545,-0.0537173783328686,-0.0104295781839733,0.0534739913952976,0.4717952792259773,0.1590701880605656
NUEx036,WBH,picture,flower,nature,0.0521562666785947,0.0423818940362202,0.0082993197641289,-0.0096081439488924,-0.0653370857586448,-0.6412272333653546,0.4720829472589841,-0.3122488065658026
NUEx036,WBH,picture,mouse(animal),animal,-0.0145752581558644,0.013464733907732,-0.0156574717344725,0.0168479809643783,0.0001443067947309,-0.0994870287214121,-0.2436653606034457,0.0967671885981045
NUEx036,WBH,picture,banana,food/fruit,0.0038405591416903,-0.0016577686531733,-0.029341990034068,-0.0142245994563073,0.003048101794938,-0.0510581230498326,0.0464269646313495,0.5886088668243293
NUEx036,WBH,picture,boat,vehicle,0.012304166860162,-0.0428908176441256,0.0107270722560946,-0.0337281901886761,0.0261139831371199,0.5186170017366619,0.3299597127351248,0.1988739256472868
NUEx036,WBH,picture,bat(animal),animal,0.0094138894499839,-0.0815971302282389,0.0440924782261379,-0.0428394500111649,0.0520663947992729,0.8688630698630122,0.3590132994080006,-0.0952084093939592
NUEx036,WBH,picture,bat(animal),animal,-0.051297186066306,0.0998445671071476,-0.1096404573211275,0.032251986459137,-0.0231025417992134,-0.7616253166088939,-0.5535544250743064,1.0156701142363882
NUEx036,WBH,picture,bat(object/tool),object/tool,-0.0973849334734041,-0.1340043632762095,0.0204666807451394,-0.0021142309753328,0.1629581378298343,1.4806596030616608,-0.5187397928783528,0.2816319495715865
NUEx036,WBH,picture,cherry,food/fruit,-0.0779668743821482,-0.0032280380457812,0.0087591371611918,0.0638013708011671,0.0439422502991397,0.3334588339926959,-0.979684154751516,-0.2872307699721922
NUEx036,WBH,picture,cat,animal,0.0126696109869936,-0.0149676846849939,0.0245535749334166,-0.0092323394002038,-9.778408843731744e-05,0.0856673571620301,0.1367514091227785,-0.0485756354467073
NUEx036,WBH,picture,hand,body part,-0.0882278584153556,-0.0509136976797276,0.0655229907396748,0.0564103086605579,0.0574488349899628,0.5883774443835043,-0.5280849652944468,-0.5547052220532265
NUEx036,WBH,picture,shark,animal,-0.0228310442864203,0.0463419781323639,-0.0543068858288314,0.0243039815498592,-0.0143706302945996,-0.4665344699213781,-0.3376164311948578,0.4833868866682683
NUEx036,WBH,picture,bike,vehicle,0.0377035221608391,0.0849903362490726,0.0226426755808786,0.0304656602052089,-0.0843804622742583,-0.867060756722271,0.1399016829578471,-0.779569564881162
NUEx036,WBH,picture,toe,body part,0.0215913299904309,-0.1494736121580268,0.0926110648145523,-0.0770084583221745,0.0878989755341364,1.4689341623287404,0.6856043719336143,-0.4004797973208459
NUEx036,WBH,picture,crane,vehicle,0.036576028146856,0.0170265377427655,-0.0254937096529144,-0.0264476248315421,-0.0302944638278948,-0.3366381963653352,0.3332202388135473,0.3542865033288025
NUEx036,WBH,picture,sky,nature,0.1230768596400185,0.1256331987568656,-0.0262450211155045,-0.0267801716337676,-0.1697414015944303,-1.5717222740445798,0.9393619695043692,-0.2292841676729691
NUEx036,WBH,picture,mouth,body part,0.0258178081244242,0.0401884271069141,-0.0180861711856943,-0.0003659791872589,-0.045029252889631,-0.6834412651000564,0.2168976048359478,0.1353238358988739
NUEx036,WBH,picture,sky,nature,-0.0316192398288052,0.0391243496786233,-0.0516171345286666,0.0276426469667299,-0.0048958576903879,-0.3760107633498489,-0.4616873292116826,0.497590969817554
NUEx036,WBH,picture,milk,food/fruit,-0.0329850441640497,-0.0327130108887137,-0.0200765286162189,-0.0025120831250081,0.0469939824420324,0.5062236443445121,-0.3186738900929763,0.6297753882186262
NUEx036,WBH,picture,beach,nature,0.0268501901092072,-0.0471381876109105,0.0477221037963148,-0.0276190647619828,0.0102821689609225,0.43298493279266,0.4184821760199333,-0.3684576586827565
NUEx036,WBH,picture,train,vehicle,0.077876267632708,-0.0003906139252414,-0.0250865280115927,-0.067322625217484,-0.0371878474610995,-0.2788953951758411,0.8974492769210869,0.6070863357563036
NUEx036,WBH,picture,ear,body part,0.0084004539714572,0.0175497249036591,-0.0281992936361328,-0.0054640788440153,-0.0141946164874986,-0.3227310662659318,0.0459322359886152,0.4856524154999723
NUEx036,WBH,picture,crane,vehicle,0.0322567583969732,0.0455006614238858,-0.0287487688405116,-0.0063310383933416,-0.0506135880571454,-0.6646510394934657,0.2422574065023309,0.203512824423156
NUEx036,WBH,picture,mouse(object/tool),object/tool,0.0130776821422611,0.0522755896178642,-0.0098635464844957,0.0217506554152826,-0.0487605186735092,-0.5964438265715376,-0.0387476280562865,-0.1831416892353571
NUEx036,WBH,picture,subway,vehicle,0.0722768562624145,-0.0304646299879018,0.0576816310912359,-0.0457241466076496,-0.0292823969973347,0.0607604889224318,0.4263098291548055,-0.1693313328452531
NUEx036,WBH,picture,airplane,vehicle,0.0606509834425173,0.0540273408341748,-0.0467204759816292,-0.0278124024939505,-0.0649521722881179,-0.7175278464809223,0.4160319934267407,0.3818627673198996
NUEx036,WBH,picture,cow,animal,-0.0499287117028185,-0.0072066932474641,-0.0296436864677501,0.0255536524514754,0.0386983354147871,0.1635194307278747,-0.5433889227612899,0.4276241507937215
NUEx036,WBH,picture,orange,food/fruit,0.0498699701345467,-0.0028471681212265,-0.0210053080048487,-0.0491171650735551,-0.0219581893162343,-0.1507331328845484,0.3890983844787273,0.3374944801626898
NUEx036,WBH,picture,mouse(animal),animal,-0.0598684713596448,0.0296730954269944,-0.0474336672492458,0.0497045638190175,0.0165172886023548,-0.2032390267431262,-0.7110389297245654,0.4078808454928589
NUEx036,WBH,picture,pizza,food/fruit,-0.0578185920169827,0.0587823581163683,-0.0432384290964726,0.0713050035242341,-0.0075930077752359,-0.5470711031649383,-0.9758206420050806,0.1834045919066343
NUEx036,WBH,picture,shark,animal,0.0315331351730747,-0.0171296717491952,-0.0045742802624098,-0.0384129032730082,-0.0040481985777159,0.0937713678894801,0.5367557263188512,0.3686360829478414
NUEx036,WBH,picture,lemon,food/fruit,-0.0901576410802509,0.0528607994456093,0.0412022107328556,0.0978245898413354,-0.0012293275207496,-0.116450336667744,-0.8810518684741763,-0.940356297285184
NUEx036,WBH,picture,lock,object/tool,0.0710437152037199,0.0525475108121239,-0.0068892994597634,-0.0250554427023117,-0.0834884922428253,-0.745980395426847,0.6230969357581502,-0.1020270458107639
NUEx036,WBH,picture,bike,vehicle,0.0242434014362323,0.0486677101119842,-0.0375992151678266,-0.0011051667013002,-0.0455400037035254,-0.7743831273939863,0.1371826439354198,0.4068058269256448
NUEx036,WBH,picture,lung,body part,-0.0012953612548598,-0.0067366666881067,0.0150859921024571,0.0038617319412654,0.0030833106639124,0.1072118670771322,0.0026550489056911,-0.1526148849849415
NUEx036,WBH,picture,nail(body part),body part,0.1009129655393941,-0.0838764195061845,0.0993743582569436,-0.0820374490107667,-0.0125873160009349,0.5260557087824996,0.9429776837501852,-0.6961233894230447
NUEx036,WBH,picture,muscle,body part,0.0978205344357608,-0.0553111634142491,0.0926728398271006,-0.055822072639413,-0.0309970949455019,0.2977041866867478,0.989966577121228,-0.9128323625816572
NUEx036,WBH,picture,tree,nature,-0.020583630354559,0.0602871473846169,-0.0710169689420268,0.0164691910162029,-0.0207769866061198,-0.5901852629114529,-0.3114857680116165,0.7163925216108882
NUEx036,WBH,picture,book,object/tool,0.0787587130555789,-0.0039532366001402,0.0260483291926195,-0.0570439961200011,-0.0484380998307978,-0.1682971170855065,0.6948536540104665,-0.006693025622541
NUEx036,WBH,picture,train,vehicle,0.0661884047750176,0.0786082817114687,-0.0239778580679818,-0.0093810343940074,-0.0982411013882382,-1.0797471594177424,0.5063610248816721,-0.0641905318777739
NUEx036,WBH,picture,river,nature,-0.1108910317150306,0.0562800814140659,0.0004040069685919,0.1223517327659878,0.0174240333732483,-0.1710669007238789,-1.410214151293434,-0.6067946284247882
NUEx036,WBH,picture,bear,animal,-0.0601952831835953,-0.0096127732087735,-0.0518116744606935,0.0164496749005638,0.0442909548475941,0.1645893888622854,-0.4882934433353524,0.705252462191495
NUEx036,WBH,picture,milk,food/fruit,0.1213323028052669,-0.0013060758045242,-0.0573452394896743,-0.0986995934572758,-0.0449861814459356,-0.3538173759640686,1.0643948647143415,1.0736178806366294
NUEx036,WBH,picture,leaf,nature,0.0202620470526795,0.0316611133146537,-0.0253198091497053,-0.0040110686690164,-0.0334504428899482,-0.4009550240326211,0.0937848540824547,0.1301385014755328
NUEx036,WBH,picture,beach,nature,-0.0005496102826522,-0.0106214581456829,-0.0208549691223311,-0.0143138289185213,0.0115346528319605,0.0906209164728073,0.0538813715136111,0.4062520235197421
NUEx036,WBH,picture,bed,object/tool,-0.0684953122133898,0.0439202895910158,-0.0290203610788892,0.0758064938645593,0.0089845352409615,-0.2407226295363348,-0.91476698524469,-0.0342085947337016
NUEx036,WBH,picture,chair,object/tool,-0.0327401281490261,-0.00047193083508,-0.0660896541390988,-0.0124493574344709,0.0161990325242113,-0.0890922228946795,-0.1398582296124996,0.9695807950639906
NUEx036,WBH,picture,pear,food/fruit,-0.1757006655005064,0.1118873071944049,-0.008631385969062,0.2065465481343928,0.0125767463996831,-0.43356867562078,-2.041200207454919,-0.876980106415813
NUEx036,WBH,picture,banana,food/fruit,-0.0752324979086871,0.0129571872266153,-0.0158718651406673,0.0657806268332123,0.0353664684295915,0.1105848441646778,-1.0813869677288173,0.0016888452120892
NUEx036,WBH,picture,truck,vehicle,-0.0334258931829585,-0.018794397414906,0.002856634328516,0.016480508338929,0.0344805977209408,0.3478943430320906,-0.3489152426077608,0.0850669441343636
NUEx036,WBH,picture,hill,nature,-0.0860110881194171,0.0487139084856259,0.0456018854741148,0.0901796578569877,-0.0008717355162057,-0.0450293835974349,-0.6734983181178963,-0.8242010758225689
NUEx036,WBH,picture,fly,animal,-0.053897998644719,-0.0623695547433387,0.0005623199192183,0.0038135504909934,0.0818165414912774,0.94923559827844,-0.4819953004964268,0.3515828283559609
NUEx036,WBH,picture,cat,animal,0.0224300193957873,0.0769654750113848,0.0336846771742361,0.0370394220906371,-0.065280957616706,-0.566320039125652,0.0163972650670232,-0.5172786863584048
NUEx036,WBH,picture,cherry,food/fruit,-0.0938766489277162,-0.0223469275094763,-0.0174012191243772,0.0571291450110079,0.0753065398813742,0.5811596343868036,-1.1767214252325295,0.2333126958431743
NUEx036,WBH,picture,mouse(animal),animal,-0.0093929071326825,0.0435885088523519,-0.0199173293460706,0.0307110413823651,-0.0266320681607157,-0.5905778182502209,-0.3709361434926817,0.0047251259556574
NUEx036,WBH,picture,head,body part,0.0654613175620067,0.0390908755879844,0.0738622713617956,0.0231667136657392,-0.0424682572265224,-0.1356515706298518,0.174472658800431,-1.1801302502920905
NUEx036,WBH,picture,dog,animal,-0.1472228456655632,-0.0247449750423059,-0.0290710403192207,0.0951908139035846,0.1098843960407757,0.7014317178302667,-1.5924253147006249,0.2284424124979076
NUEx036,WBH,picture,fly,animal,-0.0157687950656833,0.0260776077033287,-0.0454479299117963,0.0093387759871278,-0.0043693999791566,-0.318549272729511,-0.2639951144177999,0.634075830113439
NUEx036,WBH,picture,hill,nature,-0.0301780952182259,-0.0036059552361483,-0.0272776666273703,0.0115733233823634,0.0233842919640181,0.1053742141022921,-0.3644736046984465,0.4545285711537718
NUEx036,WBH,picture,knife,object/tool,0.0314688224284238,-0.0446667519705174,-0.0027664793741186,-0.0543857085318969,0.0180421460738675,0.3728528297396087,0.4829607199255561,0.3750210913695141
NUEx036,WBH,picture,cherry,food/fruit,-0.0963217932701154,0.0298533284281961,0.0500307325964989,0.0888079608123854,0.0134828439372855,0.0598942838162703,-0.801054718074672,-0.8108728632091862
NUEx036,WBH,picture,island,nature,0.0547313057959689,0.04581942991117,0.0131381625011105,-0.0088488139796663,-0.0693956689845377,-0.6547588738887832,0.4844038034467564,-0.2978941938760111
NUEx036,WBH,picture,lock,object/tool,0.0303576192494704,0.0422930209817933,-0.0233669210347101,-0.0045740957281723,-0.0490151502259374,-0.5582458803578007,0.1743334216213643,0.0804340613882575
NUEx036,WBH,picture,nail(object/tool),object/tool,-0.0614940658416981,0.0067423054907623,-0.0050844827211832,0.0534255112741866,0.0307841750178999,0.1260794099988605,-0.7151213535556257,-0.0403442401401019
NUEx036,WBH,picture,chair,object/tool,0.0471346767857773,-0.0679204622069762,-0.0688567703529556,-0.0665561218915164,0.0305487425941165,0.2209361397480658,0.3259424812776439,1.1525047246847993
NUEx036,WBH,picture,muscle,body part,0.0030121660921253,-0.2275852056475419,0.1050363461829078,-0.1122303429385796,0.1648819978564241,2.10067570771016,0.6560031240687989,-0.1038391995837609
NUEx036,WBH,picture,apple,food/fruit,-0.0372070058075179,0.0588564484431977,-0.0258790636393031,0.0615175044886662,-0.0214843048687214,-0.5308040460588915,-0.6665625016498271,-0.1043232271966116
NUEx036,WBH,picture,nut(object/tool),object/tool,-0.0202175458244505,-0.0026465389127656,-0.0003694549408642,0.0167858618385365,0.0140512241537611,0.0851255017360476,-0.2764793316017923,0.0428946332996343
NUEx036,WBH,picture,hammer,object/tool,0.0666316917936252,-0.1436242620874188,0.0354424555740551,-0.13485421035425,0.0710587721492624,1.2317543927141632,1.1520115444216037,0.5283094954770734
NUEx036,WBH,picture,cat,animal,-0.0474964078575106,-0.1019429191914388,0.0271153130857402,-0.0191977729774728,0.1058309706003132,1.094423727446265,-0.185538195718451,0.0838234144192272
NUEx036,WBH,picture,shark,animal,-0.0262483432977448,-0.0574482393634051,-0.0784012397896426,-0.0402504137345789,0.0342451868284237,0.107164634060259,0.0451798030783814,1.1862013769701802
NUEx036,WBH,picture,subway,vehicle,0.0493163555452975,-0.0320191301343928,0.0549906879223218,-0.026209815047396,-0.0148941066693899,0.1926140951267508,0.465461674646852,-0.506245620127918
NUEx036,WBH,picture,apple,food/fruit,0.0283054443714727,-0.0134456707611511,-0.0067539896726043,-0.0342828580774321,-0.0047115693147629,0.0472755451729231,0.4372576203456072,0.3254417594251886
NUEx036,WBH,picture,saw,object/tool,0.1050157091192739,-0.049066864771345,0.0415107389873559,-0.1022438494059546,-0.0297347966610636,0.2303651134713598,1.1411638951837484,-0.0367293661175006
NUEx036,WBH,picture,toe,body part,-0.0152730154011466,-0.2205436260685568,0.1537990751934092,-0.0592233968452447,0.1447893588260276,2.1096763177469464,0.3893736848912436,-0.996360324812976
NUEx036,WBH,picture,bike,vehicle,0.0334081388432315,-0.1627202830405029,-0.0307326378046091,-0.1261862163188252,0.1036978729511707,1.097443638217302,0.6483406961038045,1.1329867527105533
NUEx036,WBH,picture,truck,vehicle,0.0593301202631869,-0.080706974551239,0.0943491105424754,-0.0381799097059394,0.0023973599201808,0.4030715429303083,0.4800079282321396,-0.3081660647582649
NUEx036,WBH,picture,bird,animal,0.1238604133996597,0.0273778547549057,-0.0071951227536701,-0.0849431386948525,-0.0918837698316411,-0.6430732454288037,1.3280148129960585,0.1597647660780048
NUEx036,WBH,picture,grape,food/fruit,-0.1144079899956262,-0.0460242451278181,-0.0314720577434943,0.0510923103701212,0.1072862165772323,0.8393448484200476,-1.208879894686983,0.5873581660145804
NUEx036,WBH,picture,sky,nature,-0.0416277084179499,0.0385222683050192,-0.0061721977858196,0.0566585146212661,-0.0053099184698796,-0.2349200666743114,-0.575013501802856,-0.2338717117587002
NUEx036,WBH,picture,apple,food/fruit,0.0426388432463244,0.0838416653422099,-0.0459113854269957,0.0041380589032735,-0.0827651022754771,-1.1085411826723337,0.2164294203470808,0.2295335356589818
NUEx036,WBH,picture,cookie,food/fruit,-0.0138749258640551,0.1198907857453185,0.0091964711993348,0.0875523993639657,-0.0803866522079424,-1.0190941082874032,-0.546120167316887,-0.9078142054989332
NUEx036,WBH,picture,lung,body part,0.015188737570345,0.0194309944271276,-0.0072745979426001,-0.0019535841338819,-0.024274647167661,-0.3058475442986073,0.1326444716233057,0.0636085300412566
NUEx036,WBH,picture,wrench,object/tool,-0.058477056090137,-0.068820280619473,0.0127641122408826,0.0083391196395076,0.0883365332026877,0.8363745174553082,-0.3595757208967235,0.1503427988830875
NUEx036,WBH,picture,pizza,food/fruit,-0.0243936556228752,0.0968064173178027,-0.0771422495053597,0.0473444830156319,-0.0480046310184885,-1.017468161765061,-0.5663983858972891,0.5241885581899839
NUEx036,WBH,picture,ladder,object/tool,-0.0039334716787954,-0.019827792200336,-0.0023802263383057,-0.0105111296866081,0.0185630697295855,0.2957783290178595,0.0303186419947889,0.2916261651915049
NUEx036,WBH,picture,dog,animal,0.0033299541091128,1.0690689222081872e-05,-0.0137958906907577,-0.0068573413142941,0.0001352548720001,-0.0247575582272985,0.0372169628488354,0.3303211158076954
NUEx036,WBH,picture,lung,body part,0.0287892493357499,-0.0281884330186111,0.0348432791940545,-0.0235682646066835,-0.0011174878547162,0.3052459731615672,0.4621726716194661,-0.4044227887923967
NUEx036,WBH,picture,nail(object/tool),object/tool,0.0735838034304039,0.0367776725258751,0.0225736179649908,-0.0264175564901514,-0.0739930736756311,-0.471105517393612,0.6008533678957854,-0.3037477710845585
NUEx036,WBH,picture,orange,food/fruit,0.000822232838661,-0.0309971100574482,0.0461697128925597,0.0054726689274481,0.0080671279052141,0.2010418684657464,0.0508185158454947,-0.2313782308434946
NUEx036,WBH,picture,cookie,food/fruit,0.074026808627496,0.0009179362144079,-0.0373775601664806,-0.0635603671693861,-0.0312952988703992,-0.2822084609277765,0.7586669111316181,0.7285240615195189
NUEx036,WBH,picture,deer,animal,0.0051855136581839,-0.0167382787898127,-0.0142755670336896,-0.019794690439539,0.0125536723526165,0.1736597708134822,0.1351599178988349,0.4669829053004425
NUEx036,WBH,picture,hurricane,nature,-0.0684286994267432,0.0977101877246808,-0.0146145619813088,0.1120100987811726,-0.035171587649345,-0.6987741266199863,-0.957851111481224,-0.4539627417665159
NUEx036,WBH,picture,truck,vehicle,0.0362533498056679,-0.0048614373680049,0.0172689434032472,-0.0270777387150821,-0.0210482119132708,-0.0562173649823615,0.30936102720296,-0.0339549751096181
NUEx036,WBH,picture,nose,body part,0.0185064877643028,-0.1649430358243963,0.0522900383327219,-0.1060795653322704,0.1136862377562177,1.4202091705482802,0.6106333498117508,0.1705822476439661
NUEx036,WBH,picture,ear,body part,0.0499769922687315,0.0389878450917327,-0.080257897140068,-0.0293378864651601,-0.0173343107068526,-0.4177142826397751,0.1470146731392219,1.0585763366904095
NUEx036,WBH,picture,wrench,object/tool,0.0494645277305838,0.0280316836185711,-0.0385423821892535,-0.0317151382152467,-0.0408393498718563,-0.5663863251775076,0.4869499381119794,0.6393819820094979
NUEx036,WBH,picture,nail(object/tool),object/tool,-0.0498782672908557,0.0063643905779283,-0.0003074481697413,0.0463010971211935,0.0236069445022554,0.0998434359640171,-0.6252938462825531,-0.0957005186163808
NUEx036,WBH,picture,bird,animal,0.1104127258198729,-0.0392757925402462,-0.0396435104548284,-0.110530560794807,-0.0175798040658329,0.0389591417255101,1.087589013561627,0.9389537289291414
NUEx036,WBH,picture,hill,nature,-0.0175403107032383,0.0065014576458069,0.0075556499615937,0.0222793520049049,0.0034063037856276,0.0260796592712324,-0.3035897483133412,-0.2327038585136587
NUEx036,WBH,picture,duck,animal,-0.1320725042783528,0.0947544791957383,-0.0379299359757316,0.1568109145440919,0.0056845557213664,-0.515282908363166,-1.6637708591503604,-0.3310061953477951
NUEx036,WBH,picture,deer,animal,-0.0459038921979928,0.0250635885217403,-0.0171098554462745,0.0491191821683642,0.0088648346978422,-0.176786337633139,-0.7973083185629196,0.0527464894402982
NUEx036,WBH,picture,key,object/tool,-0.0843469076957417,-0.0194896026753024,-0.0031520000318458,0.0564284473961737,0.0645650633676379,0.485666064531441,-0.9140800490837256,-0.0092687599975798
NUEx036,WBH,picture,car,vehicle,0.0202047765988843,0.0728488090992229,-0.0257187944311942,0.0233009398263136,-0.0670783850333305,-1.0072074018241242,-0.0263935765773795,-0.0554044009700097
NUEx036,WBH,picture,mouth,body part,-0.0385069869812484,0.0290179263940643,-0.0298783658736881,0.0414320396157225,0.0034944054500606,-0.2421636117391251,-0.6025765605209551,0.2158902372953309
NUEx036,WBH,picture,flower,nature,-0.0541313936711141,-0.0174236726230052,-0.0629721653442533,-0.0007776255438527,0.0393952811844511,0.122137167778444,-0.3424727215546176,0.6776659752655573
NUEx036,WBH,picture,duck,animal,0.0503624311772886,0.0322316988926218,0.035157864473135,-0.0017874089222825,-0.0529553459121011,-0.4021830270497221,0.4080083925669136,-0.6363497029726075
NUEx036,WBH,picture,crab,animal,-0.0521491083252161,0.101411340849271,0.0183387862980753,0.101377732322976,-0.0467628633667512,-0.5597880056008758,-0.644481541541016,-0.7628209700250443
NUEx036,WBH,picture,ladder,object/tool,-0.0207892269327802,0.0021438274226539,0.0121225566671731,0.0241062946582455,0.0070980076853786,0.0026574022256454,-0.2333691338866484,-0.026050853891944
NUEx036,WBH,picture,bus,vehicle,0.0421929576672844,0.0303993203836488,-0.0703501082451998,-0.0286065540158185,-0.0157538933944594,-0.3646003042725377,0.1407717085164595,0.8125830026159507
NUEx036,WBH,picture,lemon,food/fruit,0.027849747344468,0.0593085033735019,0.0252784194889944,0.0241873670021716,-0.0585007512572173,-0.6044682141511842,0.1088392549643822,-0.780819005489447
NUEx036,WBH,picture,key,object/tool,-0.0002245619930743,-0.0776823833895297,-0.0042592721440841,-0.0528874187385316,0.061134821300967,0.5881282181817737,0.1459928668398186,0.3294393531994937
NUEx036,WBH,picture,taxi,vehicle,-0.0019244163814406,0.0335211409363115,-0.0272061574665012,0.0149045855482635,-0.0237740423105757,-0.3470745109492718,-0.0764350040893858,0.1818632265698644
NUEx036,WBH,picture,key,object/tool,-0.0568222924536692,-0.0639452620388854,-0.0083454627387709,0.0015880389222175,0.0856093887257921,0.8582230894197904,-0.4497990626444548,0.3818684859563177
NUEx036,WBH,picture,strawberry,food/fruit,0.0031488051603315,-0.0054692041704613,0.0165958531536925,0.0020895931298782,-0.0006642807048346,0.0794697813706044,0.0265463746123739,-0.1883528775040572
NUEx036,WBH,picture,leaf,nature,-0.0020936102366102,-0.0199718554139599,0.0099611276203955,-0.0058125146761332,0.0155764348838133,0.3346599417018189,0.0250420788923758,-0.0448669026399995
NUEx036,WBH,picture,lemon,food/fruit,-0.1440982192977887,0.1143233627866766,-0.030418462593251,0.1800045554568219,-0.0033976443398779,-0.5743837558762871,-1.7149976865946863,-0.5817805716670231
NUEx036,WBH,picture,bat(object/tool),object/tool,0.0512773536214535,0.0377061713783029,0.018939011336113,-0.0071873007596865,-0.0602963961288001,-0.5440406805159654,0.4847703631470693,-0.5014304141530991
NUEx036,WBH,picture,pizza,food/fruit,-0.0096291846743857,0.005791333133469,-0.0075642481012277,0.0100018985198341,0.0019726071105732,-0.0347684100139022,-0.1440903453434385,0.0985119108820953
NUEx036,WBH,picture,grape,food/fruit,-0.0175422871035741,-0.0090170560770791,-0.0344954190047765,-0.0056584107181572,0.0194389054188289,0.0784031442325064,-0.1637129419923797,0.6626822832542829
NUEx036,WBH,picture,taxi,vehicle,0.0485586525551607,-0.0399662055115444,0.0549971570991691,-0.0340641211536464,-0.0087680664062235,0.2443815518793363,0.5324116164788552,-0.3993051302290175
NUEx036,WBH,picture,nut(object/tool),object/tool,-0.0149686256936756,-0.0387005330532695,-0.0714622887566241,-0.033682049113271,0.0225917037628283,0.0390828500083097,0.0405820281564795,1.0877664231508737
NUEx036,WBH,picture,crab,animal,-0.0138828652069294,0.0903423269990107,-0.0291287131848896,0.0613593221658901,-0.0604847901818641,-0.9578379278726772,-0.4886168165205047,-0.2406909431522306
NUEx036,WBH,picture,hand,body part,-0.025425725141511,-0.2218225545835639,0.1312734050614136,-0.068232589248542,0.1649406911412233,2.2739097707640927,0.3413793974514399,-0.6316226207332118
NUEx036,WBH,picture,ear,body part,-0.0073027054601936,-0.0425798207197939,-0.0479126005041942,-0.0343697049106169,0.0321765850488848,0.2480263853758277,0.065867499521591,0.8635242162962605
NUEx036,WBH,picture,duck,animal,0.0208297417971922,-0.0384112438265858,0.0147950359182078,-0.0365305584219901,0.0170390866756118,0.3841492033038459,0.3701464021530724,0.0923129777876058
NUEx036,WBH,picture,fly,animal,-0.0082175244830102,0.107443429935252,-0.0925622558532069,0.0286072223351427,-0.0538890963810424,-0.923897734155672,-0.3094151533385776,0.628235469185022
NUEx036,WBH,picture,bear,animal,-0.0468409687314437,-0.0880984686486336,-0.0109414937333684,-0.0273457015645493,0.0965595086053073,0.9259409803081916,-0.1401564533637245,0.6262100605367533
NUEx036,WBH,picture,taxi,vehicle,-0.0159069430388399,0.0258449759397791,-0.0087263678034653,0.0283930727011,-0.0100274470956546,-0.2671291535351277,-0.361031071085273,-0.0774639828654893
NUEx036,WBH,picture,crab,animal,-0.0550453070434172,0.0715314086436341,-0.0189386066060723,0.0849341952246795,-0.0222098716222456,-0.5922095520586668,-0.9213973390322686,-0.3395036187227596
NUEx036,WBH,picture,mouse(object/tool),object/tool,0.0095669963114741,0.0048009626030229,-0.0087121814177565,-0.0077111877327411,-0.008490838468358,-0.1316710428184272,0.1287149761537674,0.2385273177871907
NUEx036,WBH,picture,beach,nature,0.0389747174001844,0.0801734632118097,0.0249457926669081,0.0276417872344366,-0.0809989275325962,-0.8299998108960664,0.17301013382357,-0.8065472268771803
NUEx036,WBH,picture,car,vehicle,0.0872897263784905,0.056256090337459,-0.0431423614216066,-0.0444848866762201,-0.0834341530204011,-0.8294077312063383,0.6953784155092515,0.3949198779508827
NUEx036,WBH,picture,airplane,vehicle,-0.0550170910463954,-0.0218330576738026,-0.0631093730426182,-0.0080562926197162,0.0414404294184512,0.0747605027982049,-0.1501030981807257,0.440604336893696
NUEx036,WBH,picture,muscle,body part,-0.1162234685303456,-0.276279916084534,0.1528301393037271,-0.0153358253304456,0.2559217435977686,2.6372992171393834,-0.4180407480266506,-0.7087265883201295
NUEx036,WBH,picture,mouse(object/tool),object/tool,0.0163014880192959,0.0573480074048426,0.010101304372295,0.0283947768083779,-0.0527435045288522,-0.5502398268203081,-0.0244452490392247,-0.4819943731512117
NUEx036,WBH,picture,chair,object/tool,-0.1051206539840238,-0.0792874867377474,-0.0073384659413759,0.030697882976109,0.1268793402601391,1.1701531402174743,-0.9334893958844502,0.4238669664525878
NUEx036,WBH,picture,ladder,object/tool,0.0222128424885982,-0.0628216272693303,0.0610335280451677,-0.0249991824541103,0.0206619551518184,0.6122195079634392,0.3914221570090815,-0.5466363452927856
NUEx036,WBH,picture,head,body part,-0.0449562638876962,-0.1075770370171667,0.0758649389117316,0.0015786732835196,0.0877413069883195,1.222814162073753,-0.1779366756001605,-0.6123429145618111
NUEx036,WBH,picture,bed,object/tool,-0.023872148840514,-0.0023890862933968,-0.0045187585014847,0.017274285378029,0.016277948142341,0.1106425425203911,-0.3403740050188791,0.1294365813915982
NUEx036,WBH,picture,pear,food/fruit,0.0083923372766972,0.000699366406692,0.0179677622958286,0.003241500690799,-0.0086644698754512,0.0088480430655203,0.0759001802354651,-0.3093319497759258
NUEx036,WBH,picture,strawberry,food/fruit,-0.0656009214135061,0.0797428923694731,-0.077570327704085,0.0695377214268648,-0.0137826853104224,-0.6876522352708446,-0.8812073385116179,0.5326638486486319
NUEx036,WBH,picture,nail(body part),body part,-0.0253552235028616,-0.0820745097371591,0.0652911890913693,0.0014228373042853,0.057482135141815,0.7343382300596316,-0.0846633972702306,-0.4359147260329071
NUEx036,WBH,picture,mountain,nature,0.0483969062053049,-0.0364488563445755,0.0660838855897836,-0.0142361497390588,-0.014206067200181,0.2176592874093383,0.3992025086228391,-0.7140846482230905
NUEx036,WBH,picture,cow,animal,-0.0270979900120768,0.0098460032620513,-0.0285390282526895,0.0181408428725475,0.0116765456709505,-0.0471056018778979,-0.3627968196721343,0.3063863383679455
NUEx036,WBH,picture,nut(food/fruit),food/fruit,-0.0254488618637056,0.0063116214577958,-0.0338820039420632,0.0117088093067711,0.0142850440932814,-0.0201901316005354,-0.3120499192989628,0.3299967781282014
NUEx036,WBH,picture,milk,food/fruit,-0.076442668433898,0.0403291647125044,-0.0342870246894147,0.0775624187150743,0.0171358903111691,-0.2220221118180031,-1.1179922240941904,0.0841079912099562
NUEx036,WBH,picture,toe,body part,-0.0484432878310117,-0.1430788804082224,0.0170584896857292,-0.0501721700502211,0.1399819402950535,1.637977008700657,-0.0345076256196749,0.6322712340421679
NUEx036,WBH,picture,hand,body part,-0.0420900289858811,-0.0283673529905838,0.0293562169679687,0.0270552769547664,0.0365452624198763,0.4535026136591885,-0.4060403363578724,-0.3249375308873632
NUEx036,WBH,picture,car,vehicle,0.0435396589922663,0.0781671651698313,-0.0924602845861253,-0.0223343057928375,-0.0345023503360744,-0.5910882372257393,0.0891803808506851,0.9108322344569846
NUEx036,WBH,picture,flower,nature,0.0675953788078703,0.0009264916950219,0.0267301374382437,-0.0427324545852288,-0.0448594137798315,-0.1938038094753544,0.7895507646438593,-0.2549425597946117
NUEx036,WBH,picture,nut(object/tool),object/tool,-0.0182254909935885,-0.053799831326103,-0.0177772296153599,-0.0264833286859302,0.0535689692606874,0.6001011560967856,-0.0191250031635536,0.5783041412631699
NUEx036,WBH,picture,wrench,object/tool,0.0106931056642731,0.0571994388959294,-0.0417378022416972,0.0137131985573977,-0.0453263491149287,-0.7496988146964086,-0.0667191558581828,0.3618980455558998
NUEx036,WBH,picture,cow,animal,-0.0108345659141144,0.0125690883712829,-0.033354064586473,0.0039524141858171,0.0007957122692706,-0.1935342521147859,-0.203312776486175,0.6036797157944152
NUEx036,WBH,picture,hurricane,nature,0.0553377571310444,0.0794638062689378,0.0112746567295247,0.011718662942721,-0.0938543681562682,-0.9547204344329115,0.3770996533803448,-0.6230159376775195
NUEx036,WBH,picture,island,nature,-0.0103611350699948,0.0673541612786243,-0.009887784498461,0.0494004353968393,-0.0457275454421678,-0.7193957560931815,-0.3940012169765562,-0.3808744289263606
NUEx036,WBH,picture,leg,body part,0.1413446727483227,0.0598075619471718,-0.042068891676323,-0.0874037897653789,-0.1168970384376628,-0.7965885760831743,1.0772938502855478,0.3712794646114772
NUEx036,WBH,picture,bus,vehicle,0.0801554719844207,-0.0348780013093926,0.0205319526256096,-0.0805857530585826,-0.0226865920492081,0.1652203585359702,1.119736903721638,0.1111946385349438
NUEx036,WBH,picture,tree,nature,0.0138399750319666,0.0297433415898482,0.0248551164656296,0.0170264608501382,-0.0320327772407403,-0.2895255696174396,0.0532205926892089,-0.355893391134227
NUEx036,WBH,picture,island,nature,0.0392303755740817,-0.003228475315067,0.0321291050368245,-0.016834207576725,-0.0247350768765118,-0.0355031253458628,0.4643806146127173,-0.4102935887599628
NUEx036,WBH,picture,crane,vehicle,0.0999081800745579,0.0249975523650821,0.0401372354202829,-0.0458454992391783,-0.0807444999788709,-0.3505354055524834,0.7707439139167319,-0.466649343331522
NUEx036,WBH,picture,mountain,nature,0.0421877015571561,-0.05822219570876,0.0388547003660243,-0.0576305018195515,0.0144507297131842,0.4517238743945647,0.5845178796384772,-0.0057819642244885
NUEx036,WBH,picture,dog,animal,0.0652419289398008,0.0137589768387315,0.0512809643696384,-0.0120559329045461,-0.0490786436883012,-0.2051870230254787,0.5427535367190367,-0.7524929020408927
NUEx036,WBH,picture,subway,vehicle,-0.0143406477846991,0.1175754057641075,-0.031184822927459,0.0788407561344843,-0.0806155452694482,-1.2163741350147967,-0.5805336799047672,-0.3571053590357356
NUEx036,WBH,picture,bed,object/tool,-0.0049891318753909,-0.0029293450134148,0.0128976184179058,0.0086110968088023,0.0024117206806363,0.078984152873248,-0.0557270384659051,-0.1646291763762382
NUEx036,WBH,picture,boat,vehicle,0.0749841033865894,-0.1282799732540905,0.1073674292444018,-0.0938458591507845,0.0355555141908415,1.0882669958864812,1.1030330904270318,-0.5845096012287745
NUEx036,WBH,picture,saw,object/tool,-0.0621219231620541,0.0302209588930061,0.0185457290278032,0.0691786780469253,0.0066071842736643,-0.0555467176865071,-0.7225928169489825,-0.5200106314971774
NUEx036,WBH,picture,nut(food/fruit),food/fruit,0.0102078171935416,0.0733413617890207,-0.0059139432264133,0.0376156901016044,-0.0631283690275976,-0.8485064090843935,-0.1397657183746623,-0.3530473300385011
NUEx036,WBH,picture,leg,body part,-0.0325265443862802,-0.0844071713675926,0.0239685036202821,-0.0189271320880717,0.0836836884711628,1.0601896370128272,-0.128600025955292,0.1031521603096427
NUEx036,WBH,picture,deer,animal,0.0047470315826634,0.0286979528677806,-0.0379758247030323,0.0002419538678481,-0.0187152365661946,-0.4538988883492689,-0.039933747028374,0.5723371255643609
NUEx036,WBH,picture,knife,object/tool,0.0484453379267654,-0.0276109481098731,-0.0046099196929339,-0.0581740556633736,-0.0054712470498435,0.142903065612667,0.730674192256204,0.4458612829696874
NUEx036,WBH,picture,pear,food/fruit,-0.1549687701790668,0.0143030788788179,-0.018673634987349,0.130807432659393,0.08048559328798,0.3460763301818517,-1.834848763944081,-0.1293101324215005
NUEx036,WBH,picture,train,vehicle,-0.0202612760213873,0.0875084077026452,-0.0372600167131439,0.0623794471513726,-0.0534401275060739,-0.927750206184569,-0.5272835959175111,-0.0204182677371192
NUEx036,WBH,picture,mountain,nature,-0.0516990522709454,-0.0571486013651301,0.024696497699594,0.0168600308871493,0.0699284528474086,0.8579449444124215,-0.5031263191479732,-0.1435028872951709
NUEx036,WBH,picture,head,body part,-0.1422884608567936,-0.0083565021912804,-0.022207426461964,0.104972322006093,0.0923941722654663,0.5368818051225952,-1.6249025277256846,0.0265846151213638
NUEx036,WBH,picture,bat(animal),animal,0.0670605503669008,0.0072210317343209,-0.0235841942322713,-0.0548646065399729,-0.0381276637297623,-0.2940061595837919,0.7198659132714392,0.4252295197090972
NUEx036,WBH,picture,nut(food/fruit),food/fruit,-0.1097783565641051,-0.0617845110147114,-0.0356170731453638,0.0331486202605585,0.1159399657322415,0.761309553740667,-0.7626861535551896,0.3726677707410643
NUEx036,WBH,picture,leg,body part,-0.0462002391140427,0.0381371554760104,-0.0094126620091863,0.0597732463733724,-0.0016339266412968,-0.2160526566192449,-0.6509276274343161,-0.2200315641018659
NUEx036,WBH,picture,nose,body part,0.0422054132389506,-0.131700954911364,0.0594352150810754,-0.0997370072710974,0.0714299475431836,1.2718315815046637,0.8942884342545059,0.0851030737763598
NUEx036,WBH,picture,tree,nature,-0.0531542695227551,0.0228459763491203,-0.0577499917800378,0.0294178982318455,0.0180479174458475,-0.1661176642733024,-0.55834504210737,0.592871652064324
NUEx036,WBH,picture,hammer,object/tool,0.0092088837335045,-0.0532450416676911,0.0259486279828343,-0.0325416326601118,0.0333841901030321,0.5741612612101711,0.2880232411442435,0.058245320618359
NUEx036,WBH,picture,bear,animal,-0.0387432739184829,0.0675427323410917,-0.0696632724314472,0.0418047226139305,-0.0193264732951566,-0.7057037160589771,-0.6527839569232079,0.6638766647173888
NUEx036,WBH,picture,orange,food/fruit,0.0025266710408661,0.0039120356262914,-0.0631518864527202,-0.0217340638595526,0.0035572635498364,-0.1423187554161516,0.0016079558479937,0.7685440527687515
NUEx036,WBH,picture,river,nature,-0.0066885018592676,-0.0224447139377267,0.0079009926217432,-0.0048522006316011,0.0210718926537565,0.3084110380576821,-0.0245891200873237,0.0285805807519315
NUEx036,WBH,picture,bat(object/tool),object/tool,-0.0141510661434768,-0.0228304452098742,-0.0141917151031536,-0.0091041527623194,0.0281520560395935,0.3056244559188818,-0.0862345448646495,0.4227620256904216
NUEx036,WBH,picture,flower,nature,0.0104181369279735,-0.0360563975131752,0.0204846750176215,-0.0231589378772659,0.0195478346109135,0.4267145333770069,0.2459902167666809,-0.0120045732992864
NUEx036,WBH,picture,banana,food/fruit,-0.0587576488725963,0.0978749873602287,-0.074597441290356,0.0810221529864892,-0.0320150172061069,-0.8734216933624983,-0.9272883466901706,0.3157632952469817
NUEx036,WBH,picture,boat,vehicle,0.0379617510595675,0.035600433939144,-0.0212162327737565,-0.0149734991438767,-0.0478188582862499,-0.6286923015190696,0.3603221103926602,0.2473677028007381
NUEx036,WBH,picture,bat(animal),animal,-0.0069018388943301,0.0679608902551376,-0.0601902158814499,0.0240435690720537,-0.0374727350278935,-0.573718662068234,-0.219798288181108,0.2580011403167136
NUEx036,WBH,picture,saw,object/tool,-0.0089120854349636,-0.0763151284419986,-0.0196237319504524,-0.0488100778818931,0.0637056917132993,0.7465986392605931,0.1981628311271283,0.8180813059265152
NUEx036,WBH,picture,bat(animal),animal,-0.1158526248761536,-0.0003647885257978,-0.0381049916439346,0.0811340425704659,0.0731225968132742,0.3483497609656739,-1.3668760052164275,0.319605458670809
NUEx036,WBH,picture,bat(object/tool),object/tool,-0.038061917988836,-0.0074487719785812,-0.0177508039883883,0.0219350048205395,0.0316146212760432,0.1798539972852459,-0.4114229175349902,0.1702160404422391
NUEx036,WBH,picture,cherry,food/fruit,0.0060284195485359,-0.0007380152243953,0.0009861864627289,-0.0038220381364649,-0.0032677963166627,-0.0038863945691615,0.0595146783267904,0.0282198905083167
NUEx036,WBH,picture,cat,animal,0.0544488311032625,0.0862467036717179,0.0654305851209902,0.0329367081024108,-0.0719149722257133,-0.4821089058857967,0.1543677113401284,-0.9084354864592245
NUEx036,WBH,picture,bike,vehicle,-0.0273920049565997,0.0726296834704913,-0.0747827508645105,0.0300523544053454,-0.0270229799064959,-0.7924565081651931,-0.4800342314852812,0.7984364213073875
NUEx036,WBH,picture,toe,body part,-0.0165363241121802,-0.1834524922161314,0.1084516123387532,-0.0604595858265109,0.1335195150696179,1.9186379825228463,0.3422249176010271,-0.5198403585014295
NUEx036,WBH,picture,crane,vehicle,0.0257727881002423,0.0049830767924111,0.0051488311735811,-0.0146681743672403,-0.020356129330286,-0.1553466321128414,0.3339964185926785,-0.0414697923169928
NUEx036,WBH,picture,bird,animal,0.0019592073520198,0.0721637046186931,-0.0623311283472637,0.0173529695297872,-0.0449059103074987,-0.8159706648147926,-0.1797572573442317,0.5344899970391296
NUEx036,WBH,picture,bus,vehicle,0.0018485144179985,0.0434178652789791,0.014380480499206,0.0307036106630871,-0.035352662410836,-0.3914656773328093,-0.0944485777888528,-0.3464847009663599
NUEx036,WBH,picture,sky,nature,-0.016473379317907,0.0382316833040316,0.041697564122755,0.0384235766452182,-0.0199438442497641,-0.1275920071963376,-0.2108783369736119,-0.811194171112985
NUEx036,WBH,picture,mouth,body part,0.0574678721573279,-0.0048764781070436,0.0087541396560773,-0.0465607195707235,-0.0313650984682168,-0.1346132872344501,0.8489870384247661,0.0370304381473653
NUEx036,WBH,picture,sky,nature,-0.0253679600843102,0.0200541844264322,0.0049051503393542,0.0358698889288358,-0.002019293284843,-0.1163817346545573,-0.4234310528492025,-0.254711782389652
NUEx036,WBH,picture,milk,food/fruit,-0.0349631493517297,-0.0059896018168977,-0.0142262752371443,0.0206280397023081,0.0273948010558703,0.2173537263309885,-0.5246168810068443,0.2650275473721522
NUEx036,WBH,picture,boat,vehicle,0.0523123906926468,0.1330729879269285,-0.0531080682388226,0.0262085918094739,-0.1285596721863288,-1.701814529492504,0.1622287174913124,0.0413623417868812
NUEx036,WBH,picture,banana,food/fruit,-0.0462603182642573,0.0073266770664854,-0.0113474573376586,0.0405676542906037,0.0228968744043533,0.084764049729768,-0.7008187958665096,0.0387340501795884
NUEx036,WBH,picture,nail(body part),body part,0.0898515454137032,-0.1347929160067718,0.0885597008584109,-0.1270070052262071,0.0393491595341057,1.1227472189089804,1.352424766197939,-0.2245206362867512
NUEx036,WBH,picture,beach,nature,0.0423807778078379,0.0028034015459104,-0.0003246777194854,-0.0331911677098177,-0.0280253236185959,-0.1510614836833066,0.4089677389472212,0.0543957904879597
NUEx036,WBH,picture,train,vehicle,0.0244508552713248,0.0482411553858007,-0.0342099243713757,-0.0004558724799652,-0.0466373511980917,-0.7744241662864803,0.1497863763018219,0.3675778804606929
NUEx036,WBH,picture,book,object/tool,0.0461104665142307,-0.0072951730915927,-0.0157405184072819,-0.0460717403772234,-0.0174688624574319,-0.1057160615412284,0.6314238123411205,0.4807098846176398
NUEx036,WBH,picture,crane,vehicle,-0.0915708138707317,0.0375874960201148,-0.0013703742504629,0.0962967298241377,0.0214592658864293,-0.0797151181402343,-1.076085829961575,-0.3404573763897088
NUEx036,WBH,picture,mouse(object/tool),object/tool,-0.0607158419900925,-0.1419463097711773,-0.017946361127825,-0.0559125766585932,0.1425804058318975,1.069352548106261,-0.0996764815640777,0.3274908925866225
NUEx036,WBH,picture,subway,vehicle,0.0028047986948727,0.0575049521553823,0.0077800921316962,0.0372422350778597,-0.0458848390719865,-0.5380959240416298,-0.1487299265192948,-0.4092625522234959
NUEx036,WBH,picture,airplane,vehicle,0.0279216446833301,0.0242051306318178,-0.0015209901614538,-0.0065478625760672,-0.0357058166156388,-0.4468171224650389,0.3310569572256237,-0.0732502284385235
NUEx036,WBH,picture,cow,animal,0.0667667133474729,-0.0189909805647459,-0.0570090214094923,-0.0616724171356816,-0.0048735810858745,-0.107972573142327,0.4767495442631245,0.9375380967112784
NUEx036,WBH,picture,orange,food/fruit,-0.0002532468035301,-0.0147414759369324,-0.0054434249597144,-0.0116969748060606,0.0128045708502254,0.179691021024823,0.0721345133954417,0.3088470454291463
NUEx036,WBH,picture,mouse(animal),animal,0.0176864205615911,0.0167664388477378,0.0167687171393684,0.0047312175628263,-0.025328544651929,-0.2335713322702798,0.1748545145543218,-0.455133493331013
NUEx036,WBH,picture,pizza,food/fruit,-0.0049590699746357,-0.0522217633487498,-0.0359967758893397,-0.0396082843193251,0.0409215232034019,0.3716819179116561,0.1204195445986285,0.7197162897090625
NUEx036,WBH,picture,shark,animal,-0.0379277160295698,0.0285304483002085,-0.0759199859818352,-0.0056152350152681,0.0061473974047689,-0.2673286145721181,-0.1772764443341281,1.0126563186310718
NUEx036,WBH,picture,lemon,food/fruit,-0.0100922992348647,-0.0198832050151726,0.0124929989871414,0.0010318448990716,0.0198198959263593,0.2317637321593407,-0.0423255077060635,-0.0041924631911186
NUEx036,WBH,picture,cookie,food/fruit,-0.0687656466894778,0.0963980027722169,0.0026373894751354,0.1118400253354398,-0.0358596780187411,-0.6973235298435291,-1.0430224343747858,-0.7513508574212678
NUEx036,WBH,picture,lock,object/tool,0.0413457285846228,0.0061454592624223,0.0261076684646325,-0.017525331939663,-0.0323367238685526,-0.1639395039189742,0.414840557117801,-0.2225859912924974
NUEx036,WBH,picture,bike,vehicle,0.0304354919945042,0.0119148272446818,-0.0059113315380853,-0.0190265028332451,-0.0273866060667088,-0.2816183636193173,0.3620948828496166,0.1429812360590836
NUEx036,WBH,picture,lung,body part,0.032386205612349,-0.0151645118910591,0.0212977033602779,-0.0270262334725411,-0.0108332754079026,0.0902468726704314,0.4771423924972298,-0.1505302417605711
NUEx036,WBH,picture,nail(body part),body part,0.0450437000414526,-0.0317690741295173,-0.0082401378358586,-0.0582693946554637,0.0005264287197856,0.1821495313271812,0.6119651420797662,0.4024473877620039
NUEx036,WBH,picture,muscle,body part,-0.0229923246617583,-0.1354208951011054,0.071564185588866,-0.040158075650907,0.1076968278997952,1.5914751259109483,0.1578936503985025,-0.2768476077501699
NUEx036,WBH,picture,tree,nature,0.1056205436596385,0.0367924812300231,-0.0231780787351795,-0.0679986895133985,-0.0846829871523166,-0.6372713403787761,0.9654594655094408,0.2373139168910874
NUEx036,WBH,picture,book,object/tool,-0.0243521243378292,-0.0331727423637713,-0.0124364209180071,-0.006950969662247,0.0422320137590602,0.4732957834118724,-0.1694581566094377,0.4848099260170334
NUEx036,WBH,picture,train,vehicle,-0.0417476090938416,0.0161540498989556,-0.0110383010023,0.0423244808153787,0.0129342281042373,-0.064646340131354,-0.6000776060383824,0.0398528103397751
NUEx036,WBH,picture,river,nature,-0.0175315022188352,0.0291803786726661,-0.0038275541879778,0.0331120644145868,-0.0121008432748049,-0.2727662825431572,-0.3993473203222001,-0.2275019231892773
NUEx036,WBH,picture,bear,animal,0.084044245847597,0.0327179692963196,-0.0486533209117469,-0.0550157801696009,-0.0576391056601697,-0.6364129395039364,0.7351316121347722,0.7076659712735145
NUEx036,WBH,picture,milk,food/fruit,-0.0361659871743,0.0459569065884058,-0.0323187369332358,0.0493724330581896,-0.0113801346208843,-0.4749430374310987,-0.654130031383679,0.1612212462481045
NUEx036,WBH,picture,leaf,nature,-0.0867504703133973,-0.0247295305514295,-0.0189856408061962,0.0483081356840127,0.0740251245483916,0.3558926381503619,-0.5560922843029851,0.1866391040152072
NUEx036,WBH,picture,beach,nature,-0.1187150618933745,-0.0001308538694873,-0.0440453513422395,0.0805690898891817,0.0752254894741616,0.3356856344462354,-1.3069281364374612,0.3509500219858718
NUEx036,WBH,picture,bed,object/tool,0.0720081149032516,-0.0190121142490935,0.0118609730181789,-0.0669066527334239,-0.0294269860260117,-0.0202661423315668,0.9384789555908376,0.1334448667939955
NUEx036,WBH,picture,leaf,nature,0.0131441921375876,0.0356788826976176,-0.0333644801105174,0.0001399111985134,-0.0306609665347878,-0.4663543255039317,0.0461099303598492,0.3108625551109932
NUEx036,WBH,picture,chair,object/tool,0.0023910062082607,-0.0319545821820106,-0.007846665435762,-0.0260650312207657,0.0249164224489711,0.3692501845113106,0.1666516846971781,0.4429457768601572
NUEx036,WBH,picture,banana,food/fruit,-0.0996360647047954,-0.1241580294070956,-0.0580678190333896,-0.0349026373474366,0.1449262207989272,1.1642790729077133,-0.3557514577016491,1.2289158480603073
NUEx036,WBH,picture,truck,vehicle,0.0423350188731751,0.0182684212752898,-0.0103546284318204,-0.027560106213493,-0.0395811385198058,-0.2731457743373215,0.3142567274349374,0.0863229800962509
NUEx036,WBH,picture,hill,nature,-0.0291284554328669,0.0415832690221967,-0.0280142772746916,0.0418580386627505,-0.0119594486869534,-0.4637732505221837,-0.6289885549813949,0.1154713775456406
NUEx036,WBH,picture,fly,animal,-0.0310768614055082,0.0163596487782348,-0.0034588619378991,0.0360061677053943,0.0055269305313204,-0.046625963210187,-0.4957630203188316,-0.16139598941618
NUEx036,WBH,picture,river,nature,0.0474116753819093,-0.0231125615501792,0.0151193865190631,-0.0485763781163625,-0.0120041922459158,0.1083382967562453,0.6638887314688787,0.0539138480814795
NUEx036,WBH,picture,cat,animal,0.0254873192797603,0.0129581519290516,0.0024867638351575,-0.0113301361795187,-0.0271671199953872,-0.2646384122852391,0.2611590455552015,0.0399751900153775
NUEx036,WBH,picture,cherry,food/fruit,-0.0546172254594867,0.0487186062882269,0.0437046637026648,0.0660118246090113,-0.0149630758990784,-0.1551720277774899,-0.4713002543777285,-0.8268317009540531
NUEx036,WBH,picture,head,body part,-0.0429532507113757,-0.1398525932798553,0.1128629229767618,0.0026842837358229,0.093027882836842,1.3231052621614725,-0.1042535838354116,-0.9717231246922292
NUEx036,WBH,picture,dog,animal,0.0803953122201066,0.0176176844439928,0.0332651142298935,-0.0374162964969679,-0.0648687308536975,-0.3848923427748866,0.8158859795112361,-0.4621413265101771
NUEx036,WBH,picture,fly,animal,0.0363086269776374,0.0283228395410048,-0.023339590373212,-0.018782973968314,-0.039546907651179,-0.559541762688556,0.4208578889240232,0.3739426210653501
NUEx036,WBH,picture,hill,nature,-0.0479565579812285,0.0063222717826448,-0.0166263979378844,0.0387791798637575,0.0255506749375656,0.1067982307823403,-0.7623156439913585,0.1501948190576242
NUEx036,WBH,picture,book,object/tool,0.1190168776321446,0.0096900677850119,-0.0716042627076543,-0.0884696176747373,-0.0431427717893543,-0.4178080563994548,0.895852258561374,1.1520426888912882
NUEx036,WBH,picture,knife,object/tool,0.1003855110951149,0.0058959693819918,-0.0544362072800102,-0.079300152238863,-0.0398786097985918,-0.3680087782192833,0.8717489810549272,0.966375815651282
NUEx036,WBH,picture,cherry,food/fruit,-0.0128247366475506,0.1097465938682174,0.0360769877185898,0.0791624564935231,-0.0678857187668779,-0.7286030937024957,-0.4108270920743122,-1.0567532220413496
NUEx036,WBH,picture,island,nature,0.0139887202777715,0.0481023258752164,-0.0260341729804978,0.0118913017524489,-0.0433193176142455,-0.6940870667117911,0.0042178046849595,0.162382521884893
NUEx036,WBH,picture,lock,object/tool,0.0440488733543482,0.1278499076090483,-0.0272200143630311,0.0397301269838832,-0.1246070953091259,-1.534885323841839,0.0564411897138529,-0.4083417778356193
NUEx036,WBH,picture,nail(object/tool),object/tool,-0.0657831517092741,-0.06858121436054,0.014996029744088,0.0147935278852295,0.091371361868096,1.054291647854846,-0.5924602276706181,0.1479489676865852
NUEx036,WBH,picture,chair,object/tool,0.0435023355538967,0.0811243899329276,-0.002825588426083,0.0173012932998629,-0.0889881519086918,-1.0625168086665568,0.2507877304980715,-0.4748278962947553
NUEx036,WBH,picture,muscle,body part,-0.0024863848646551,-0.1525722237180378,0.0956358170173266,-0.0564267235985101,0.1022401559640771,1.4940437684336565,0.4118542572435945,-0.3993301532989977
NUEx036,WBH,picture,apple,food/fruit,-0.092465758663858,0.0180892003846431,-0.0369464604367185,0.0756416528111695,0.0437488335279707,0.0784085630054225,-0.8655802331966209,0.0522675107782334
NUEx036,WBH,picture,nut(object/tool),object/tool,0.0374585557794897,-0.0708229024862766,0.0329590195427377,-0.0646318325925309,0.0293713076959952,0.7501502045096138,0.7601016591448552,0.0903922520588883
NUEx036,WBH,picture,hammer,object/tool,0.0540775300770803,0.0523702736840938,-0.0205864373824171,-0.0162903287391953,-0.0707832918441896,-0.8285281387454696,0.4903044691523808,0.0902885792226854
NUEx036,WBH,picture,cat,animal,-0.0332220411281675,0.0368310663109328,-0.0081280395377958,0.0497346934299891,-0.0082609748634006,-0.3057989812452513,-0.6154960459090478,-0.1752880743963682
NUEx036,WBH,picture,shark,animal,0.0389487876994725,-0.0042149794932663,0.0052999557893332,-0.0321803981408167,-0.0204095018469024,-0.0769144738883181,0.5756756296446568,0.066188717489778
NUEx036,WBH,picture,subway,vehicle,0.0148800238404204,0.0175834612349103,0.0090585860301184,0.0043865727235179,-0.0241617818616374,-0.2282499104097013,0.1221270969346348,-0.2402401996446181
NUEx036,WBH,picture,apple,food/fruit,0.0632660341809462,-0.0444158453919736,0.0217759801644007,-0.0734538961508479,-0.0061146179586805,0.2404185615451429,0.8178136408361393,0.1628266427426347
NUEx036,WBH,picture,saw,object/tool,0.0058815965609142,0.0166412958001655,-0.0194383543284973,-0.0002724968805019,-0.0137932938557505,-0.2639916487728043,0.024392313256967,0.2871357091226519
NUEx036,WBH,picture,toe,body part,-0.0336125553961308,-0.1910978165321498,0.137350252050776,-0.0316912601751345,0.1315570857969743,1.8054905960622745,0.1508811591792076,-0.9587435104113688
NUEx036,WBH,picture,bike,vehicle,0.0075922545669238,-0.0202845805521287,-0.0058979345358819,-0.0219257136666599,0.0127152829309584,0.232923273663222,0.21073920946316,0.380070594747093
NUEx036,WBH,picture,truck,vehicle,0.061945295949101,0.0633372921718798,0.0011425249101477,-0.0074852230175028,-0.0870064553385499,-0.9355473843654316,0.5592053946207484,-0.2929865837834915
NUEx036,WBH,picture,bird,animal,0.1572587973277985,0.0148122896201676,-0.0214576246776272,-0.1221896052038459,-0.095202078218318,-0.5725829158575249,1.62158377334251,0.5673989694827283
NUEx036,WBH,picture,grape,food/fruit,0.0800693053512118,0.0495890654973333,-0.091317115257032,-0.0396827048717728,-0.0288192890799731,-0.4741346806957882,0.2108745326001661,0.9379596714985944
NUEx036,WBH,picture,sky,nature,-0.0005929504391405,-0.0414766867164242,0.0018605823083713,-0.0259376375928753,0.0339763019856182,0.4871456925527679,0.1418689411283921,0.300494207280928
NUEx036,WBH,picture,grape,food/fruit,-0.1807870891596356,-0.0546023330310246,-0.018021910983626,0.1076455537578013,0.1529462700121061,1.0018087158219875,-1.635207365380977,0.1859304192562819
NUEx036,WBH,picture,apple,food/fruit,-0.0490934778714956,0.0034195125406961,-0.0524478819722847,0.0164292303610896,0.0288960358552807,-0.0053478502675869,-0.3701491215733757,0.5206604253892634
NUEx036,WBH,picture,cookie,food/fruit,-0.1224438365325942,0.0613814158940167,-0.0912318769295397,0.0966558850553494,0.0330490691165914,-0.3235646834400039,-1.2817582901650384,0.6592167922984752
NUEx036,WBH,picture,lung,body part,-0.0030944640418901,-0.0868272291197251,0.0362140406335279,-0.0404555479484801,0.0657883389079398,0.894310568985499,0.2241661043837204,-0.0212829516682775
NUEx036,WBH,picture,wrench,object/tool,-0.0102017612920152,-0.071713100751965,0.0303768971310096,-0.0274400196557215,0.0581728049571726,0.8249219372407771,0.1244486788984394,0.0936092901733612
NUEx036,WBH,picture,pizza,food/fruit,-0.0839206266046032,-0.0100625602187476,-0.0786699816284742,0.0114777805919258,0.0511767647557401,0.1306877328908564,-0.5612174883197103,1.0633696593315602
NUEx036,WBH,picture,ladder,object/tool,0.0116397757531152,-0.0411208278109945,0.0322526671063255,-0.022253166199668,0.0190947962349876,0.4572769598420887,0.294815316129593,-0.1249276585499647
NUEx036,WBH,picture,dog,animal,0.0012175390558462,0.0054669894188913,-0.0317625592057475,-0.0088816076967839,-0.0005853042028262,-0.141350229634194,0.001548992725219,0.6278449825863853
NUEx036,WBH,picture,lung,body part,-0.0554005927838469,-0.0409137388882125,-0.0141094523481175,0.0127636781771378,0.0671973637029267,0.6628400007333907,-0.552545230460609,0.4763610532675496
NUEx036,WBH,picture,knife,object/tool,-0.0333389100535984,0.0162479767216088,-0.0392252313217814,0.0216502975779118,0.0107253934089132,-0.1663196322669318,-0.4600311126385061,0.5398855987609325
NUEx036,WBH,picture,nail(object/tool),object/tool,-0.0610128614086022,-0.031070487040075,0.0119696431664638,0.0351701923732828,0.0573717959252518,0.4680340853915394,-0.526816506912704,0.0459590215652712
NUEx036,WBH,picture,nose,body part,-0.02536418234769,-0.0639306302864464,0.0220679999439076,-0.0116367645517793,0.0624548697881387,0.87036652993995,-0.1126951812287239,0.008930261079074
NUEx036,WBH,picture,orange,food/fruit,0.0531901099936243,0.027821249110539,0.0262174240768058,-0.0117941687443658,-0.0546010623618398,-0.4443038467320054,0.516843990051472,-0.4216610890615614
NUEx036,WBH,picture,cookie,food/fruit,0.0202653737106386,-0.0335196902048406,-0.0442668831787298,-0.0417676250843823,0.0171592218802248,0.1126618098053085,0.1784373588907094,0.7273556085123192
NUEx036,WBH,picture,hurricane,nature,0.0254706735730871,-0.0101447222619113,0.0538522969250855,0.013941214512317,-0.0161054749514586,0.0007557633592492,0.0945676913666128,-0.3411765747516647
NUEx036,WBH,picture,truck,vehicle,0.0596502782804083,-0.0376314368091569,0.0400479224782787,-0.0555420485560592,-0.0130307556921261,0.2064719180318981,0.7277293564099059,-0.2028556401657714
NUEx036,WBH,picture,nose,body part,0.087272146644495,-0.0985048603178878,0.075993443439885,-0.1043422350336922,0.0118736042706149,0.7412815615518543,1.1592002273652635,-0.2752423173781524
NUEx036,WBH,picture,ear,body part,0.1285292932069862,-0.0654283549877368,0.0220977597190502,-0.1382210369445665,-0.0246389829555899,0.3052681882158524,1.5231783038612885,0.3294774006651083
NUEx036,WBH,picture,wrench,object/tool,-0.089747207729779,-0.0167631102273034,5.110843459535394e-05,0.0640533755407792,0.064213337488567,0.5122824893764931,-1.07702933268642,-0.1199946043184437
NUEx036,WBH,picture,nail(object/tool),object/tool,-0.0656972874654368,-0.0143573841941247,-0.0698387700835233,0.0014014672373159,0.0427960578516245,0.1056304848390493,-0.3648389977564223,0.8432399039498434
NUEx036,WBH,picture,bird,animal,0.0164467225573683,0.0243390357167206,-0.0501561587738849,-0.0156869155479801,-0.0163599556102632,-0.3994686172245573,0.120661417520436,0.8287815374268485
NUEx036,WBH,picture,hill,nature,0.056540423224251,0.0715986286653047,-0.0562931871531701,-0.0173192860495284,-0.0734211444071437,-1.0322863898778327,0.3950018481213774,0.6026205901840593
NUEx036,WBH,picture,duck,animal,0.0374122842556098,-0.067606661543372,0.0778916346449596,-0.0220932075083717,0.0098160438130455,0.5572185853509088,0.4453447865910624,-0.8647427411563303
NUEx036,WBH,picture,deer,animal,0.0172511820622584,-0.0196902254775224,0.0186510716468222,-0.0184444311476411,0.0022748409397136,0.2353255722070365,0.3256959836027601,-0.1292413675327817
NUEx036,WBH,picture,key,object/tool,0.015271690179525,0.04832009703857,-0.0223709725189913,0.0120757090771382,-0.0445314158520263,-0.7861184231803776,0.0142791926855629,0.0968948347863545
NUEx036,WBH,picture,car,vehicle,0.0075480893194035,-0.014571446146387,-0.0136441418455857,-0.0200516247035664,0.0091840564793716,0.1615458119879307,0.1818362322171084,0.4762734947007691
NUEx036,WBH,picture,mouth,body part,-0.0485768741807019,-0.0188508813607198,-0.0171220675998928,0.0219924286433096,0.0462979254235295,0.361301546892419,-0.5804958140823717,0.3635031319387947
NUEx036,WBH,picture,flower,nature,-0.0528542338683459,0.0174460509215481,-0.0494176906360796,0.0319463645955411,0.0218124694630471,-0.1210279385398442,-0.6018866011483361,0.5997701876991376
NUEx036,WBH,picture,duck,animal,0.0539619549023032,0.0218099552717216,-0.0437076570728796,-0.0382188710192227,-0.0351717315160989,-0.4377720194536665,0.4384920599815424,0.6032255729694077
NUEx036,WBH,picture,crab,animal,-0.0193534367767103,0.1235986239055689,0.0125999996713468,0.0940419445014505,-0.0786905882438988,-0.8596590107760628,-0.4920490236631944,-0.7286810820872681
NUEx036,WBH,picture,ladder,object/tool,-0.0101601391723443,0.0795171908211314,-0.0451355186209011,0.0441379911133159,-0.0513485981909635,-0.997275888665716,-0.4291017614911647,0.2220938335559925
NUEx036,WBH,picture,bus,vehicle,0.0411446131243409,0.0833218552207717,-0.0551184480102173,0.0005386032574619,-0.0778441426760696,-0.8577040796153858,0.1693149719456154,0.3006535842797218
NUEx036,WBH,picture,lemon,food/fruit,-0.0251910302513957,-0.0054428149478229,0.0135999020886363,0.023033890708971,0.014914582092817,0.1938834907808937,-0.3193786052380964,-0.2737492269780611
NUEx036,WBH,picture,hammer,object/tool,0.0407644808062825,-0.0174705082071412,0.0032452333394737,-0.0459993888244884,-0.01165706393943,-0.0043072005414417,0.4000944927041129,0.2143133402545692
NUEx036,WBH,picture,key,object/tool,0.0239195506218566,0.0054405703249303,-0.0218816786540871,-0.0222677823023039,-0.0143485744235763,-0.1798473543914364,0.2757246921704349,0.4005350513409187
NUEx036,WBH,picture,taxi,vehicle,0.0732158231470892,0.0418643444205364,0.0246513980734025,-0.0208743699951168,-0.0771961263203592,-0.6187252004330013,0.7256595774322436,-0.4824552650244649
NUEx036,WBH,picture,key,object/tool,-0.0908386104153481,0.0094379526841824,-0.0742884714290884,0.0369309001849767,0.04896974664002,0.0705483106813117,-0.697076825842486,0.5334537098446298
NUEx036,WBH,picture,leaf,nature,0.0094105148143846,-0.0311393510793768,0.0073986091972248,-0.0261809867661692,0.0191533329427669,0.2787247814992147,0.1828863419405161,0.1474205171634825
NUEx036,WBH,picture,lemon,food/fruit,-0.0154800392871458,0.1106907817223469,0.0518595783110824,0.0778216006166941,-0.0616164386364609,-0.5760294312078593,-0.3566676650634621,-1.1004082113404792
NUEx036,WBH,picture,bat(object/tool),object/tool,-0.0310163835335195,-0.0639682998090921,0.0162164961623322,-0.0103005244929302,0.0672069855192404,0.848949808666603,-0.1667451216240137,0.131242656001132
NUEx036,WBH,picture,pizza,food/fruit,0.1088295998785311,0.0053503846582211,-0.009190334781264,-0.0863248089085271,-0.0642648423014179,-0.3567061129509968,1.0549743853389597,0.291777900689779
NUEx036,WBH,picture,grape,food/fruit,0.0868082964544114,0.0611555014062114,0.0713193405910582,0.0104860982774918,-0.0756817145820646,-0.3452056899265027,0.2840264532266375,-0.4113314876065575
NUEx036,WBH,picture,airplane,vehicle,0.0125360472522982,0.0454065840033274,-0.0365753537384891,0.0061700301049746,-0.0370154761683449,-0.6940912222803715,-0.010326257925059,0.3981089845885874
NUEx036,WBH,picture,taxi,vehicle,-0.0138825836115821,0.0104675124910859,-0.0377822859411864,0.0020381118083237,0.0042532616144899,-0.1291279095507528,-0.1439951273982744,0.4616037108443003
NUEx036,WBH,picture,nut(object/tool),object/tool,0.0470259014095505,0.0092872012263252,0.0348336372710219,-0.0117739555000048,-0.0373887736698862,-0.1718740102546919,0.4187390545511403,-0.4460422227150944
NUEx036,WBH,picture,crab,animal,0.0031625305882619,0.1523360793955546,-0.0189489587897673,0.0908247628657122,-0.1186401770199374,-1.4972645047629125,-0.4922844977338792,-0.7466041007683195
NUEx036,WBH,picture,hand,body part,-0.0548622542873619,-0.0314600646653792,0.0100471088523002,0.0299831108062348,0.0545858447530482,0.5574052557268198,-0.6181591447005579,0.0134245469308914
NUEx036,WBH,picture,duck,animal,-0.0988494462040797,-0.058310806854344,0.011131734258533,0.0489736162760218,0.1024788582100611,0.6458491843090132,-0.5759628809297648,0.1653138911991183
NUEx036,WBH,picture,fly,animal,0.0947748120876458,0.0010123437271175,0.0291131545522372,-0.0643255142564625,-0.0613509948669275,-0.2646291915935531,1.0522489569898688,-0.2093096702772564
NUEx036,WBH,picture,bear,animal,-0.013086163274308,-0.0451002025731061,-0.0493354121593048,-0.0339919211788348,0.0365066829225653,0.240877747649014,0.0677870914450371,0.8256259649928569
NUEx036,WBH,picture,taxi,vehicle,0.0314727273871378,0.089743644402517,0.0313687063631183,0.0395709860771814,-0.080790609337779,-0.8128183871378459,0.0424654505341871,-0.8164224079936077
NUEx036,WBH,picture,crab,animal,0.0225325399649284,0.0275442744655346,0.0281901033423313,0.0127217167670531,-0.0333697282474902,-0.2332988378701828,0.1073925392033835,-0.5305326950201898
NUEx036,WBH,picture,mouse(object/tool),object/tool,0.0749963198978152,0.0593148612873913,0.0010253101459085,-0.0204691899939683,-0.0918602663101647,-0.8257870071628143,0.6329873958115457,-0.2819029701149528
NUEx036,WBH,picture,beach,nature,0.0327594752533132,0.0107753118324115,0.0125226832874956,-0.0133291871189227,-0.030933840837313,-0.21552652366389,0.2948476733397625,-0.0700726016175043
NUEx036,WBH,picture,car,vehicle,-0.0373233750927473,-0.0692997320056256,0.0374388515447484,0.0025380761338531,0.068304841470913,0.8549626509878764,-0.2179117966301332,-0.2072598080811165
NUEx036,WBH,picture,airplane,vehicle,-0.0477853427048526,-0.0027172371600644,-0.0201145309692959,0.0325740830302309,0.0334843636152074,0.126678429615086,-0.5739899342479573,0.2656334506980635
NUEx036,WBH,picture,muscle,body part,-0.0346740169487208,-0.203513933566578,0.1132115961440319,-0.0574155083484837,0.1606257584788543,1.827119625563085,0.2103121497943947,-0.4421681289379396
NUEx036,WBH,picture,mouse(object/tool),object/tool,0.008852262071294,-0.0329299503403522,0.0149475719864211,-0.0234165216383331,0.0186577958162157,0.383590627257453,0.2478512314064054,0.0813042777616468
NUEx036,WBH,picture,chair,object/tool,0.0764065277287322,0.0086168116768492,-0.0201601777631428,-0.0612061253232192,-0.0453642065944025,-0.3533838657297348,0.8336282640751965,0.4720015603191101
NUEx036,WBH,picture,ladder,object/tool,-0.039047721741504,0.0700354978921946,-0.0219267806756584,0.0718660099246556,-0.030200886191002,-0.571256780540854,-0.5787861033621845,-0.1407378621636203
NUEx036,WBH,picture,head,body part,0.1044784623966131,-0.2174625354910214,0.2196644572926548,-0.0806697740577751,0.0507315601260699,1.2810434070021677,0.9204312925800788,-1.4947057100451349
NUEx036,WBH,picture,bed,object/tool,-0.1068209355240821,-0.0393261709201184,-0.0297503998666534,0.0508001259234042,0.0970499250168213,0.6212257264488003,-0.9344195051515096,0.2764033573647278
NUEx036,WBH,auditory,dog,animal,-0.0341067630358097,0.3303201734498396,-0.1546250029759989,0.1850663489303509,-0.2265338887462921,-0.7601982615366013,-0.3703564048846062,-0.3560802899168401
NUEx036,WBH,auditory,abear,animal,-0.1270328784202783,0.0516557863648382,0.1084222500201445,0.0812897532685296,-0.0203479291839065,-0.0016402129023647,-0.0793352001690514,-0.2333060727287331
NUEx036,WBH,auditory,banana,food/fruit,-0.0358274367779789,-0.0225476866358639,-0.0331248163819651,0.0007198725929235,0.041181657592319,0.2173733166611509,-0.1012690922988996,0.1802923623579915
NUEx036,WBH,auditory,book,object/tool,0.0051304192005361,-0.1080573415797112,0.0162656140941878,-0.0704270020455327,0.0806442543227183,0.7260877219106834,0.3210778921665893,0.1455881193371184
NUEx036,WBH,auditory,head,body part,-0.0169845640860923,-0.1338070627897029,0.0060926735944311,-0.0751561853399405,0.1121770053140664,0.848431386769555,0.1777844613777603,0.2195930474708768
NUEx036,WBH,auditory,bed,object/tool,0.0828401403811648,0.1550206947442176,0.0182191386501019,0.0399436868887587,-0.1676457944449233,-0.9698906393426512,0.3203764816091023,-0.7073977028130063
NUEx036,WBH,auditory,cookie,food/fruit,0.0194643368907835,0.208315325507399,-0.0227652195648204,0.1122446794244467,-0.1728776541635484,-0.8452708094290001,-0.0590817082961504,-0.3895318212433295
NUEx036,WBH,auditory,cat,animal,-0.0206316444081586,0.0114248656535801,0.0357166896393671,0.0294579355425721,-0.0064229306554111,0.0136983613711805,-0.0315259584608908,-0.2947013571113306
NUEx036,WBH,auditory,bicycle,vehicle,0.0017622834054647,0.033834739941396,0.0228427851613384,0.0267498357564487,-0.0268293291452646,-0.1848961124623745,-0.0294488635582467,-0.369888822794739
NUEx036,WBH,auditory,beach,nature,0.06766022504448,0.2217830611315991,0.0406775503567787,0.1035484107170706,-0.2005319575604335,-1.058551797930157,0.0128893394410232,-0.9810257853931164
NUEx036,WBH,auditory,hand,body part,-0.1458778036460654,-0.0448910839391888,0.0047219158919976,0.0931457752741925,0.1188430632517684,0.4107808191313946,-0.3505633684355479,-0.040653321566371
NUEx036,WBH,auditory,deer,animal,-0.1752296408354524,0.0006278306361426,-0.0796859484819888,0.1093902154796636,0.110180393121525,0.3555697106889347,-1.0497191506283434,0.3317650258772228
NUEx036,WBH,auditory,flower,nature,-0.0846908300459964,-0.2547709851857669,0.0448628558407011,-0.0794781698810409,0.2502740161964445,1.79919279839714,-0.0350457656332271,0.3515550981141813
NUEx036,WBH,auditory,grapes,food/fruit,0.1746432516990121,0.0469320763201225,0.0541431693830061,-0.0902812391856199,-0.1433487846066213,-0.217703246528553,0.5974720013205559,-0.3989994282856338
NUEx036,WBH,auditory,bird,animal,0.0249373386362581,0.1060039049700998,-0.0034902610832364,0.0479386288289043,-0.0959086363616592,-0.6456532361912111,0.0062983199030204,-0.3999641884100454
NUEx036,WBH,auditory,chair,object/tool,-0.1920939406870118,-0.0157889454229522,-0.0675397853026567,0.1189828511479075,0.1343936715472229,0.4386467067302118,-1.1719746640592603,0.2701006636430878
NUEx036,WBH,auditory,plane,vehicle,-0.1637569399238699,-0.1944514287410242,-0.0867760731912895,-0.0489989288395697,0.2318831650919806,1.362790504941315,-0.4283914520019297,1.2066209819498293
NUEx036,WBH,auditory,apple,food/fruit,0.2008232232298078,0.0393806014379626,-0.1565980121896343,-0.1187639551741401,-0.0455592417198583,-0.1880486893251049,0.432098777189675,0.3689932420277331
NUEx036,WBH,auditory,bat,object/tool,0.1299317505061124,-0.079420344992246,-0.0449607877141485,-0.1445764464475528,0.0088827835107189,0.2741238386405994,0.815923465646575,0.5081627306916112
NUEx036,WBH,auditory,cow,animal,-0.0743040835377197,0.0832106843010829,-0.0974835928293184,0.0573538077236039,-0.0108323313075671,-0.3466601990271605,-0.3959909000005445,0.2292589716789798
NUEx036,WBH,auditory,ear,body part,0.1804860361535608,-0.0992572032071829,-0.060920200183744,-0.1943203609812749,0.0065439755006242,0.242264124021153,0.7230635167127842,0.3542007762889174
NUEx036,WBH,auditory,car,vehicle,0.0338942896790531,0.1164849030665277,0.0007609470963522,0.0486625568997252,-0.1091313730191496,-0.9617605374917514,0.0228154468684609,-0.5677485148034606
NUEx036,WBH,auditory,excavator,vehicle,0.0405172522202423,0.0464153149374099,0.022659147780043,0.0056471044440583,-0.0596907955230037,-0.290717749324283,0.1917889461022614,-0.1539613809690328
NUEx036,WBH,auditory,bus,vehicle,0.0329981763815723,-0.1278940467316045,-0.0387448237048902,-0.1006907095362074,0.0817668828936986,0.4024766814882367,0.286610504650356,0.1192756578307681
NUEx036,WBH,auditory,ariver,nature,0.1159621575027301,0.114494949536843,0.0895694851754033,0.0292947839498598,-0.1275385540272726,-0.4588902542074523,0.258369189939402,-0.5936641044204207
NUEx036,WBH,auditory,ahead,body part,0.1256788165950892,-0.2504576826514552,0.1550211522166934,-0.2087843010435393,0.0987310591175838,1.4762374941328993,1.4006607395701245,-0.3603979066066139
NUEx036,WBH,auditory,mouse,object/tool,0.0018775966260819,-0.0876578460606981,0.0176115186546506,-0.0536190469176534,0.0666820208544459,0.8687706754355069,0.291140436929565,0.286830678741438
NUEx036,WBH,auditory,legs,body part,0.1304172531009148,-0.1279380957628084,0.0464397319948726,-0.1727971080607813,0.0250980878840996,0.3622292796774708,0.4689296784709338,-0.2082603662498923
NUEx036,WBH,auditory,theheart,body part,0.1039680916964671,-0.1411037948829261,0.0465229082333915,-0.1596485690746611,0.0477993790100472,0.8880435590983263,1.1765199907843804,0.2345462211386474
NUEx036,WBH,auditory,hurricane,nature,0.0596412509399878,-0.0463535369323761,0.0701139583043352,-0.0334016594247915,-0.0137127205011455,0.2366643301362148,0.5196808595640384,-0.451870806954132
NUEx036,WBH,auditory,key,object/tool,-0.0555900862093992,0.0904630913715326,-0.043596667829192,0.0909359676541304,-0.0329546131509987,-0.4996668208506031,-0.5935846643514469,-0.1137846964749617
NUEx036,WBH,auditory,amountain,nature,0.0098789777560892,0.1148422316035596,-0.0260339964452782,0.0601513249155662,-0.0932007318260095,-0.916697711383926,-0.1742906770865173,-0.2734810918494882
NUEx036,WBH,auditory,ahill,nature,-0.1437057071621629,0.0291331435760993,-0.0200458774100756,0.1299865995311404,0.0620523237973614,0.1550026392726241,-1.0266549926626354,-0.1623476456084562
NUEx036,WBH,auditory,awrench,object/tool,0.1577089986531113,0.1545740733856814,-0.0613097615856946,-0.0505534936084973,-0.2036492571912792,-0.9342016522206265,0.7406069595298226,-0.0316529240600995
NUEx036,WBH,auditory,train,vehicle,0.05658991398912,-0.1801662798737431,-0.010243005136395,-0.1503302995664595,0.1108914129387848,0.7600420999175858,0.4696545209157113,0.2895278957755138
NUEx036,WBH,auditory,aleaf,nature,0.0009371829509564,0.0786475205360613,0.0191940932706231,0.0525724578014032,-0.0569966445996798,-0.3707938012010743,-0.0735781311429397,-0.4316179383771432
NUEx036,WBH,auditory,toe,body part,0.0102762540769103,0.0335480401442882,0.020122455157973,0.0202376327225066,-0.0328413466561873,-0.2775570983171652,0.0318046652266212,-0.3378390468580995
NUEx036,WBH,auditory,taxi,vehicle,-0.0964083688194893,-0.0248873208003408,0.0057693201213819,0.0660521754401372,0.0732117381095832,0.528744273091479,-0.884109712819423,-0.1309490499340349
NUEx036,WBH,auditory,lasagna,food/fruit,0.1103308091920468,0.0311100285478286,0.0176475331993608,-0.0630275464221544,-0.0915902561239039,-0.3740771723775552,0.880893733251896,-0.2392577606519493
NUEx036,WBH,auditory,mouth,body part,-0.0038431059510561,-0.3299395113609921,0.0921992596329245,-0.1811017428998946,0.2571611409109437,1.5472520430273589,0.5019600462121963,0.1026199895444921
NUEx036,WBH,auditory,orange,food/fruit,-0.0552724702092385,0.0134628816719831,0.0210563124323385,0.0553457181082642,0.0140903599736079,0.0688714288467376,-0.5077667850950627,-0.3574674299190025
NUEx036,WBH,auditory,nose,body part,-0.1355933816189725,-0.0133427925122926,-0.1250363833039282,-0.0235130908125796,0.0585316896306257,0.0746169186669948,-0.2117171091808269,0.6196318435796536
NUEx036,WBH,auditory,anisland,nature,-0.0282468573546543,0.078405036125045,-0.0029595237128116,0.0726546670988983,-0.0424997697672998,-0.6264878039934474,-0.5655927053979016,-0.3749414699150224
NUEx036,WBH,auditory,aladder,object/tool,-0.0947386405693566,0.1079542264220181,-0.1418266628883777,-0.0097915048143199,-0.0086058101424094,-0.1625404021223692,0.0103505384594064,-0.1143941675144961
NUEx036,WBH,auditory,sky,nature,0.1931737292906941,0.1210306515551813,0.156509772364405,0.0178789339903847,-0.1588673866529657,-0.2312944324945376,0.4840186933463222,-0.812142553432392
NUEx036,WBH,auditory,shark,animal,0.0486538501086585,0.094263418867719,0.0464239649590269,0.0358054996200569,-0.0871361648358057,-0.5527578820881759,0.1632439194850659,-0.7554964284954682
NUEx036,WBH,auditory,berry,food/fruit,0.0601029952246494,0.1358545489438476,0.084093757965618,0.0611170341331919,-0.1009899030246348,-0.3875078215067488,0.1295021928366619,-0.8466255827401262
NUEx036,WBH,auditory,knife,object/tool,-0.3087414594787603,-0.2456957811670857,-0.2002477138556271,-0.0823471415271333,0.3270482116540997,0.7927954283488621,-0.172915477266281,0.3708631005285377
NUEx036,WBH,auditory,saw,object/tool,0.0084922401301039,0.0468311088118143,0.0223593115468531,0.0304154821881628,-0.0390145029962412,-0.278778039408193,-0.0135954889960134,-0.4686096846970368
NUEx036,WBH,auditory,ourlungs,body part,0.008778326452051,-0.1609997254419605,0.1175033453370632,-0.0586417526872174,0.0914194856758434,0.7894379740737358,0.3007011844363494,-0.2511112372537702
NUEx036,WBH,auditory,alemon,food/fruit,-0.0065701743175417,-0.2120347404395725,0.1237048464252936,-0.0817412048977071,0.1486985230241757,1.3098541216389643,0.3125850638602045,-0.3100937626785727
NUEx036,WBH,auditory,dog,animal,0.1180832325947206,0.2612788515223565,-0.1009832847130433,0.0481461386852778,-0.2619295868266539,-0.7171220265827343,0.1884468153980754,-0.3744962249772756
NUEx036,WBH,auditory,abear,animal,-0.326968573885522,-0.0590954794177238,0.1228744348444736,0.2386620805067529,0.1930856114109969,0.4248399331372671,-0.2709363648049263,-0.330031127938731
NUEx036,WBH,auditory,ahead,body part,0.020363493877984,-0.1214944849281308,0.1031600016174607,-0.0389533975107072,0.0538835130874803,0.9700778163813152,0.4156547998755033,-0.6991445560927955
NUEx036,WBH,auditory,abed,object/tool,-0.0428279849873115,0.0944038482644154,-0.0273117924801432,0.0882496207298257,-0.045958698764626,-0.6397224259576364,-0.6092574463245604,-0.3026373293752908
NUEx036,WBH,auditory,ahammer,object/tool,0.0354939552592724,0.1299615528246024,-0.0273754965968446,0.0469045416467559,-0.121397057417173,-1.028887272361427,0.0688346992013948,-0.345222289103354
NUEx036,WBH,auditory,cat,animal,-0.0052787482158704,0.0162700845304776,0.0036473982143803,0.0181315546558962,-0.0106262608655119,-0.1029956764988783,-0.0743551214451866,-0.1156963972660842
NUEx036,WBH,auditory,bicycle,vehicle,-0.0471702391195736,0.0709617672087162,0.0230381188641034,0.0800059520654968,-0.0283225684337405,-0.300680785374305,-0.4760386180693103,-0.6059347235359164
NUEx036,WBH,auditory,beach,nature,-0.0684507239145346,0.0528041014916491,0.010470009530929,0.0870621226689599,-0.0044036378389312,-0.1663281045279448,-0.652948845873457,-0.4463135354098033
NUEx036,WBH,auditory,fingers,body part,0.003681209790254,-0.1990152153957271,0.119809887461594,-0.0832975770946427,0.1325419417060864,1.6809331660336455,0.4937980997444354,-0.4173180204833294
NUEx036,WBH,auditory,deer,animal,-0.1461750927535182,-0.0272055671907444,-0.0937361784138034,0.0490211061069372,0.104838961531189,0.2615340572562861,-0.1718720645310129,0.1148650994634517
NUEx036,WBH,auditory,flower,nature,0.1866876400568086,-0.1184500790883098,0.1653073873075782,-0.1361752908130353,-0.0440463945926719,0.3130505575685886,0.7077529936798859,-0.4614695206002603
NUEx036,WBH,auditory,grape,food/fruit,0.0222883700068254,-0.0641387152377297,0.0768658342830891,-0.0010755482116294,0.0095484149537568,0.2849377027668793,0.1711974746088651,-0.2521803274790496
NUEx036,WBH,auditory,afly,animal,-0.0215371139928692,0.0478615215829765,0.0024444599115484,0.0493016023927352,-0.0245294322278141,-0.3738207043206191,-0.3596855003814359,-0.2923200525554343
NUEx036,WBH,auditory,chair,object/tool,-0.2536445300461378,-0.0891972870760043,-0.0059001553212851,0.1468567503131737,0.2241742219361304,0.6196363696598746,-0.5730276479862586,-0.0366269932648066
NUEx036,WBH,auditory,aplane,vehicle,0.1027117938363196,-0.0674297153478358,0.1019471582505117,-0.0615358594753474,-0.0274293661744055,0.2792915659952074,0.7591560125542598,-0.6334839261045433
NUEx036,WBH,auditory,aduck,animal,0.0215014704359129,0.0219947278894722,0.0087559144413705,0.0022354843049231,-0.0315187260307747,-0.2244831536888197,0.1796847904386026,-0.2007397287665528
NUEx036,WBH,auditory,apple,food/fruit,0.0390608100750584,0.1048295865581976,0.0303478123047314,0.0444871826142577,-0.0965020810850091,-0.8332209226624934,0.0749592567254634,-0.7529744713387101
NUEx036,WBH,auditory,abat,object/tool,0.1335878495510857,-0.1179941882213658,0.0698297496671814,-0.1615871314043538,0.0065909974457587,0.4020473346338334,0.7139452097926333,-0.1450785662173257
NUEx036,WBH,auditory,acow,animal,0.1344996543632553,0.0311869941043424,-0.0617564049099757,-0.0969888390537989,-0.0751981140879277,-0.2345444683897783,0.5806345519692453,0.1964370440550561
NUEx036,WBH,auditory,ourear,body part,0.0359751121695863,-0.0900082960617011,0.0603342704218146,-0.0627524875585549,0.0388431456110785,0.7774371903658591,0.5820055732026043,-0.1758941772029095
NUEx036,WBH,auditory,agoose,animal,-0.0954183795079881,0.0290058956803199,-0.0376453006803934,0.0852539401163662,0.0365954971055679,-0.0113437464825341,-0.8781030080998595,0.1379060927459976
NUEx036,WBH,auditory,canoe,vehicle,-0.0867967064101185,0.075499311027443,-0.0978281242226816,0.0636063395106157,0.0018991261230846,-0.2888970985049738,-0.4492321143721215,0.3404042979632357
NUEx036,WBH,auditory,river,nature,0.172457465845558,0.1979536343037601,-0.1378385751419714,-0.0466939491037889,-0.215003515227528,-0.3301004182537244,0.2795377189173945,-0.4312005187683903
NUEx036,WBH,auditory,head,body part,0.0885257448363598,-0.042805250664405,0.0418789504141617,-0.0832909866948613,-0.0260333144754183,0.1552731266106517,0.8618913618087795,-0.1365225762293727
NUEx036,WBH,auditory,nail,object/tool,-0.072374764459317,-0.075585144631869,-0.0224534503427308,-0.0040427543981839,0.1028969443459143,0.6078881034496026,-0.2041964253831918,0.1757568345387918
NUEx036,WBH,auditory,mouse,object/tool,0.0690937221579921,-0.0039778395305002,0.0341992133075802,-0.0426649361394677,-0.0423247786199933,-0.094607111949845,0.7003527922180497,-0.3449221208482705
NUEx036,WBH,auditory,foot,body part,-0.2054285591282849,-0.0248710324501861,-0.0163792968899601,0.1489433956875003,0.1411706296389451,0.4612445726012713,-0.8677797399238475,-0.0868108747395161
NUEx036,WBH,auditory,muscle,body part,0.0928065436303569,-0.1754557870324507,0.1793091869047849,-0.0738295025854194,0.0357392129018346,0.7252334411904487,0.6198464991285306,-0.7069436155886603
NUEx036,WBH,auditory,milk,food/fruit,0.0717560908013492,-0.1277270265023046,0.1125319192505914,-0.0854910185703019,0.0334852769124197,0.7760806467207969,0.7548939522414218,-0.4435596018761644
NUEx036,WBH,auditory,semitruck,vehicle,0.1042927796431522,0.0094419875519039,0.0622017524505237,-0.0419663186258257,-0.0707151778581186,-0.0472203816912072,0.3542861307543721,-0.0990587635964284
NUEx036,WBH,auditory,alock,object/tool,0.2578407298525769,-0.2192625373234231,-0.1197186952669997,-0.3065347323394178,0.061520885163352,0.4528095427942314,0.5490675150243999,0.2007852639662755
NUEx036,WBH,auditory,avine,nature,0.0283962080485692,-0.0676380553313886,0.0144347890315279,-0.0629393832689056,0.0357975605631041,0.4472895872220948,0.376076464598939,0.1057018286587489
NUEx036,WBH,auditory,nuts,food/fruit,0.2743590697698151,-0.0449819098568156,0.2165325831107173,-0.1052112385509098,-0.1325808784611092,0.1257854341400033,0.3646745849689207,-0.4304622083178225
NUEx036,WBH,auditory,akey,object/tool,0.032979261236871,0.1857406475904385,-0.1636092769200887,-0.0063702149121685,-0.0869681967054909,-0.5068896972071074,0.1235546374014342,0.3509605205359969
NUEx036,WBH,auditory,mountain,nature,-0.0772026492624604,0.0307070834195669,0.0402742977435651,0.0752901432457132,0.0080387974269128,0.0307882239980603,-0.2657316456385337,-0.2060794850115528
NUEx036,WBH,auditory,subway,vehicle,0.0150433441096541,-0.0855666570807057,-0.0334904662705169,-0.0680820899581579,0.0583457880758496,0.2751260406922159,0.1935492445806999,0.0652493797560259
NUEx036,WBH,auditory,chocolate,food/fruit,0.2181886248225666,-0.0567293603783666,0.0571842033526435,-0.195396198929171,-0.0906251336357233,0.1404085118846494,0.775259436647425,-0.2617956059926907
NUEx036,WBH,auditory,ahill,nature,0.1613874958046313,-0.0069889175100032,0.1438618866490764,0.0134536268430832,-0.0654534379692093,-0.0158567709565699,0.3030693388740443,-0.3489745644913616
NUEx036,WBH,auditory,wrench,object/tool,-0.0102781552063485,0.0566529016145034,-0.0071354520931017,0.0442149040059331,-0.0378230217832858,-0.4030034218211843,-0.2046339967787023,-0.2199287219597676
NUEx036,WBH,auditory,train,vehicle,0.0567250959264596,-0.1344211557227063,0.0972664970412809,-0.0926745896775963,0.0528027326051759,0.7196459037506122,0.5331148855367713,-0.2300361686692945
NUEx036,WBH,auditory,aleaf,nature,0.099113177156543,-0.0873910393765391,0.1064666547566314,-0.0749480179542722,-0.0108373618922011,0.4392780924796393,0.7707738502219669,-0.6084798205495908
NUEx036,WBH,auditory,toe,body part,-0.1095061267411717,0.0274242265324058,-0.098241816100129,0.0383754480452519,0.046149633528332,0.0441070254420698,-0.1767254301619852,0.1395056411647151
NUEx036,WBH,auditory,taxi,vehicle,0.0111965265053283,-0.0252203556494402,0.0439546204099672,0.0015431920608677,0.0015279053894996,0.129765892659166,0.1161773639484013,-0.2319989612210383
NUEx036,WBH,auditory,mouth,body part,-0.0793173784866838,-0.0817417770288531,-0.0163348680336265,0.0013016003995985,0.1127817886828736,0.8870319915292407,-0.548893764533446,0.4565905400485727
NUEx036,WBH,auditory,orange,food/fruit,0.0199118263206181,0.0369310673655064,-0.0141376121685425,0.0017392550799943,-0.0420280786056429,-0.3045045763369393,0.133750532862245,0.0133649881155074
NUEx036,WBH,auditory,nose,body part,0.051279852372974,-0.188894674676041,0.1364453085722173,-0.1036217939465063,0.0902927644010882,0.932607358208514,0.5638247872977392,-0.3266784493823219
NUEx036,WBH,auditory,anisland,nature,0.0486432177692212,0.0430832932209141,0.0486774902226658,0.014067148730265,-0.0514878946690508,-0.1751140189152895,0.2269960909630341,-0.4767562994174133
NUEx036,WBH,auditory,ladder,object/tool,0.0320895100570205,-0.0707569388586339,0.0335984407910157,-0.0615822086230105,0.0315190760168383,0.4166938684971919,0.3988575160671405,-0.0124218716474426
NUEx036,WBH,auditory,sky,nature,0.1912839568140753,0.0582223878643214,0.1419238469167711,-0.0245320470133311,-0.1327789082427365,-0.0975459664448033,0.4529262551776575,-0.5099397152854221
NUEx036,WBH,auditory,shark,animal,-0.0290850071591088,0.1058446896026466,0.0240595433530916,0.0870202669090847,-0.0615632427000926,-0.5479539184550922,-0.299053120515996,-0.403832512132749
NUEx036,WBH,auditory,aknife,object/tool,-0.1717399685073788,0.0195965619862129,-0.158835086877167,0.0089332319328152,0.0687902337689371,0.10756679259559,-0.2877466628739722,0.5891831712190274
NUEx036,WBH,auditory,asaw,object/tool,-0.0918450144040633,0.0310920767473773,0.0006164355436348,0.0932676873399886,0.0264189137686083,0.0330128533945532,-0.946984998060558,-0.3491168898320631
NUEx036,WBH,auditory,amouth,body part,-0.0977786639966607,-0.0338158701348649,0.0443945341735158,0.0718113602392625,0.0615125564162328,0.2480681284879018,-0.2438250951491316,-0.0259850781096411
NUEx036,WBH,auditory,alemon,food/fruit,0.0467252231800138,0.0389553704326855,0.0599710568642999,0.0229759609664744,-0.0388061226138702,-0.1165358411181022,0.1284838133655945,-0.5990376277536641
NUEx036,WBH,auditory,dog,animal,0.1163038883480266,0.1852160250297292,0.0621659928481705,0.0441362396495093,-0.2016750673650907,-0.6645499726880173,0.3071360870092519,-0.6939208902153023
NUEx036,WBH,auditory,bear,animal,-0.1870722570282292,0.0402492149432737,-0.0693416416816194,0.1544887588469842,0.0864829944230008,0.1436968825838143,-0.9359606178452324,0.0629936205761448
NUEx036,WBH,auditory,banana,food/fruit,-0.213290069717806,0.034399272539275,-0.0919664189093225,0.1608110266225882,0.1093444158508862,0.2037678502219156,-1.1504832337170177,0.2416222089399355
NUEx036,WBH,auditory,cherry,food/fruit,0.1778887351856352,0.0030688282891059,-0.1162448848033386,-0.1247516007604696,-0.0410037201782572,-0.1797417900318204,0.5222626408837693,0.5066800164052169
NUEx036,WBH,auditory,abook,object/tool,0.1584321105779772,-0.1428665199297884,0.1249365304029061,-0.1703511022496419,-0.0060831443583718,0.3769208295253059,0.557005793391068,0.0511378233073003
NUEx036,WBH,auditory,head,body part,-0.085064285984901,-0.0038351403381456,-0.0079084805685007,0.0648465899184996,0.0536289565303294,0.1970714462503512,-0.5582564914332717,0.020005223519455
NUEx036,WBH,auditory,bed,object/tool,0.1472123686421815,0.1022489645013469,0.088907764056772,-0.0092834172217437,-0.1509722638246009,-0.2501312853225201,0.4662939073080676,-0.4962199436549501
NUEx036,WBH,auditory,cookie,food/fruit,-0.0294315425788814,0.0705048528126463,-0.0461617032543028,0.054449250717256,-0.0325304212568657,-0.4546415387387637,-0.3257275994911219,0.0438084274216447
NUEx036,WBH,auditory,cat,animal,-0.0385335694227174,0.1210007439460015,-0.1264370701496675,-0.0136319048943206,-0.0207858539171271,-0.2440285867795222,0.0404171908202225,0.3529506185362832
NUEx036,WBH,auditory,bicycle,vehicle,-0.0061059980603546,-0.0293251081064025,0.0302389661245211,0.0033652335325975,0.0196114217794691,0.2468994814062073,0.0455712137879116,-0.1492619486707305
NUEx036,WBH,auditory,beach,nature,-0.1188602322058404,0.0793138247874378,-0.0744293834940453,0.1203842052657841,0.0157574459900459,-0.1573159944945534,-0.6427652659036864,0.0033080948810679
NUEx036,WBH,auditory,finger,body part,-0.0954041196351239,-0.2389786985257098,-0.018125185641323,-0.0903737336637356,0.2375753933035051,1.175221364648248,-0.0109188626909084,0.3276937412431368
NUEx036,WBH,auditory,deer,animal,0.0614441018433157,0.1114801485018398,-0.0796241306768579,-0.0077831286580883,-0.0987254276668455,-0.6550325137451576,0.2707724275123306,0.2078623503212139
NUEx036,WBH,auditory,flower,nature,-0.0027434745793829,-0.0594706040643868,0.0654299201991507,0.0086413406333454,0.0206591901404484,0.2543457788769723,0.042569400283875,-0.2071305501374445
NUEx036,WBH,auditory,crab,animal,0.0014572983020919,0.0237595980519069,0.0120127097602251,0.0200438963943311,-0.0201927557221762,-0.1942894195935558,-0.0644640564728122,-0.2768733112506678
NUEx036,WBH,auditory,chair,object/tool,-0.0223938985736651,-0.0315287657989907,-0.002623046976687,-0.0038742183981198,0.0403398537855989,0.2797347748499714,-0.0846040940722751,0.1319672484700176
NUEx036,WBH,auditory,airplane,vehicle,-0.1339691302330474,-0.0093004607538323,0.0651381756515004,0.1045643922496033,0.0527154950219493,0.3302272840864787,-0.5020595824859146,-0.6250682035255727
NUEx036,WBH,auditory,duck,animal,0.0078663370883722,0.0380313715317286,0.0084851990786964,0.0221306770905158,-0.0348828617384108,-0.3342800823962671,-0.0030721845615756,-0.3066986706699108
NUEx036,WBH,auditory,apple,food/fruit,0.0003310980251337,0.0916230200067633,0.0096700896873597,0.0598999480005491,-0.068369275093352,-0.6060789521191948,-0.1618384245810565,-0.4968524974875345
NUEx036,WBH,auditory,bat,object/tool,0.0523871247295897,-0.0239811332614283,-0.0472187676923223,-0.0537101951946822,0.0031396126199129,0.0325747066461085,0.2105822350524579,0.0543525616662129
NUEx036,WBH,auditory,cow,animal,-0.0592701463636796,0.0746058808655302,-0.0057912484364822,0.0923164278603919,-0.0241358104721398,-0.5458601526835928,-0.8698031060672402,-0.3955574303358644
NUEx036,WBH,auditory,ear,body part,0.078175042315398,-0.071707697286817,0.0914102900104713,-0.0536902866116551,-0.0103281330129877,0.3707864262269763,0.6474307350888521,-0.5720996506692252
NUEx036,WBH,auditory,car,vehicle,0.0142954087673109,0.1299472136360849,-0.0325855484170183,0.0643520964948283,-0.1072176080320642,-0.8136359921322622,-0.0833921562148225,-0.2829973001464035
NUEx036,WBH,auditory,bird,animal,0.0071549553167622,-0.0491144619542099,0.0511858163206501,-0.0088283492990869,0.0187953741296567,0.337271920956978,0.1623744541582113,-0.269477250045632
NUEx036,WBH,auditory,crane,vehicle,-0.106038757405827,-0.0013152058759781,0.0059074049076691,0.0878525499649675,0.0582391290929761,0.2547130433744021,-0.6118401792662023,-0.1667219697097109
NUEx036,WBH,auditory,boat,vehicle,-0.0177372242150101,0.0816041721458627,-0.004848598908855,0.0659068792533645,-0.0514876832570054,-0.6475333663961812,-0.4097120817862674,-0.4395708134388434
NUEx036,WBH,auditory,bus,vehicle,0.0359223701157514,-0.0638955797180829,0.0573466326006737,-0.0419443492913852,0.0177537669721898,0.4858273840908514,0.4428962661537268,-0.3069255910031026
NUEx036,WBH,auditory,river,nature,-0.1126619861760267,0.2410698574084112,0.033607316968307,0.2365573041678032,-0.1129192657746313,-0.313342679234665,-0.4208766541477475,-0.5356980809173665
NUEx036,WBH,auditory,head,body part,-0.0343447174723791,-0.1210821763262462,0.0471085579583771,-0.0352157033549768,0.1099030375425038,0.7713820751663315,-0.0285365609858416,0.0395311968671482
NUEx036,WBH,auditory,nail,object/tool,0.0868467979118652,-0.21363235331063,0.1845721319615497,-0.1136558360203216,0.0731998282249107,1.031436144732541,0.7849183358491346,-0.789103618121109
NUEx036,WBH,auditory,mouse,object/tool,0.12735501068015,-0.020441477380758,-0.0780205034061179,-0.1028851646641908,-0.019821534863883,-0.0528593508144594,0.5637259930304896,0.4836582140228764
NUEx036,WBH,auditory,aleg,body part,-0.0446311895274208,-0.0707280639679807,0.0153740497690787,-0.0047393489107407,0.0809582940127101,0.7262659668488017,-0.1658164050110371,0.062077651772723
NUEx036,WBH,auditory,muscle,body part,-0.1890215084359803,-0.291573161205326,-0.076682617016665,-0.1161409512072162,0.3154528695729582,1.0783833019948832,-0.0557875523951331,0.2801263196357442
NUEx036,WBH,auditory,hurricane,nature,0.0071707711927317,0.064151574731692,-0.0207898872162764,0.0308043747530185,-0.0531375517094323,-0.6911415059015867,-0.1166655585632798,-0.0893981899556308
NUEx036,WBH,auditory,milk,food/fruit,0.1706016553452481,0.0008181856952952,0.0755929801930763,-0.1036267460991237,-0.108175840421029,-0.1366287923687056,0.8278320293871757,-0.250011253248169
NUEx036,WBH,auditory,tree,nature,0.0078038871743459,-0.1099861371846662,0.0574601828645978,-0.0565723448559963,0.0726184952749134,0.755216228405932,0.3149691238964168,-0.1364834617661282
NUEx036,WBH,auditory,nut,food/fruit,0.180686944153385,-0.01672901205302,-0.1042675611685787,-0.1408015893926668,-0.0397933675405289,-0.0885059105879609,0.6782519260051815,0.4822858029766544
NUEx036,WBH,auditory,key,object/tool,0.0034378685923876,-0.0889856766837251,-0.0673958565467251,-0.0612865539648602,0.0527278042382103,0.285965221950719,0.2083121508278058,0.4162193359248468
NUEx036,WBH,auditory,subway,vehicle,-0.0663878323951989,0.103526313240358,-0.0575186827676408,0.1020587751800766,-0.0356555996292234,-0.4589891523041099,-0.4546309086790266,-0.0604620466707274
NUEx036,WBH,auditory,pear,food/fruit,0.1164981458007613,0.0827476121919628,-0.0007860406658072,-0.0402136107555288,-0.1349022236402792,-0.7048881871516768,0.7244638882134752,-0.1820557434474826
NUEx036,WBH,auditory,ahill,nature,0.1057262367817982,0.1857626911165346,-0.0252776807358396,0.0216215009255986,-0.2090791320294156,-0.6279859734110917,0.3682139877424411,-0.3068636897326393
NUEx036,WBH,auditory,awrench,object/tool,-0.0805484035118039,0.0338210802430883,-0.0809964225276569,0.0359821052104847,0.0263824370314081,-0.0020972511853552,-0.1276728988808657,0.0230913631269178
NUEx036,WBH,auditory,train,vehicle,0.045314692458623,-0.1662576321022335,0.1073364412953744,-0.1015900806604916,0.0844771179599116,1.0919655941592112,0.6493468471695725,-0.3128114879264935
NUEx036,WBH,auditory,leaf,nature,-0.0953676928721638,0.0869286461849486,-0.0449193233463863,0.1195372050051809,-0.0088481241780262,-0.3098954286245948,-0.7139131766040091,-0.1711019528998112
NUEx036,WBH,auditory,toe,body part,0.1180580612370475,-0.0292586400244335,0.0172139410070262,-0.1084208714170739,-0.0482784928183375,0.0442506353872694,0.6116126030938321,-0.0300934707758242
NUEx036,WBH,auditory,taxi,vehicle,0.0258149355966415,-0.1473342114658543,0.061282906992495,-0.0972481892957211,0.0930449524544217,0.9751719027017288,0.4829216374932319,-0.0252923188636925
NUEx036,WBH,auditory,pizza,food/fruit,-0.0234174184058476,0.1033490779021655,-0.0193264372499593,0.0809538803110302,-0.0645201387956461,-0.8472964707495476,-0.5190715477025462,-0.3724996179870522
NUEx036,WBH,auditory,mouth,body part,-0.1184581702406537,-0.2478024743387867,0.1023095303704816,-0.0239120053921445,0.252404019585128,1.262749000739392,-0.0689086557379853,-0.1907230087950309
NUEx036,WBH,auditory,orange,food/fruit,0.0064687047477391,0.059693307374907,0.0008278223353144,0.0355143169866394,-0.0507000803273132,-0.3219421541153273,0.00424932609998,-0.1633271302096447
NUEx036,WBH,auditory,nose,body part,0.1268530594049574,-0.1998014614134423,0.1286502420426596,-0.18484300265891,0.0646097978180052,1.0123605409620045,1.121694951860948,-0.3492944345481418
NUEx036,WBH,auditory,island,nature,-0.1752307696706672,0.2877187537601091,-0.1624319670287466,0.2742094634527129,-0.1058827046331835,-0.5462902926208218,-0.55467934078813,-0.1475514960677707
NUEx036,WBH,auditory,ladder,object/tool,-0.1337422701685824,0.1021770632345018,-0.1631416271200668,0.033277567279226,0.014753005221809,-0.2222228937750595,-0.2418405943370311,0.4054053493657584
NUEx036,WBH,auditory,sky,nature,-0.1195188180234821,0.1237273058421555,-0.0894116331205965,0.1444976652846344,-0.0163416463694862,-0.4404693571539689,-0.7787588550600104,0.0246528777402382
NUEx036,WBH,auditory,shark,animal,0.0090112722146129,0.1222345471741451,-0.0068147927226083,0.0706204789898117,-0.097654098562622,-0.7394573736848004,-0.1318574680512764,-0.4876555440720953
NUEx036,WBH,auditory,cherry,food/fruit,-0.086904524336442,0.0214524063891792,-0.0005457086281321,0.0841833205891983,0.031041038034547,0.0812042896098987,-0.3954825133764353,-0.1517265644893467
NUEx036,WBH,auditory,saw,object/tool,-0.0257341866612422,0.0959556005202826,0.0230467287936978,0.0802908481670761,-0.0550665321258604,-0.4804756855446833,-0.3508140241636086,-0.7012378447011745
NUEx036,WBH,auditory,lung,body part,-0.1227794257217601,-0.0224834314733799,0.0771987935132778,0.0871801418756547,0.0461357873879336,0.1979503075827066,-0.2559166541369147,-0.2621841179431922
NUEx036,WBH,auditory,dog,animal,0.1068357497001999,0.1508683147991493,0.0807071258095721,0.0459265066673113,-0.1550398130077751,-0.5874649173448997,0.188235608282641,-0.6662776528193111
NUEx036,WBH,auditory,bear,animal,-0.0065998320200793,0.0129019069841792,0.0313451620568471,0.0239777835671283,-0.0110536852344678,-0.0496537384992978,-0.0672119474730565,-0.4055994845457299
NUEx036,WBH,auditory,banana,food/fruit,0.2026133540194152,0.0068315632113074,0.0909868213230821,-0.1165651667003045,-0.1340950394873878,-0.1162613755981514,1.057037594710771,-0.5659639923094069
NUEx036,WBH,auditory,cherry,food/fruit,-0.0642431769292538,0.0644593436811392,0.0107278580726222,0.0901464227166881,-0.0161183580611166,-0.3089950859983373,-0.6134448357768022,-0.3987824025977889
NUEx036,WBH,auditory,book,object/tool,-0.4569790115657968,0.1844047791042382,-0.3329728695056079,-0.2892199888595762,0.2141052905272522,0.637019301069177,-0.0038690105006515,0.246709094260079
NUEx036,WBH,auditory,head,body part,0.1316208974218626,-0.0339553409005946,0.1184703675332127,-0.0307895712931959,-0.0569710009391517,0.0739787423497902,0.5918478114179253,-0.7563760767802045
NUEx036,WBH,auditory,bed,object/tool,-0.0034254090049654,0.1900975280011413,-0.0058505765618684,0.1245577776351389,-0.1408378054442337,-0.844880667453086,-0.2680104716874608,-0.6349231047456966
NUEx036,WBH,auditory,hammer,object/tool,-0.028213863803731,0.1797853364858646,0.0654536485117816,0.1327474696457238,-0.1007097164031629,-0.4823861048206336,-0.2709318924743231,-0.7487320732639745
NUEx036,WBH,auditory,cookie,food/fruit,0.013865836238282,0.123987137998811,-9.350340829381926e-05,0.0688224634556672,-0.1019274868055447,-0.7032627099125471,-0.0607676931649949,-0.4515218178862645
NUEx036,WBH,auditory,bicycle,vehicle,0.052175038328771,0.0886485585446772,-0.0519608677634778,-0.0037049961574103,-0.0890527663595161,-0.4580876504706263,0.2467174560348597,-0.0214824237740437
NUEx036,WBH,auditory,beach,nature,-0.0056635553241464,0.2133385688582593,-0.0823464986301643,0.1207011308428048,-0.1529667553685992,-0.5943400033841774,-0.1798451033984817,-0.2908442959011696
NUEx036,WBH,auditory,fingers,body part,0.1307412129587829,-0.1355839765427057,0.124161489219003,-0.1386218556564731,0.006044399727571,0.6245241355114267,1.0263792716858855,-0.4204958884529516
NUEx036,WBH,auditory,deer,animal,-0.06191277591448,0.0424041724766149,0.012369031482142,0.0756184653878681,-0.0003696867245918,-0.1402192386375438,-0.4378963980812159,-0.2282150135784412
NUEx036,WBH,auditory,flower,nature,0.098502780769529,-0.0648404995954369,-0.0020626897452935,-0.1173000935321493,0.0027733549277564,0.0739113646803043,0.2024086412101676,-0.256017636848937
NUEx036,WBH,auditory,grape,food/fruit,0.0094464943186332,0.0522756559212665,0.0274800461444506,0.0300844867256842,-0.0435998404641434,-0.2431944122458555,0.0595562650814054,-0.2002541450934491
NUEx036,WBH,auditory,fly,animal,-0.0042298824728321,0.0633347819369371,-0.0198857598762259,0.0406684110439318,-0.0463292191485706,-0.463976142302907,-0.1456391076454868,-0.1004934213045232
NUEx036,WBH,auditory,crab,animal,0.0220202615972341,0.1302277289678909,0.0136701380007063,0.066075373515147,-0.1106801628502094,-0.4411865782517699,0.0798995976326909,-0.3420653802005383
NUEx036,WBH,auditory,chair,object/tool,-0.0797559006698546,-0.0716444653331059,-0.0531797396455843,-0.0131687995170478,0.0964709586142377,0.4916779094323529,-0.1439896602293939,0.3815747128529416
NUEx036,WBH,auditory,plane,vehicle,0.0843168184816736,0.0767005587246809,0.0632687084635799,0.0123777179366474,-0.0919609120823808,-0.4002553402498993,0.4013750991859761,-0.7840858219687891
NUEx036,WBH,auditory,duck,animal,-0.0348592653953449,0.1018216938278267,-0.0228832884502682,0.089050827621396,-0.0559856087018085,-0.3912252458487563,-0.2669148395071494,-0.2520125042323246
NUEx036,WBH,auditory,car,vehicle,-0.1366121898889598,0.1306979207988358,-0.0747754663255314,0.1712893243640065,-0.0154177132401943,-0.3802160255672847,-0.6736744860718447,-0.1135521802585041
NUEx036,WBH,auditory,bird,animal,0.0749796431529968,0.0604683125322083,0.0647348097016248,0.0123403765197413,-0.0710543272511215,-0.295977522910783,0.2653367309123191,-0.3896152798371867
NUEx036,WBH,auditory,crane,vehicle,0.0336997245363888,0.1336132233844606,0.0317349624221781,0.0627645354818765,-0.1155015635145571,-0.5398511963598372,0.0821134933004882,-0.482870005187911
NUEx036,WBH,auditory,boat,vehicle,-0.0179194207079341,0.1065324374853395,0.0070879746579825,0.082561315442776,-0.0682325334112112,-0.6134708638268083,-0.3337121176766013,-0.5163017534864567
NUEx036,WBH,auditory,river,nature,0.112772103283085,0.1101791443079148,-0.0244859610742548,-0.0237470363217055,-0.1516150269599673,-0.5058262152240509,0.1960704300875059,-0.3623362650232612
NUEx036,WBH,auditory,head,body part,0.0693481943383064,-0.1333869828495375,0.1174208398425246,-0.0826392116276545,0.0395247376776114,0.859436498637657,0.7553082259848395,-0.589484917904584
NUEx036,WBH,auditory,nails,object/tool,0.0174033066519538,-0.0526071825442281,-0.0083094106664071,-0.0518475059663583,0.032361632688035,0.2312652058965287,0.1988821457169557,0.0816082046828724
NUEx036,WBH,auditory,mouse,object/tool,-0.2352512221256159,-0.1266812328108084,-0.046103753096022,0.1692072492831811,0.2013799229426518,0.3227275153411426,-0.3531508968440761,0.3462326457843535
NUEx036,WBH,auditory,legs,body part,-0.0012330034964252,-0.0822984372657971,0.0525271134858462,-0.0291511256904224,0.0546090083229105,0.8422035617389141,0.218318963207885,-0.2410941411375126
NUEx036,WBH,auditory,muscle,body part,-0.0484450430270618,-0.0829127379162263,0.0508939452730227,0.0079801760897115,0.0800289983352004,0.9740260791674068,-0.2933529808397825,-0.2790107934633474
NUEx036,WBH,auditory,hurricane,nature,0.0980448347543507,-0.0050200215057636,0.0856181505243479,-0.0109167717883368,-0.0515371878368498,-0.072808043302563,0.4213986692729154,-0.5437834712767173
NUEx036,WBH,auditory,milk,food/fruit,0.0935916291105702,-0.085632203691006,0.1004588955625564,-0.0753571936905167,-0.0096974365265301,0.4309548825263014,0.8151044089732234,-0.5121297919198223
NUEx036,WBH,auditory,truck,vehicle,-0.0353807922044367,0.1106641405992354,0.0210395217689541,0.0929368127472254,-0.0638302752017025,-0.3180417491990046,-0.1247781676302615,-0.2981411700357597
NUEx036,WBH,auditory,lock,object/tool,-0.2121078519513805,0.0124661722182859,-0.0810845518590932,0.1493423148511879,0.1258653026937254,0.2836210292437299,-0.8121195297891509,0.085134980501119
NUEx036,WBH,auditory,tree,nature,0.015577531170239,-0.1015074916621135,0.0482362963760496,-0.061013116710452,0.0643676410376302,0.841002172665611,0.4164385747629734,-0.053172944101246
NUEx036,WBH,auditory,nuts,food/fruit,-0.0603054344830867,0.0681555050131446,-0.0976398372790948,0.0031516018722465,-0.002117012573726,-0.0696238680861736,-0.0051495781993341,-0.1782933908682684
NUEx036,WBH,auditory,key,object/tool,0.028459291897245,0.1596440541504826,-0.0800186353420167,0.0503047529788092,-0.1292634246944037,-0.8519803265641654,0.0090765082165651,-0.0514947892160312
NUEx036,WBH,auditory,mountain,nature,-0.0140436653820736,0.1134743709706648,0.0060456904225687,0.0828209421167847,-0.0764905485958612,-0.5565888277728729,-0.2102866586788132,-0.3824270228103176
NUEx036,WBH,auditory,subway,vehicle,0.0992137309521433,-0.0988515603184815,0.0003041625488554,-0.1363666750660694,0.0276149217666084,0.3923335230320283,0.6748493389269287,0.2140820547752498
NUEx036,WBH,auditory,hill,nature,-0.1447990283141981,0.0404973643165995,0.0178795435626907,0.1405807249444324,0.0448406773491341,0.0508796051236214,-0.46026271869762,-0.1584718770089896
NUEx036,WBH,auditory,awrench,object/tool,-0.0879689708077352,-0.0307521115285409,0.0339438953213126,0.0640170863838166,0.0601372274634959,0.4710550065657499,-0.6167335089713729,-0.2712313203102708
NUEx036,WBH,auditory,train,vehicle,-0.941660282351231,-0.1015662201749156,-0.2833308078350492,-0.6096896916846,0.6661675912055917,0.8352128138823538,0.2018272979367213,-0.4343794558206965
NUEx036,WBH,auditory,aleaf,nature,-0.082002694692291,0.0325076890970503,0.0048447547904698,0.0864464230679684,0.0184839419625722,-7.95042072598862e-05,-0.7270544364523454,-0.3070115440219984
NUEx036,WBH,auditory,taxicab,vehicle,0.0453727872797889,-0.2298567772256335,0.0883339411942625,-0.1590200907368426,0.1436885856912134,1.348298359442094,0.7304162171587628,0.0172981546577228
NUEx036,WBH,auditory,pizza,food/fruit,-0.2726166740629695,0.0784698821411826,-0.1742423389081273,0.189468426354439,0.1166593370175209,0.0594506074351625,-0.6891924875978216,0.2581462596988411
NUEx036,WBH,auditory,mouth,body part,0.100473186465009,-0.0772733965184067,0.1248146277651548,0.0253825653179859,-0.0036210487780919,0.1723921441629614,0.1454103577853151,-0.0818087871121657
NUEx036,WBH,auditory,orange,food/fruit,-0.1670859115251935,-0.0084366554478005,-0.0629589850560064,0.1050953789681942,0.1126123034967274,0.4241060508272736,-1.268438529764773,0.3914169894103521
NUEx036,WBH,auditory,nose,body part,0.0113073767825822,-0.1257180145479423,0.0620330970406977,-0.0695304176089653,0.0824863597678433,0.7577242541943345,0.3238384186655383,-0.0620907372723775
NUEx036,WBH,auditory,island,nature,-0.0126077694455673,0.0562573979778888,-0.0145273309849525,0.0456493929418521,-0.0361239152890731,-0.2636701913659902,-0.0952630452920012,-0.119719879027533
NUEx036,WBH,auditory,ladder,object/tool,-0.0408679768590075,0.1422852266429345,-0.1120390234870548,0.0666354101913845,-0.0670099340772984,-0.5179682839481675,-0.166228852945634,0.1104663879617878
NUEx036,WBH,auditory,sky,nature,0.0475918213694159,0.0842688417252992,0.0092893975657306,0.0198835528847549,-0.0929211236167611,-0.5508687761485194,0.2498349240431059,-0.3487005854675181
NUEx036,WBH,auditory,knife,object/tool,-0.0469341088905312,0.2040959581598347,-0.2014634767807516,-0.0011738225314995,-0.0419218694165239,-0.4946315231239993,-0.1202430491346241,0.693862072268326
NUEx036,WBH,auditory,saw,object/tool,-0.0126615246178723,0.0436790674498671,-0.0222771481547153,0.0352185517495892,-0.0249730254620981,-0.4170093099060307,-0.289027831163029,0.0419170166467418
NUEx036,WBH,auditory,mouth,body part,-0.0415995937257779,-0.0794649487656829,0.0362422227784124,-0.0017892796239317,0.0810208287625809,0.7700564219620828,-0.1509955341001045,-0.0336492842144275
NUEx036,WBH,auditory,lemon,food/fruit,-0.0678853387293312,0.0934484451956584,-0.0492047233300288,0.100146739665086,-0.0281962787881901,-0.4442113158393935,-0.554968138271653,-0.065317988226096
NUEx036,WBH,auditory,head,body part,0.0712355102289646,-0.1384136391940441,0.0116650880365484,-0.1373231041595798,0.0700592897967499,0.7713107325119393,0.7139729677810623,0.2925429821867729
NUEx036,WBH,auditory,mouse,object/tool,0.3018517510730819,-0.4562178021193419,0.0080106829650876,-0.5410897942983218,0.0660157331026512,0.4556567517386877,0.4112813166762857,0.6688458294192783
NUEx036,WBH,auditory,leg,body part,0.0558858976247814,-0.0724975743591177,0.0995765685656281,0.0041113966458314,-0.0050512139524852,0.3004421970401255,0.2275741083043851,-0.7666899850476141
NUEx036,WBH,auditory,muscle,body part,0.0361794583436395,-0.1002345093878899,0.0575014716799319,-0.072869963071264,0.0487324134715426,0.795478557064644,0.5465132189747653,-0.0987310694212617
NUEx036,WBH,auditory,milk,food/fruit,-0.0443188637514272,-0.124421280027091,0.0830323834386867,-0.0067043409264922,0.101149699668731,0.7940434805388805,-0.0126627033573082,-0.2431106384551255
NUEx036,WBH,auditory,semitruck,vehicle,0.1914098815836687,-0.2066663711508177,-0.0914669510253107,-0.2449575898340298,0.0924328621886373,0.8335862707493147,0.8344459499793799,0.9688519872779372
NUEx036,WBH,auditory,alock,object/tool,0.088483707056505,0.0569992898916677,-0.0067716101536767,-0.0364059130749025,-0.0967011962408764,-0.5841458799114032,0.5920105397542439,-0.0625433599361594
NUEx036,WBH,auditory,nuts,food/fruit,-0.0031554101320639,-0.0634710117542957,0.0025106277586507,-0.0404774408240629,0.0520866409219697,0.4843982269310304,0.1783713883332524,0.2029075000872602
NUEx036,WBH,auditory,mountain,nature,0.0573212861888237,0.1597423523287232,0.0416995646255014,0.0681009454145705,-0.146315467079265,-0.8670225485580462,0.1204238860901375,-0.9382410815065604
NUEx036,WBH,auditory,subway,vehicle,0.0814732799178254,-0.0671103501749022,0.0482343238647622,-0.0922831100517785,-0.0035401466949557,0.2850786352354528,0.6430121484644344,-0.1185224251290059
NUEx036,WBH,auditory,ahill,nature,0.0749860298302031,0.0692794715036056,-0.0086430475215913,-0.0169012771828278,-0.098971544387022,-0.6976653517544488,0.3557602204860265,-0.1292854479822328
NUEx036,WBH,auditory,awrench,object/tool,-0.0792021837732451,0.0621435605515744,-0.0906068796494632,0.0502968269517674,0.0076973414616443,-0.1164348913847171,-0.2344816991248425,0.0203478032553818
NUEx036,WBH,auditory,train,vehicle,-0.0615603740433227,-0.0705056515967716,-0.0285641235922286,-0.0137972559564195,0.0907858720307955,0.4661686423023044,-0.1029433854250938,0.181342202469979
NUEx036,WBH,auditory,toe,body part,0.0027823117828311,0.0116628430712329,0.0201318428374153,0.0153313503149959,-0.0136856519434921,-0.0746260300575208,-0.017341128461956,-0.389523098237697
NUEx036,WBH,auditory,taxicab,vehicle,-0.016973095586384,-0.1096068110115477,0.0430831092438177,-0.0424303663171625,0.0909526287664428,0.9279869484255742,0.1061088767105377,-0.0389331056120874
NUEx036,WBH,auditory,pizza,food/fruit,-0.0975279464814242,0.1434627522103309,-0.0849507071000775,0.1419234805592912,-0.046532894900287,-0.6204869679349944,-0.6781517318416155,-0.0615566870034593
NUEx036,WBH,auditory,mouth,body part,0.0792130512738961,-0.0390888682933556,0.0815608210660971,-0.0298510342620445,-0.0286682454447465,0.1306519814889002,0.5562405652263115,-0.6216091135965214
NUEx036,WBH,auditory,orange,food/fruit,-0.0183961352981947,0.1330018969851415,-0.0458667595402498,0.0883108737266635,-0.0874366813020336,-0.5337159258316462,-0.1725977593864426,-0.2169145440093952
NUEx036,WBH,auditory,nose,body part,-0.0260728385800245,-0.0020383648115742,0.0195992883988435,0.0271991469450449,0.0106796818234388,0.124861503383809,-0.2397949932312605,-0.3044840089597413
NUEx036,WBH,auditory,island,nature,-0.0272486369045855,0.1228159506448296,-0.0410961539569638,0.0899449243092352,-0.0751581744027615,-0.6798812743219272,-0.3568789472970543,-0.2110353502653068
NUEx036,WBH,auditory,ladder,object/tool,-0.063712238391929,-0.078340359873801,-0.0478315908953866,-0.0250309734135921,0.0912219906185784,0.617959375751707,-0.1566137871172106,0.6480590772137622
NUEx036,WBH,auditory,sky,nature,-0.0983738594138179,-0.0137160404457615,0.0412270816871409,0.0772557270815888,0.0481460565645378,0.3381587372560208,-0.5585168157470122,-0.4339246372713894
NUEx036,WBH,auditory,shark,animal,0.0904446697114381,0.0982190307478137,0.0935048907235207,0.0434369118685709,-0.0796591695961918,-0.3353369435008221,0.1286559850562696,-0.8685717805644293
NUEx036,WBH,auditory,knife,object/tool,-0.1670670647802829,0.080869850191528,-0.1416291947716604,0.1095659788577681,0.0458405861890081,-0.1191292952347059,-0.6709746999519057,0.359347434689792
NUEx036,WBH,auditory,asaw,object/tool,0.013042706079135,0.0578896525302122,0.0219130327329858,0.0334759601884656,-0.0491312079464706,-0.3290479317261844,0.0043198286838365,-0.3353580323896266
NUEx036,WBH,auditory,lung,body part,0.0503680163065296,-0.0274675089969816,0.0491854838545844,-0.0305671065234576,-0.0170124576795434,0.1380154536889565,0.5023812329805285,-0.3754200837152665
NUEx036,WBH,auditory,lemon,food/fruit,0.0869347053768823,0.0522552229731717,-0.0031571165639387,-0.0366713814596042,-0.0929262550063612,-0.5928676494965565,0.6950664808947878,-0.1338571688672679
NUEx036,WBH,auditory,abear,animal,-0.1796884209905448,-0.2290563823579859,-0.0622675397743945,-0.0535514110492495,0.2771641350305729,1.2863403506894695,-0.2979493491076983,0.5186561863562518
NUEx036,WBH,auditory,banana,food/fruit,-0.0230515832432202,0.034646041834438,0.0168573328735964,0.0442881776489463,-0.0147456343016767,-0.1662355717461513,-0.1933933225694329,-0.1674679850571736
NUEx036,WBH,auditory,cherry,food/fruit,-0.1204231847328317,0.0504883709849126,-0.0270443023490764,0.1225233019057391,0.0331380659058041,-0.0144031528795747,-0.6835209950666091,-0.1534315982230647
NUEx036,WBH,auditory,book,object/tool,0.0572884133689268,-0.0036316448479168,0.0193361561128853,-0.0422532832605657,-0.0346222205007437,-0.0467582601772787,0.4539471041132708,-0.1004561264882762
NUEx036,WBH,auditory,head,body part,0.1081178977901313,-0.177163047623566,0.1576990017517042,-0.1252618594942337,0.0422514995174737,0.8519970772159456,0.9084910394475654,-0.6337913337671032
NUEx036,WBH,auditory,hammer,object/tool,0.037154454982488,0.0653690576620191,-0.0310086502857009,0.0030386927589296,-0.0701861047074444,-0.4524902126198959,0.2005212171994662,-0.0499150147400837
NUEx036,WBH,auditory,cookie,food/fruit,0.1125917638661482,0.1023084786465872,-0.0593250919863957,-0.0413332692186063,-0.1320705869221272,-0.4806491302284152,0.3380546094816403,-0.0919705580168634
NUEx036,WBH,auditory,cat,animal,-0.0745250837855124,-0.1225012008313748,-0.0577763379088533,-0.0575730819515196,0.1211800644830176,0.5835802255629886,0.0713889215041587,0.3638136883006249
NUEx036,WBH,auditory,bicycle,vehicle,0.0954747215594122,0.0690587582078054,0.0211534774787601,-0.0231678960180583,-0.1110961675240396,-0.5693489036973057,0.6505204163269185,-0.4453633524847908
NUEx036,WBH,auditory,beach,nature,-0.0083268825641623,0.1128340827895036,-0.0768483349554445,0.0512552898224772,-0.066364641387568,-0.3089885278334269,-0.07822606624957,-0.1019855080066267
NUEx036,WBH,auditory,fingers,body part,-0.0975045503118319,-0.1837979413194199,0.0653874281576621,-0.0202225818595449,0.1949140908735122,1.010526494908132,-0.047587881673271,-0.1161814291130207
NUEx036,WBH,auditory,adeer,animal,-0.0281890275133472,0.1091745597533169,-0.0660619700692718,0.0699988021937208,-0.0592800772684398,-0.8557534186791428,-0.5225340372787617,0.1353342206043239
NUEx036,WBH,auditory,grape,food/fruit,0.1493286968978973,-0.0675129222138716,0.0173829875890637,-0.1575801914376771,-0.0320676702657018,0.180641974884341,0.9205891796156198,0.0760954539387906
NUEx036,WBH,auditory,fly,animal,0.0367048550470944,0.0557800652358397,0.0322276549311549,0.0171561268770128,-0.0597248106646174,-0.2501906854110733,0.206404800824636,-0.3836194916605168
NUEx036,WBH,auditory,aplane,vehicle,0.1384480971389757,0.0505567663755151,0.0993361838473334,-0.0163458675236798,-0.1039353741640636,-0.3226772980798926,0.681373415616798,-0.928588201066758
NUEx036,WBH,auditory,duck,animal,-0.0101948965752245,-0.208373377899236,0.0304142864764511,-0.1186491893505837,0.1659416808959052,1.4783276509443577,0.3890737572866648,0.3418593732894636
NUEx036,WBH,auditory,apple,food/fruit,0.001518550141814,-0.0463897712407981,-0.0469606256465029,-0.038723451784488,0.0311162235619166,0.1223154918357013,0.0270469982729598,0.4320691929076029
NUEx036,WBH,auditory,bat,object/tool,-0.1949999978453185,-0.3149135347442098,0.0065619974687377,-0.0461631646773917,0.3654132390957632,1.2557453192127577,-0.1743061737103021,-0.0618091865951814
NUEx036,WBH,auditory,cow,animal,-0.1194759441665264,-0.034977803255282,0.0135331668693862,0.0816336844025092,0.0917409010667096,0.670553587129399,-1.0453071015685924,-0.182009692178339
NUEx036,WBH,auditory,anear,body part,-0.0091311992069426,-0.1639443177328748,0.0543646654584438,-0.0825824573824596,0.12889133195339,1.212945462457898,0.3136706379503776,0.0630070911171933
NUEx036,WBH,auditory,acar,vehicle,-0.1207707068727112,0.024130402477289,-0.0498815132407163,0.0974088778900498,0.0561474844091942,0.0707332913090568,-0.8772222182112962,0.1805386559171383
NUEx036,WBH,auditory,abird,animal,0.0221343068385005,0.1557046678955976,-0.1100969934973027,0.0291870108962252,-0.1056904988117084,-0.8366095662393183,-0.0289776781047816,0.18486413506204
NUEx036,WBH,auditory,crane,vehicle,-0.12240065535103,0.0649455816161984,0.0051643405082892,0.1365556932830393,0.0158669931493286,-0.0731205637362673,-0.7821283969931911,-0.3981741546567764
NUEx036,WBH,auditory,aboat,vehicle,-0.0609084703274608,0.1393843048240536,-0.0397078379757755,0.1281658626067345,-0.0683243432398948,-0.9319200158044052,-0.8518735307621398,-0.3267974336577483
NUEx036,WBH,auditory,abus,vehicle,-0.1369210802682247,-0.039365016125912,-0.0368120647300906,0.0718086723133139,0.1165241955156672,0.5568202705703025,-0.8573219024795803,0.307729134429593
