task,metric,display_id,patient,bin_index,time_s,obs_mean,chance_mean,null_p,p_perm,significant
picture,category_indep,NUEx041,AA,0,-1.0,0.18298334,0.17241763,0.22212522625923156,0.38613861386138615,False
picture,category_indep,NUEx041,AA,1,-0.9,0.1782583,0.16059841,0.21447573974728584,0.31683168316831684,False
picture,category_indep,NUEx041,AA,2,-0.8,0.16680226,0.17102234,0.22170367315411563,0.5346534653465347,False
picture,category_indep,NUEx041,AA,3,-0.7,0.17389071,0.16713871,0.22526396960020065,0.36633663366336633,False
picture,category_indep,NUEx041,AA,4,-0.6,0.17036699,0.16303997,0.22051567286252977,0.39603960396039606,False
picture,category_indep,NUEx041,AA,5,-0.5,0.15966816,0.16862258,0.22378803268074987,0.5742574257425742,False
picture,category_indep,NUEx041,AA,6,-0.4,0.16792367,0.16553906,0.22786373645067215,0.5148514851485149,False
picture,category_indep,NUEx041,AA,7,-0.3,0.1628972,0.16731834,0.21693192943930625,0.5841584158415841,False
picture,category_indep,NUEx041,AA,8,-0.2,0.16763313,0.1671,0.21811296492815016,0.504950495049505,False
picture,category_indep,NUEx041,AA,9,-0.1,0.1658733,0.16846788,0.22196000963449478,0.6039603960396039,False
picture,category_indep,NUEx041,AA,10,0.0,0.16077913,0.17041786,0.22380999103188515,0.6138613861386139,False
picture,category_indep,NUEx041,AA,11,0.1,0.15919322,0.16977029,0.2251203455030918,0.6138613861386139,False
picture,category_indep,NUEx041,AA,12,0.2,0.22602366,0.16764729,0.217289487272501,0.0297029702970297,True
picture,category_indep,NUEx041,AA,13,0.3,0.33647615,0.1730132,0.23686994090676308,0.009900990099009901,True
picture,category_indep,NUEx041,AA,14,0.4,0.38358223,0.16876349,0.22600372582674028,0.009900990099009901,True
picture,category_indep,NUEx041,AA,15,0.5,0.40559605,0.16677201,0.22669784575700758,0.009900990099009901,True
picture,category_indep,NUEx041,AA,16,0.6,0.42977932,0.16607857,0.22026988640427586,0.009900990099009901,True
picture,category_indep,NUEx041,AA,17,0.7,0.4379862,0.16918325,0.23800188153982163,0.009900990099009901,True
picture,category_indep,NUEx041,AA,18,0.8,0.43111935,0.16137414,0.21003763377666473,0.009900990099009901,True
picture,category_indep,NUEx041,AA,19,0.9,0.43381226,0.16639537,0.22588203623890876,0.009900990099009901,True
picture,category_indep,NUEx041,AA,20,1.0,0.44513664,0.16801548,0.21712467521429063,0.009900990099009901,True
picture,category_indep,NUEx041,AA,21,1.1,0.4422251,0.16408333,0.22340161353349683,0.009900990099009901,True
picture,category_indep,NUEx041,AA,22,1.2,0.42051864,0.16450982,0.22042135149240494,0.009900990099009901,True
picture,category_indep,NUEx041,AA,23,1.3,0.35140765,0.1635297,0.21293416321277617,0.009900990099009901,True
picture,category_indep,NUEx041,AA,24,1.4,0.29406974,0.16876845,0.2289976991713047,0.009900990099009901,True
picture,category_indep,NUEx041,AA,25,1.5,0.2612343,0.17050748,0.22117957770824428,0.009900990099009901,True
picture,category_indep,NUEx041,AA,26,1.6,0.23771736,0.16644888,0.2124757945537567,0.019801980198019802,True
picture,category_indep,NUEx041,AA,27,1.7,0.22089584,0.17130357,0.2266932003200054,0.09900990099009901,False
picture,category_indep,NUEx041,AA,28,1.8,0.21830252,0.16453771,0.22686220332980156,0.0891089108910891,False
picture,category_indep,NUEx041,AA,29,1.9,0.22119801,0.16200742,0.2311902292072773,0.07920792079207921,False
picture,category_indep,NUEx041,AA,30,2.0,0.2182887,0.17591335,0.2397023297846317,0.13861386138613863,False
picture,category_indep,NUEx041,AA,31,2.1,0.2111681,0.16798142,0.21898183971643448,0.12871287128712872,False
picture,category_indep,NUEx041,AA,32,2.2,0.21839584,0.16658951,0.21407488286495208,0.04950495049504951,True
picture,category_indep,NUEx041,AA,33,2.3,0.21074349,0.17104456,0.23497728034853935,0.1485148514851485,False
picture,category_indep,NUEx041,AA,34,2.4,0.20572384,0.16288616,0.21617429852485656,0.0891089108910891,False
picture,category_indep,NUEx041,AA,35,2.5,0.2049366,0.16711038,0.22384125143289565,0.13861386138613863,False
picture,category_indep,NUEx041,AA,36,2.6,0.19646391,0.16453518,0.22084436044096947,0.21782178217821782,False
picture,category_indep,NUEx041,AA,37,2.7,0.1957378,0.16454948,0.22046405375003814,0.1782178217821782,False
picture,category_indep,NUEx041,AA,38,2.8,0.1854454,0.1701338,0.2178301714360714,0.31683168316831684,False
picture,category_indep,NUEx041,AA,39,2.9,0.17251743,0.16649806,0.22343934848904604,0.38613861386138615,False
picture,category_indep,NUEx041,AA,40,3.0,0.16495642,0.16851668,0.2137541592121124,0.5742574257425742,False
picture,category_indep,NUEx041,AA,41,3.1,0.17002071,0.16956867,0.22728544548153878,0.5247524752475248,False
picture,category_indep,NUEx041,AA,42,3.2,0.18350273,0.17240843,0.23591602146625518,0.3564356435643564,False
picture,category_indep,NUEx041,AA,43,3.3,0.19314648,0.16455144,0.21395215466618536,0.1782178217821782,False
picture,category_indep,NUEx041,AA,44,3.4,0.20337097,0.1706149,0.22272735908627508,0.12871287128712872,False
picture,category_indep,NUEx041,AA,45,3.5,0.19495222,0.17743535,0.2328495569527149,0.25742574257425743,False
picture,category_indep,NUEx041,AA,46,3.6,0.20785855,0.16824429,0.2171331614255905,0.1188118811881188,False
picture,category_indep,NUEx041,AA,47,3.7,0.20594159,0.17051819,0.22214043587446214,0.18811881188118812,False
picture,category_indep,NUEx041,AA,48,3.8,0.19335113,0.1666513,0.23840670213103293,0.16831683168316833,False
picture,category_indep,NUEx041,AA,49,3.9,0.20138872,0.16646855,0.21886128112673758,0.1485148514851485,False
picture,category_indep,NUEx033,AP,0,-1.0,0.15963084,0.15424904,0.21635862216353416,0.42574257425742573,False
picture,category_indep,NUEx033,AP,1,-0.9,0.16140562,0.17105599,0.2266854993999004,0.594059405940594,False
picture,category_indep,NUEx033,AP,2,-0.8,0.15951161,0.16873178,0.23156638741493224,0.6138613861386139,False
picture,category_indep,NUEx033,AP,3,-0.7,0.16015334,0.16740294,0.237177849560976,0.5346534653465347,False
picture,category_indep,NUEx033,AP,4,-0.6,0.16405445,0.16789033,0.22564241513609884,0.5643564356435643,False
picture,category_indep,NUEx033,AP,5,-0.5,0.16400717,0.16289556,0.23121255412697791,0.45544554455445546,False
picture,category_indep,NUEx033,AP,6,-0.4,0.16581465,0.16687302,0.2305058017373085,0.5346534653465347,False
picture,category_indep,NUEx033,AP,7,-0.3,0.16689874,0.16821861,0.22589786127209663,0.49504950495049505,False
picture,category_indep,NUEx033,AP,8,-0.2,0.16555937,0.16237769,0.22030796632170677,0.46534653465346537,False
picture,category_indep,NUEx033,AP,9,-0.1,0.15737252,0.17167024,0.22839762046933174,0.6732673267326733,False
picture,category_indep,NUEx033,AP,10,0.0,0.14847082,0.1648159,0.22457190826535225,0.7029702970297029,False
picture,category_indep,NUEx033,AP,11,0.1,0.14740136,0.16685812,0.22321303188800812,0.7227722772277227,False
picture,category_indep,NUEx033,AP,12,0.2,0.15251857,0.16051675,0.22450054734945296,0.5742574257425742,False
picture,category_indep,NUEx033,AP,13,0.3,0.16041803,0.16061305,0.21708321198821068,0.43564356435643564,False
picture,category_indep,NUEx033,AP,14,0.4,0.19393136,0.16396254,0.2262602038681507,0.19801980198019803,False
picture,category_indep,NUEx033,AP,15,0.5,0.23372015,0.16357926,0.21607371121644972,0.0297029702970297,True
picture,category_indep,NUEx033,AP,16,0.6,0.24479552,0.17139351,0.23425727933645246,0.039603960396039604,True
picture,category_indep,NUEx033,AP,17,0.7,0.2523327,0.16812718,0.23349496126174926,0.009900990099009901,True
picture,category_indep,NUEx033,AP,18,0.8,0.24580747,0.16242939,0.22152239456772801,0.009900990099009901,True
picture,category_indep,NUEx033,AP,19,0.9,0.259524,0.16890717,0.22713035568594933,0.009900990099009901,True
picture,category_indep,NUEx033,AP,20,1.0,0.24603471,0.16791016,0.24812625274062156,0.06930693069306931,False
picture,category_indep,NUEx033,AP,21,1.1,0.25928634,0.1643653,0.2255341701209545,0.009900990099009901,True
picture,category_indep,NUEx033,AP,22,1.2,0.2613344,0.16595545,0.22314394563436507,0.009900990099009901,True
picture,category_indep,NUEx033,AP,23,1.3,0.2566373,0.16742572,0.23020667135715484,0.019801980198019802,True
picture,category_indep,NUEx033,AP,24,1.4,0.24227753,0.15916783,0.22061369046568868,0.039603960396039604,True
picture,category_indep,NUEx033,AP,25,1.5,0.2417222,0.16654092,0.2108423352241516,0.009900990099009901,True
picture,category_indep,NUEx033,AP,26,1.6,0.2237715,0.16829443,0.2377925209701061,0.0891089108910891,False
picture,category_indep,NUEx033,AP,27,1.7,0.2173224,0.16789947,0.22755960747599602,0.1188118811881188,False
picture,category_indep,NUEx033,AP,28,1.8,0.21650997,0.16975479,0.24105424657464028,0.15841584158415842,False
picture,category_indep,NUEx033,AP,29,1.9,0.21143864,0.17070085,0.24192255660891532,0.13861386138613863,False
picture,category_indep,NUEx033,AP,30,2.0,0.21104234,0.16837683,0.23913841545581815,0.12871287128712872,False
picture,category_indep,NUEx033,AP,31,2.1,0.212874,0.17149912,0.2381302379071712,0.13861386138613863,False
picture,category_indep,NUEx033,AP,32,2.2,0.21400838,0.16440617,0.22074201330542564,0.07920792079207921,False
picture,category_indep,NUEx033,AP,33,2.3,0.20317058,0.1673727,0.22434028461575506,0.2079207920792079,False
picture,category_indep,NUEx033,AP,34,2.4,0.20050076,0.16609743,0.22634644061326978,0.13861386138613863,False
picture,category_indep,NUEx033,AP,35,2.5,0.18457107,0.16911505,0.2366621784865856,0.3465346534653465,False
picture,category_indep,NUEx033,AP,36,2.6,0.1826614,0.16819298,0.2339479625225067,0.3465346534653465,False
picture,category_indep,NUEx033,AP,37,2.7,0.1868815,0.16436386,0.22947703972458838,0.2871287128712871,False
picture,category_indep,NUEx033,AP,38,2.8,0.18148646,0.15985854,0.2233012154698372,0.25742574257425743,False
picture,category_indep,NUEx033,AP,39,2.9,0.17967059,0.16989386,0.237936295568943,0.36633663366336633,False
picture,category_indep,NUEx033,AP,40,3.0,0.17589292,0.17101358,0.23333041295409201,0.43564356435643564,False
picture,category_indep,NUEx033,AP,41,3.1,0.18959555,0.15712109,0.21243795603513715,0.19801980198019803,False
picture,category_indep,NUEx033,AP,42,3.2,0.18329881,0.17061359,0.22181844413280488,0.3564356435643564,False
picture,category_indep,NUEx033,AP,43,3.3,0.18899368,0.16589682,0.23408760502934456,0.27722772277227725,False
picture,category_indep,NUEx033,AP,44,3.4,0.18539281,0.16239782,0.21866768524050711,0.27722772277227725,False
picture,category_indep,NUEx033,AP,45,3.5,0.17392059,0.16264738,0.2215964362025261,0.3465346534653465,False
picture,category_indep,NUEx033,AP,46,3.6,0.17324436,0.16736448,0.23705078884959221,0.40594059405940597,False
picture,category_indep,NUEx033,AP,47,3.7,0.17270632,0.16408132,0.22920616790652273,0.42574257425742573,False
picture,category_indep,NUEx033,AP,48,3.8,0.16688386,0.16731645,0.23203679248690606,0.5148514851485149,False
picture,category_indep,NUEx033,AP,49,3.9,0.17678177,0.17073603,0.23538442775607107,0.42574257425742573,False
picture,category_indep,NUEx044,AZ,0,-1.0,0.17455211,0.16991219,0.21123022586107254,0.44554455445544555,False
picture,category_indep,NUEx044,AZ,1,-0.9,0.16974382,0.16518278,0.20384043306112287,0.42574257425742573,False
picture,category_indep,NUEx044,AZ,2,-0.8,0.15821555,0.16672719,0.2024028368294239,0.6732673267326733,False
picture,category_indep,NUEx044,AZ,3,-0.7,0.1582832,0.16996172,0.20663098096847535,0.7623762376237624,False
picture,category_indep,NUEx044,AZ,4,-0.6,0.1630113,0.16357704,0.2015456713736057,0.5544554455445545,False
picture,category_indep,NUEx044,AZ,5,-0.5,0.16326542,0.16784352,0.20656891986727716,0.5445544554455446,False
picture,category_indep,NUEx044,AZ,6,-0.4,0.16817217,0.1695323,0.2038850575685501,0.5445544554455446,False
picture,category_indep,NUEx044,AZ,7,-0.3,0.16241436,0.16997752,0.2067218042910099,0.6435643564356436,False
picture,category_indep,NUEx044,AZ,8,-0.2,0.168762,0.16311634,0.20624352023005485,0.44554455445544555,False
picture,category_indep,NUEx044,AZ,9,-0.1,0.16748732,0.16611835,0.2061304658651352,0.42574257425742573,False
picture,category_indep,NUEx044,AZ,10,0.0,0.16352393,0.16697684,0.20919132977724073,0.5643564356435643,False
picture,category_indep,NUEx044,AZ,11,0.1,0.16017784,0.1638243,0.20537161752581595,0.5346534653465347,False
picture,category_indep,NUEx044,AZ,12,0.2,0.16788708,0.16552107,0.20193625316023825,0.44554455445544555,False
picture,category_indep,NUEx044,AZ,13,0.3,0.20442826,0.16446406,0.20993571281433104,0.07920792079207921,False
picture,category_indep,NUEx044,AZ,14,0.4,0.2449984,0.15979517,0.19798579961061477,0.009900990099009901,True
picture,category_indep,NUEx044,AZ,15,0.5,0.25752634,0.16820616,0.20715403258800508,0.009900990099009901,True
picture,category_indep,NUEx044,AZ,16,0.6,0.26879966,0.16471711,0.21506325304508206,0.009900990099009901,True
picture,category_indep,NUEx044,AZ,17,0.7,0.28609583,0.16435392,0.20436118766665456,0.009900990099009901,True
picture,category_indep,NUEx044,AZ,18,0.8,0.28182498,0.16667153,0.2110771045088768,0.009900990099009901,True
picture,category_indep,NUEx044,AZ,19,0.9,0.2831213,0.1701539,0.22229123041033744,0.009900990099009901,True
picture,category_indep,NUEx044,AZ,20,1.0,0.29247403,0.16208354,0.19837950244545935,0.009900990099009901,True
picture,category_indep,NUEx044,AZ,21,1.1,0.289869,0.16682252,0.21745076403021812,0.009900990099009901,True
picture,category_indep,NUEx044,AZ,22,1.2,0.29046798,0.16979454,0.21089543923735618,0.009900990099009901,True
picture,category_indep,NUEx044,AZ,23,1.3,0.27797362,0.16676526,0.2145180247724056,0.009900990099009901,True
picture,category_indep,NUEx044,AZ,24,1.4,0.25070724,0.16378044,0.2011085145175457,0.009900990099009901,True
picture,category_indep,NUEx044,AZ,25,1.5,0.24386762,0.16920656,0.21157338917255403,0.019801980198019802,True
picture,category_indep,NUEx044,AZ,26,1.6,0.2308497,0.16737558,0.2075294889509678,0.009900990099009901,True
picture,category_indep,NUEx044,AZ,27,1.7,0.20895368,0.16945477,0.2116754963994026,0.07920792079207921,False
picture,category_indep,NUEx044,AZ,28,1.8,0.20657955,0.16798341,0.2089693158864975,0.07920792079207921,False
picture,category_indep,NUEx044,AZ,29,1.9,0.20002712,0.16254595,0.21276811510324478,0.1188118811881188,False
picture,category_indep,NUEx044,AZ,30,2.0,0.1954487,0.16527966,0.19697328358888624,0.0891089108910891,False
picture,category_indep,NUEx044,AZ,31,2.1,0.19157572,0.16117877,0.2065972402691841,0.1188118811881188,False
picture,category_indep,NUEx044,AZ,32,2.2,0.19271868,0.16996521,0.20801117718219755,0.19801980198019803,False
picture,category_indep,NUEx044,AZ,33,2.3,0.18462706,0.16438408,0.20884682834148405,0.24752475247524752,False
picture,category_indep,NUEx044,AZ,34,2.4,0.18549202,0.16742115,0.21148751303553578,0.25742574257425743,False
picture,category_indep,NUEx044,AZ,35,2.5,0.17822924,0.16731682,0.21020054295659066,0.3465346534653465,False
picture,category_indep,NUEx044,AZ,36,2.6,0.17939931,0.16607352,0.2061861515045166,0.36633663366336633,False
picture,category_indep,NUEx044,AZ,37,2.7,0.18052942,0.17193098,0.2228573739528656,0.32673267326732675,False
picture,category_indep,NUEx044,AZ,38,2.8,0.17664094,0.16544184,0.20282749384641646,0.3564356435643564,False
picture,category_indep,NUEx044,AZ,39,2.9,0.17746426,0.16858728,0.20643042027950287,0.38613861386138615,False
picture,category_indep,NUEx044,AZ,40,3.0,0.17774008,0.16539042,0.2048430971801281,0.31683168316831684,False
picture,category_indep,NUEx044,AZ,41,3.1,0.17920312,0.16461626,0.21117854490876198,0.2376237623762376,False
picture,category_indep,NUEx044,AZ,42,3.2,0.17497662,0.1633843,0.20228368639945984,0.37623762376237624,False
picture,category_indep,NUEx044,AZ,43,3.3,0.18854225,0.16777186,0.20377668291330336,0.18811881188118812,False
picture,category_indep,NUEx044,AZ,44,3.4,0.18300225,0.16895881,0.22377244159579276,0.27722772277227725,False
picture,category_indep,NUEx044,AZ,45,3.5,0.18509093,0.16967377,0.2194377064704895,0.31683168316831684,False
picture,category_indep,NUEx044,AZ,46,3.6,0.18510714,0.16639991,0.20450932234525682,0.22772277227722773,False
picture,category_indep,NUEx044,AZ,47,3.7,0.1871315,0.16577516,0.2051436364650726,0.2079207920792079,False
picture,category_indep,NUEx044,AZ,48,3.8,0.17649323,0.17107843,0.21101716011762617,0.4158415841584158,False
picture,category_indep,NUEx044,AZ,49,3.9,0.18189558,0.16509144,0.20673642233014106,0.25742574257425743,False
picture,category_indep,NUEx030,CP,0,-1.0,0.15710987,0.1503673,0.2387613445520401,0.43564356435643564,False
picture,category_indep,NUEx030,CP,1,-0.9,0.1337512,0.15593646,0.23934065252542494,0.6237623762376238,False
picture,category_indep,NUEx030,CP,2,-0.8,0.15304671,0.14671735,0.225138883292675,0.44554455445544555,False
picture,category_indep,NUEx030,CP,3,-0.7,0.13003856,0.15026803,0.24109788984060285,0.6336633663366337,False
picture,category_indep,NUEx030,CP,4,-0.6,0.13691393,0.14643787,0.2560549080371856,0.6237623762376238,False
picture,category_indep,NUEx030,CP,5,-0.5,0.1648014,0.14799128,0.24594671428203577,0.36633663366336633,False
picture,category_indep,NUEx030,CP,6,-0.4,0.16217142,0.15309018,0.23926355466246602,0.4158415841584158,False
picture,category_indep,NUEx030,CP,7,-0.3,0.16296783,0.14761364,0.23222221583127975,0.297029702970297,False
picture,category_indep,NUEx030,CP,8,-0.2,0.1623268,0.14146689,0.23549031913280483,0.33663366336633666,False
picture,category_indep,NUEx030,CP,9,-0.1,0.17140898,0.14902677,0.23228784501552582,0.3465346534653465,False
picture,category_indep,NUEx030,CP,10,0.0,0.17220546,0.15245934,0.2491600513458252,0.38613861386138615,False
picture,category_indep,NUEx030,CP,11,0.1,0.17282954,0.14786625,0.24104167148470873,0.37623762376237624,False
picture,category_indep,NUEx030,CP,12,0.2,0.1750136,0.15688711,0.24735042750835418,0.33663366336633666,False
picture,category_indep,NUEx030,CP,13,0.3,0.19456504,0.1412138,0.22849382683634756,0.15841584158415842,False
picture,category_indep,NUEx030,CP,14,0.4,0.22881065,0.14878646,0.22765692323446274,0.0594059405940594,True
picture,category_indep,NUEx030,CP,15,0.5,0.24919204,0.15218373,0.24087300971150394,0.0594059405940594,True
picture,category_indep,NUEx030,CP,16,0.6,0.24399498,0.14851682,0.2464638754725456,0.06930693069306931,False
picture,category_indep,NUEx030,CP,17,0.7,0.23880175,0.14956807,0.24203798770904542,0.07920792079207921,False
picture,category_indep,NUEx030,CP,18,0.8,0.23117305,0.14491835,0.24170453920960427,0.0891089108910891,False
picture,category_indep,NUEx030,CP,19,0.9,0.2503619,0.14649434,0.25098544806241985,0.06930693069306931,False
picture,category_indep,NUEx030,CP,20,1.0,0.24791104,0.15401287,0.2470436446368694,0.0594059405940594,True
picture,category_indep,NUEx030,CP,21,1.1,0.24233253,0.14638147,0.22590041905641556,0.0297029702970297,True
picture,category_indep,NUEx030,CP,22,1.2,0.2727724,0.14067225,0.21945294290781017,0.009900990099009901,True
picture,category_indep,NUEx030,CP,23,1.3,0.24901147,0.15145157,0.2436318926513195,0.04950495049504951,True
picture,category_indep,NUEx030,CP,24,1.4,0.24146193,0.14461832,0.24773809537291527,0.06930693069306931,False
picture,category_indep,NUEx030,CP,25,1.5,0.25098595,0.14187619,0.22426947504281997,0.009900990099009901,True
picture,category_indep,NUEx030,CP,26,1.6,0.23668604,0.13902615,0.22261904925107953,0.039603960396039604,True
picture,category_indep,NUEx030,CP,27,1.7,0.21821736,0.15674986,0.2625703528523445,0.1485148514851485,False
picture,category_indep,NUEx030,CP,28,1.8,0.2129322,0.1434105,0.22202947810292242,0.06930693069306931,False
picture,category_indep,NUEx030,CP,29,1.9,0.20533411,0.1509056,0.28019510954618454,0.18811881188118812,False
picture,category_indep,NUEx030,CP,30,2.0,0.2092807,0.14178933,0.22335747331380842,0.1188118811881188,False
picture,category_indep,NUEx030,CP,31,2.1,0.20810822,0.15216887,0.24048941880464553,0.16831683168316833,False
picture,category_indep,NUEx030,CP,32,2.2,0.20951927,0.13797027,0.23849776983261103,0.0891089108910891,False
picture,category_indep,NUEx030,CP,33,2.3,0.18594499,0.15114115,0.23067602440714835,0.24752475247524752,False
picture,category_indep,NUEx030,CP,34,2.4,0.16249119,0.14711286,0.2699319675564766,0.3465346534653465,False
picture,category_indep,NUEx030,CP,35,2.5,0.16333939,0.14244637,0.2376379854977131,0.37623762376237624,False
picture,category_indep,NUEx030,CP,36,2.6,0.15866965,0.13640699,0.26493387073278424,0.31683168316831684,False
picture,category_indep,NUEx030,CP,37,2.7,0.16305025,0.15038663,0.25856163203716276,0.36633663366336633,False
picture,category_indep,NUEx030,CP,38,2.8,0.18069269,0.14721516,0.24005720913410186,0.18811881188118812,False
picture,category_indep,NUEx030,CP,39,2.9,0.17757812,0.15049139,0.2527344763278961,0.3564356435643564,False
picture,category_indep,NUEx030,CP,40,3.0,0.16862711,0.15559727,0.2358517624437809,0.43564356435643564,False
picture,category_indep,NUEx030,CP,41,3.1,0.16764489,0.15205063,0.2362698398530483,0.32673267326732675,False
picture,category_indep,NUEx030,CP,42,3.2,0.18064882,0.14914572,0.24642358794808386,0.297029702970297,False
picture,category_indep,NUEx030,CP,43,3.3,0.19670582,0.14348744,0.2661578893661499,0.18811881188118812,False
picture,category_indep,NUEx030,CP,44,3.4,0.18458891,0.15015061,0.24163570180535315,0.25742574257425743,False
picture,category_indep,NUEx030,CP,45,3.5,0.18287691,0.15490122,0.28727286010980607,0.27722772277227725,False
picture,category_indep,NUEx030,CP,46,3.6,0.17851177,0.14811671,0.24430336728692054,0.2376237623762376,False
picture,category_indep,NUEx030,CP,47,3.7,0.17883882,0.14959347,0.26602748483419414,0.32673267326732675,False
picture,category_indep,NUEx030,CP,48,3.8,0.1565103,0.14293577,0.23135581389069557,0.40594059405940597,False
picture,category_indep,NUEx030,CP,49,3.9,0.16798735,0.15681064,0.2743416741490364,0.42574257425742573,False
picture,category_indep,NUEx030,CP,50,4.0,0.18619923,0.14497007,0.24865362718701361,0.2079207920792079,False
picture,category_indep,NUEx030,CP,51,4.1,0.1792336,0.14565149,0.25442259311676024,0.24752475247524752,False
picture,category_indep,NUEx030,CP,52,4.2,0.16413285,0.15053427,0.2352898932993412,0.37623762376237624,False
picture,category_indep,NUEx030,CP,53,4.3,0.17592673,0.14668213,0.2513827413320541,0.26732673267326734,False
picture,category_indep,NUEx030,CP,54,4.4,0.15368797,0.14369693,0.24968773499131203,0.39603960396039606,False
picture,category_indep,NUEx030,CP,55,4.5,0.16087133,0.15118895,0.26574135273694993,0.42574257425742573,False
picture,category_indep,NUEx030,CP,56,4.6,0.15271227,0.16429724,0.2754328906536102,0.5346534653465347,False
picture,category_indep,NUEx030,CP,57,4.7,0.15515251,0.16190882,0.26537415534257885,0.49504950495049505,False
picture,category_indep,NUEx030,CP,58,4.8,0.13409439,0.13718176,0.2164455838501453,0.5148514851485149,False
picture,category_indep,NUEx045,DR,0,-1.0,0.18556124,0.16358908,0.22765305191278457,0.26732673267326734,False
picture,category_indep,NUEx045,DR,1,-0.9,0.1633814,0.16338901,0.21193575263023376,0.5445544554455446,False
picture,category_indep,NUEx045,DR,2,-0.8,0.17170559,0.16317108,0.22158100903034209,0.39603960396039606,False
picture,category_indep,NUEx045,DR,3,-0.7,0.17268611,0.16294086,0.2197800949215889,0.4158415841584158,False
picture,category_indep,NUEx045,DR,4,-0.6,0.17923063,0.16225027,0.22209120616316794,0.297029702970297,False
picture,category_indep,NUEx045,DR,5,-0.5,0.18206134,0.1649373,0.2090276554226875,0.297029702970297,False
picture,category_indep,NUEx045,DR,6,-0.4,0.17990977,0.1653699,0.24257291182875632,0.31683168316831684,False
picture,category_indep,NUEx045,DR,7,-0.3,0.18720847,0.16967836,0.22290999367833136,0.32673267326732675,False
picture,category_indep,NUEx045,DR,8,-0.2,0.18253021,0.16258031,0.2330704368650913,0.25742574257425743,False
picture,category_indep,NUEx045,DR,9,-0.1,0.18654567,0.16735317,0.22178581804037092,0.3564356435643564,False
picture,category_indep,NUEx045,DR,10,0.0,0.18147099,0.16705616,0.21640306264162062,0.3465346534653465,False
picture,category_indep,NUEx045,DR,11,0.1,0.18393245,0.16851866,0.23208812549710273,0.27722772277227725,False
picture,category_indep,NUEx045,DR,12,0.2,0.18274525,0.16613989,0.2134712159633636,0.297029702970297,False
picture,category_indep,NUEx045,DR,13,0.3,0.19001067,0.16856866,0.22539061605930327,0.2871287128712871,False
picture,category_indep,NUEx045,DR,14,0.4,0.18508305,0.16537884,0.2278782419860363,0.3564356435643564,False
picture,category_indep,NUEx045,DR,15,0.5,0.19981495,0.17005873,0.23461964949965475,0.2079207920792079,False
picture,category_indep,NUEx045,DR,16,0.6,0.19804105,0.15848444,0.2167009547352791,0.1782178217821782,False
picture,category_indep,NUEx045,DR,17,0.7,0.20115064,0.16743852,0.21784667074680328,0.18811881188118812,False
picture,category_indep,NUEx045,DR,18,0.8,0.21948713,0.16888303,0.23674759566783904,0.10891089108910891,False
picture,category_indep,NUEx045,DR,19,0.9,0.23308687,0.1681928,0.22435418367385865,0.039603960396039604,True
picture,category_indep,NUEx045,DR,20,1.0,0.22628973,0.1671402,0.23763806149363514,0.06930693069306931,False
picture,category_indep,NUEx045,DR,21,1.1,0.24484949,0.16277859,0.22243417873978616,0.009900990099009901,True
picture,category_indep,NUEx045,DR,22,1.2,0.2319417,0.17107761,0.22720314636826514,0.04950495049504951,True
picture,category_indep,NUEx045,DR,23,1.3,0.21900952,0.16102114,0.21196171417832374,0.039603960396039604,True
picture,category_indep,NUEx045,DR,24,1.4,0.2153348,0.17440115,0.241321425139904,0.1485148514851485,False
picture,category_indep,NUEx045,DR,25,1.5,0.20948532,0.16430366,0.2260566398501396,0.12871287128712872,False
picture,category_indep,NUEx045,DR,26,1.6,0.20427695,0.16769132,0.215954864770174,0.1485148514851485,False
picture,category_indep,NUEx045,DR,27,1.7,0.19239943,0.16010906,0.22079534754157065,0.19801980198019803,False
picture,category_indep,NUEx045,DR,28,1.8,0.19501957,0.17065552,0.24163918048143387,0.25742574257425743,False
picture,category_indep,NUEx045,DR,29,1.9,0.19649397,0.16868965,0.23121126666665076,0.22772277227722773,False
picture,category_indep,NUEx045,DR,30,2.0,0.19456524,0.1726005,0.2386408992111683,0.25742574257425743,False
picture,category_indep,NUEx045,DR,31,2.1,0.18436745,0.1670458,0.21613085344433783,0.33663366336633666,False
picture,category_indep,NUEx045,DR,32,2.2,0.18596704,0.16427487,0.22982230857014657,0.27722772277227725,False
picture,category_indep,NUEx045,DR,33,2.3,0.18119933,0.1590897,0.2166115142405033,0.22772277227722773,False
picture,category_indep,NUEx045,DR,34,2.4,0.18132767,0.1622824,0.2332384057343006,0.297029702970297,False
picture,category_indep,NUEx045,DR,35,2.5,0.17917088,0.16863154,0.22526404038071632,0.40594059405940597,False
picture,category_indep,NUEx045,DR,36,2.6,0.17400163,0.16486564,0.2238289289176464,0.3564356435643564,False
picture,category_indep,NUEx045,DR,37,2.7,0.18080164,0.16329561,0.23269186839461325,0.27722772277227725,False
picture,category_indep,NUEx045,DR,38,2.8,0.17118238,0.16353956,0.22115342468023297,0.4158415841584158,False
picture,category_indep,NUEx045,DR,39,2.9,0.17908752,0.16433613,0.22612526342272757,0.3564356435643564,False
picture,category_indep,NUEx045,DR,40,3.0,0.18359089,0.16263935,0.23243007212877273,0.31683168316831684,False
picture,category_indep,NUEx045,DR,41,3.1,0.18137321,0.16444743,0.2354184351861477,0.31683168316831684,False
picture,category_indep,NUEx045,DR,42,3.2,0.17405532,0.17568189,0.23928949236869812,0.504950495049505,False
picture,category_indep,NUEx045,DR,43,3.3,0.177483,0.17806217,0.24526675418019295,0.49504950495049505,False
picture,category_indep,NUEx045,DR,44,3.4,0.17971101,0.1700914,0.22513216882944107,0.40594059405940597,False
picture,category_indep,NUEx045,DR,45,3.5,0.1793861,0.17084979,0.21900606602430342,0.38613861386138615,False
picture,category_indep,NUEx045,DR,46,3.6,0.17978537,0.16690369,0.22032879143953324,0.36633663366336633,False
picture,category_indep,NUEx045,DR,47,3.7,0.17655867,0.1766168,0.23394633904099463,0.4752475247524752,False
picture,category_indep,NUEx045,DR,48,3.8,0.17756325,0.16473757,0.22047415897250172,0.4158415841584158,False
picture,category_indep,NUEx045,DR,49,3.9,0.17026974,0.16720325,0.22741572931408882,0.48514851485148514,False
picture,category_indep,NUEx042,EH,0,-1.0,0.13454266,0.13779539,0.18485711887478826,0.5346534653465347,False
picture,category_indep,NUEx042,EH,1,-0.9,0.1314553,0.15379988,0.20978790074586864,0.6633663366336634,False
picture,category_indep,NUEx042,EH,2,-0.8,0.14514656,0.14257798,0.18423111289739608,0.48514851485148514,False
picture,category_indep,NUEx042,EH,3,-0.7,0.16055784,0.14151742,0.1973699428141117,0.2871287128712871,False
picture,category_indep,NUEx042,EH,4,-0.6,0.1574228,0.1459984,0.21375201866030694,0.3069306930693069,False
picture,category_indep,NUEx042,EH,5,-0.5,0.15330882,0.15176846,0.20828606709837913,0.5148514851485149,False
picture,category_indep,NUEx042,EH,6,-0.4,0.1562367,0.14575148,0.20026223957538605,0.40594059405940597,False
picture,category_indep,NUEx042,EH,7,-0.3,0.16282885,0.14362405,0.20155225247144695,0.25742574257425743,False
picture,category_indep,NUEx042,EH,8,-0.2,0.16697752,0.140357,0.20825644731521606,0.19801980198019803,False
picture,category_indep,NUEx042,EH,9,-0.1,0.16286892,0.14400944,0.1968577489256859,0.31683168316831684,False
picture,category_indep,NUEx042,EH,10,0.0,0.16178732,0.13888125,0.18731812089681624,0.27722772277227725,False
picture,category_indep,NUEx042,EH,11,0.1,0.16949935,0.14282434,0.20018440261483192,0.22772277227722773,False
picture,category_indep,NUEx042,EH,12,0.2,0.20168503,0.14904277,0.2198316127061844,0.13861386138613863,False
picture,category_indep,NUEx042,EH,13,0.3,0.21580456,0.145261,0.1993533857166767,0.009900990099009901,True
picture,category_indep,NUEx042,EH,14,0.4,0.22771813,0.14547037,0.1955488346517086,0.019801980198019802,True
picture,category_indep,NUEx042,EH,15,0.5,0.25853196,0.15168585,0.20234543308615685,0.0297029702970297,True
picture,category_indep,NUEx042,EH,16,0.6,0.26161444,0.14277044,0.19538447633385658,0.009900990099009901,True
picture,category_indep,NUEx042,EH,17,0.7,0.27520162,0.14949562,0.21648668497800827,0.019801980198019802,True
picture,category_indep,NUEx042,EH,18,0.8,0.2714802,0.14399534,0.21199944913387297,0.009900990099009901,True
picture,category_indep,NUEx042,EH,19,0.9,0.2823439,0.14955336,0.21532434970140454,0.009900990099009901,True
picture,category_indep,NUEx042,EH,20,1.0,0.26842567,0.14185649,0.19697066843509672,0.009900990099009901,True
picture,category_indep,NUEx042,EH,21,1.1,0.2850358,0.1411066,0.20023499354720115,0.009900990099009901,True
picture,category_indep,NUEx042,EH,22,1.2,0.25969693,0.14756976,0.2038926713168621,0.009900990099009901,True
picture,category_indep,NUEx042,EH,23,1.3,0.24430631,0.15122923,0.2156155787408352,0.009900990099009901,True
picture,category_indep,NUEx042,EH,24,1.4,0.22758141,0.1510874,0.22389186173677442,0.0594059405940594,True
picture,category_indep,NUEx042,EH,25,1.5,0.2016857,0.15129274,0.22785728648304937,0.1485148514851485,False
picture,category_indep,NUEx042,EH,26,1.6,0.18355799,0.14753559,0.19152245819568633,0.1485148514851485,False
picture,category_indep,NUEx042,EH,27,1.7,0.18520898,0.14593433,0.20863912254571915,0.1485148514851485,False
picture,category_indep,NUEx042,EH,28,1.8,0.17856312,0.1485776,0.20251399502158166,0.1782178217821782,False
picture,category_indep,NUEx042,EH,29,1.9,0.17293528,0.14756568,0.21092483699321746,0.2871287128712871,False
picture,category_indep,NUEx042,EH,30,2.0,0.18710643,0.15081505,0.2035500794649124,0.18811881188118812,False
picture,category_indep,NUEx042,EH,31,2.1,0.1829245,0.14568427,0.2040434218943119,0.12871287128712872,False
picture,category_indep,NUEx042,EH,32,2.2,0.1760347,0.1418103,0.1950977049767971,0.18811881188118812,False
picture,category_indep,NUEx042,EH,33,2.3,0.19282435,0.14625368,0.2008190758526325,0.09900990099009901,False
picture,category_indep,NUEx042,EH,34,2.4,0.187412,0.15324287,0.21753747686743735,0.2079207920792079,False
picture,category_indep,NUEx042,EH,35,2.5,0.18622585,0.14914578,0.19878407940268514,0.1188118811881188,False
picture,category_indep,NUEx042,EH,36,2.6,0.18022415,0.1504744,0.2191858150064945,0.18811881188118812,False
picture,category_indep,NUEx042,EH,37,2.7,0.18692026,0.14263663,0.20558838099241256,0.12871287128712872,False
picture,category_indep,NUEx042,EH,38,2.8,0.18334095,0.14214702,0.19637925922870633,0.13861386138613863,False
picture,category_indep,NUEx042,EH,39,2.9,0.18348086,0.15022412,0.21669890657067298,0.1782178217821782,False
picture,category_indep,NUEx042,EH,40,3.0,0.18143843,0.14446403,0.1985480263829231,0.1782178217821782,False
picture,category_indep,NUEx042,EH,41,3.1,0.18827853,0.14741433,0.20333988815546036,0.12871287128712872,False
picture,category_indep,NUEx042,EH,42,3.2,0.18415844,0.13602865,0.19521467983722687,0.0891089108910891,False
picture,category_indep,NUEx042,EH,43,3.3,0.16850252,0.14865154,0.21164440885186195,0.22772277227722773,False
picture,category_indep,NUEx042,EH,44,3.4,0.16718175,0.15506095,0.224505215883255,0.43564356435643564,False
picture,category_indep,NUEx042,EH,45,3.5,0.16807102,0.14702329,0.20214830860495567,0.24752475247524752,False
picture,category_indep,NUEx042,EH,46,3.6,0.17464323,0.14968427,0.20821985006332397,0.25742574257425743,False
picture,category_indep,NUEx042,EH,47,3.7,0.16507556,0.1443498,0.2031066298484802,0.3069306930693069,False
picture,category_indep,NUEx042,EH,48,3.8,0.16480212,0.14944014,0.20783348977565766,0.31683168316831684,False
picture,category_indep,NUEx042,EH,49,3.9,0.16092919,0.14571477,0.205502300709486,0.38613861386138615,False
picture,category_indep,NUEx032,EM,0,-1.0,0.12830994,0.13891661,0.1912981830537319,0.6039603960396039,False
picture,category_indep,NUEx032,EM,1,-0.9,0.13089782,0.13788512,0.19563669487833973,0.5346534653465347,False
picture,category_indep,NUEx032,EM,2,-0.8,0.14787641,0.13706163,0.19784358218312262,0.297029702970297,False
picture,category_indep,NUEx032,EM,3,-0.7,0.14095849,0.137991,0.19693879261612893,0.36633663366336633,False
picture,category_indep,NUEx032,EM,4,-0.6,0.14006877,0.13822864,0.1929504722356796,0.43564356435643564,False
picture,category_indep,NUEx032,EM,5,-0.5,0.1415717,0.14332144,0.20227979272603985,0.44554455445544555,False
picture,category_indep,NUEx032,EM,6,-0.4,0.14349005,0.13802607,0.18551285564899442,0.46534653465346537,False
picture,category_indep,NUEx032,EM,7,-0.3,0.14508767,0.13847761,0.19129978343844414,0.3564356435643564,False
picture,category_indep,NUEx032,EM,8,-0.2,0.1505913,0.13778862,0.20517343878746033,0.31683168316831684,False
picture,category_indep,NUEx032,EM,9,-0.1,0.14540309,0.14284366,0.20416303128004074,0.4158415841584158,False
picture,category_indep,NUEx032,EM,10,0.0,0.15190034,0.14404301,0.2227871693670749,0.36633663366336633,False
picture,category_indep,NUEx032,EM,11,0.1,0.15007071,0.14270277,0.1988620765507221,0.37623762376237624,False
picture,category_indep,NUEx032,EM,12,0.2,0.16685602,0.13912128,0.20452215149998665,0.22772277227722773,False
picture,category_indep,NUEx032,EM,13,0.3,0.2112171,0.14659043,0.19811339825391766,0.04950495049504951,True
picture,category_indep,NUEx032,EM,14,0.4,0.24070102,0.13477227,0.20513811632990836,0.0297029702970297,True
picture,category_indep,NUEx032,EM,15,0.5,0.26510078,0.14701007,0.21681022047996518,0.019801980198019802,True
picture,category_indep,NUEx032,EM,16,0.6,0.2722077,0.13890286,0.21642487123608584,0.009900990099009901,True
picture,category_indep,NUEx032,EM,17,0.7,0.26520875,0.14255133,0.1993977814912796,0.019801980198019802,True
picture,category_indep,NUEx032,EM,18,0.8,0.27483472,0.14803213,0.21829336807131766,0.009900990099009901,True
picture,category_indep,NUEx032,EM,19,0.9,0.26753742,0.14685462,0.2123597539961338,0.019801980198019802,True
picture,category_indep,NUEx032,EM,20,1.0,0.2764844,0.13672711,0.20068932622671126,0.009900990099009901,True
picture,category_indep,NUEx032,EM,21,1.1,0.2696362,0.14598793,0.2119420558214187,0.019801980198019802,True
picture,category_indep,NUEx032,EM,22,1.2,0.26958826,0.14597678,0.21493828520178793,0.009900990099009901,True
picture,category_indep,NUEx032,EM,23,1.3,0.2741124,0.13966794,0.20952969416975975,0.019801980198019802,True
picture,category_indep,NUEx032,EM,24,1.4,0.2516018,0.14006762,0.19718345254659653,0.019801980198019802,True
picture,category_indep,NUEx032,EM,25,1.5,0.2287227,0.14857002,0.2142005324363708,0.0594059405940594,True
picture,category_indep,NUEx032,EM,26,1.6,0.21887752,0.1418975,0.21512061730027193,0.0594059405940594,True
picture,category_indep,NUEx032,EM,27,1.7,0.18621072,0.13864474,0.20984484180808066,0.10891089108910891,False
picture,category_indep,NUEx032,EM,28,1.8,0.17160782,0.14426416,0.21349291428923606,0.16831683168316833,False
picture,category_indep,NUEx032,EM,29,1.9,0.16663647,0.14298083,0.19664264172315596,0.19801980198019803,False
picture,category_indep,NUEx032,EM,30,2.0,0.15732345,0.14875318,0.2137033969163894,0.3069306930693069,False
picture,category_indep,NUEx032,EM,31,2.1,0.16113442,0.14186412,0.20189419761300084,0.2079207920792079,False
picture,category_indep,NUEx032,EM,32,2.2,0.15176132,0.14531435,0.2207948818802833,0.3564356435643564,False
picture,category_indep,NUEx032,EM,33,2.3,0.14182909,0.14358647,0.21786017641425132,0.45544554455445546,False
picture,category_indep,NUEx032,EM,34,2.4,0.1496972,0.14142649,0.19648747369647024,0.40594059405940597,False
picture,category_indep,NUEx032,EM,35,2.5,0.15348338,0.14475875,0.20515052378177642,0.33663366336633666,False
picture,category_indep,NUEx032,EM,36,2.6,0.1483884,0.14563161,0.21385802626609798,0.44554455445544555,False
picture,category_indep,NUEx032,EM,37,2.7,0.15457939,0.1423918,0.2162275582551956,0.297029702970297,False
picture,category_indep,NUEx032,EM,38,2.8,0.15146022,0.1365035,0.19503475651144977,0.25742574257425743,False
picture,category_indep,NUEx032,EM,39,2.9,0.14580874,0.14186336,0.20266983211040496,0.39603960396039606,False
picture,category_indep,NUEx032,EM,40,3.0,0.1550603,0.14031033,0.1959169253706932,0.31683168316831684,False
picture,category_indep,NUEx032,EM,41,3.1,0.15162814,0.13966373,0.1992097720503807,0.3069306930693069,False
picture,category_indep,NUEx032,EM,42,3.2,0.14574757,0.1392531,0.19613112285733217,0.3564356435643564,False
picture,category_indep,NUEx032,EM,43,3.3,0.13684897,0.14945096,0.21120546758174896,0.6138613861386139,False
picture,category_indep,NUEx032,EM,44,3.4,0.15495637,0.14424136,0.19598179087042808,0.3465346534653465,False
picture,category_indep,NUEx032,EM,45,3.5,0.15584524,0.14140017,0.19605211541056633,0.27722772277227725,False
picture,category_indep,NUEx032,EM,46,3.6,0.14961678,0.13953882,0.19161681607365608,0.3564356435643564,False
picture,category_indep,NUEx032,EM,47,3.7,0.15368623,0.14866048,0.2174721248447895,0.38613861386138615,False
picture,category_indep,NUEx032,EM,48,3.8,0.1575227,0.14790738,0.2277379997074604,0.3564356435643564,False
picture,category_indep,NUEx032,EM,49,3.9,0.1670763,0.14027023,0.20421894118189812,0.21782178217821782,False
picture,category_indep,NUEx038,LH,0,-1.0,0.16264752,0.16155612,0.20286019816994666,0.44554455445544555,False
picture,category_indep,NUEx038,LH,1,-0.9,0.15411985,0.1653399,0.20519283562898635,0.6435643564356436,False
picture,category_indep,NUEx038,LH,2,-0.8,0.15466557,0.16997854,0.21262820363044738,0.7227722772277227,False
picture,category_indep,NUEx038,LH,3,-0.7,0.15460224,0.16230911,0.19872595369815824,0.5841584158415841,False
picture,category_indep,NUEx038,LH,4,-0.6,0.15488496,0.16506054,0.2065739057958126,0.6633663366336634,False
picture,category_indep,NUEx038,LH,5,-0.5,0.15616067,0.16247015,0.20616280362010003,0.5742574257425742,False
picture,category_indep,NUEx038,LH,6,-0.4,0.15286118,0.16754232,0.20728215277194975,0.7029702970297029,False
picture,category_indep,NUEx038,LH,7,-0.3,0.15558565,0.16695665,0.20111318379640578,0.7524752475247525,False
picture,category_indep,NUEx038,LH,8,-0.2,0.15436944,0.16811594,0.20205268114805222,0.7524752475247525,False
picture,category_indep,NUEx038,LH,9,-0.1,0.15502435,0.16651684,0.20495107620954514,0.7029702970297029,False
picture,category_indep,NUEx038,LH,10,0.0,0.15172717,0.16959518,0.20626758188009262,0.8316831683168316,False
picture,category_indep,NUEx038,LH,11,0.1,0.15187871,0.16606323,0.21775986403226852,0.6732673267326733,False
picture,category_indep,NUEx038,LH,12,0.2,0.21877679,0.1620906,0.21568093001842498,0.039603960396039604,True
picture,category_indep,NUEx038,LH,13,0.3,0.24569027,0.17048354,0.21190767213702202,0.009900990099009901,True
picture,category_indep,NUEx038,LH,14,0.4,0.2670272,0.16876514,0.20579954534769057,0.009900990099009901,True
picture,category_indep,NUEx038,LH,15,0.5,0.27669507,0.1633117,0.1940462850034237,0.009900990099009901,True
picture,category_indep,NUEx038,LH,16,0.6,0.27970603,0.16643395,0.20286596417427064,0.009900990099009901,True
picture,category_indep,NUEx038,LH,17,0.7,0.28692412,0.16926181,0.219185534119606,0.009900990099009901,True
picture,category_indep,NUEx038,LH,18,0.8,0.28675157,0.16983257,0.20827368348836897,0.009900990099009901,True
picture,category_indep,NUEx038,LH,19,0.9,0.28949866,0.16892326,0.2047850877046585,0.009900990099009901,True
picture,category_indep,NUEx038,LH,20,1.0,0.2903828,0.16534841,0.20148502364754675,0.009900990099009901,True
picture,category_indep,NUEx038,LH,21,1.1,0.28996244,0.16579565,0.20363846421241757,0.009900990099009901,True
picture,category_indep,NUEx038,LH,22,1.2,0.25628722,0.16581114,0.19759028702974318,0.009900990099009901,True
picture,category_indep,NUEx038,LH,23,1.3,0.22672626,0.17019069,0.21535339653491975,0.019801980198019802,True
picture,category_indep,NUEx038,LH,24,1.4,0.2173753,0.16872352,0.20998797565698624,0.009900990099009901,True
picture,category_indep,NUEx038,LH,25,1.5,0.19733177,0.16678454,0.21311128363013268,0.1188118811881188,False
picture,category_indep,NUEx038,LH,26,1.6,0.1878594,0.16587466,0.1997661456465721,0.19801980198019803,False
picture,category_indep,NUEx038,LH,27,1.7,0.18935992,0.1655522,0.211254546046257,0.16831683168316833,False
picture,category_indep,NUEx038,LH,28,1.8,0.18198334,0.16447835,0.19698019102215766,0.21782178217821782,False
picture,category_indep,NUEx038,LH,29,1.9,0.17652513,0.16975178,0.20582939237356185,0.37623762376237624,False
picture,category_indep,NUEx038,LH,30,2.0,0.17202726,0.16688465,0.208891736716032,0.4158415841584158,False
picture,category_indep,NUEx038,LH,31,2.1,0.17672312,0.16649467,0.2042458266019821,0.33663366336633666,False
picture,category_indep,NUEx038,LH,32,2.2,0.17742096,0.16195537,0.19973099380731582,0.24752475247524752,False
picture,category_indep,NUEx038,LH,33,2.3,0.1750694,0.16883284,0.2069562569260597,0.37623762376237624,False
picture,category_indep,NUEx038,LH,34,2.4,0.17529051,0.16696154,0.20761969909071923,0.37623762376237624,False
picture,category_indep,NUEx038,LH,35,2.5,0.17440505,0.16428119,0.2074884906411171,0.3069306930693069,False
picture,category_indep,NUEx038,LH,36,2.6,0.17761073,0.16120663,0.20024617463350297,0.25742574257425743,False
picture,category_indep,NUEx038,LH,37,2.7,0.17239024,0.16866785,0.20744982734322548,0.42574257425742573,False
picture,category_indep,NUEx038,LH,38,2.8,0.17178412,0.16599785,0.20839371010661126,0.3465346534653465,False
picture,category_indep,NUEx038,LH,39,2.9,0.17628396,0.16473885,0.20424213036894798,0.27722772277227725,False
picture,category_indep,NUEx038,LH,40,3.0,0.1757955,0.165461,0.20204136967658995,0.33663366336633666,False
picture,category_indep,NUEx038,LH,41,3.1,0.18259649,0.16599397,0.19926017075777053,0.3069306930693069,False
picture,category_indep,NUEx038,LH,42,3.2,0.18183905,0.16910745,0.21419764459133148,0.27722772277227725,False
picture,category_indep,NUEx038,LH,43,3.3,0.17693609,0.16540174,0.20212096199393273,0.33663366336633666,False
picture,category_indep,NUEx038,LH,44,3.4,0.17605834,0.16491543,0.19993339776992797,0.32673267326732675,False
picture,category_indep,NUEx038,LH,45,3.5,0.17925769,0.16489263,0.19756871461868286,0.2376237623762376,False
picture,category_indep,NUEx038,LH,46,3.6,0.17365314,0.16881002,0.21352862268686293,0.39603960396039606,False
picture,category_indep,NUEx038,LH,47,3.7,0.17290495,0.17176418,0.22449944913387299,0.4752475247524752,False
picture,category_indep,NUEx038,LH,48,3.8,0.17158623,0.1656266,0.20302200093865394,0.36633663366336633,False
picture,category_indep,NUEx038,LH,49,3.9,0.1748868,0.16883893,0.20930437147617337,0.40594059405940597,False
picture,category_indep,NUEx035,MM,0,-1.0,0.19197574,0.1662178,0.22309926897287366,0.22772277227722773,False
picture,category_indep,NUEx035,MM,1,-0.9,0.1829654,0.16947094,0.21796882674098014,0.25742574257425743,False
picture,category_indep,NUEx035,MM,2,-0.8,0.17466424,0.1710456,0.22454702630639076,0.43564356435643564,False
picture,category_indep,NUEx035,MM,3,-0.7,0.188671,0.17002247,0.21861185282468795,0.27722772277227725,False
picture,category_indep,NUEx035,MM,4,-0.6,0.18865086,0.16538757,0.20524794831871987,0.21782178217821782,False
picture,category_indep,NUEx035,MM,5,-0.5,0.18630442,0.17152704,0.22092326581478117,0.32673267326732675,False
picture,category_indep,NUEx035,MM,6,-0.4,0.18086004,0.16512862,0.22113955095410345,0.31683168316831684,False
picture,category_indep,NUEx035,MM,7,-0.3,0.17705259,0.16140306,0.20227609500288962,0.33663366336633666,False
picture,category_indep,NUEx035,MM,8,-0.2,0.17837887,0.16286014,0.21331605985760688,0.3564356435643564,False
picture,category_indep,NUEx035,MM,9,-0.1,0.18067728,0.1638183,0.21593720987439155,0.27722772277227725,False
picture,category_indep,NUEx035,MM,10,0.0,0.17509998,0.17182308,0.22247762456536294,0.4158415841584158,False
picture,category_indep,NUEx035,MM,11,0.1,0.16975415,0.17070061,0.22245920076966283,0.5148514851485149,False
picture,category_indep,NUEx035,MM,12,0.2,0.17328611,0.1685037,0.23205783888697623,0.4158415841584158,False
picture,category_indep,NUEx035,MM,13,0.3,0.19324253,0.16121548,0.20785650089383123,0.1485148514851485,False
picture,category_indep,NUEx035,MM,14,0.4,0.2069613,0.16473871,0.21794881373643873,0.09900990099009901,False
picture,category_indep,NUEx035,MM,15,0.5,0.22520941,0.17152193,0.2215554252266884,0.04950495049504951,True
picture,category_indep,NUEx035,MM,16,0.6,0.22694641,0.16590968,0.21937241405248642,0.0297029702970297,True
picture,category_indep,NUEx035,MM,17,0.7,0.24313259,0.17170525,0.22397575452923774,0.019801980198019802,True
picture,category_indep,NUEx035,MM,18,0.8,0.24419609,0.16705786,0.21463236063718796,0.009900990099009901,True
picture,category_indep,NUEx035,MM,19,0.9,0.24958788,0.16305052,0.2054852820932865,0.009900990099009901,True
picture,category_indep,NUEx035,MM,20,1.0,0.24370316,0.16669138,0.21146140322089194,0.019801980198019802,True
picture,category_indep,NUEx035,MM,21,1.1,0.24683696,0.17083256,0.22226791083812714,0.009900990099009901,True
picture,category_indep,NUEx035,MM,22,1.2,0.23527849,0.17273912,0.22885383665561676,0.039603960396039604,True
picture,category_indep,NUEx035,MM,23,1.3,0.22191142,0.16316208,0.21385792940855025,0.039603960396039604,True
picture,category_indep,NUEx035,MM,24,1.4,0.20730871,0.16367799,0.21361422315239906,0.1188118811881188,False
picture,category_indep,NUEx035,MM,25,1.5,0.1918357,0.16381674,0.20327222570776937,0.1782178217821782,False
picture,category_indep,NUEx035,MM,26,1.6,0.18797775,0.17093424,0.22227007672190666,0.32673267326732675,False
picture,category_indep,NUEx035,MM,27,1.7,0.1834169,0.16726643,0.2250584803521633,0.27722772277227725,False
picture,category_indep,NUEx035,MM,28,1.8,0.18159823,0.1661765,0.22137409448623657,0.32673267326732675,False
picture,category_indep,NUEx035,MM,29,1.9,0.17074573,0.16866983,0.2260795459151268,0.46534653465346537,False
picture,category_indep,NUEx035,MM,30,2.0,0.17576797,0.16056626,0.21103364527225493,0.27722772277227725,False
picture,category_indep,NUEx035,MM,31,2.1,0.17772281,0.16563305,0.21247240230441092,0.3564356435643564,False
picture,category_indep,NUEx035,MM,32,2.2,0.1700135,0.1673698,0.21970811709761617,0.45544554455445546,False
picture,category_indep,NUEx035,MM,33,2.3,0.16586816,0.16421878,0.2101121887564659,0.46534653465346537,False
picture,category_indep,NUEx035,MM,34,2.4,0.16845511,0.16540056,0.208300893753767,0.45544554455445546,False
picture,category_indep,NUEx035,MM,35,2.5,0.16485308,0.16484228,0.21034480929374694,0.504950495049505,False
picture,category_indep,NUEx035,MM,36,2.6,0.1685712,0.15819953,0.20702880769968032,0.3564356435643564,False
picture,category_indep,NUEx035,MM,37,2.7,0.17140414,0.16459776,0.210945463180542,0.39603960396039606,False
picture,category_indep,NUEx035,MM,38,2.8,0.1740229,0.1650671,0.21024136468768118,0.38613861386138615,False
picture,category_indep,NUEx035,MM,39,2.9,0.17540382,0.16929865,0.2181574687361717,0.38613861386138615,False
picture,category_indep,NUEx035,MM,40,3.0,0.17829496,0.16832213,0.21558810174465176,0.43564356435643564,False
picture,category_indep,NUEx035,MM,41,3.1,0.16764146,0.16606773,0.2258330173790455,0.5148514851485149,False
picture,category_indep,NUEx035,MM,42,3.2,0.17139041,0.16264427,0.20377961471676825,0.39603960396039606,False
picture,category_indep,NUEx035,MM,43,3.3,0.16314273,0.16526626,0.21036156937479972,0.5346534653465347,False
picture,category_indep,NUEx035,MM,44,3.4,0.17336,0.16498071,0.21058372929692268,0.38613861386138615,False
picture,category_indep,NUEx035,MM,45,3.5,0.17006774,0.16664831,0.22870022878050805,0.39603960396039606,False
picture,category_indep,NUEx035,MM,46,3.6,0.16409726,0.16904537,0.21582089737057683,0.5247524752475248,False
picture,category_indep,NUEx035,MM,47,3.7,0.17158602,0.16708478,0.2175204887986183,0.40594059405940597,False
picture,category_indep,NUEx035,MM,48,3.8,0.17607422,0.16853866,0.21491921097040176,0.39603960396039606,False
picture,category_indep,NUEx035,MM,49,3.9,0.16649272,0.1635399,0.20982579961419104,0.48514851485148514,False
picture,category_indep,NUEx035,MM,50,4.0,0.16384438,0.17094134,0.22806726172566413,0.5742574257425742,False
picture,category_indep,NUEx035,MM,51,4.1,0.16535614,0.16508795,0.2138708584010601,0.45544554455445546,False
picture,category_indep,NUEx035,MM,52,4.2,0.16481182,0.16497046,0.21367096155881882,0.49504950495049505,False
picture,category_indep,NUEx035,MM,53,4.3,0.17539032,0.16630454,0.21600461006164548,0.40594059405940597,False
picture,category_indep,NUEx035,MM,54,4.4,0.17137888,0.16668713,0.22087100222706793,0.43564356435643564,False
picture,category_indep,NUEx035,MM,55,4.5,0.16500969,0.1652523,0.2131361685693264,0.49504950495049505,False
picture,category_indep,NUEx035,MM,56,4.6,0.16877344,0.1685221,0.22149539962410927,0.4752475247524752,False
picture,category_indep,NUEx035,MM,57,4.7,0.16099001,0.17261718,0.2353489577770233,0.6237623762376238,False
picture,category_indep,NUEx035,MM,58,4.8,0.16242652,0.16564573,0.21831605583429337,0.5148514851485149,False
picture,category_indep,NUEx035,MM,59,4.9,0.16189209,0.1671293,0.22007376328110695,0.5445544554455446,False
picture,category_indep,NUEx035,MM,60,5.0,0.15766373,0.16671501,0.23281302973628043,0.6138613861386139,False
picture,category_indep,NUEx035,MM,61,5.1,0.16575597,0.16642429,0.2332307234406471,0.43564356435643564,False
picture,category_indep,NUEx035,MM,62,5.2,0.16508141,0.16858253,0.22434039339423179,0.5346534653465347,False
picture,category_indep,NUEx035,MM,63,5.3,0.1689825,0.16749915,0.21107555031776426,0.44554455445544555,False
picture,category_indep,NUEx035,MM,64,5.4,0.16290556,0.16960572,0.22890653163194657,0.5544554455445545,False
picture,category_indep,NUEx035,MM,65,5.5,0.1647873,0.16225408,0.211612331867218,0.46534653465346537,False
picture,category_indep,NUEx035,MM,66,5.6,0.17077391,0.16729754,0.2254816211760044,0.44554455445544555,False
picture,category_indep,NUEx035,MM,67,5.7,0.16351265,0.16809729,0.22199092507362364,0.504950495049505,False
picture,category_indep,NUEx035,MM,68,5.8,0.16800274,0.15623875,0.1980771079659462,0.33663366336633666,False
picture,category_indep,NUEx035,MM,69,5.9,0.17179716,0.16660409,0.21071622595191,0.4158415841584158,False
picture,category_indep,NUEx035,MM,70,6.0,0.15846863,0.1699859,0.21750405505299564,0.6435643564356436,False
picture,category_indep,NUEx035,MM,71,6.1,0.15194453,0.167981,0.21172375828027723,0.7128712871287128,False
picture,category_indep,NUEx035,MM,72,6.2,0.14998509,0.16925691,0.22774287387728692,0.6732673267326733,False
picture,category_indep,NUEx035,MM,73,6.3,0.1580244,0.16713318,0.22620617300271986,0.594059405940594,False
picture,category_indep,NUEx035,MM,74,6.4,0.15964979,0.17010164,0.21952977702021598,0.6633663366336634,False
picture,category_indep,NUEx035,MM,75,6.5,0.15752243,0.16721244,0.20059137865900992,0.693069306930693,False
picture,category_indep,NUEx035,MM,76,6.6,0.16539015,0.17115185,0.2151778794825077,0.6336633663366337,False
picture,category_indep,NUEx035,MM,77,6.7,0.169437,0.16658354,0.21673276722431184,0.4752475247524752,False
picture,category_indep,NUEx035,MM,78,6.8,0.17375994,0.15901284,0.21529552042484282,0.38613861386138615,False
picture,category_indep,NUEx035,MM,79,6.9,0.17231432,0.16839921,0.21693598255515098,0.504950495049505,False
picture,category_indep,NUEx031,RB,0,-1.0,0.13695168,0.14062302,0.19209516942501068,0.504950495049505,False
picture,category_indep,NUEx031,RB,1,-0.9,0.13236746,0.1457832,0.2049458898603916,0.5742574257425742,False
picture,category_indep,NUEx031,RB,2,-0.8,0.14945725,0.14750813,0.20825929194688797,0.42574257425742573,False
picture,category_indep,NUEx031,RB,3,-0.7,0.15644774,0.14514318,0.21264706775546074,0.33663366336633666,False
picture,category_indep,NUEx031,RB,4,-0.6,0.15019535,0.1498546,0.21585295572876925,0.48514851485148514,False
picture,category_indep,NUEx031,RB,5,-0.5,0.15542631,0.13979484,0.1973424196243286,0.25742574257425743,False
picture,category_indep,NUEx031,RB,6,-0.4,0.15801528,0.13717823,0.1838681302964687,0.24752475247524752,False
picture,category_indep,NUEx031,RB,7,-0.3,0.15649259,0.14769846,0.2034419074654579,0.32673267326732675,False
picture,category_indep,NUEx031,RB,8,-0.2,0.1484011,0.13963775,0.18930663913488388,0.36633663366336633,False
picture,category_indep,NUEx031,RB,9,-0.1,0.16886675,0.14388202,0.19892562925815574,0.21782178217821782,False
picture,category_indep,NUEx031,RB,10,0.0,0.16745338,0.14253423,0.20474922880530355,0.18811881188118812,False
picture,category_indep,NUEx031,RB,11,0.1,0.17848913,0.14304346,0.1957128137350082,0.13861386138613863,False
picture,category_indep,NUEx031,RB,12,0.2,0.24661636,0.13964999,0.1959858164191246,0.009900990099009901,True
picture,category_indep,NUEx031,RB,13,0.3,0.29849473,0.14323434,0.20561028271913528,0.009900990099009901,True
picture,category_indep,NUEx031,RB,14,0.4,0.32919365,0.14260845,0.19569763392210004,0.009900990099009901,True
picture,category_indep,NUEx031,RB,15,0.5,0.34922636,0.14983131,0.2012833371758461,0.009900990099009901,True
picture,category_indep,NUEx031,RB,16,0.6,0.37292913,0.14076973,0.2053805813193321,0.009900990099009901,True
picture,category_indep,NUEx031,RB,17,0.7,0.39474884,0.13836716,0.21273917928338046,0.009900990099009901,True
picture,category_indep,NUEx031,RB,18,0.8,0.38064426,0.1460143,0.216817819327116,0.009900990099009901,True
picture,category_indep,NUEx031,RB,19,0.9,0.39332542,0.14234781,0.20756495371460915,0.009900990099009901,True
picture,category_indep,NUEx031,RB,20,1.0,0.3973984,0.14486149,0.20440386831760404,0.009900990099009901,True
picture,category_indep,NUEx031,RB,21,1.1,0.4011371,0.14660932,0.21911176815629002,0.009900990099009901,True
picture,category_indep,NUEx031,RB,22,1.2,0.3951757,0.14639616,0.20463336110115046,0.009900990099009901,True
picture,category_indep,NUEx031,RB,23,1.3,0.36581707,0.14231071,0.20650364011526107,0.009900990099009901,True
picture,category_indep,NUEx031,RB,24,1.4,0.34875244,0.1482601,0.2079435311257839,0.009900990099009901,True
picture,category_indep,NUEx031,RB,25,1.5,0.323011,0.14848404,0.20584389641880987,0.009900990099009901,True
picture,category_indep,NUEx031,RB,26,1.6,0.30654085,0.14494786,0.19016632214188575,0.009900990099009901,True
picture,category_indep,NUEx031,RB,27,1.7,0.28040493,0.14843923,0.20856211930513383,0.009900990099009901,True
picture,category_indep,NUEx031,RB,28,1.8,0.26191318,0.14229289,0.1915465146303177,0.019801980198019802,True
picture,category_indep,NUEx031,RB,29,1.9,0.2484016,0.14465809,0.22369939014315604,0.039603960396039604,True
picture,category_indep,NUEx031,RB,30,2.0,0.24625286,0.13980865,0.20180651620030404,0.009900990099009901,True
picture,category_indep,NUEx031,RB,31,2.1,0.24192004,0.14668155,0.21200907006859776,0.019801980198019802,True
picture,category_indep,NUEx031,RB,32,2.2,0.2316107,0.14635216,0.20417388677597045,0.039603960396039604,True
picture,category_indep,NUEx031,RB,33,2.3,0.22460796,0.13886648,0.19782673045992852,0.019801980198019802,True
picture,category_indep,NUEx031,RB,34,2.4,0.23300861,0.14231963,0.20715517550706863,0.039603960396039604,True
picture,category_indep,NUEx031,RB,35,2.5,0.20920447,0.14132652,0.1972753256559372,0.039603960396039604,True
picture,category_indep,NUEx031,RB,36,2.6,0.21900627,0.14784263,0.20748317763209342,0.009900990099009901,True
picture,category_indep,NUEx031,RB,37,2.7,0.20771447,0.14028244,0.20220004096627237,0.0297029702970297,True
picture,category_indep,NUEx031,RB,38,2.8,0.21664734,0.15167326,0.20819173678755756,0.0594059405940594,True
picture,category_indep,NUEx031,RB,39,2.9,0.21181956,0.14134528,0.19397784024477005,0.0297029702970297,True
picture,category_indep,NUEx031,RB,40,3.0,0.2084063,0.14569263,0.19436356425285337,0.04950495049504951,True
picture,category_indep,NUEx031,RB,41,3.1,0.21221851,0.14551584,0.19850241020321846,0.0297029702970297,True
picture,category_indep,NUEx031,RB,42,3.2,0.2220892,0.14732376,0.21106343045830728,0.039603960396039604,True
picture,category_indep,NUEx031,RB,43,3.3,0.22291052,0.14371212,0.20648256093263626,0.019801980198019802,True
picture,category_indep,NUEx031,RB,44,3.4,0.20836818,0.14902146,0.20630935952067372,0.0594059405940594,True
picture,category_indep,NUEx031,RB,45,3.5,0.22219963,0.14162928,0.19424983412027355,0.009900990099009901,True
picture,category_indep,NUEx031,RB,46,3.6,0.21128409,0.14448875,0.204297748953104,0.039603960396039604,True
picture,category_indep,NUEx031,RB,47,3.7,0.2027512,0.14266631,0.19327467530965803,0.04950495049504951,True
picture,category_indep,NUEx031,RB,48,3.8,0.19411248,0.14852972,0.22695667669177055,0.13861386138613863,False
picture,category_indep,NUEx031,RB,49,3.9,0.18526076,0.14580908,0.20758881270885465,0.1485148514851485,False
picture,category_indep,NUEx031,RB,50,4.0,0.18133205,0.14574392,0.19658583551645276,0.16831683168316833,False
picture,category_indep,NUEx031,RB,51,4.1,0.16591509,0.14155866,0.19811676517128946,0.22772277227722773,False
picture,category_indep,NUEx031,RB,52,4.2,0.16115801,0.1513183,0.2025565885007381,0.3564356435643564,False
picture,category_indep,NUEx031,RB,53,4.3,0.16432777,0.14261392,0.19205067530274386,0.19801980198019803,False
picture,category_indep,NUEx031,RB,54,4.4,0.16513647,0.14897445,0.20512756481766697,0.297029702970297,False
picture,category_indep,NUEx031,RB,55,4.5,0.16037881,0.14626901,0.2208201184868812,0.26732673267326734,False
picture,category_indep,NUEx031,RB,56,4.6,0.15751311,0.14494094,0.19529882743954657,0.3465346534653465,False
picture,category_indep,NUEx031,RB,57,4.7,0.16451864,0.15413697,0.2204275719821453,0.32673267326732675,False
picture,category_indep,NUEx031,RB,58,4.8,0.1605229,0.13941777,0.19116368070244788,0.22772277227722773,False
picture,category_indep,NUEx031,RB,59,4.9,0.16097517,0.14209624,0.1941097542643547,0.26732673267326734,False
picture,category_indep,NUEx027,VB,0,-1.0,0.14549461,0.14276522,0.1970173768699169,0.46534653465346537,False
picture,category_indep,NUEx027,VB,1,-0.9,0.14641662,0.15779711,0.257388037443161,0.5643564356435643,False
picture,category_indep,NUEx027,VB,2,-0.8,0.13598388,0.13633192,0.19735794514417646,0.44554455445544555,False
picture,category_indep,NUEx027,VB,3,-0.7,0.13657083,0.14372608,0.22023976743221282,0.5445544554455446,False
picture,category_indep,NUEx027,VB,4,-0.6,0.13272329,0.14190236,0.23072642162442208,0.504950495049505,False
picture,category_indep,NUEx027,VB,5,-0.5,0.15990902,0.14224145,0.1945766568183899,0.33663366336633666,False
picture,category_indep,NUEx027,VB,6,-0.4,0.16058941,0.14375754,0.21106393039226531,0.297029702970297,False
picture,category_indep,NUEx027,VB,7,-0.3,0.14741392,0.14479445,0.20301600992679592,0.48514851485148514,False
picture,category_indep,NUEx027,VB,8,-0.2,0.15316454,0.14374591,0.22415599524974822,0.3069306930693069,False
picture,category_indep,NUEx027,VB,9,-0.1,0.1493427,0.1360105,0.1976415306329727,0.3069306930693069,False
picture,category_indep,NUEx027,VB,10,0.0,0.15189037,0.14226297,0.20507575199007988,0.38613861386138615,False
picture,category_indep,NUEx027,VB,11,0.1,0.14408892,0.14216252,0.21986514180898667,0.43564356435643564,False
picture,category_indep,NUEx027,VB,12,0.2,0.161707,0.1397854,0.2160960890352726,0.25742574257425743,False
picture,category_indep,NUEx027,VB,13,0.3,0.21977392,0.14632256,0.24424550980329512,0.09900990099009901,False
picture,category_indep,NUEx027,VB,14,0.4,0.28622133,0.14072604,0.19945201724767686,0.019801980198019802,True
picture,category_indep,NUEx027,VB,15,0.5,0.35105097,0.14685911,0.2043450765311718,0.009900990099009901,True
picture,category_indep,NUEx027,VB,16,0.6,0.36175743,0.14293219,0.2182249955832958,0.009900990099009901,True
picture,category_indep,NUEx027,VB,17,0.7,0.38393283,0.14763168,0.21477670073509217,0.009900990099009901,True
picture,category_indep,NUEx027,VB,18,0.8,0.40294302,0.14665666,0.2242538757622242,0.009900990099009901,True
picture,category_indep,NUEx027,VB,19,0.9,0.4086783,0.14071795,0.21309764161705969,0.009900990099009901,True
picture,category_indep,NUEx027,VB,20,1.0,0.40265045,0.1471481,0.21534780785441396,0.009900990099009901,True
picture,category_indep,NUEx027,VB,21,1.1,0.409287,0.14143209,0.22272307276725767,0.009900990099009901,True
picture,category_indep,NUEx027,VB,22,1.2,0.41240308,0.14796358,0.2367055393755436,0.009900990099009901,True
picture,category_indep,NUEx027,VB,23,1.3,0.4118684,0.14417788,0.2161275215446949,0.009900990099009901,True
picture,category_indep,NUEx027,VB,24,1.4,0.39620936,0.14194103,0.20646897852420806,0.009900990099009901,True
picture,category_indep,NUEx027,VB,25,1.5,0.35241264,0.1424776,0.21776644587516783,0.009900990099009901,True
picture,category_indep,NUEx027,VB,26,1.6,0.33946252,0.14769115,0.22552391961216925,0.009900990099009901,True
picture,category_indep,NUEx027,VB,27,1.7,0.3040182,0.14943112,0.2371934428811073,0.009900990099009901,True
picture,category_indep,NUEx027,VB,28,1.8,0.30979404,0.14160635,0.2072691023349762,0.009900990099009901,True
picture,category_indep,NUEx027,VB,29,1.9,0.29073548,0.14240497,0.22168968990445134,0.0297029702970297,True
picture,category_indep,NUEx027,VB,30,2.0,0.27729276,0.14388525,0.21655156463384626,0.019801980198019802,True
picture,category_indep,NUEx027,VB,31,2.1,0.26976848,0.14578971,0.20879575982689857,0.009900990099009901,True
picture,category_indep,NUEx027,VB,32,2.2,0.27380335,0.14598107,0.22420880049467087,0.009900990099009901,True
picture,category_indep,NUEx027,VB,33,2.3,0.26351875,0.1391872,0.20422561913728712,0.019801980198019802,True
picture,category_indep,NUEx027,VB,34,2.4,0.24780166,0.14148265,0.18982274383306502,0.009900990099009901,True
picture,category_indep,NUEx027,VB,35,2.5,0.25428107,0.13930304,0.19745522513985633,0.019801980198019802,True
picture,category_indep,NUEx027,VB,36,2.6,0.23917037,0.15201843,0.23664913475513452,0.0594059405940594,True
picture,category_indep,NUEx027,VB,37,2.7,0.22280493,0.14048342,0.22649653479456902,0.06930693069306931,False
picture,category_indep,NUEx027,VB,38,2.8,0.23144518,0.13980196,0.21509433388710023,0.039603960396039604,True
picture,category_indep,NUEx027,VB,39,2.9,0.22246979,0.13803603,0.20165297910571095,0.04950495049504951,True
picture,category_indep,NUEx027,VB,40,3.0,0.2110291,0.14624809,0.2111160837113857,0.0594059405940594,False
picture,category_indep,NUEx027,VB,41,3.1,0.22169964,0.13912852,0.21112400591373442,0.039603960396039604,True
picture,category_indep,NUEx027,VB,42,3.2,0.21444765,0.1403836,0.2096373528242111,0.0594059405940594,True
picture,category_indep,NUEx027,VB,43,3.3,0.21327561,0.14301054,0.2300723321735859,0.07920792079207921,False
picture,category_indep,NUEx027,VB,44,3.4,0.21942215,0.14159048,0.21866040527820585,0.0594059405940594,True
picture,category_indep,NUEx027,VB,45,3.5,0.21030016,0.14479169,0.22444620877504345,0.09900990099009901,False
picture,category_indep,NUEx027,VB,46,3.6,0.21260253,0.13459916,0.19402214810252189,0.0297029702970297,True
picture,category_indep,NUEx027,VB,47,3.7,0.2039549,0.14123118,0.224220834672451,0.0891089108910891,False
picture,category_indep,NUEx027,VB,48,3.8,0.21288022,0.14521198,0.21951735466718666,0.07920792079207921,False
picture,category_indep,NUEx027,VB,49,3.9,0.2024469,0.14245681,0.2034070238471031,0.06930693069306931,False
picture,category_indep,NUEx027,VB,50,4.0,0.19699873,0.13571629,0.19913995191454886,0.06930693069306931,False
picture,category_indep,NUEx027,VB,51,4.1,0.1933253,0.14771654,0.21309859976172446,0.13861386138613863,False
picture,category_indep,NUEx027,VB,52,4.2,0.17646123,0.14696747,0.21525819152593612,0.2376237623762376,False
picture,category_indep,NUEx027,VB,53,4.3,0.1719143,0.14748172,0.208516675978899,0.21782178217821782,False
picture,category_indep,NUEx027,VB,54,4.4,0.17505787,0.14573525,0.2380942419171333,0.22772277227722773,False
picture,category_indep,NUEx027,VB,55,4.5,0.17282909,0.14053665,0.22721692621707915,0.18811881188118812,False
picture,category_indep,NUEx027,VB,56,4.6,0.17733116,0.14306943,0.2167872354388237,0.19801980198019803,False
picture,category_indep,NUEx027,VB,57,4.7,0.17511871,0.14282103,0.23231053724884987,0.2079207920792079,False
picture,category_indep,NUEx036,WBH,0,-1.0,0.17738248,0.16863924,0.19731710776686667,0.31683168316831684,False
picture,category_indep,NUEx036,WBH,1,-0.9,0.17049897,0.16129386,0.19347793608903885,0.31683168316831684,False
picture,category_indep,NUEx036,WBH,2,-0.8,0.17687325,0.16570787,0.19574588537216187,0.297029702970297,False
picture,category_indep,NUEx036,WBH,3,-0.7,0.18109445,0.16836727,0.19669782519340515,0.21782178217821782,False
picture,category_indep,NUEx036,WBH,4,-0.6,0.18291138,0.1636288,0.1907543584704399,0.19801980198019803,False
picture,category_indep,NUEx036,WBH,5,-0.5,0.1821479,0.16889212,0.20214170590043068,0.19801980198019803,False
picture,category_indep,NUEx036,WBH,6,-0.4,0.18254298,0.16722572,0.20076875165104865,0.22772277227722773,False
picture,category_indep,NUEx036,WBH,7,-0.3,0.1775786,0.16691126,0.19823941588401794,0.297029702970297,False
picture,category_indep,NUEx036,WBH,8,-0.2,0.18119131,0.16745181,0.19317328557372093,0.24752475247524752,False
picture,category_indep,NUEx036,WBH,9,-0.1,0.18057689,0.1675593,0.19726374074816702,0.26732673267326734,False
picture,category_indep,NUEx036,WBH,10,0.0,0.17667305,0.16380385,0.19264175593852997,0.26732673267326734,False
picture,category_indep,NUEx036,WBH,11,0.1,0.17950507,0.16746727,0.1973304085433483,0.25742574257425743,False
picture,category_indep,NUEx036,WBH,12,0.2,0.17446244,0.16565202,0.19708748683333396,0.31683168316831684,False
picture,category_indep,NUEx036,WBH,13,0.3,0.18331546,0.16734622,0.19493099600076674,0.2079207920792079,False
picture,category_indep,NUEx036,WBH,14,0.4,0.20826876,0.16732466,0.20328984111547468,0.0297029702970297,True
picture,category_indep,NUEx036,WBH,15,0.5,0.24380004,0.16869627,0.2017895482480526,0.009900990099009901,True
picture,category_indep,NUEx036,WBH,16,0.6,0.27434516,0.16553308,0.20037750974297522,0.009900990099009901,True
picture,category_indep,NUEx036,WBH,17,0.7,0.2879129,0.1664373,0.19590520858764648,0.009900990099009901,True
picture,category_indep,NUEx036,WBH,18,0.8,0.30192104,0.16453888,0.20402457490563392,0.009900990099009901,True
picture,category_indep,NUEx036,WBH,19,0.9,0.31408635,0.16427372,0.19336105212569235,0.009900990099009901,True
picture,category_indep,NUEx036,WBH,20,1.0,0.31787753,0.16753681,0.2035058133304119,0.009900990099009901,True
picture,category_indep,NUEx036,WBH,21,1.1,0.32530093,0.16596262,0.19836877956986426,0.009900990099009901,True
picture,category_indep,NUEx036,WBH,22,1.2,0.32929078,0.1665284,0.20404116585850715,0.009900990099009901,True
picture,category_indep,NUEx036,WBH,23,1.3,0.32248938,0.16666727,0.20145768299698827,0.009900990099009901,True
picture,category_indep,NUEx036,WBH,24,1.4,0.30613643,0.16918391,0.198851078748703,0.009900990099009901,True
picture,category_indep,NUEx036,WBH,25,1.5,0.2928528,0.16658774,0.2010657012462616,0.009900990099009901,True
picture,category_indep,NUEx036,WBH,26,1.6,0.27526513,0.1677797,0.20177036598324774,0.009900990099009901,True
picture,category_indep,NUEx036,WBH,27,1.7,0.2671404,0.16843954,0.1992557644844055,0.009900990099009901,True
picture,category_indep,NUEx036,WBH,28,1.8,0.2591047,0.1674107,0.19891121312975885,0.009900990099009901,True
picture,category_indep,NUEx036,WBH,29,1.9,0.25699264,0.16761489,0.19837179332971572,0.009900990099009901,True
picture,category_indep,NUEx036,WBH,30,2.0,0.25111163,0.16523308,0.1943706102669239,0.009900990099009901,True
picture,category_indep,NUEx036,WBH,31,2.1,0.24454974,0.16720991,0.19452187120914458,0.009900990099009901,True
picture,category_indep,NUEx036,WBH,32,2.2,0.23151857,0.16675979,0.20286455005407333,0.009900990099009901,True
picture,category_indep,NUEx036,WBH,33,2.3,0.23003626,0.16483796,0.1927732653915882,0.009900990099009901,True
picture,category_indep,NUEx036,WBH,34,2.4,0.2280218,0.16795486,0.19649475514888765,0.009900990099009901,True
picture,category_indep,NUEx036,WBH,35,2.5,0.22397023,0.16513193,0.19227725341916083,0.019801980198019802,True
picture,category_indep,NUEx036,WBH,36,2.6,0.22243652,0.16437307,0.1967796005308628,0.009900990099009901,True
picture,category_indep,NUEx036,WBH,37,2.7,0.22314821,0.16784708,0.20018887668848037,0.009900990099009901,True
picture,category_indep,NUEx036,WBH,38,2.8,0.22607741,0.16458598,0.19077538326382637,0.009900990099009901,True
picture,category_indep,NUEx036,WBH,39,2.9,0.21332817,0.16953419,0.2050137460231781,0.0297029702970297,True
picture,category_indep,NUEx036,WBH,40,3.0,0.2085752,0.16943389,0.19847879111766814,0.0297029702970297,True
picture,category_indep,NUEx036,WBH,41,3.1,0.20256601,0.16971342,0.19926079884171485,0.0297029702970297,True
picture,category_indep,NUEx036,WBH,42,3.2,0.20464748,0.16597323,0.1948416367173195,0.009900990099009901,True
picture,category_indep,NUEx036,WBH,43,3.3,0.20279959,0.16885315,0.20060338377952575,0.04950495049504951,True
picture,category_indep,NUEx036,WBH,44,3.4,0.2055076,0.16770549,0.19858869239687918,0.019801980198019802,True
picture,category_indep,NUEx036,WBH,45,3.5,0.20645666,0.16738436,0.20416164621710778,0.039603960396039604,True
picture,category_indep,NUEx036,WBH,46,3.6,0.20810637,0.17016555,0.20065349861979484,0.0297029702970297,True
picture,category_indep,NUEx036,WBH,47,3.7,0.2064087,0.16732508,0.19983119443058966,0.019801980198019802,True
picture,category_indep,NUEx036,WBH,48,3.8,0.20311317,0.1676112,0.19770243987441063,0.0297029702970297,True
picture,category_indep,NUEx036,WBH,49,3.9,0.204751,0.16643424,0.19408126100897788,0.0297029702970297,True
picture,word_top1,NUEx041,AA,0,-1.0,0.023137264,0.018823542,0.03921568766236305,0.3564356435643564,False
picture,word_top1,NUEx041,AA,1,-0.9,0.022450993,0.019313736,0.039705883711576434,0.32673267326732675,False
picture,word_top1,NUEx041,AA,2,-0.8,0.017843148,0.018921578,0.03921568766236305,0.5742574257425742,False
picture,word_top1,NUEx041,AA,3,-0.7,0.020392165,0.016176479,0.03921568766236305,0.22772277227722773,False
picture,word_top1,NUEx041,AA,4,-0.6,0.019313738,0.022450998,0.04901960864663124,0.693069306930693,False
picture,word_top1,NUEx041,AA,5,-0.5,0.014509811,0.019607853,0.039705883711576434,0.594059405940594,False
picture,word_top1,NUEx041,AA,6,-0.4,0.016862752,0.020882362,0.04901960864663124,0.6831683168316832,False
picture,word_top1,NUEx041,AA,7,-0.3,0.016176473,0.01882354,0.03921568766236305,0.5841584158415841,False
picture,word_top1,NUEx041,AA,8,-0.2,0.017058834,0.016568637,0.03921568766236305,0.5247524752475248,False
picture,word_top1,NUEx041,AA,9,-0.1,0.014019612,0.02019609,0.039705883711576434,0.6237623762376238,False
picture,word_top1,NUEx041,AA,10,0.0,0.018039223,0.017941186,0.03921568766236305,0.594059405940594,False
picture,word_top1,NUEx041,AA,11,0.1,0.016960796,0.019509811,0.03921568766236305,0.6039603960396039,False
picture,word_top1,NUEx041,AA,12,0.2,0.023823535,0.020980408,0.03921568766236305,0.3465346534653465,False
picture,word_top1,NUEx041,AA,13,0.3,0.040000014,0.018529423,0.03921568766236305,0.04950495049504951,True
picture,word_top1,NUEx041,AA,14,0.4,0.049019627,0.018823542,0.04901960864663124,0.0297029702970297,True
picture,word_top1,NUEx041,AA,15,0.5,0.060588274,0.01852942,0.03921568766236305,0.009900990099009901,True
picture,word_top1,NUEx041,AA,16,0.6,0.06352944,0.018333344,0.04901960864663124,0.019801980198019802,True
picture,word_top1,NUEx041,AA,17,0.7,0.064215705,0.020980401,0.04901960864663124,0.009900990099009901,True
picture,word_top1,NUEx041,AA,18,0.8,0.0684314,0.0187255,0.03921568766236305,0.009900990099009901,True
picture,word_top1,NUEx041,AA,19,0.9,0.065588266,0.020000013,0.039705883711576434,0.009900990099009901,True
picture,word_top1,NUEx041,AA,20,1.0,0.06411769,0.0187255,0.03921568766236305,0.009900990099009901,True
picture,word_top1,NUEx041,AA,21,1.1,0.07411765,0.020196086,0.039705883711576434,0.009900990099009901,True
picture,word_top1,NUEx041,AA,22,1.2,0.070490226,0.016274521,0.03921568766236305,0.009900990099009901,True
picture,word_top1,NUEx041,AA,23,1.3,0.05803924,0.017352952,0.03921568766236305,0.019801980198019802,True
picture,word_top1,NUEx041,AA,24,1.4,0.046666697,0.019509818,0.03921568766236305,0.009900990099009901,True
picture,word_top1,NUEx041,AA,25,1.5,0.034215696,0.017745106,0.03921568766236305,0.1188118811881188,False
picture,word_top1,NUEx041,AA,26,1.6,0.031078447,0.020294132,0.039705883711576434,0.18811881188118812,False
picture,word_top1,NUEx041,AA,27,1.7,0.029215703,0.018137261,0.03921568766236305,0.31683168316831684,False
picture,word_top1,NUEx041,AA,28,1.8,0.024411783,0.017450994,0.04901960864663124,0.22772277227722773,False
picture,word_top1,NUEx041,AA,29,1.9,0.0214706,0.018137265,0.03921568766236305,0.32673267326732675,False
picture,word_top1,NUEx041,AA,30,2.0,0.02411766,0.020196088,0.039705883711576434,0.32673267326732675,False
picture,word_top1,NUEx041,AA,31,2.1,0.022549024,0.020000013,0.04901960864663124,0.31683168316831684,False
picture,word_top1,NUEx041,AA,32,2.2,0.023921581,0.021470599,0.04950980469584462,0.33663366336633666,False
picture,word_top1,NUEx041,AA,33,2.3,0.023529425,0.019215696,0.03921568766236305,0.3069306930693069,False
picture,word_top1,NUEx041,AA,34,2.4,0.019313728,0.020784324,0.04901960864663124,0.6435643564356436,False
picture,word_top1,NUEx041,AA,35,2.5,0.018627461,0.0148039255,0.03921568766236305,0.42574257425742573,False
picture,word_top1,NUEx041,AA,36,2.6,0.021078443,0.021372564,0.039705883711576434,0.3564356435643564,False
picture,word_top1,NUEx041,AA,37,2.7,0.021666678,0.016862752,0.03921568766236305,0.25742574257425743,False
picture,word_top1,NUEx041,AA,38,2.8,0.02431374,0.019607853,0.04901960864663124,0.3465346534653465,False
picture,word_top1,NUEx041,AA,39,2.9,0.021862753,0.020000009,0.03921568766236305,0.36633663366336633,False
picture,word_top1,NUEx041,AA,40,3.0,0.026078444,0.016862754,0.03921568766236305,0.25742574257425743,False
picture,word_top1,NUEx041,AA,41,3.1,0.023333348,0.019705895,0.04901960864663124,0.2871287128712871,False
picture,word_top1,NUEx041,AA,42,3.2,0.022745116,0.01705883,0.03921568766236305,0.24752475247524752,False
picture,word_top1,NUEx041,AA,43,3.3,0.021176483,0.01725491,0.039705883711576434,0.24752475247524752,False
picture,word_top1,NUEx041,AA,44,3.4,0.029117662,0.01990197,0.03921568766236305,0.33663366336633666,False
picture,word_top1,NUEx041,AA,45,3.5,0.032254912,0.019901972,0.03921568766236305,0.1485148514851485,False
picture,word_top1,NUEx041,AA,46,3.6,0.030686297,0.019901972,0.03921568766236305,0.13861386138613863,False
picture,word_top1,NUEx041,AA,47,3.7,0.027843153,0.021666672,0.04901960864663124,0.36633663366336633,False
picture,word_top1,NUEx041,AA,48,3.8,0.024411775,0.01862746,0.039705883711576434,0.2871287128712871,False
picture,word_top1,NUEx041,AA,49,3.9,0.027058842,0.021078441,0.04901960864663124,0.38613861386138615,False
picture,word_top1,NUEx033,AP,0,-1.0,0.011224486,0.011836732,0.030612245202064514,0.3564356435643564,False
picture,word_top1,NUEx033,AP,1,-0.9,0.009693875,0.012959179,0.030612245202064514,0.7623762376237624,False
picture,word_top1,NUEx033,AP,2,-0.8,0.00653061,0.009693874,0.030612245202064514,0.5742574257425742,False
picture,word_top1,NUEx033,AP,3,-0.7,0.005306121,0.009081629,0.020408162847161293,0.6138613861386139,False
picture,word_top1,NUEx033,AP,4,-0.6,0.006632651,0.00908163,0.020918366964906426,0.594059405940594,False
picture,word_top1,NUEx033,AP,5,-0.5,0.008979589,0.012448975,0.030612245202064514,0.7623762376237624,False
picture,word_top1,NUEx033,AP,6,-0.4,0.008367345,0.009285712,0.030612245202064514,0.5841584158415841,False
picture,word_top1,NUEx033,AP,7,-0.3,0.008775507,0.010612241,0.03112244922667739,0.6138613861386139,False
picture,word_top1,NUEx033,AP,8,-0.2,0.007346937,0.012244893,0.030612245202064514,0.7326732673267327,False
picture,word_top1,NUEx033,AP,9,-0.1,0.00908163,0.011428568,0.030612245202064514,0.6435643564356436,False
picture,word_top1,NUEx033,AP,10,0.0,0.0066326517,0.009897956,0.020408162847161293,0.6633663366336634,False
picture,word_top1,NUEx033,AP,11,0.1,0.0074489773,0.009999996,0.020918366964906426,0.6633663366336634,False
picture,word_top1,NUEx033,AP,12,0.2,0.007959181,0.010612242,0.030612245202064514,0.6435643564356436,False
picture,word_top1,NUEx033,AP,13,0.3,0.009795915,0.012653057,0.040816325694322586,0.6732673267326733,False
picture,word_top1,NUEx033,AP,14,0.4,0.010408159,0.013061221,0.030612245202064514,0.36633663366336633,False
picture,word_top1,NUEx033,AP,15,0.5,0.016326524,0.010306119,0.030612245202064514,0.2871287128712871,False
picture,word_top1,NUEx033,AP,16,0.6,0.018571422,0.01173469,0.030612245202064514,0.3564356435643564,False
picture,word_top1,NUEx033,AP,17,0.7,0.020510197,0.009999997,0.030612245202064514,0.1188118811881188,False
picture,word_top1,NUEx033,AP,18,0.8,0.017551014,0.010918365,0.030612245202064514,0.31683168316831684,False
picture,word_top1,NUEx033,AP,19,0.9,0.02112244,0.012040812,0.030612245202064514,0.13861386138613863,False
picture,word_top1,NUEx033,AP,20,1.0,0.021020401,0.0117346905,0.030612245202064514,0.12871287128712872,False
picture,word_top1,NUEx033,AP,21,1.1,0.019795911,0.011020404,0.030612245202064514,0.3069306930693069,False
picture,word_top1,NUEx033,AP,22,1.2,0.01969387,0.009489793,0.030612245202064514,0.21782178217821782,False
picture,word_top1,NUEx033,AP,23,1.3,0.021428563,0.011020405,0.030612245202064514,0.12871287128712872,False
picture,word_top1,NUEx033,AP,24,1.4,0.020612238,0.009795915,0.030612245202064514,0.0891089108910891,False
picture,word_top1,NUEx033,AP,25,1.5,0.018877544,0.011938772,0.030612245202064514,0.3069306930693069,False
picture,word_top1,NUEx033,AP,26,1.6,0.022653053,0.012142853,0.030612245202064514,0.09900990099009901,False
picture,word_top1,NUEx033,AP,27,1.7,0.01836734,0.010510201,0.020918366964906426,0.26732673267326734,False
picture,word_top1,NUEx033,AP,28,1.8,0.025204072,0.011632648,0.030612245202064514,0.09900990099009901,False
picture,word_top1,NUEx033,AP,29,1.9,0.022040809,0.010918365,0.030612245202064514,0.13861386138613863,False
picture,word_top1,NUEx033,AP,30,2.0,0.020714277,0.012755097,0.040816325694322586,0.16831683168316833,False
picture,word_top1,NUEx033,AP,31,2.1,0.022959175,0.0111224465,0.030612245202064514,0.10891089108910891,False
picture,word_top1,NUEx033,AP,32,2.2,0.023367338,0.01183673,0.030612245202064514,0.07920792079207921,False
picture,word_top1,NUEx033,AP,33,2.3,0.022755094,0.01040816,0.030612245202064514,0.10891089108910891,False
picture,word_top1,NUEx033,AP,34,2.4,0.021836726,0.010306119,0.020408162847161293,0.04950495049504951,True
picture,word_top1,NUEx033,AP,35,2.5,0.013775505,0.011020404,0.030612245202064514,0.27722772277227725,False
picture,word_top1,NUEx033,AP,36,2.6,0.012857138,0.009693874,0.030612245202064514,0.2079207920792079,False
picture,word_top1,NUEx033,AP,37,2.7,0.012857138,0.010510201,0.030612245202064514,0.24752475247524752,False
picture,word_top1,NUEx033,AP,38,2.8,0.011530608,0.010816323,0.030612245202064514,0.27722772277227725,False
picture,word_top1,NUEx033,AP,39,2.9,0.013469382,0.012448976,0.030612245202064514,0.3564356435643564,False
picture,word_top1,NUEx033,AP,40,3.0,0.012959179,0.011326527,0.030612245202064514,0.297029702970297,False
picture,word_top1,NUEx033,AP,41,3.1,0.014897955,0.010204078,0.030612245202064514,0.32673267326732675,False
picture,word_top1,NUEx033,AP,42,3.2,0.015306116,0.010306119,0.030612245202064514,0.24752475247524752,False
picture,word_top1,NUEx033,AP,43,3.3,0.013469382,0.010510201,0.030612245202064514,0.24752475247524752,False
picture,word_top1,NUEx033,AP,44,3.4,0.014693873,0.012244893,0.030612245202064514,0.3465346534653465,False
picture,word_top1,NUEx033,AP,45,3.5,0.0123469345,0.012142854,0.030612245202064514,0.32673267326732675,False
picture,word_top1,NUEx033,AP,46,3.6,0.016020402,0.009489792,0.030612245202064514,0.22772277227722773,False
picture,word_top1,NUEx033,AP,47,3.7,0.016530605,0.010408159,0.030612245202064514,0.26732673267326734,False
picture,word_top1,NUEx033,AP,48,3.8,0.015510198,0.008877548,0.020408162847161293,0.25742574257425743,False
picture,word_top1,NUEx033,AP,49,3.9,0.013367342,0.008571425,0.020408162847161293,0.2079207920792079,False
picture,word_top1,NUEx044,AZ,0,-1.0,0.016637163,0.011371678,0.022123893722891808,0.22772277227722773,False
picture,word_top1,NUEx044,AZ,1,-0.9,0.0159292,0.011504423,0.022123893722891808,0.26732673267326734,False
picture,word_top1,NUEx044,AZ,2,-0.8,0.017876098,0.011061942,0.02654867246747017,0.0891089108910891,False
picture,word_top1,NUEx044,AZ,3,-0.7,0.015398227,0.0111946855,0.022123893722891808,0.22772277227722773,False
picture,word_top1,NUEx044,AZ,4,-0.6,0.014557518,0.0111946855,0.022123893722891808,0.25742574257425743,False
picture,word_top1,NUEx044,AZ,5,-0.5,0.016858403,0.011150438,0.022123893722891808,0.297029702970297,False
picture,word_top1,NUEx044,AZ,6,-0.4,0.01433628,0.012168136,0.02654867246747017,0.31683168316831684,False
picture,word_top1,NUEx044,AZ,7,-0.3,0.014955748,0.010752209,0.02654867246747017,0.21782178217821782,False
picture,word_top1,NUEx044,AZ,8,-0.2,0.015309729,0.011814156,0.026769911404699073,0.26732673267326734,False
picture,word_top1,NUEx044,AZ,9,-0.1,0.014999993,0.011415925,0.022123893722891808,0.3069306930693069,False
picture,word_top1,NUEx044,AZ,10,0.0,0.010884952,0.012035392,0.022123893722891808,0.5544554455445545,False
picture,word_top1,NUEx044,AZ,11,0.1,0.010707961,0.010575216,0.022123893722891808,0.38613861386138615,False
picture,word_top1,NUEx044,AZ,12,0.2,0.012831853,0.012035391,0.022345132660120712,0.5148514851485149,False
picture,word_top1,NUEx044,AZ,13,0.3,0.013982299,0.0122566335,0.022123893722891808,0.3564356435643564,False
picture,word_top1,NUEx044,AZ,14,0.4,0.017876107,0.012345131,0.02654867246747017,0.19801980198019803,False
picture,word_top1,NUEx044,AZ,15,0.5,0.018761054,0.0102212345,0.017699114978313446,0.039603960396039604,True
picture,word_top1,NUEx044,AZ,16,0.6,0.021061942,0.010884953,0.02654867246747017,0.10891089108910891,False
picture,word_top1,NUEx044,AZ,17,0.7,0.02663716,0.011637164,0.02654867246747017,0.039603960396039604,True
picture,word_top1,NUEx044,AZ,18,0.8,0.02707964,0.01128318,0.022123893722891808,0.0297029702970297,True
picture,word_top1,NUEx044,AZ,19,0.9,0.030221231,0.011902651,0.02654867246747017,0.0297029702970297,True
picture,word_top1,NUEx044,AZ,20,1.0,0.03690265,0.011415926,0.022123893722891808,0.009900990099009901,True
picture,word_top1,NUEx044,AZ,21,1.1,0.03623894,0.011504417,0.022345132660120712,0.019801980198019802,True
picture,word_top1,NUEx044,AZ,22,1.2,0.041150436,0.013230085,0.03097345121204853,0.009900990099009901,True
picture,word_top1,NUEx044,AZ,23,1.3,0.039823014,0.012123891,0.02654867246747017,0.009900990099009901,True
picture,word_top1,NUEx044,AZ,24,1.4,0.035796456,0.012123891,0.022345132660120712,0.009900990099009901,True
picture,word_top1,NUEx044,AZ,25,1.5,0.035,0.012168138,0.02654867246747017,0.009900990099009901,True
picture,word_top1,NUEx044,AZ,26,1.6,0.032345127,0.011548668,0.02654867246747017,0.009900990099009901,True
picture,word_top1,NUEx044,AZ,27,1.7,0.03358407,0.011681408,0.022345132660120712,0.009900990099009901,True
picture,word_top1,NUEx044,AZ,28,1.8,0.028982304,0.011548667,0.022123893722891808,0.019801980198019802,True
picture,word_top1,NUEx044,AZ,29,1.9,0.026681408,0.01119468,0.022123893722891808,0.019801980198019802,True
picture,word_top1,NUEx044,AZ,30,2.0,0.023849554,0.011814153,0.02654867246747017,0.06930693069306931,False
picture,word_top1,NUEx044,AZ,31,2.1,0.02269911,0.011504419,0.022123893722891808,0.04950495049504951,True
picture,word_top1,NUEx044,AZ,32,2.2,0.02181416,0.010575216,0.02654867246747017,0.0891089108910891,False
picture,word_top1,NUEx044,AZ,33,2.3,0.01942478,0.012389375,0.02654867246747017,0.1782178217821782,False
picture,word_top1,NUEx044,AZ,34,2.4,0.0209292,0.01172566,0.022123893722891808,0.07920792079207921,False
picture,word_top1,NUEx044,AZ,35,2.5,0.019070791,0.011769907,0.02654867246747017,0.15841584158415842,False
picture,word_top1,NUEx044,AZ,36,2.6,0.019026542,0.011460171,0.022123893722891808,0.1485148514851485,False
picture,word_top1,NUEx044,AZ,37,2.7,0.017699113,0.012477872,0.03097345121204853,0.32673267326732675,False
picture,word_top1,NUEx044,AZ,38,2.8,0.016991144,0.013141588,0.02654867246747017,0.33663366336633666,False
picture,word_top1,NUEx044,AZ,39,2.9,0.01566371,0.012256634,0.02654867246747017,0.33663366336633666,False
picture,word_top1,NUEx044,AZ,40,3.0,0.016371675,0.011460173,0.022123893722891808,0.2376237623762376,False
picture,word_top1,NUEx044,AZ,41,3.1,0.015884953,0.011460172,0.02654867246747017,0.24752475247524752,False
picture,word_top1,NUEx044,AZ,42,3.2,0.01730088,0.011460172,0.022345132660120712,0.25742574257425743,False
picture,word_top1,NUEx044,AZ,43,3.3,0.016991146,0.011814156,0.02654867246747017,0.3069306930693069,False
picture,word_top1,NUEx044,AZ,44,3.4,0.015619461,0.011371678,0.022123893722891808,0.22772277227722773,False
picture,word_top1,NUEx044,AZ,45,3.5,0.016504422,0.010840702,0.022123893722891808,0.26732673267326734,False
picture,word_top1,NUEx044,AZ,46,3.6,0.016238935,0.010663712,0.022345132660120712,0.2079207920792079,False
picture,word_top1,NUEx044,AZ,47,3.7,0.014999991,0.012743358,0.022345132660120712,0.3465346534653465,False
picture,word_top1,NUEx044,AZ,48,3.8,0.014513265,0.011592916,0.02654867246747017,0.27722772277227725,False
picture,word_top1,NUEx044,AZ,49,3.9,0.013628315,0.011637165,0.02654867246747017,0.25742574257425743,False
picture,word_top1,NUEx030,CP,0,-1.0,0.04325583,0.010000003,0.04651162773370743,0.07920792079207921,False
picture,word_top1,NUEx030,CP,1,-0.9,0.034883734,0.00906977,0.04651162773370743,0.07920792079207921,False
picture,word_top1,NUEx030,CP,2,-0.8,0.032558154,0.01302326,0.04651162773370743,0.0891089108910891,False
picture,word_top1,NUEx030,CP,3,-0.7,0.02744187,0.011395352,0.04651162773370743,0.0891089108910891,False
picture,word_top1,NUEx030,CP,4,-0.6,0.024418615,0.0127907,0.04651162773370743,0.16831683168316833,False
picture,word_top1,NUEx030,CP,5,-0.5,0.020697681,0.008837212,0.023255813866853714,0.3465346534653465,False
picture,word_top1,NUEx030,CP,6,-0.4,0.023023264,0.011162793,0.04651162773370743,0.39603960396039606,False
picture,word_top1,NUEx030,CP,7,-0.3,0.016046517,0.01302326,0.04651162773370743,0.40594059405940597,False
picture,word_top1,NUEx030,CP,8,-0.2,0.01674419,0.0109302355,0.04651162773370743,0.3564356435643564,False
picture,word_top1,NUEx030,CP,9,-0.1,0.015348842,0.011860468,0.04651162773370743,0.38613861386138615,False
picture,word_top1,NUEx030,CP,10,0.0,0.014186051,0.012093026,0.04651162773370743,0.4158415841584158,False
picture,word_top1,NUEx030,CP,11,0.1,0.008139538,0.009534886,0.04651162773370743,0.33663366336633666,False
picture,word_top1,NUEx030,CP,12,0.2,0.012790701,0.011162793,0.04651162773370743,0.39603960396039606,False
picture,word_top1,NUEx030,CP,13,0.3,0.017209308,0.00906977,0.04651162773370743,0.3069306930693069,False
picture,word_top1,NUEx030,CP,14,0.4,0.017209308,0.013255818,0.04651162773370743,0.45544554455445546,False
picture,word_top1,NUEx030,CP,15,0.5,0.019302333,0.012325585,0.04651162773370743,0.44554455445544555,False
picture,word_top1,NUEx030,CP,16,0.6,0.023720939,0.01162791,0.04651162773370743,0.1485148514851485,False
picture,word_top1,NUEx030,CP,17,0.7,0.02325582,0.011162793,0.04651162773370743,0.06930693069306931,False
picture,word_top1,NUEx030,CP,18,0.8,0.018139541,0.010000003,0.024418604560196334,0.38613861386138615,False
picture,word_top1,NUEx030,CP,19,0.9,0.020465124,0.012325585,0.04651162773370743,0.44554455445544555,False
picture,word_top1,NUEx030,CP,20,1.0,0.019069774,0.012790701,0.04651162773370743,0.43564356435643564,False
picture,word_top1,NUEx030,CP,21,1.1,0.017441865,0.010000003,0.04651162773370743,0.3564356435643564,False
picture,word_top1,NUEx030,CP,22,1.2,0.021627912,0.010000003,0.04651162773370743,0.3564356435643564,False
picture,word_top1,NUEx030,CP,23,1.3,0.021162799,0.011395351,0.04651162773370743,0.3465346534653465,False
picture,word_top1,NUEx030,CP,24,1.4,0.021627914,0.013953493,0.04651162773370743,0.4752475247524752,False
picture,word_top1,NUEx030,CP,25,1.5,0.024651172,0.011860468,0.04651162773370743,0.07920792079207921,False
picture,word_top1,NUEx030,CP,26,1.6,0.031627916,0.010232562,0.04651162773370743,0.06930693069306931,False
picture,word_top1,NUEx030,CP,27,1.7,0.03139536,0.010000003,0.04651162773370743,0.09900990099009901,False
picture,word_top1,NUEx030,CP,28,1.8,0.030232571,0.0109302355,0.04651162773370743,0.07920792079207921,False
picture,word_top1,NUEx030,CP,29,1.9,0.0311628,0.012093026,0.04651162773370743,0.09900990099009901,False
picture,word_top1,NUEx030,CP,30,2.0,0.02906978,0.013720934,0.04651162773370743,0.0891089108910891,False
picture,word_top1,NUEx030,CP,31,2.1,0.02883722,0.012325585,0.04651162773370743,0.07920792079207921,False
picture,word_top1,NUEx030,CP,32,2.2,0.028372103,0.01302326,0.04651162773370743,0.10891089108910891,False
picture,word_top1,NUEx030,CP,33,2.3,0.018139541,0.0134883765,0.04651162773370743,0.49504950495049505,False
picture,word_top1,NUEx030,CP,34,2.4,0.012790701,0.011162793,0.04651162773370743,0.39603960396039606,False
picture,word_top1,NUEx030,CP,35,2.5,0.018837215,0.01162791,0.04651162773370743,0.39603960396039606,False
picture,word_top1,NUEx030,CP,36,2.6,0.018837215,0.01023256,0.04651162773370743,0.36633663366336633,False
picture,word_top1,NUEx030,CP,37,2.7,0.026976755,0.009767444,0.04651162773370743,0.0891089108910891,False
picture,word_top1,NUEx030,CP,38,2.8,0.013255818,0.012558144,0.04651162773370743,0.4158415841584158,False
picture,word_top1,NUEx030,CP,39,2.9,0.014883726,0.01162791,0.04651162773370743,0.40594059405940597,False
picture,word_top1,NUEx030,CP,40,3.0,0.014651167,0.012093026,0.04651162773370743,0.40594059405940597,False
picture,word_top1,NUEx030,CP,41,3.1,0.021162799,0.011162793,0.04651162773370743,0.4158415841584158,False
picture,word_top1,NUEx030,CP,42,3.2,0.022558147,0.009534886,0.04651162773370743,0.33663366336633666,False
picture,word_top1,NUEx030,CP,43,3.3,0.022790704,0.013720934,0.04651162773370743,0.42574257425742573,False
picture,word_top1,NUEx030,CP,44,3.4,0.021162797,0.008139537,0.04651162773370743,0.297029702970297,False
picture,word_top1,NUEx030,CP,45,3.5,0.023023264,0.013953493,0.04651162773370743,0.4752475247524752,False
picture,word_top1,NUEx030,CP,46,3.6,0.024418615,0.010697677,0.04651162773370743,0.10891089108910891,False
picture,word_top1,NUEx030,CP,47,3.7,0.024186056,0.012558144,0.04651162773370743,0.10891089108910891,False
picture,word_top1,NUEx030,CP,48,3.8,0.020232566,0.0109302355,0.04651162773370743,0.38613861386138615,False
picture,word_top1,NUEx030,CP,49,3.9,0.019069774,0.012093026,0.04651162773370743,0.45544554455445546,False
picture,word_top1,NUEx030,CP,50,4.0,0.020697681,0.010697677,0.04651162773370743,0.39603960396039606,False
picture,word_top1,NUEx030,CP,51,4.1,0.010697677,0.009767444,0.023255813866853714,0.38613861386138615,False
picture,word_top1,NUEx030,CP,52,4.2,0.0076744203,0.011860468,0.04651162773370743,0.39603960396039606,False
picture,word_top1,NUEx030,CP,53,4.3,0.01697675,0.01162791,0.04651162773370743,0.38613861386138615,False
picture,word_top1,NUEx030,CP,54,4.4,0.020232566,0.010930236,0.024418604560196334,0.4158415841584158,False
picture,word_top1,NUEx030,CP,55,4.5,0.023023264,0.010465119,0.04651162773370743,0.3564356435643564,False
picture,word_top1,NUEx030,CP,56,4.6,0.019069774,0.012558144,0.04651162773370743,0.43564356435643564,False
picture,word_top1,NUEx030,CP,57,4.7,0.019767448,0.011627912,0.04651162773370743,0.43564356435643564,False
picture,word_top1,NUEx030,CP,58,4.8,0.019302333,0.008837212,0.023255813866853714,0.3564356435643564,False
picture,word_top1,NUEx045,DR,0,-1.0,0.013457941,0.009719624,0.028037382289767265,0.2871287128712871,False
picture,word_top1,NUEx045,DR,1,-0.9,0.010654203,0.009719621,0.028037382289767265,0.26732673267326734,False
picture,word_top1,NUEx045,DR,2,-0.8,0.010467287,0.009719624,0.019158877898007604,0.31683168316831684,False
picture,word_top1,NUEx045,DR,3,-0.7,0.010186913,0.009719624,0.028037382289767265,0.297029702970297,False
picture,word_top1,NUEx045,DR,4,-0.6,0.009999999,0.009532708,0.018691588193178177,0.3069306930693069,False
picture,word_top1,NUEx045,DR,5,-0.5,0.010186913,0.010841119,0.028037382289767265,0.31683168316831684,False
picture,word_top1,NUEx045,DR,6,-0.4,0.010934577,0.008411213,0.019158877898007604,0.27722772277227725,False
picture,word_top1,NUEx045,DR,7,-0.3,0.0100934515,0.009532708,0.028037382289767265,0.297029702970297,False
picture,word_top1,NUEx045,DR,8,-0.2,0.012897193,0.0106542,0.028037382289767265,0.3069306930693069,False
picture,word_top1,NUEx045,DR,9,-0.1,0.011214947,0.011588781,0.028037382289767265,0.36633663366336633,False
picture,word_top1,NUEx045,DR,10,0.0,0.010934578,0.010186914,0.028037382289767265,0.32673267326732675,False
picture,word_top1,NUEx045,DR,11,0.1,0.011775695,0.0106542,0.028037382289767265,0.3465346534653465,False
picture,word_top1,NUEx045,DR,12,0.2,0.011588779,0.009345793,0.028037382289767265,0.3069306930693069,False
picture,word_top1,NUEx045,DR,13,0.3,0.012523362,0.010934577,0.028037382289767265,0.32673267326732675,False
picture,word_top1,NUEx045,DR,14,0.4,0.01289719,0.011121489,0.028037382289767265,0.3465346534653465,False
picture,word_top1,NUEx045,DR,15,0.5,0.014299061,0.009345794,0.028037382289767265,0.2871287128712871,False
picture,word_top1,NUEx045,DR,16,0.6,0.014299059,0.008971958,0.018691588193178177,0.24752475247524752,False
picture,word_top1,NUEx045,DR,17,0.7,0.016542051,0.010093455,0.028037382289767265,0.3069306930693069,False
picture,word_top1,NUEx045,DR,18,0.8,0.017663546,0.009345791,0.028037382289767265,0.21782178217821782,False
picture,word_top1,NUEx045,DR,19,0.9,0.016168218,0.00990654,0.028037382289767265,0.33663366336633666,False
picture,word_top1,NUEx045,DR,20,1.0,0.017196255,0.010280371,0.028037382289767265,0.31683168316831684,False
picture,word_top1,NUEx045,DR,21,1.1,0.018317755,0.00897196,0.018691588193178177,0.27722772277227725,False
picture,word_top1,NUEx045,DR,22,1.2,0.019345792,0.009252332,0.028037382289767265,0.07920792079207921,False
picture,word_top1,NUEx045,DR,23,1.3,0.016074758,0.009532709,0.028037382289767265,0.32673267326732675,False
picture,word_top1,NUEx045,DR,24,1.4,0.017756999,0.011121489,0.028037382289767265,0.32673267326732675,False
picture,word_top1,NUEx045,DR,25,1.5,0.014766351,0.010747658,0.028037382289767265,0.31683168316831684,False
picture,word_top1,NUEx045,DR,26,1.6,0.017383171,0.010186912,0.028037382289767265,0.31683168316831684,False
picture,word_top1,NUEx045,DR,27,1.7,0.01682242,0.009252336,0.018691588193178177,0.31683168316831684,False
picture,word_top1,NUEx045,DR,28,1.8,0.014112144,0.011028031,0.028037382289767265,0.2871287128712871,False
picture,word_top1,NUEx045,DR,29,1.9,0.016542051,0.009813081,0.028037382289767265,0.2871287128712871,False
picture,word_top1,NUEx045,DR,30,2.0,0.016355133,0.01074766,0.028037382289767265,0.32673267326732675,False
picture,word_top1,NUEx045,DR,31,2.1,0.01644859,0.010841117,0.028037382289767265,0.3465346534653465,False
picture,word_top1,NUEx045,DR,32,2.2,0.015420556,0.009158877,0.028037382289767265,0.25742574257425743,False
picture,word_top1,NUEx045,DR,33,2.3,0.013364482,0.008971961,0.028037382289767265,0.21782178217821782,False
picture,word_top1,NUEx045,DR,34,2.4,0.015046716,0.010654202,0.028037382289767265,0.33663366336633666,False
picture,word_top1,NUEx045,DR,35,2.5,0.015607468,0.008504673,0.028037382289767265,0.26732673267326734,False
picture,word_top1,NUEx045,DR,36,2.6,0.012990651,0.009626167,0.028037382289767265,0.26732673267326734,False
picture,word_top1,NUEx045,DR,37,2.7,0.015514012,0.009158877,0.019158877898007604,0.27722772277227725,False
picture,word_top1,NUEx045,DR,38,2.8,0.014018685,0.009626166,0.028037382289767265,0.3069306930693069,False
picture,word_top1,NUEx045,DR,39,2.9,0.015327097,0.010093456,0.028037382289767265,0.3069306930693069,False
picture,word_top1,NUEx045,DR,40,3.0,0.012710272,0.009345792,0.028037382289767265,0.2871287128712871,False
picture,word_top1,NUEx045,DR,41,3.1,0.011588778,0.009532708,0.019158877898007604,0.26732673267326734,False
picture,word_top1,NUEx045,DR,42,3.2,0.012616818,0.007757008,0.019158877898007604,0.2079207920792079,False
picture,word_top1,NUEx045,DR,43,3.3,0.011588781,0.010467286,0.028037382289767265,0.2871287128712871,False
picture,word_top1,NUEx045,DR,44,3.4,0.014299062,0.009532709,0.028037382289767265,0.3069306930693069,False
picture,word_top1,NUEx045,DR,45,3.5,0.014672888,0.008971959,0.028037382289767265,0.25742574257425743,False
picture,word_top1,NUEx045,DR,46,3.6,0.014112144,0.013177564,0.028037382289767265,0.40594059405940597,False
picture,word_top1,NUEx045,DR,47,3.7,0.014392519,0.009906538,0.028037382289767265,0.2871287128712871,False
picture,word_top1,NUEx045,DR,48,3.8,0.012803736,0.010093454,0.028037382289767265,0.31683168316831684,False
picture,word_top1,NUEx045,DR,49,3.9,0.014672893,0.00897196,0.028037382289767265,0.24752475247524752,False
picture,word_top1,NUEx042,EH,0,-1.0,0.008666667,0.008857143,0.01904761977493763,0.6534653465346535,False
picture,word_top1,NUEx042,EH,1,-0.9,0.0076190475,0.008761905,0.02857142873108387,0.594059405940594,False
picture,word_top1,NUEx042,EH,2,-0.8,0.009428572,0.010952384,0.02857142873108387,0.6831683168316832,False
picture,word_top1,NUEx042,EH,3,-0.7,0.008857143,0.007904762,0.01904761977493763,0.5841584158415841,False
picture,word_top1,NUEx042,EH,4,-0.6,0.011904769,0.008666667,0.02857142873108387,0.22772277227722773,False
picture,word_top1,NUEx042,EH,5,-0.5,0.009428572,0.010380954,0.02857142873108387,0.6831683168316832,False
picture,word_top1,NUEx042,EH,6,-0.4,0.01,0.010857146,0.02904761927202341,0.297029702970297,False
picture,word_top1,NUEx042,EH,7,-0.3,0.010666668,0.009619048,0.02857142873108387,0.27722772277227725,False
picture,word_top1,NUEx042,EH,8,-0.2,0.009714286,0.008,0.01904761977493763,0.19801980198019803,False
picture,word_top1,NUEx042,EH,9,-0.1,0.00847619,0.01,0.02857142873108387,0.693069306930693,False
picture,word_top1,NUEx042,EH,10,0.0,0.009809524,0.008761905,0.019523810222744915,0.25742574257425743,False
picture,word_top1,NUEx042,EH,11,0.1,0.008571428,0.008095238,0.02857142873108387,0.5445544554455446,False
picture,word_top1,NUEx042,EH,12,0.2,0.011142861,0.008666667,0.02857142873108387,0.24752475247524752,False
picture,word_top1,NUEx042,EH,13,0.3,0.01400001,0.007714286,0.02857142873108387,0.1782178217821782,False
picture,word_top1,NUEx042,EH,14,0.4,0.017619058,0.008,0.01904761977493763,0.2079207920792079,False
picture,word_top1,NUEx042,EH,15,0.5,0.020857155,0.009238095,0.02857142873108387,0.10891089108910891,False
picture,word_top1,NUEx042,EH,16,0.6,0.025619067,0.009142857,0.019523810222744915,0.0594059405940594,True
picture,word_top1,NUEx042,EH,17,0.7,0.024666686,0.009047619,0.02857142873108387,0.10891089108910891,False
picture,word_top1,NUEx042,EH,18,0.8,0.023714297,0.010857143,0.03809523954987526,0.16831683168316833,False
picture,word_top1,NUEx042,EH,19,0.9,0.02161907,0.010190476,0.019523810222744915,0.0594059405940594,True
picture,word_top1,NUEx042,EH,20,1.0,0.02409526,0.008380952,0.019523810222744915,0.0594059405940594,True
picture,word_top1,NUEx042,EH,21,1.1,0.026190491,0.010190476,0.02857142873108387,0.10891089108910891,False
picture,word_top1,NUEx042,EH,22,1.2,0.024190495,0.008761905,0.02857142873108387,0.06930693069306931,False
picture,word_top1,NUEx042,EH,23,1.3,0.024190491,0.0105714295,0.02857142873108387,0.12871287128712872,False
picture,word_top1,NUEx042,EH,24,1.4,0.020952396,0.009714286,0.02857142873108387,0.0891089108910891,False
picture,word_top1,NUEx042,EH,25,1.5,0.021142872,0.010380954,0.02857142873108387,0.10891089108910891,False
picture,word_top1,NUEx042,EH,26,1.6,0.018190486,0.0105714295,0.02857142873108387,0.31683168316831684,False
picture,word_top1,NUEx042,EH,27,1.7,0.020666681,0.008666667,0.01904761977493763,0.04950495049504951,True
picture,word_top1,NUEx042,EH,28,1.8,0.020476205,0.010571431,0.02857142873108387,0.15841584158415842,False
picture,word_top1,NUEx042,EH,29,1.9,0.023047635,0.009333333,0.019523810222744915,0.0594059405940594,True
picture,word_top1,NUEx042,EH,30,2.0,0.023714302,0.009619048,0.02857142873108387,0.10891089108910891,False
picture,word_top1,NUEx042,EH,31,2.1,0.021333348,0.00952381,0.02857142873108387,0.10891089108910891,False
picture,word_top1,NUEx042,EH,32,2.2,0.022952395,0.008761905,0.02857142873108387,0.0891089108910891,False
picture,word_top1,NUEx042,EH,33,2.3,0.022476206,0.008285714,0.02857142873108387,0.06930693069306931,False
picture,word_top1,NUEx042,EH,34,2.4,0.024571445,0.009428572,0.02857142873108387,0.06930693069306931,False
picture,word_top1,NUEx042,EH,35,2.5,0.026190493,0.008380952,0.01904761977493763,0.04950495049504951,True
picture,word_top1,NUEx042,EH,36,2.6,0.019904777,0.009238095,0.019523810222744915,0.0594059405940594,True
picture,word_top1,NUEx042,EH,37,2.7,0.021523822,0.009047619,0.02857142873108387,0.06930693069306931,False
picture,word_top1,NUEx042,EH,38,2.8,0.019904777,0.007714286,0.019523810222744915,0.0594059405940594,True
picture,word_top1,NUEx042,EH,39,2.9,0.020666683,0.01,0.02857142873108387,0.0891089108910891,False
picture,word_top1,NUEx042,EH,40,3.0,0.022095256,0.0075238096,0.01904761977493763,0.039603960396039604,True
picture,word_top1,NUEx042,EH,41,3.1,0.021333352,0.008571428,0.02857142873108387,0.07920792079207921,False
picture,word_top1,NUEx042,EH,42,3.2,0.016285723,0.009238095,0.02857142873108387,0.25742574257425743,False
picture,word_top1,NUEx042,EH,43,3.3,0.01714287,0.010095239,0.019523810222744915,0.25742574257425743,False
picture,word_top1,NUEx042,EH,44,3.4,0.016952394,0.009619048,0.02857142873108387,0.2376237623762376,False
picture,word_top1,NUEx042,EH,45,3.5,0.015714297,0.010571431,0.02857142873108387,0.3069306930693069,False
picture,word_top1,NUEx042,EH,46,3.6,0.017809533,0.008571428,0.02857142873108387,0.297029702970297,False
picture,word_top1,NUEx042,EH,47,3.7,0.014380962,0.008380952,0.02857142873108387,0.19801980198019803,False
picture,word_top1,NUEx042,EH,48,3.8,0.0127619095,0.008761905,0.02857142873108387,0.24752475247524752,False
picture,word_top1,NUEx042,EH,49,3.9,0.013333338,0.010190476,0.02857142873108387,0.31683168316831684,False
picture,word_top1,NUEx032,EM,0,-1.0,0.017837847,0.015000006,0.03378378227353096,0.39603960396039606,False
picture,word_top1,NUEx032,EM,1,-0.9,0.017972978,0.015608115,0.03378378227353096,0.36633663366336633,False
picture,word_top1,NUEx032,EM,2,-0.8,0.017770274,0.014256758,0.027027027681469917,0.36633663366336633,False
picture,word_top1,NUEx032,EM,3,-0.7,0.015608114,0.013378385,0.03378378227353096,0.33663366336633666,False
picture,word_top1,NUEx032,EM,4,-0.6,0.016148653,0.013445953,0.027027027681469917,0.38613861386138615,False
picture,word_top1,NUEx032,EM,5,-0.5,0.015067572,0.0153378425,0.03378378227353096,0.42574257425742573,False
picture,word_top1,NUEx032,EM,6,-0.4,0.0133783845,0.013378383,0.02736486541107295,0.5544554455445545,False
picture,word_top1,NUEx032,EM,7,-0.3,0.015000002,0.013648653,0.027027027681469917,0.33663366336633666,False
picture,word_top1,NUEx032,EM,8,-0.2,0.012770274,0.013310816,0.027027027681469917,0.6336633663366337,False
picture,word_top1,NUEx032,EM,9,-0.1,0.016148655,0.015405412,0.03378378227353096,0.42574257425742573,False
picture,word_top1,NUEx032,EM,10,0.0,0.014054059,0.013175682,0.027027027681469917,0.3069306930693069,False
picture,word_top1,NUEx032,EM,11,0.1,0.013581084,0.01378379,0.027027027681469917,0.36633663366336633,False
picture,word_top1,NUEx032,EM,12,0.2,0.014594601,0.013783791,0.027027027681469917,0.3564356435643564,False
picture,word_top1,NUEx032,EM,13,0.3,0.017972978,0.015135139,0.02736486541107295,0.37623762376237624,False
picture,word_top1,NUEx032,EM,14,0.4,0.02533784,0.014391896,0.03378378227353096,0.1782178217821782,False
picture,word_top1,NUEx032,EM,15,0.5,0.034999993,0.01581082,0.03378378227353096,0.009900990099009901,True
picture,word_top1,NUEx032,EM,16,0.6,0.036689177,0.013513521,0.027027027681469917,0.019801980198019802,True
picture,word_top1,NUEx032,EM,17,0.7,0.03722972,0.01385136,0.03378378227353096,0.039603960396039604,True
picture,word_top1,NUEx032,EM,18,0.8,0.040675674,0.015202707,0.02736486541107295,0.019801980198019802,True
picture,word_top1,NUEx032,EM,19,0.9,0.037702702,0.015270272,0.03378378227353096,0.0297029702970297,True
picture,word_top1,NUEx032,EM,20,1.0,0.03945946,0.01412163,0.02736486541107295,0.019801980198019802,True
picture,word_top1,NUEx032,EM,21,1.1,0.04101351,0.014932438,0.03378378227353096,0.009900990099009901,True
picture,word_top1,NUEx032,EM,22,1.2,0.042432427,0.0147973,0.03378378227353096,0.009900990099009901,True
picture,word_top1,NUEx032,EM,23,1.3,0.043175668,0.014729735,0.027027027681469917,0.019801980198019802,True
picture,word_top1,NUEx032,EM,24,1.4,0.03675675,0.015810816,0.03378378227353096,0.039603960396039604,True
picture,word_top1,NUEx032,EM,25,1.5,0.03087838,0.014864869,0.04054053872823715,0.0891089108910891,False
picture,word_top1,NUEx032,EM,26,1.6,0.027837839,0.014324329,0.027027027681469917,0.04950495049504951,True
picture,word_top1,NUEx032,EM,27,1.7,0.020878382,0.012635142,0.027027027681469917,0.1188118811881188,False
picture,word_top1,NUEx032,EM,28,1.8,0.020337839,0.014797305,0.03378378227353096,0.1782178217821782,False
picture,word_top1,NUEx032,EM,29,1.9,0.020337844,0.014391894,0.03378378227353096,0.18811881188118812,False
picture,word_top1,NUEx032,EM,30,2.0,0.020067573,0.01506757,0.03378378227353096,0.36633663366336633,False
picture,word_top1,NUEx032,EM,31,2.1,0.018445948,0.01560811,0.027027027681469917,0.44554455445544555,False
picture,word_top1,NUEx032,EM,32,2.2,0.015337839,0.015945949,0.03378378227353096,0.46534653465346537,False
picture,word_top1,NUEx032,EM,33,2.3,0.014256762,0.015270274,0.03378378227353096,0.42574257425742573,False
picture,word_top1,NUEx032,EM,34,2.4,0.013310815,0.014527034,0.03378378227353096,0.6633663366336634,False
picture,word_top1,NUEx032,EM,35,2.5,0.015540549,0.013783794,0.03378378227353096,0.297029702970297,False
picture,word_top1,NUEx032,EM,36,2.6,0.016081082,0.01621622,0.03378378227353096,0.42574257425742573,False
picture,word_top1,NUEx032,EM,37,2.7,0.01898649,0.015405408,0.027027027681469917,0.4158415841584158,False
picture,word_top1,NUEx032,EM,38,2.8,0.01628379,0.014527031,0.03378378227353096,0.33663366336633666,False
picture,word_top1,NUEx032,EM,39,2.9,0.016081087,0.015135138,0.03378378227353096,0.3465346534653465,False
picture,word_top1,NUEx032,EM,40,3.0,0.017702704,0.014594598,0.03378378227353096,0.37623762376237624,False
picture,word_top1,NUEx032,EM,41,3.1,0.016013518,0.01486487,0.03378378227353096,0.36633663366336633,False
picture,word_top1,NUEx032,EM,42,3.2,0.013716225,0.014864871,0.03378378227353096,0.39603960396039606,False
picture,word_top1,NUEx032,EM,43,3.3,0.013513519,0.015337846,0.03378378227353096,0.39603960396039606,False
picture,word_top1,NUEx032,EM,44,3.4,0.01513514,0.014594596,0.03378378227353096,0.39603960396039606,False
picture,word_top1,NUEx032,EM,45,3.5,0.016148653,0.013783787,0.03378378227353096,0.33663366336633666,False
picture,word_top1,NUEx032,EM,46,3.6,0.020472977,0.014054056,0.027027027681469917,0.1485148514851485,False
picture,word_top1,NUEx032,EM,47,3.7,0.022027032,0.01628379,0.03378378227353096,0.24752475247524752,False
picture,word_top1,NUEx032,EM,48,3.8,0.021418922,0.0143243335,0.027027027681469917,0.19801980198019803,False
picture,word_top1,NUEx032,EM,49,3.9,0.025810821,0.014864868,0.03378378227353096,0.16831683168316833,False
picture,word_top1,NUEx038,LH,0,-1.0,0.014356856,0.011037347,0.02489626593887806,0.297029702970297,False
picture,word_top1,NUEx038,LH,1,-0.9,0.013278015,0.011825732,0.02489626593887806,0.2871287128712871,False
picture,word_top1,NUEx038,LH,2,-0.8,0.013402501,0.012199176,0.02489626593887806,0.36633663366336633,False
picture,word_top1,NUEx038,LH,3,-0.7,0.013319511,0.011784235,0.02489626593887806,0.33663366336633666,False
picture,word_top1,NUEx038,LH,4,-0.6,0.01365146,0.011950213,0.02489626593887806,0.2871287128712871,False
picture,word_top1,NUEx038,LH,5,-0.5,0.012323656,0.01107884,0.02489626593887806,0.44554455445544555,False
picture,word_top1,NUEx038,LH,6,-0.4,0.012116188,0.011742744,0.02489626593887806,0.5643564356435643,False
picture,word_top1,NUEx038,LH,7,-0.3,0.012199177,0.011908718,0.02489626593887806,0.5643564356435643,False
picture,word_top1,NUEx038,LH,8,-0.2,0.012157681,0.010746892,0.02489626593887806,0.45544554455445546,False
picture,word_top1,NUEx038,LH,9,-0.1,0.010871371,0.011742742,0.02489626593887806,0.5148514851485149,False
picture,word_top1,NUEx038,LH,10,0.0,0.009253112,0.011286313,0.02074688859283924,0.49504950495049505,False
picture,word_top1,NUEx038,LH,11,0.1,0.008755187,0.010580914,0.02095435746014117,0.46534653465346537,False
picture,word_top1,NUEx038,LH,12,0.2,0.016514532,0.010788386,0.02095435746014117,0.25742574257425743,False
picture,word_top1,NUEx038,LH,13,0.3,0.01917014,0.011203322,0.02489626593887806,0.16831683168316833,False
picture,word_top1,NUEx038,LH,14,0.4,0.020788398,0.013236523,0.029045643284916878,0.13861386138613863,False
picture,word_top1,NUEx038,LH,15,0.5,0.025560178,0.0112033235,0.02489626593887806,0.039603960396039604,True
picture,word_top1,NUEx038,LH,16,0.6,0.029502086,0.011452285,0.02074688859283924,0.019801980198019802,True
picture,word_top1,NUEx038,LH,17,0.7,0.030622423,0.011410793,0.02095435746014117,0.019801980198019802,True
picture,word_top1,NUEx038,LH,18,0.8,0.030539438,0.011535274,0.02095435746014117,0.009900990099009901,True
picture,word_top1,NUEx038,LH,19,0.9,0.032531142,0.011784238,0.02489626593887806,0.009900990099009901,True
picture,word_top1,NUEx038,LH,20,1.0,0.031203339,0.010871371,0.02489626593887806,0.019801980198019802,True
picture,word_top1,NUEx038,LH,21,1.1,0.031867243,0.011535276,0.02489626593887806,0.0297029702970297,True
picture,word_top1,NUEx038,LH,22,1.2,0.032365166,0.01161826,0.02074688859283924,0.019801980198019802,True
picture,word_top1,NUEx038,LH,23,1.3,0.028879685,0.012116188,0.02489626593887806,0.039603960396039604,True
picture,word_top1,NUEx038,LH,24,1.4,0.022323666,0.01170125,0.02489626593887806,0.06930693069306931,False
picture,word_top1,NUEx038,LH,25,1.5,0.019128643,0.011286309,0.02095435746014117,0.13861386138613863,False
picture,word_top1,NUEx038,LH,26,1.6,0.01622408,0.011784237,0.02489626593887806,0.3465346534653465,False
picture,word_top1,NUEx038,LH,27,1.7,0.014356852,0.01244814,0.02095435746014117,0.36633663366336633,False
picture,word_top1,NUEx038,LH,28,1.8,0.013112038,0.012821585,0.02510373480617999,0.37623762376237624,False
picture,word_top1,NUEx038,LH,29,1.9,0.01236515,0.010414939,0.02074688859283924,0.4752475247524752,False
picture,word_top1,NUEx038,LH,30,2.0,0.014024905,0.010995853,0.02489626593887806,0.27722772277227725,False
picture,word_top1,NUEx038,LH,31,2.1,0.013485482,0.010622409,0.02095435746014117,0.24752475247524752,False
picture,word_top1,NUEx038,LH,32,2.2,0.012448138,0.011742744,0.02489626593887806,0.32673267326732675,False
picture,word_top1,NUEx038,LH,33,2.3,0.012365151,0.011535274,0.02095435746014117,0.5148514851485149,False
picture,word_top1,NUEx038,LH,34,2.4,0.0126556065,0.011908718,0.02489626593887806,0.36633663366336633,False
picture,word_top1,NUEx038,LH,35,2.5,0.012240669,0.010788385,0.02489626593887806,0.44554455445544555,False
picture,word_top1,NUEx038,LH,36,2.6,0.013029051,0.011493781,0.02074688859283924,0.3069306930693069,False
picture,word_top1,NUEx038,LH,37,2.7,0.012738594,0.012323656,0.02510373480617999,0.3564356435643564,False
picture,word_top1,NUEx038,LH,38,2.8,0.013485487,0.0113693,0.02489626593887806,0.3069306930693069,False
picture,word_top1,NUEx038,LH,39,2.9,0.014522832,0.011701251,0.02510373480617999,0.31683168316831684,False
picture,word_top1,NUEx038,LH,40,3.0,0.013775944,0.011120333,0.02074688859283924,0.26732673267326734,False
picture,word_top1,NUEx038,LH,41,3.1,0.014688808,0.0121991765,0.02489626593887806,0.3465346534653465,False
picture,word_top1,NUEx038,LH,42,3.2,0.014813288,0.012946065,0.02489626593887806,0.42574257425742573,False
picture,word_top1,NUEx038,LH,43,3.3,0.012572621,0.01149378,0.02489626593887806,0.3069306930693069,False
picture,word_top1,NUEx038,LH,44,3.4,0.012821584,0.010539421,0.02074688859283924,0.21782178217821782,False
picture,word_top1,NUEx038,LH,45,3.5,0.012489634,0.012738595,0.02510373480617999,0.36633663366336633,False
picture,word_top1,NUEx038,LH,46,3.6,0.012489634,0.011742744,0.02489626593887806,0.2871287128712871,False
picture,word_top1,NUEx038,LH,47,3.7,0.0129460655,0.011825731,0.02074688859283924,0.297029702970297,False
picture,word_top1,NUEx038,LH,48,3.8,0.013568475,0.012697102,0.02489626593887806,0.37623762376237624,False
picture,word_top1,NUEx038,LH,49,3.9,0.013195027,0.013319511,0.02489626593887806,0.3465346534653465,False
picture,word_top1,NUEx035,MM,0,-1.0,0.0369032,0.019677406,0.032258063554763794,0.04950495049504951,False
picture,word_top1,NUEx035,MM,1,-0.9,0.028451595,0.017935473,0.03258064426481722,0.15841584158415842,False
picture,word_top1,NUEx035,MM,2,-0.8,0.028903205,0.018838696,0.032258063554763794,0.1485148514851485,False
picture,word_top1,NUEx035,MM,3,-0.7,0.031419333,0.017483862,0.03258064426481722,0.13861386138613863,False
picture,word_top1,NUEx035,MM,4,-0.6,0.032064494,0.019806439,0.03870967775583267,0.19801980198019803,False
picture,word_top1,NUEx035,MM,5,-0.5,0.03135482,0.018774182,0.03870967775583267,0.15841584158415842,False
picture,word_top1,NUEx035,MM,6,-0.4,0.029290307,0.018322568,0.032258063554763794,0.1485148514851485,False
picture,word_top1,NUEx035,MM,7,-0.3,0.031161271,0.015741926,0.032258063554763794,0.1188118811881188,False
picture,word_top1,NUEx035,MM,8,-0.2,0.028645143,0.016838698,0.032258063554763794,0.06930693069306931,False
picture,word_top1,NUEx035,MM,9,-0.1,0.02954837,0.01896773,0.03870967775583267,0.18811881188118812,False
picture,word_top1,NUEx035,MM,10,0.0,0.020258052,0.01780644,0.032258063554763794,0.3069306930693069,False
picture,word_top1,NUEx035,MM,11,0.1,0.019032247,0.019032246,0.03870967775583267,0.5742574257425742,False
picture,word_top1,NUEx035,MM,12,0.2,0.02064515,0.017806442,0.03870967775583267,0.3564356435643564,False
picture,word_top1,NUEx035,MM,13,0.3,0.021354826,0.017741924,0.03870967775583267,0.2871287128712871,False
picture,word_top1,NUEx035,MM,14,0.4,0.024838693,0.01748386,0.03258064426481722,0.27722772277227725,False
picture,word_top1,NUEx035,MM,15,0.5,0.027419338,0.018903214,0.03258064426481722,0.13861386138613863,False
picture,word_top1,NUEx035,MM,16,0.6,0.029612884,0.017870957,0.03258064426481722,0.15841584158415842,False
picture,word_top1,NUEx035,MM,17,0.7,0.033483848,0.016387086,0.032903224974870644,0.0594059405940594,True
picture,word_top1,NUEx035,MM,18,0.8,0.03477417,0.019741924,0.03870967775583267,0.07920792079207921,False
picture,word_top1,NUEx035,MM,19,0.9,0.036838684,0.017290311,0.032258063554763794,0.019801980198019802,True
picture,word_top1,NUEx035,MM,20,1.0,0.034903202,0.018580632,0.032258063554763794,0.04950495049504951,True
picture,word_top1,NUEx035,MM,21,1.1,0.03625804,0.017483858,0.03870967775583267,0.06930693069306931,False
picture,word_top1,NUEx035,MM,22,1.2,0.03774191,0.01696773,0.032258063554763794,0.039603960396039604,True
picture,word_top1,NUEx035,MM,23,1.3,0.031548366,0.017290313,0.03870967775583267,0.12871287128712872,False
picture,word_top1,NUEx035,MM,24,1.4,0.029935462,0.016774183,0.032258063554763794,0.10891089108910891,False
picture,word_top1,NUEx035,MM,25,1.5,0.02490321,0.01780644,0.03258064426481722,0.3069306930693069,False
picture,word_top1,NUEx035,MM,26,1.6,0.022709662,0.018451603,0.03870967775583267,0.32673267326732675,False
picture,word_top1,NUEx035,MM,27,1.7,0.02509676,0.018580634,0.032258063554763794,0.3069306930693069,False
picture,word_top1,NUEx035,MM,28,1.8,0.022967728,0.017677408,0.032258063554763794,0.32673267326732675,False
picture,word_top1,NUEx035,MM,29,1.9,0.020064505,0.018129019,0.03870967775583267,0.33663366336633666,False
picture,word_top1,NUEx035,MM,30,2.0,0.021806438,0.016451603,0.032258063554763794,0.26732673267326734,False
picture,word_top1,NUEx035,MM,31,2.1,0.023483856,0.017999988,0.032258063554763794,0.36633663366336633,False
picture,word_top1,NUEx035,MM,32,2.2,0.022645148,0.017612893,0.03258064426481722,0.33663366336633666,False
picture,word_top1,NUEx035,MM,33,2.3,0.022451598,0.017483862,0.03870967775583267,0.25742574257425743,False
picture,word_top1,NUEx035,MM,34,2.4,0.021483857,0.016516117,0.03870967775583267,0.31683168316831684,False
picture,word_top1,NUEx035,MM,35,2.5,0.02077418,0.018193537,0.03870967775583267,0.3465346534653465,False
picture,word_top1,NUEx035,MM,36,2.6,0.021741921,0.017806439,0.032258063554763794,0.297029702970297,False
picture,word_top1,NUEx035,MM,37,2.7,0.02374192,0.020451603,0.04516129195690155,0.39603960396039606,False
picture,word_top1,NUEx035,MM,38,2.8,0.021741921,0.019677406,0.03870967775583267,0.37623762376237624,False
picture,word_top1,NUEx035,MM,39,2.9,0.025096757,0.017935473,0.032258063554763794,0.297029702970297,False
picture,word_top1,NUEx035,MM,40,3.0,0.024580631,0.018064506,0.03870967775583267,0.32673267326732675,False
picture,word_top1,NUEx035,MM,41,3.1,0.022193534,0.016258053,0.032258063554763794,0.25742574257425743,False
picture,word_top1,NUEx035,MM,42,3.2,0.022193534,0.01632257,0.03258064426481722,0.26732673267326734,False
picture,word_top1,NUEx035,MM,43,3.3,0.020193536,0.017161278,0.03870967775583267,0.27722772277227725,False
picture,word_top1,NUEx035,MM,44,3.4,0.02141934,0.017096763,0.03870967775583267,0.3069306930693069,False
picture,word_top1,NUEx035,MM,45,3.5,0.020387081,0.017096763,0.03870967775583267,0.25742574257425743,False
picture,word_top1,NUEx035,MM,46,3.6,0.021483857,0.0168387,0.03258064426481722,0.27722772277227725,False
picture,word_top1,NUEx035,MM,47,3.7,0.022064505,0.018903214,0.03870967775583267,0.3465346534653465,False
picture,word_top1,NUEx035,MM,48,3.8,0.023548372,0.018193537,0.03870967775583267,0.33663366336633666,False
picture,word_top1,NUEx035,MM,49,3.9,0.020580633,0.017870957,0.03870967775583267,0.3069306930693069,False
picture,word_top1,NUEx035,MM,50,4.0,0.019612892,0.017290313,0.032258063554763794,0.27722772277227725,False
picture,word_top1,NUEx035,MM,51,4.1,0.019677406,0.019161278,0.03870967775583267,0.3564356435643564,False
picture,word_top1,NUEx035,MM,52,4.2,0.017612893,0.016967732,0.032258063554763794,0.5247524752475248,False
picture,word_top1,NUEx035,MM,53,4.3,0.020258052,0.019290311,0.04516129195690155,0.32673267326732675,False
picture,word_top1,NUEx035,MM,54,4.4,0.018709667,0.017548377,0.03870967775583267,0.5742574257425742,False
picture,word_top1,NUEx035,MM,55,4.5,0.018774183,0.017612893,0.03870967775583267,0.504950495049505,False
picture,word_top1,NUEx035,MM,56,4.6,0.017741924,0.01716128,0.03870967775583267,0.5148514851485149,False
picture,word_top1,NUEx035,MM,57,4.7,0.018129023,0.019225793,0.03870967775583267,0.6039603960396039,False
picture,word_top1,NUEx035,MM,58,4.8,0.017096763,0.017354827,0.03870967775583267,0.5148514851485149,False
picture,word_top1,NUEx035,MM,59,4.9,0.017677408,0.017741924,0.03258064426481722,0.5544554455445545,False
picture,word_top1,NUEx035,MM,60,5.0,0.018967729,0.016967732,0.032258063554763794,0.504950495049505,False
picture,word_top1,NUEx035,MM,61,5.1,0.017935473,0.015935475,0.032258063554763794,0.48514851485148514,False
picture,word_top1,NUEx035,MM,62,5.2,0.018193537,0.019290311,0.03870967775583267,0.5841584158415841,False
picture,word_top1,NUEx035,MM,63,5.3,0.017870955,0.017741926,0.03258064426481722,0.5148514851485149,False
picture,word_top1,NUEx035,MM,64,5.4,0.018580632,0.018516118,0.03870967775583267,0.5841584158415841,False
picture,word_top1,NUEx035,MM,65,5.5,0.02051612,0.015935475,0.03258064426481722,0.22772277227722773,False
picture,word_top1,NUEx035,MM,66,5.6,0.021999987,0.018709665,0.03870967775583267,0.33663366336633666,False
picture,word_top1,NUEx035,MM,67,5.7,0.021032246,0.018709665,0.03870967775583267,0.3465346534653465,False
picture,word_top1,NUEx035,MM,68,5.8,0.022774179,0.0168387,0.03870967775583267,0.19801980198019803,False
picture,word_top1,NUEx035,MM,69,5.9,0.021225793,0.019161278,0.03870967775583267,0.33663366336633666,False
picture,word_top1,NUEx035,MM,70,6.0,0.019548375,0.018838698,0.03870967775583267,0.3564356435643564,False
picture,word_top1,NUEx035,MM,71,6.1,0.01864515,0.017419346,0.03258064426481722,0.49504950495049505,False
picture,word_top1,NUEx035,MM,72,6.2,0.017999988,0.017548377,0.03870967775583267,0.5247524752475248,False
picture,word_top1,NUEx035,MM,73,6.3,0.015612893,0.017096765,0.032258063554763794,0.5445544554455446,False
picture,word_top1,NUEx035,MM,74,6.4,0.016580636,0.018258054,0.032258063554763794,0.5346534653465347,False
picture,word_top1,NUEx035,MM,75,6.5,0.01599999,0.01819354,0.03870967775583267,0.5445544554455446,False
picture,word_top1,NUEx035,MM,76,6.6,0.018387085,0.018967729,0.032258063554763794,0.6435643564356436,False
picture,word_top1,NUEx035,MM,77,6.7,0.018903214,0.019032246,0.03258064426481722,0.5544554455445545,False
picture,word_top1,NUEx035,MM,78,6.8,0.020064505,0.017032247,0.03258064426481722,0.25742574257425743,False
picture,word_top1,NUEx035,MM,79,6.9,0.020193536,0.018838698,0.03870967775583267,0.3564356435643564,False
picture,word_top1,NUEx031,RB,0,-1.0,0.014444454,0.014700861,0.03418803587555885,0.5643564356435643,False
picture,word_top1,NUEx031,RB,1,-0.9,0.015042744,0.014957275,0.03418803587555885,0.4752475247524752,False
picture,word_top1,NUEx031,RB,2,-0.8,0.018376084,0.016153855,0.03461538627743718,0.3069306930693069,False
picture,word_top1,NUEx031,RB,3,-0.7,0.016581211,0.01350428,0.025641025975346565,0.48514851485148514,False
picture,word_top1,NUEx031,RB,4,-0.6,0.020427369,0.014786334,0.03418803587555885,0.24752475247524752,False
picture,word_top1,NUEx031,RB,5,-0.5,0.017008562,0.012735048,0.03418803587555885,0.42574257425742573,False
picture,word_top1,NUEx031,RB,6,-0.4,0.016153853,0.01273505,0.03418803587555885,0.43564356435643564,False
picture,word_top1,NUEx031,RB,7,-0.3,0.014957275,0.013675224,0.03418803587555885,0.4752475247524752,False
picture,word_top1,NUEx031,RB,8,-0.2,0.0131624,0.015470099,0.03418803587555885,0.5247524752475248,False
picture,word_top1,NUEx031,RB,9,-0.1,0.012820517,0.015811978,0.03418803587555885,0.5544554455445545,False
picture,word_top1,NUEx031,RB,10,0.0,0.012478638,0.014444454,0.03418803587555885,0.5346534653465347,False
picture,word_top1,NUEx031,RB,11,0.1,0.014273515,0.013589751,0.026068376470357157,0.4752475247524752,False
picture,word_top1,NUEx031,RB,12,0.2,0.026068404,0.0131624015,0.03418803587555885,0.09900990099009901,False
picture,word_top1,NUEx031,RB,13,0.3,0.037692327,0.013333339,0.03418803587555885,0.019801980198019802,True
picture,word_top1,NUEx031,RB,14,0.4,0.043333348,0.012393168,0.03418803587555885,0.009900990099009901,True
picture,word_top1,NUEx031,RB,15,0.5,0.04512823,0.0152991535,0.03418803587555885,0.009900990099009901,True
picture,word_top1,NUEx031,RB,16,0.6,0.04726499,0.015555564,0.03461538627743718,0.04950495049504951,True
picture,word_top1,NUEx031,RB,17,0.7,0.06025643,0.014358983,0.03418803587555885,0.009900990099009901,True
picture,word_top1,NUEx031,RB,18,0.8,0.05444447,0.0151282195,0.03418803587555885,0.009900990099009901,True
picture,word_top1,NUEx031,RB,19,0.9,0.059230786,0.0153846275,0.03418803587555885,0.019801980198019802,True
picture,word_top1,NUEx031,RB,20,1.0,0.059230786,0.01324787,0.025641025975346565,0.009900990099009901,True
picture,word_top1,NUEx031,RB,21,1.1,0.068034194,0.01435898,0.03418803587555885,0.009900990099009901,True
picture,word_top1,NUEx031,RB,22,1.2,0.05726498,0.013931632,0.03418803587555885,0.009900990099009901,True
picture,word_top1,NUEx031,RB,23,1.3,0.056410275,0.0147008635,0.03461538627743718,0.009900990099009901,True
picture,word_top1,NUEx031,RB,24,1.4,0.043504294,0.014102574,0.026068376470357157,0.009900990099009901,True
picture,word_top1,NUEx031,RB,25,1.5,0.042564124,0.015042745,0.03418803587555885,0.04950495049504951,True
picture,word_top1,NUEx031,RB,26,1.6,0.03743592,0.01376069,0.03418803587555885,0.0297029702970297,True
picture,word_top1,NUEx031,RB,27,1.7,0.03666668,0.01461539,0.03418803587555885,0.0297029702970297,True
picture,word_top1,NUEx031,RB,28,1.8,0.033504296,0.014102573,0.03418803587555885,0.0891089108910891,False
picture,word_top1,NUEx031,RB,29,1.9,0.035042748,0.015726509,0.04273504391312599,0.07920792079207921,False
picture,word_top1,NUEx031,RB,30,2.0,0.030512843,0.01384616,0.03418803587555885,0.07920792079207921,False
picture,word_top1,NUEx031,RB,31,2.1,0.029230796,0.014871802,0.03418803587555885,0.10891089108910891,False
picture,word_top1,NUEx031,RB,32,2.2,0.030427372,0.013931632,0.03418803587555885,0.10891089108910891,False
picture,word_top1,NUEx031,RB,33,2.3,0.03000002,0.012222225,0.03418803587555885,0.06930693069306931,False
picture,word_top1,NUEx031,RB,34,2.4,0.029743604,0.014615394,0.03461538627743718,0.0891089108910891,False
picture,word_top1,NUEx031,RB,35,2.5,0.028290614,0.0141025735,0.03418803587555885,0.1188118811881188,False
picture,word_top1,NUEx031,RB,36,2.6,0.034529924,0.01324787,0.03418803587555885,0.019801980198019802,True
picture,word_top1,NUEx031,RB,37,2.7,0.033333343,0.0153846275,0.03418803587555885,0.09900990099009901,False
picture,word_top1,NUEx031,RB,38,2.8,0.03461541,0.01410257,0.03461538627743718,0.0594059405940594,True
picture,word_top1,NUEx031,RB,39,2.9,0.033247884,0.014273513,0.03418803587555885,0.0891089108910891,False
picture,word_top1,NUEx031,RB,40,3.0,0.033504292,0.014957275,0.03418803587555885,0.09900990099009901,False
picture,word_top1,NUEx031,RB,41,3.1,0.030170955,0.013675218,0.03418803587555885,0.06930693069306931,False
picture,word_top1,NUEx031,RB,42,3.2,0.031111136,0.013333339,0.03418803587555885,0.09900990099009901,False
picture,word_top1,NUEx031,RB,43,3.3,0.024188044,0.0136752175,0.026068376470357157,0.22772277227722773,False
picture,word_top1,NUEx031,RB,44,3.4,0.023504285,0.0147863375,0.03418803587555885,0.21782178217821782,False
picture,word_top1,NUEx031,RB,45,3.5,0.023418821,0.015042744,0.03418803587555885,0.26732673267326734,False
picture,word_top1,NUEx031,RB,46,3.6,0.01829061,0.014444455,0.03418803587555885,0.27722772277227725,False
picture,word_top1,NUEx031,RB,47,3.7,0.022649584,0.015299158,0.03418803587555885,0.25742574257425743,False
picture,word_top1,NUEx031,RB,48,3.8,0.020256426,0.015128217,0.03418803587555885,0.297029702970297,False
picture,word_top1,NUEx031,RB,49,3.9,0.019914545,0.013504283,0.03418803587555885,0.21782178217821782,False
picture,word_top1,NUEx031,RB,50,4.0,0.019145314,0.014615395,0.03418803587555885,0.26732673267326734,False
picture,word_top1,NUEx031,RB,51,4.1,0.014444454,0.013760691,0.03418803587555885,0.5148514851485149,False
picture,word_top1,NUEx031,RB,52,4.2,0.013247869,0.015128214,0.03418803587555885,0.5346534653465347,False
picture,word_top1,NUEx031,RB,53,4.3,0.013675221,0.014529923,0.03418803587555885,0.5544554455445545,False
picture,word_top1,NUEx031,RB,54,4.4,0.010598293,0.01367522,0.03418803587555885,0.5346534653465347,False
picture,word_top1,NUEx031,RB,55,4.5,0.013846162,0.012649577,0.025641025975346565,0.45544554455445546,False
picture,word_top1,NUEx031,RB,56,4.6,0.013333337,0.016923089,0.03418803587555885,0.594059405940594,False
picture,word_top1,NUEx031,RB,57,4.7,0.015555565,0.015042746,0.03461538627743718,0.5247524752475248,False
picture,word_top1,NUEx031,RB,58,4.8,0.016581208,0.013589752,0.03418803587555885,0.46534653465346537,False
picture,word_top1,NUEx031,RB,59,4.9,0.016153855,0.0147008635,0.03418803587555885,0.4752475247524752,False
picture,word_top1,NUEx027,VB,0,-1.0,0.021058839,0.014588244,0.03529411926865578,0.3465346534653465,False
picture,word_top1,NUEx027,VB,1,-0.9,0.021411782,0.014588246,0.03529411926865578,0.3465346534653465,False
picture,word_top1,NUEx027,VB,2,-0.8,0.020117665,0.0164706,0.03529411926865578,0.4158415841584158,False
picture,word_top1,NUEx027,VB,3,-0.7,0.022117665,0.016235307,0.03529411926865578,0.38613861386138615,False
picture,word_top1,NUEx027,VB,4,-0.6,0.020000014,0.015529424,0.0470588244497776,0.36633663366336633,False
picture,word_top1,NUEx027,VB,5,-0.5,0.022235312,0.014352951,0.03529411926865578,0.297029702970297,False
picture,word_top1,NUEx027,VB,6,-0.4,0.022705901,0.017058833,0.03588235452771184,0.45544554455445546,False
picture,word_top1,NUEx027,VB,7,-0.3,0.017058836,0.01435295,0.03529411926865578,0.37623762376237624,False
picture,word_top1,NUEx027,VB,8,-0.2,0.020235306,0.018941188,0.0470588244497776,0.45544554455445546,False
picture,word_top1,NUEx027,VB,9,-0.1,0.019529426,0.017411776,0.0470588244497776,0.44554455445544555,False
picture,word_top1,NUEx027,VB,10,0.0,0.01600001,0.015411773,0.03588235452771184,0.39603960396039606,False
picture,word_top1,NUEx027,VB,11,0.1,0.013882361,0.017882362,0.0470588244497776,0.504950495049505,False
picture,word_top1,NUEx027,VB,12,0.2,0.0143529475,0.014941185,0.03588235452771184,0.36633663366336633,False
picture,word_top1,NUEx027,VB,13,0.3,0.034235317,0.017176481,0.03529411926865578,0.16831683168316833,False
picture,word_top1,NUEx027,VB,14,0.4,0.05011766,0.015058837,0.03529411926865578,0.019801980198019802,True
picture,word_top1,NUEx027,VB,15,0.5,0.06623532,0.015411776,0.03529411926865578,0.019801980198019802,True
picture,word_top1,NUEx027,VB,16,0.6,0.07376472,0.017647069,0.0470588244497776,0.009900990099009901,True
picture,word_top1,NUEx027,VB,17,0.7,0.07882355,0.014470599,0.03529411926865578,0.009900990099009901,True
picture,word_top1,NUEx027,VB,18,0.8,0.090705894,0.016000012,0.03529411926865578,0.009900990099009901,True
picture,word_top1,NUEx027,VB,19,0.9,0.09094118,0.01517648,0.03529411926865578,0.009900990099009901,True
picture,word_top1,NUEx027,VB,20,1.0,0.09529416,0.017647069,0.0470588244497776,0.009900990099009901,True
picture,word_top1,NUEx027,VB,21,1.1,0.09305885,0.016000008,0.03529411926865578,0.009900990099009901,True
picture,word_top1,NUEx027,VB,22,1.2,0.09364709,0.014470596,0.03529411926865578,0.009900990099009901,True
picture,word_top1,NUEx027,VB,23,1.3,0.08247062,0.01611766,0.03529411926865578,0.009900990099009901,True
picture,word_top1,NUEx027,VB,24,1.4,0.06882357,0.01635295,0.03588235452771184,0.019801980198019802,True
picture,word_top1,NUEx027,VB,25,1.5,0.048941202,0.0145882405,0.03588235452771184,0.019801980198019802,True
picture,word_top1,NUEx027,VB,26,1.6,0.045294147,0.015647069,0.0470588244497776,0.0891089108910891,False
picture,word_top1,NUEx027,VB,27,1.7,0.046823554,0.013529421,0.03529411926865578,0.04950495049504951,True
picture,word_top1,NUEx027,VB,28,1.8,0.04352943,0.017411778,0.0470588244497776,0.06930693069306931,False
picture,word_top1,NUEx027,VB,29,1.9,0.03552943,0.014705893,0.03529411926865578,0.0297029702970297,True
picture,word_top1,NUEx027,VB,30,2.0,0.034705903,0.015647069,0.03588235452771184,0.13861386138613863,False
picture,word_top1,NUEx027,VB,31,2.1,0.03352943,0.016352953,0.0470588244497776,0.1782178217821782,False
picture,word_top1,NUEx027,VB,32,2.2,0.037411787,0.01670589,0.03529411926865578,0.039603960396039604,True
picture,word_top1,NUEx027,VB,33,2.3,0.032941204,0.013764712,0.03529411926865578,0.10891089108910891,False
picture,word_top1,NUEx027,VB,34,2.4,0.039058853,0.016705893,0.03588235452771184,0.0594059405940594,True
picture,word_top1,NUEx027,VB,35,2.5,0.03611767,0.01611766,0.0470588244497776,0.09900990099009901,False
picture,word_top1,NUEx027,VB,36,2.6,0.0389412,0.015529425,0.0470588244497776,0.06930693069306931,False
picture,word_top1,NUEx027,VB,37,2.7,0.037764724,0.017529424,0.03588235452771184,0.0594059405940594,True
picture,word_top1,NUEx027,VB,38,2.8,0.042117663,0.016823541,0.03529411926865578,0.0297029702970297,True
picture,word_top1,NUEx027,VB,39,2.9,0.044470616,0.018705895,0.03529411926865578,0.04950495049504951,True
picture,word_top1,NUEx027,VB,40,3.0,0.03835297,0.015294127,0.03588235452771184,0.0594059405940594,True
picture,word_top1,NUEx027,VB,41,3.1,0.045176495,0.014941187,0.0470588244497776,0.06930693069306931,False
picture,word_top1,NUEx027,VB,42,3.2,0.038588256,0.017882362,0.0470588244497776,0.10891089108910891,False
picture,word_top1,NUEx027,VB,43,3.3,0.041294135,0.016352953,0.0470588244497776,0.06930693069306931,False
picture,word_top1,NUEx027,VB,44,3.4,0.038352977,0.015176481,0.03588235452771184,0.0594059405940594,True
picture,word_top1,NUEx027,VB,45,3.5,0.03235297,0.015176481,0.03529411926865578,0.1485148514851485,False
picture,word_top1,NUEx027,VB,46,3.6,0.028117672,0.0143529475,0.03529411926865578,0.1188118811881188,False
picture,word_top1,NUEx027,VB,47,3.7,0.024588253,0.016117657,0.03588235452771184,0.18811881188118812,False
picture,word_top1,NUEx027,VB,48,3.8,0.022235312,0.01682354,0.03529411926865578,0.46534653465346537,False
picture,word_top1,NUEx027,VB,49,3.9,0.02435296,0.017176481,0.0470588244497776,0.21782178217821782,False
picture,word_top1,NUEx027,VB,50,4.0,0.020588253,0.018000012,0.0470588244497776,0.48514851485148514,False
picture,word_top1,NUEx027,VB,51,4.1,0.016588248,0.014705893,0.03529411926865578,0.31683168316831684,False
picture,word_top1,NUEx027,VB,52,4.2,0.020000014,0.015294127,0.03529411926865578,0.40594059405940597,False
picture,word_top1,NUEx027,VB,53,4.3,0.021411782,0.014117655,0.03529411926865578,0.33663366336633666,False
picture,word_top1,NUEx027,VB,54,4.4,0.024705904,0.014588244,0.03588235452771184,0.10891089108910891,False
picture,word_top1,NUEx027,VB,55,4.5,0.024352962,0.014823535,0.03588235452771184,0.1485148514851485,False
picture,word_top1,NUEx027,VB,56,4.6,0.024352957,0.017647067,0.0470588244497776,0.19801980198019803,False
picture,word_top1,NUEx027,VB,57,4.7,0.028117679,0.016588248,0.0470588244497776,0.19801980198019803,False
picture,word_top1,NUEx036,WBH,0,-1.0,0.022053137,0.012270531,0.021739130839705467,0.04950495049504951,False
picture,word_top1,NUEx036,WBH,1,-0.9,0.02285024,0.012995163,0.021739130839705467,0.04950495049504951,False
picture,word_top1,NUEx036,WBH,2,-0.8,0.023260873,0.012463769,0.021739130839705467,0.0297029702970297,False
picture,word_top1,NUEx036,WBH,3,-0.7,0.022705311,0.012922708,0.021739130839705467,0.039603960396039604,False
picture,word_top1,NUEx036,WBH,4,-0.6,0.023816425,0.011570044,0.021739130839705467,0.039603960396039604,False
picture,word_top1,NUEx036,WBH,5,-0.5,0.022657,0.01328502,0.02415458858013153,0.06930693069306931,False
picture,word_top1,NUEx036,WBH,6,-0.4,0.023526572,0.01299517,0.021859903726726762,0.0594059405940594,False
picture,word_top1,NUEx036,WBH,7,-0.3,0.023840584,0.013671493,0.021739130839705467,0.039603960396039604,False
picture,word_top1,NUEx036,WBH,8,-0.2,0.022149751,0.012801929,0.019444444216787808,0.039603960396039604,False
picture,word_top1,NUEx036,WBH,9,-0.1,0.023502415,0.012729463,0.02415458858013153,0.06930693069306931,False
picture,word_top1,NUEx036,WBH,10,0.0,0.01729468,0.012826086,0.019444444216787808,0.1188118811881188,False
picture,word_top1,NUEx036,WBH,11,0.1,0.01693236,0.012608695,0.021739130839705467,0.13861386138613863,False
picture,word_top1,NUEx036,WBH,12,0.2,0.01584541,0.012415457,0.019444444216787808,0.2376237623762376,False
picture,word_top1,NUEx036,WBH,13,0.3,0.01700482,0.012294685,0.021739130839705467,0.16831683168316833,False
picture,word_top1,NUEx036,WBH,14,0.4,0.018743955,0.012705312,0.021739130839705467,0.1782178217821782,False
picture,word_top1,NUEx036,WBH,15,0.5,0.026038645,0.011835748,0.021739130839705467,0.009900990099009901,True
picture,word_top1,NUEx036,WBH,16,0.6,0.03200483,0.014106279,0.024275361560285084,0.019801980198019802,True
picture,word_top1,NUEx036,WBH,17,0.7,0.034323674,0.012512072,0.019323671236634254,0.009900990099009901,True
picture,word_top1,NUEx036,WBH,18,0.8,0.03714977,0.011570048,0.019444444216787808,0.009900990099009901,True
picture,word_top1,NUEx036,WBH,19,0.9,0.042222228,0.012850238,0.021739130839705467,0.009900990099009901,True
picture,word_top1,NUEx036,WBH,20,1.0,0.04326087,0.013743959,0.021739130839705467,0.009900990099009901,True
picture,word_top1,NUEx036,WBH,21,1.1,0.046908215,0.012946857,0.021859903726726762,0.009900990099009901,True
picture,word_top1,NUEx036,WBH,22,1.2,0.045120787,0.013067632,0.021739130839705467,0.009900990099009901,True
picture,word_top1,NUEx036,WBH,23,1.3,0.04335749,0.01275362,0.021739130839705467,0.009900990099009901,True
picture,word_top1,NUEx036,WBH,24,1.4,0.040362325,0.012657001,0.019444444216787808,0.009900990099009901,True
picture,word_top1,NUEx036,WBH,25,1.5,0.037367154,0.01169082,0.021859903726726762,0.009900990099009901,True
picture,word_top1,NUEx036,WBH,26,1.6,0.03799517,0.0133574875,0.02415458858013153,0.009900990099009901,True
picture,word_top1,NUEx036,WBH,27,1.7,0.036231887,0.013140094,0.021739130839705467,0.009900990099009901,True
picture,word_top1,NUEx036,WBH,28,1.8,0.03326087,0.012705312,0.021739130839705467,0.009900990099009901,True
picture,word_top1,NUEx036,WBH,29,1.9,0.032173913,0.013140094,0.02415458858013153,0.019801980198019802,True
picture,word_top1,NUEx036,WBH,30,2.0,0.032367148,0.011956518,0.021739130839705467,0.009900990099009901,True
picture,word_top1,NUEx036,WBH,31,2.1,0.03002416,0.012125599,0.019323671236634254,0.009900990099009901,True
picture,word_top1,NUEx036,WBH,32,2.2,0.029565223,0.013188404,0.02415458858013153,0.009900990099009901,True
picture,word_top1,NUEx036,WBH,33,2.3,0.028671501,0.012487922,0.021739130839705467,0.019801980198019802,True
picture,word_top1,NUEx036,WBH,34,2.4,0.028985512,0.012729466,0.02415458858013153,0.009900990099009901,True
picture,word_top1,NUEx036,WBH,35,2.5,0.027850235,0.0136473365,0.02415458858013153,0.009900990099009901,True
picture,word_top1,NUEx036,WBH,36,2.6,0.027125599,0.0124154575,0.021859903726726762,0.009900990099009901,True
picture,word_top1,NUEx036,WBH,37,2.7,0.027222225,0.01268116,0.021739130839705467,0.009900990099009901,True
picture,word_top1,NUEx036,WBH,38,2.8,0.027415454,0.012415456,0.021739130839705467,0.0297029702970297,True
picture,word_top1,NUEx036,WBH,39,2.9,0.026256036,0.011956521,0.019444444216787808,0.009900990099009901,True
picture,word_top1,NUEx036,WBH,40,3.0,0.026811598,0.013381642,0.02415458858013153,0.019801980198019802,True
picture,word_top1,NUEx036,WBH,41,3.1,0.027246382,0.013961345,0.021859903726726762,0.009900990099009901,True
picture,word_top1,NUEx036,WBH,42,3.2,0.026908213,0.0132367145,0.02415458858013153,0.0297029702970297,True
picture,word_top1,NUEx036,WBH,43,3.3,0.026231876,0.013212558,0.021859903726726762,0.019801980198019802,True
picture,word_top1,NUEx036,WBH,44,3.4,0.027270533,0.012850238,0.019444444216787808,0.009900990099009901,True
picture,word_top1,NUEx036,WBH,45,3.5,0.0265942,0.013043476,0.021739130839705467,0.019801980198019802,True
picture,word_top1,NUEx036,WBH,46,3.6,0.026352659,0.013405791,0.021859903726726762,0.019801980198019802,True
picture,word_top1,NUEx036,WBH,47,3.7,0.028599033,0.01400966,0.021859903726726762,0.019801980198019802,True
picture,word_top1,NUEx036,WBH,48,3.8,0.026086958,0.013429948,0.021859903726726762,0.039603960396039604,True
picture,word_top1,NUEx036,WBH,49,3.9,0.028719809,0.012246376,0.019323671236634254,0.019801980198019802,True
picture,word_top3,NUEx041,AA,0,-1.0,0.05950982,0.059313737,0.09803921729326248,0.4158415841584158,False
picture,word_top3,NUEx041,AA,1,-0.9,0.06107845,0.0587255,0.09803921729326248,0.42574257425742573,False
picture,word_top3,NUEx041,AA,2,-0.8,0.0579412,0.055588268,0.09803921729326248,0.49504950495049505,False
picture,word_top3,NUEx041,AA,3,-0.7,0.06009805,0.05745101,0.09803921729326248,0.37623762376237624,False
picture,word_top3,NUEx041,AA,4,-0.6,0.057156887,0.06235296,0.09852941334247586,0.6435643564356436,False
picture,word_top3,NUEx041,AA,5,-0.5,0.04813726,0.0584314,0.09852941334247586,0.7128712871287128,False
picture,word_top3,NUEx041,AA,6,-0.4,0.051764727,0.05882355,0.09803921729326248,0.5742574257425742,False
picture,word_top3,NUEx041,AA,7,-0.3,0.05205884,0.057451006,0.0882352963089943,0.5247524752475248,False
picture,word_top3,NUEx041,AA,8,-0.2,0.05411766,0.054313764,0.09803921729326248,0.504950495049505,False
picture,word_top3,NUEx041,AA,9,-0.1,0.050490215,0.06137257,0.09803921729326248,0.6138613861386139,False
picture,word_top3,NUEx041,AA,10,0.0,0.051764727,0.059901997,0.09803921729326248,0.594059405940594,False
picture,word_top3,NUEx041,AA,11,0.1,0.05078433,0.055980407,0.09803921729326248,0.5346534653465347,False
picture,word_top3,NUEx041,AA,12,0.2,0.07039218,0.06313728,0.09803921729326248,0.33663366336633666,False
picture,word_top3,NUEx041,AA,13,0.3,0.12637255,0.058627483,0.08872549235820767,0.019801980198019802,True
picture,word_top3,NUEx041,AA,14,0.4,0.14529414,0.057450987,0.09803921729326248,0.009900990099009901,True
picture,word_top3,NUEx041,AA,15,0.5,0.16225494,0.056960806,0.09803921729326248,0.009900990099009901,True
picture,word_top3,NUEx041,AA,16,0.6,0.16500004,0.0564706,0.09803921729326248,0.009900990099009901,True
picture,word_top3,NUEx041,AA,17,0.7,0.16794118,0.058039237,0.09803921729326248,0.009900990099009901,True
picture,word_top3,NUEx041,AA,18,0.8,0.17245097,0.055490203,0.09803921729326248,0.009900990099009901,True
picture,word_top3,NUEx041,AA,19,0.9,0.1752941,0.056960806,0.0882352963089943,0.009900990099009901,True
picture,word_top3,NUEx041,AA,20,1.0,0.17686276,0.05411768,0.09803921729326248,0.009900990099009901,True
picture,word_top3,NUEx041,AA,21,1.1,0.19401957,0.05980395,0.09852941334247586,0.009900990099009901,True
picture,word_top3,NUEx041,AA,22,1.2,0.1814706,0.054901976,0.08872549235820767,0.009900990099009901,True
picture,word_top3,NUEx041,AA,23,1.3,0.14519611,0.055490226,0.09803921729326248,0.009900990099009901,True
picture,word_top3,NUEx041,AA,24,1.4,0.12264705,0.057450995,0.09803921729326248,0.009900990099009901,True
picture,word_top3,NUEx041,AA,25,1.5,0.09509806,0.054509826,0.09803921729326248,0.06930693069306931,False
picture,word_top3,NUEx041,AA,26,1.6,0.08666669,0.055686306,0.0882352963089943,0.12871287128712872,False
picture,word_top3,NUEx041,AA,27,1.7,0.08500001,0.059803948,0.09803921729326248,0.13861386138613863,False
picture,word_top3,NUEx041,AA,28,1.8,0.07205885,0.05470589,0.09803921729326248,0.2376237623762376,False
picture,word_top3,NUEx041,AA,29,1.9,0.069019645,0.05500002,0.09803921729326248,0.2079207920792079,False
picture,word_top3,NUEx041,AA,30,2.0,0.06813728,0.06019609,0.09803921729326248,0.44554455445544555,False
picture,word_top3,NUEx041,AA,31,2.1,0.06872551,0.05764707,0.09803921729326248,0.24752475247524752,False
picture,word_top3,NUEx041,AA,32,2.2,0.0689216,0.059117664,0.09852941334247586,0.21782178217821782,False
picture,word_top3,NUEx041,AA,33,2.3,0.06774513,0.05686276,0.09803921729326248,0.38613861386138615,False
picture,word_top3,NUEx041,AA,34,2.4,0.06372551,0.058921587,0.09803921729326248,0.3564356435643564,False
picture,word_top3,NUEx041,AA,35,2.5,0.06745101,0.054509833,0.0882352963089943,0.27722772277227725,False
picture,word_top3,NUEx041,AA,36,2.6,0.06549021,0.05950983,0.0882352963089943,0.43564356435643564,False
picture,word_top3,NUEx041,AA,37,2.7,0.061176494,0.05666668,0.0882352963089943,0.37623762376237624,False
picture,word_top3,NUEx041,AA,38,2.8,0.06705883,0.061960805,0.10833333432674405,0.42574257425742573,False
picture,word_top3,NUEx041,AA,39,2.9,0.06264708,0.056862775,0.09803921729326248,0.3564356435643564,False
picture,word_top3,NUEx041,AA,40,3.0,0.067352965,0.056960806,0.0882352963089943,0.32673267326732675,False
picture,word_top3,NUEx041,AA,41,3.1,0.06254905,0.059313726,0.09852941334247586,0.40594059405940597,False
picture,word_top3,NUEx041,AA,42,3.2,0.06852944,0.05705885,0.08872549235820767,0.38613861386138615,False
picture,word_top3,NUEx041,AA,43,3.3,0.062941186,0.054705914,0.09803921729326248,0.31683168316831684,False
picture,word_top3,NUEx041,AA,44,3.4,0.075588286,0.058529425,0.09852941334247586,0.22772277227722773,False
picture,word_top3,NUEx041,AA,45,3.5,0.07676472,0.060490213,0.09803921729326248,0.2871287128712871,False
picture,word_top3,NUEx041,AA,46,3.6,0.07627452,0.06098041,0.09803921729326248,0.32673267326732675,False
picture,word_top3,NUEx041,AA,47,3.7,0.07176473,0.060490213,0.09852941334247586,0.2871287128712871,False
picture,word_top3,NUEx041,AA,48,3.8,0.06411768,0.058039222,0.09803921729326248,0.39603960396039606,False
picture,word_top3,NUEx041,AA,49,3.9,0.06843141,0.059803948,0.09803921729326248,0.46534653465346537,False
picture,word_top3,NUEx033,AP,0,-1.0,0.035204068,0.033469375,0.06122449040412903,0.44554455445544555,False
picture,word_top3,NUEx033,AP,1,-0.9,0.0315306,0.03673468,0.0714285746216774,0.44554455445544555,False
picture,word_top3,NUEx033,AP,2,-0.8,0.029183662,0.035918355,0.06173469461500642,0.7227722772277227,False
picture,word_top3,NUEx033,AP,3,-0.7,0.025816316,0.035714272,0.06173469461500642,0.7029702970297029,False
picture,word_top3,NUEx033,AP,4,-0.6,0.031020395,0.031836722,0.06122449040412903,0.38613861386138615,False
picture,word_top3,NUEx033,AP,5,-0.5,0.033469375,0.03438774,0.06173469461500642,0.44554455445544555,False
picture,word_top3,NUEx033,AP,6,-0.4,0.02887754,0.039489783,0.0714285746216774,0.801980198019802,False
picture,word_top3,NUEx033,AP,7,-0.3,0.030408153,0.032142848,0.0714285746216774,0.6138613861386139,False
picture,word_top3,NUEx033,AP,8,-0.2,0.025510194,0.037551004,0.0714285746216774,0.7029702970297029,False
picture,word_top3,NUEx033,AP,9,-0.1,0.028163254,0.03530611,0.0714285746216774,0.7128712871287128,False
picture,word_top3,NUEx033,AP,10,0.0,0.025918357,0.036326516,0.06122449040412903,0.693069306930693,False
picture,word_top3,NUEx033,AP,11,0.1,0.025510194,0.03295917,0.06122449040412903,0.6039603960396039,False
picture,word_top3,NUEx033,AP,12,0.2,0.028061213,0.037448965,0.0714285746216774,0.7326732673267327,False
picture,word_top3,NUEx033,AP,13,0.3,0.033367336,0.039591823,0.0714285746216774,0.5247524752475248,False
picture,word_top3,NUEx033,AP,14,0.4,0.040102024,0.04122448,0.0714285746216774,0.5841584158415841,False
picture,word_top3,NUEx033,AP,15,0.5,0.049183674,0.035612233,0.06173469461500642,0.27722772277227725,False
picture,word_top3,NUEx033,AP,16,0.6,0.058469396,0.03755101,0.0714285746216774,0.16831683168316833,False
picture,word_top3,NUEx033,AP,17,0.7,0.061530635,0.032551005,0.0714285746216774,0.06930693069306931,False
picture,word_top3,NUEx033,AP,18,0.8,0.061224513,0.0370408,0.0714285746216774,0.06930693069306931,False
picture,word_top3,NUEx033,AP,19,0.9,0.06479594,0.03591835,0.06122449040412903,0.04950495049504951,True
picture,word_top3,NUEx033,AP,20,1.0,0.06663267,0.036734678,0.0714285746216774,0.0891089108910891,False
picture,word_top3,NUEx033,AP,21,1.1,0.0629592,0.033163253,0.06122449040412903,0.019801980198019802,True
picture,word_top3,NUEx033,AP,22,1.2,0.0679592,0.033469375,0.0714285746216774,0.07920792079207921,False
picture,word_top3,NUEx033,AP,23,1.3,0.06632654,0.033673454,0.0714285746216774,0.0891089108910891,False
picture,word_top3,NUEx033,AP,24,1.4,0.0659184,0.03255101,0.06122449040412903,0.0297029702970297,True
picture,word_top3,NUEx033,AP,25,1.5,0.05908165,0.035816316,0.0714285746216774,0.12871287128712872,False
picture,word_top3,NUEx033,AP,26,1.6,0.057346955,0.035714272,0.0714285746216774,0.12871287128712872,False
picture,word_top3,NUEx033,AP,27,1.7,0.05112246,0.03734692,0.06122449040412903,0.10891089108910891,False
picture,word_top3,NUEx033,AP,28,1.8,0.06142859,0.03663264,0.0714285746216774,0.0891089108910891,False
picture,word_top3,NUEx033,AP,29,1.9,0.060510226,0.033571415,0.06122449040412903,0.09900990099009901,False
picture,word_top3,NUEx033,AP,30,2.0,0.0529592,0.036224477,0.0714285746216774,0.1485148514851485,False
picture,word_top3,NUEx033,AP,31,2.1,0.057857156,0.0370408,0.0714285746216774,0.18811881188118812,False
picture,word_top3,NUEx033,AP,32,2.2,0.057653088,0.037346926,0.0714285746216774,0.18811881188118812,False
picture,word_top3,NUEx033,AP,33,2.3,0.052857157,0.03642856,0.0714285746216774,0.13861386138613863,False
picture,word_top3,NUEx033,AP,34,2.4,0.053673476,0.033163253,0.0714285746216774,0.12871287128712872,False
picture,word_top3,NUEx033,AP,35,2.5,0.04448979,0.037244886,0.07244898267090315,0.27722772277227725,False
picture,word_top3,NUEx033,AP,36,2.6,0.040918354,0.03397958,0.06122449040412903,0.19801980198019803,False
picture,word_top3,NUEx033,AP,37,2.7,0.040204067,0.035714272,0.06122449040412903,0.44554455445544555,False
picture,word_top3,NUEx033,AP,38,2.8,0.041020393,0.03642856,0.0714285746216774,0.31683168316831684,False
picture,word_top3,NUEx033,AP,39,2.9,0.039999984,0.037755087,0.07193877846002576,0.49504950495049505,False
picture,word_top3,NUEx033,AP,40,3.0,0.041122437,0.035612233,0.0714285746216774,0.297029702970297,False
picture,word_top3,NUEx033,AP,41,3.1,0.046428576,0.034489784,0.06122449040412903,0.26732673267326734,False
picture,word_top3,NUEx033,AP,42,3.2,0.049285714,0.032040805,0.06122449040412903,0.22772277227722773,False
picture,word_top3,NUEx033,AP,43,3.3,0.04397959,0.03642856,0.0714285746216774,0.3465346534653465,False
picture,word_top3,NUEx033,AP,44,3.4,0.046632662,0.035306107,0.06122449040412903,0.31683168316831684,False
picture,word_top3,NUEx033,AP,45,3.5,0.039693862,0.034591824,0.06122449040412903,0.4752475247524752,False
picture,word_top3,NUEx033,AP,46,3.6,0.045510203,0.03122448,0.06122449040412903,0.16831683168316833,False
picture,word_top3,NUEx033,AP,47,3.7,0.04887756,0.035816316,0.0714285746216774,0.24752475247524752,False
picture,word_top3,NUEx033,AP,48,3.8,0.047857147,0.033469375,0.06122449040412903,0.26732673267326734,False
picture,word_top3,NUEx033,AP,49,3.9,0.046428576,0.034489784,0.06122449040412903,0.27722772277227725,False
picture,word_top3,NUEx044,AZ,0,-1.0,0.042920355,0.037787613,0.06194690242409706,0.36633663366336633,False
picture,word_top3,NUEx044,AZ,1,-0.9,0.04044248,0.035884958,0.05752212554216385,0.297029702970297,False
picture,word_top3,NUEx044,AZ,2,-0.8,0.040929213,0.03615044,0.05309734493494034,0.32673267326732675,False
picture,word_top3,NUEx044,AZ,3,-0.7,0.03969027,0.037256632,0.057743364386260494,0.4752475247524752,False
picture,word_top3,NUEx044,AZ,4,-0.6,0.04057523,0.03504425,0.05309734493494034,0.31683168316831684,False
picture,word_top3,NUEx044,AZ,5,-0.5,0.04141593,0.03778762,0.05752212554216385,0.36633663366336633,False
picture,word_top3,NUEx044,AZ,6,-0.4,0.038539823,0.037079647,0.05752212554216385,0.504950495049505,False
picture,word_top3,NUEx044,AZ,7,-0.3,0.037831858,0.036637165,0.05752212554216385,0.46534653465346537,False
picture,word_top3,NUEx044,AZ,8,-0.2,0.040840723,0.035929203,0.06194690242409706,0.32673267326732675,False
picture,word_top3,NUEx044,AZ,9,-0.1,0.039336286,0.035176985,0.05309734493494034,0.36633663366336633,False
picture,word_top3,NUEx044,AZ,10,0.0,0.03579646,0.037345134,0.05752212554216385,0.48514851485148514,False
picture,word_top3,NUEx044,AZ,11,0.1,0.034070794,0.034867253,0.05752212554216385,0.5544554455445545,False
picture,word_top3,NUEx044,AZ,12,0.2,0.038274333,0.035884958,0.057964603230357147,0.37623762376237624,False
picture,word_top3,NUEx044,AZ,13,0.3,0.046637177,0.03836284,0.06194690242409706,0.24752475247524752,False
picture,word_top3,NUEx044,AZ,14,0.4,0.059513267,0.037876107,0.06194690242409706,0.06930693069306931,False
picture,word_top3,NUEx044,AZ,15,0.5,0.06314159,0.035929207,0.05309734493494034,0.0297029702970297,True
picture,word_top3,NUEx044,AZ,16,0.6,0.06951327,0.036991153,0.06194690242409706,0.009900990099009901,True
picture,word_top3,NUEx044,AZ,17,0.7,0.07853983,0.03495575,0.05309734493494034,0.009900990099009901,True
picture,word_top3,NUEx044,AZ,18,0.8,0.079115056,0.03615045,0.05309734493494034,0.009900990099009901,True
picture,word_top3,NUEx044,AZ,19,0.9,0.086946875,0.03836283,0.05752212554216385,0.009900990099009901,True
picture,word_top3,NUEx044,AZ,20,1.0,0.094823025,0.03548672,0.05309734493494034,0.009900990099009901,True
picture,word_top3,NUEx044,AZ,21,1.1,0.095353976,0.03676991,0.0533185839653015,0.009900990099009901,True
picture,word_top3,NUEx044,AZ,22,1.2,0.103805296,0.037964605,0.05752212554216385,0.009900990099009901,True
picture,word_top3,NUEx044,AZ,23,1.3,0.10203538,0.037477877,0.06194690242409706,0.009900990099009901,True
picture,word_top3,NUEx044,AZ,24,1.4,0.08827433,0.036460176,0.05752212554216385,0.009900990099009901,True
picture,word_top3,NUEx044,AZ,25,1.5,0.087610595,0.039380528,0.06637167930603027,0.009900990099009901,True
picture,word_top3,NUEx044,AZ,26,1.6,0.082654886,0.036592923,0.0533185839653015,0.009900990099009901,True
picture,word_top3,NUEx044,AZ,27,1.7,0.079690255,0.03730089,0.05752212554216385,0.009900990099009901,True
picture,word_top3,NUEx044,AZ,28,1.8,0.07402656,0.036902647,0.057743364386260494,0.019801980198019802,True
picture,word_top3,NUEx044,AZ,29,1.9,0.06977878,0.035000004,0.05752212554216385,0.009900990099009901,True
picture,word_top3,NUEx044,AZ,30,2.0,0.068141595,0.03570796,0.05752212554216385,0.019801980198019802,True
picture,word_top3,NUEx044,AZ,31,2.1,0.065088496,0.03650443,0.057743364386260494,0.04950495049504951,True
picture,word_top3,NUEx044,AZ,32,2.2,0.062389378,0.035221238,0.0533185839653015,0.0297029702970297,True
picture,word_top3,NUEx044,AZ,33,2.3,0.06004424,0.03676991,0.06194690242409706,0.06930693069306931,False
picture,word_top3,NUEx044,AZ,34,2.4,0.059292022,0.037964597,0.05752212554216385,0.04950495049504951,True
picture,word_top3,NUEx044,AZ,35,2.5,0.055796456,0.03805309,0.05752212554216385,0.07920792079207921,False
picture,word_top3,NUEx044,AZ,36,2.6,0.05570798,0.037787613,0.05752212554216385,0.0891089108910891,False
picture,word_top3,NUEx044,AZ,37,2.7,0.054646015,0.039159294,0.06194690242409706,0.1485148514851485,False
picture,word_top3,NUEx044,AZ,38,2.8,0.053451333,0.04044247,0.06194690242409706,0.19801980198019803,False
picture,word_top3,NUEx044,AZ,39,2.9,0.048716813,0.036858406,0.057743364386260494,0.15841584158415842,False
picture,word_top3,NUEx044,AZ,40,3.0,0.046858408,0.036991153,0.05752212554216385,0.18811881188118812,False
picture,word_top3,NUEx044,AZ,41,3.1,0.050884962,0.03637169,0.05752212554216385,0.1188118811881188,False
picture,word_top3,NUEx044,AZ,42,3.2,0.04964602,0.037787613,0.0533185839653015,0.12871287128712872,False
picture,word_top3,NUEx044,AZ,43,3.3,0.05088495,0.036681414,0.05752212554216385,0.15841584158415842,False
picture,word_top3,NUEx044,AZ,44,3.4,0.04707965,0.03570796,0.05752212554216385,0.18811881188118812,False
picture,word_top3,NUEx044,AZ,45,3.5,0.048716813,0.03588496,0.05309734493494034,0.10891089108910891,False
picture,word_top3,NUEx044,AZ,46,3.6,0.047964595,0.036017705,0.05309734493494034,0.15841584158415842,False
picture,word_top3,NUEx044,AZ,47,3.7,0.04787611,0.03730089,0.057743364386260494,0.21782178217821782,False
picture,word_top3,NUEx044,AZ,48,3.8,0.04495575,0.035486724,0.05752212554216385,0.2079207920792079,False
picture,word_top3,NUEx044,AZ,49,3.9,0.043318596,0.036504418,0.0533185839653015,0.3069306930693069,False
picture,word_top3,NUEx030,CP,0,-1.0,0.0823256,0.033488385,0.06976744532585144,0.04950495049504951,False
picture,word_top3,NUEx030,CP,1,-0.9,0.064186074,0.039767455,0.09418604634702199,0.24752475247524752,False
picture,word_top3,NUEx030,CP,2,-0.8,0.06558142,0.038837224,0.09302325546741486,0.25742574257425743,False
picture,word_top3,NUEx030,CP,3,-0.7,0.0551163,0.034186058,0.09302325546741486,0.22772277227722773,False
picture,word_top3,NUEx030,CP,4,-0.6,0.05395351,0.036046524,0.09302325546741486,0.18811881188118812,False
picture,word_top3,NUEx030,CP,5,-0.5,0.048372112,0.032325596,0.06976744532585144,0.13861386138613863,False
picture,word_top3,NUEx030,CP,6,-0.4,0.052093044,0.035581406,0.09302325546741486,0.22772277227722773,False
picture,word_top3,NUEx030,CP,7,-0.3,0.038837224,0.040000014,0.09302325546741486,0.5247524752475248,False
picture,word_top3,NUEx030,CP,8,-0.2,0.04325583,0.033488385,0.06976744532585144,0.46534653465346537,False
picture,word_top3,NUEx030,CP,9,-0.1,0.047441877,0.033255827,0.06976744532585144,0.24752475247524752,False
picture,word_top3,NUEx030,CP,10,0.0,0.046511646,0.037209317,0.07093023583292954,0.2079207920792079,False
picture,word_top3,NUEx030,CP,11,0.1,0.038139552,0.03139536,0.07093023583292954,0.42574257425742573,False
picture,word_top3,NUEx030,CP,12,0.2,0.046511646,0.030697687,0.06976744532585144,0.1485148514851485,False
picture,word_top3,NUEx030,CP,13,0.3,0.06511631,0.035813965,0.07093023583292954,0.19801980198019803,False
picture,word_top3,NUEx030,CP,14,0.4,0.06697677,0.036511645,0.09302325546741486,0.16831683168316833,False
picture,word_top3,NUEx030,CP,15,0.5,0.06883724,0.036279086,0.09302325546741486,0.21782178217821782,False
picture,word_top3,NUEx030,CP,16,0.6,0.067907,0.033255827,0.09302325546741486,0.15841584158415842,False
picture,word_top3,NUEx030,CP,17,0.7,0.07186049,0.03697676,0.07093023583292954,0.0594059405940594,True
picture,word_top3,NUEx030,CP,18,0.8,0.06883724,0.030232571,0.07093023583292954,0.1188118811881188,False
picture,word_top3,NUEx030,CP,19,0.9,0.06581398,0.038372107,0.09302325546741486,0.2079207920792079,False
picture,word_top3,NUEx030,CP,20,1.0,0.061395373,0.035813965,0.09302325546741486,0.2079207920792079,False
picture,word_top3,NUEx030,CP,21,1.1,0.060930256,0.03534885,0.06976744532585144,0.2079207920792079,False
picture,word_top3,NUEx030,CP,22,1.2,0.07511631,0.033255827,0.09302325546741486,0.07920792079207921,False
picture,word_top3,NUEx030,CP,23,1.3,0.066046536,0.03697676,0.09418604634702199,0.2079207920792079,False
picture,word_top3,NUEx030,CP,24,1.4,0.06186049,0.03930234,0.09302325546741486,0.26732673267326734,False
picture,word_top3,NUEx030,CP,25,1.5,0.06860468,0.035581406,0.09302325546741486,0.19801980198019803,False
picture,word_top3,NUEx030,CP,26,1.6,0.07744189,0.034883734,0.09302325546741486,0.06930693069306931,False
picture,word_top3,NUEx030,CP,27,1.7,0.08395352,0.04046513,0.09302325546741486,0.09900990099009901,False
picture,word_top3,NUEx030,CP,28,1.8,0.06883723,0.036279086,0.09302325546741486,0.16831683168316833,False
picture,word_top3,NUEx030,CP,29,1.9,0.07511631,0.039069783,0.09302325546741486,0.09900990099009901,False
picture,word_top3,NUEx030,CP,30,2.0,0.07488375,0.03651164,0.07093023583292954,0.0594059405940594,True
picture,word_top3,NUEx030,CP,31,2.1,0.06976747,0.035581406,0.09418604634702199,0.0891089108910891,False
picture,word_top3,NUEx030,CP,32,2.2,0.07232561,0.041162804,0.09302325546741486,0.0891089108910891,False
picture,word_top3,NUEx030,CP,33,2.3,0.048139554,0.037441872,0.09302325546741486,0.21782178217821782,False
picture,word_top3,NUEx030,CP,34,2.4,0.0395349,0.039069783,0.09302325546741486,0.5445544554455446,False
picture,word_top3,NUEx030,CP,35,2.5,0.052325603,0.03558141,0.09302325546741486,0.19801980198019803,False
picture,word_top3,NUEx030,CP,36,2.6,0.052790716,0.030465126,0.06976744532585144,0.16831683168316833,False
picture,word_top3,NUEx030,CP,37,2.7,0.053255834,0.038837224,0.09302325546741486,0.19801980198019803,False
picture,word_top3,NUEx030,CP,38,2.8,0.050465137,0.034883734,0.09302325546741486,0.19801980198019803,False
picture,word_top3,NUEx030,CP,39,2.9,0.043720946,0.037674434,0.09302325546741486,0.504950495049505,False
picture,word_top3,NUEx030,CP,40,3.0,0.04581397,0.043023273,0.09302325546741486,0.5742574257425742,False
picture,word_top3,NUEx030,CP,41,3.1,0.047906995,0.036279086,0.09302325546741486,0.2079207920792079,False
picture,word_top3,NUEx030,CP,42,3.2,0.048372112,0.038372107,0.09302325546741486,0.22772277227722773,False
picture,word_top3,NUEx030,CP,43,3.3,0.0551163,0.038139552,0.09302325546741486,0.24752475247524752,False
picture,word_top3,NUEx030,CP,44,3.4,0.051860485,0.035581406,0.09302325546741486,0.19801980198019803,False
picture,word_top3,NUEx030,CP,45,3.5,0.061395373,0.03651164,0.09302325546741486,0.21782178217821782,False
picture,word_top3,NUEx030,CP,46,3.6,0.061162814,0.034418616,0.09302325546741486,0.2376237623762376,False
picture,word_top3,NUEx030,CP,47,3.7,0.06209305,0.034651175,0.09302325546741486,0.22772277227722773,False
picture,word_top3,NUEx030,CP,48,3.8,0.048139554,0.037906993,0.09302325546741486,0.22772277227722773,False
picture,word_top3,NUEx030,CP,49,3.9,0.053255834,0.04093025,0.09418604634702199,0.2871287128712871,False
picture,word_top3,NUEx030,CP,50,4.0,0.057907,0.04325583,0.09302325546741486,0.25742574257425743,False
picture,word_top3,NUEx030,CP,51,4.1,0.047441877,0.039069783,0.09302325546741486,0.21782178217821782,False
picture,word_top3,NUEx030,CP,52,4.2,0.036279082,0.03441862,0.09302325546741486,0.4158415841584158,False
picture,word_top3,NUEx030,CP,53,4.3,0.051860485,0.040000014,0.09302325546741486,0.22772277227722773,False
picture,word_top3,NUEx030,CP,54,4.4,0.056976765,0.0367442,0.09302325546741486,0.19801980198019803,False
picture,word_top3,NUEx030,CP,55,4.5,0.06162793,0.036511645,0.09302325546741486,0.19801980198019803,False
picture,word_top3,NUEx030,CP,56,4.6,0.064883746,0.040000014,0.09418604634702199,0.2871287128712871,False
picture,word_top3,NUEx030,CP,57,4.7,0.06930235,0.035581406,0.09302325546741486,0.2079207920792079,False
picture,word_top3,NUEx030,CP,58,4.8,0.059534907,0.030930245,0.06976744532585144,0.1485148514851485,False
picture,word_top3,NUEx045,DR,0,-1.0,0.040093467,0.03308409,0.056542054377496216,0.27722772277227725,False
picture,word_top3,NUEx045,DR,1,-0.9,0.03299065,0.03429906,0.056542054377496216,0.5247524752475248,False
picture,word_top3,NUEx045,DR,2,-0.8,0.03728972,0.03196261,0.05607476457953453,0.4752475247524752,False
picture,word_top3,NUEx045,DR,3,-0.7,0.03523364,0.03345794,0.06588785015046594,0.48514851485148514,False
picture,word_top3,NUEx045,DR,4,-0.6,0.032710273,0.031121481,0.06588785015046594,0.45544554455445546,False
picture,word_top3,NUEx045,DR,5,-0.5,0.03401868,0.036728974,0.06542056053876877,0.594059405940594,False
picture,word_top3,NUEx045,DR,6,-0.4,0.037383165,0.029626159,0.05607476457953453,0.39603960396039606,False
picture,word_top3,NUEx045,DR,7,-0.3,0.032336447,0.03242989,0.05607476457953453,0.46534653465346537,False
picture,word_top3,NUEx045,DR,8,-0.2,0.037289716,0.03214952,0.06588785015046594,0.43564356435643564,False
picture,word_top3,NUEx045,DR,9,-0.1,0.039813075,0.034112148,0.06542056053876877,0.3069306930693069,False
picture,word_top3,NUEx045,DR,10,0.0,0.03607476,0.03439252,0.06542056053876877,0.5445544554455446,False
picture,word_top3,NUEx045,DR,11,0.1,0.03785047,0.032429893,0.06542056053876877,0.24752475247524752,False
picture,word_top3,NUEx045,DR,12,0.2,0.03747663,0.032429893,0.056542054377496216,0.2871287128712871,False
picture,word_top3,NUEx045,DR,13,0.3,0.03953271,0.035514016,0.06542056053876877,0.33663366336633666,False
picture,word_top3,NUEx045,DR,14,0.4,0.039345797,0.032149527,0.06542056053876877,0.2871287128712871,False
picture,word_top3,NUEx045,DR,15,0.5,0.04700936,0.03261682,0.06542056053876877,0.1782178217821782,False
picture,word_top3,NUEx045,DR,16,0.6,0.04504673,0.031121485,0.05607476457953453,0.21782178217821782,False
picture,word_top3,NUEx045,DR,17,0.7,0.048130848,0.030373827,0.05607476457953453,0.1188118811881188,False
picture,word_top3,NUEx045,DR,18,0.8,0.050000004,0.032990646,0.06588785015046594,0.13861386138613863,False
picture,word_top3,NUEx045,DR,19,0.9,0.052803732,0.03476635,0.06542056053876877,0.1485148514851485,False
picture,word_top3,NUEx045,DR,20,1.0,0.053271025,0.03289718,0.05607476457953453,0.1485148514851485,False
picture,word_top3,NUEx045,DR,21,1.1,0.057943944,0.032336436,0.056542054377496216,0.0594059405940594,True
picture,word_top3,NUEx045,DR,22,1.2,0.06112151,0.034485973,0.05607476457953453,0.039603960396039604,True
picture,word_top3,NUEx045,DR,23,1.3,0.054766368,0.031401858,0.05607476457953453,0.10891089108910891,False
picture,word_top3,NUEx045,DR,24,1.4,0.053831797,0.035420567,0.06542056053876877,0.13861386138613863,False
picture,word_top3,NUEx045,DR,25,1.5,0.047196273,0.03373831,0.06542056053876877,0.22772277227722773,False
picture,word_top3,NUEx045,DR,26,1.6,0.05056076,0.03224297,0.056542054377496216,0.10891089108910891,False
picture,word_top3,NUEx045,DR,27,1.7,0.048504677,0.029345779,0.05607476457953453,0.1188118811881188,False
picture,word_top3,NUEx045,DR,28,1.8,0.045140192,0.035700925,0.07476635277271271,0.31683168316831684,False
picture,word_top3,NUEx045,DR,29,1.9,0.047102824,0.03327102,0.05607476457953453,0.13861386138613863,False
picture,word_top3,NUEx045,DR,30,2.0,0.048411235,0.032429896,0.05607476457953453,0.09900990099009901,False
picture,word_top3,NUEx045,DR,31,2.1,0.049065426,0.03214952,0.05607476457953453,0.1188118811881188,False
picture,word_top3,NUEx045,DR,32,2.2,0.045514032,0.033271015,0.05607476457953453,0.27722772277227725,False
picture,word_top3,NUEx045,DR,33,2.3,0.046635523,0.030934572,0.05607476457953453,0.25742574257425743,False
picture,word_top3,NUEx045,DR,34,2.4,0.046448592,0.032056063,0.05607476457953453,0.3069306930693069,False
picture,word_top3,NUEx045,DR,35,2.5,0.04700935,0.032803733,0.05607476457953453,0.15841584158415842,False
picture,word_top3,NUEx045,DR,36,2.6,0.04364486,0.031495318,0.056542054377496216,0.22772277227722773,False
picture,word_top3,NUEx045,DR,37,2.7,0.042429905,0.032336444,0.06542056053876877,0.3069306930693069,False
picture,word_top3,NUEx045,DR,38,2.8,0.04411216,0.033271022,0.06542056053876877,0.25742574257425743,False
picture,word_top3,NUEx045,DR,39,2.9,0.04411215,0.029999986,0.06542056053876877,0.2376237623762376,False
picture,word_top3,NUEx045,DR,40,3.0,0.041214947,0.03084111,0.056542054377496216,0.26732673267326734,False
picture,word_top3,NUEx045,DR,41,3.1,0.03971962,0.035794392,0.06588785015046594,0.32673267326732675,False
picture,word_top3,NUEx045,DR,42,3.2,0.03990654,0.030093458,0.05607476457953453,0.25742574257425743,False
picture,word_top3,NUEx045,DR,43,3.3,0.03915888,0.03588784,0.06588785015046594,0.31683168316831684,False
picture,word_top3,NUEx045,DR,44,3.4,0.043084115,0.03028037,0.05607476457953453,0.297029702970297,False
picture,word_top3,NUEx045,DR,45,3.5,0.045514017,0.03289718,0.05607476457953453,0.25742574257425743,False
picture,word_top3,NUEx045,DR,46,3.6,0.045607477,0.03560747,0.06588785015046594,0.2871287128712871,False
picture,word_top3,NUEx045,DR,47,3.7,0.039158862,0.032990646,0.06588785015046594,0.3069306930693069,False
picture,word_top3,NUEx045,DR,48,3.8,0.04093458,0.034579426,0.06542056053876877,0.31683168316831684,False
picture,word_top3,NUEx045,DR,49,3.9,0.04093458,0.032710265,0.056542054377496216,0.26732673267326734,False
picture,word_top3,NUEx042,EH,0,-1.0,0.028761934,0.03161907,0.05714285746216774,0.4158415841584158,False
picture,word_top3,NUEx042,EH,1,-0.9,0.027714305,0.03114288,0.06666667014360428,0.6237623762376238,False
picture,word_top3,NUEx042,EH,2,-0.8,0.03161907,0.033904783,0.06666667014360428,0.48514851485148514,False
picture,word_top3,NUEx042,EH,3,-0.7,0.032952413,0.030952409,0.05714285746216774,0.44554455445544555,False
picture,word_top3,NUEx042,EH,4,-0.6,0.035428595,0.029714309,0.05714285746216774,0.42574257425742573,False
picture,word_top3,NUEx042,EH,5,-0.5,0.036380973,0.03285716,0.06666667014360428,0.44554455445544555,False
picture,word_top3,NUEx042,EH,6,-0.4,0.039428588,0.030952401,0.06714286059141156,0.21782178217821782,False
picture,word_top3,NUEx042,EH,7,-0.3,0.041809548,0.030571442,0.06666667014360428,0.22772277227722773,False
picture,word_top3,NUEx042,EH,8,-0.2,0.035904784,0.026761914,0.05714285746216774,0.31683168316831684,False
picture,word_top3,NUEx042,EH,9,-0.1,0.034857165,0.02923811,0.05714285746216774,0.38613861386138615,False
picture,word_top3,NUEx042,EH,10,0.0,0.03228574,0.032095265,0.05714285746216774,0.45544554455445546,False
picture,word_top3,NUEx042,EH,11,0.1,0.034476217,0.031238114,0.05714285746216774,0.4158415841584158,False
picture,word_top3,NUEx042,EH,12,0.2,0.038285736,0.030476207,0.057619048096239536,0.19801980198019803,False
picture,word_top3,NUEx042,EH,13,0.3,0.053333353,0.030761924,0.05714285746216774,0.1188118811881188,False
picture,word_top3,NUEx042,EH,14,0.4,0.058095247,0.030666692,0.05714285746216774,0.039603960396039604,True
picture,word_top3,NUEx042,EH,15,0.5,0.072380975,0.031523827,0.05714285746216774,0.039603960396039604,True
picture,word_top3,NUEx042,EH,16,0.6,0.08190479,0.030000016,0.048095238953828785,0.009900990099009901,True
picture,word_top3,NUEx042,EH,17,0.7,0.0809524,0.029428586,0.05714285746216774,0.009900990099009901,True
picture,word_top3,NUEx042,EH,18,0.8,0.07933334,0.03057145,0.05714285746216774,0.009900990099009901,True
picture,word_top3,NUEx042,EH,19,0.9,0.08,0.0309524,0.057619048096239536,0.019801980198019802,True
picture,word_top3,NUEx042,EH,20,1.0,0.074857146,0.028095262,0.05714285746216774,0.009900990099009901,True
picture,word_top3,NUEx042,EH,21,1.1,0.08276191,0.031047633,0.05714285746216774,0.019801980198019802,True
picture,word_top3,NUEx042,EH,22,1.2,0.08228573,0.030857163,0.05714285746216774,0.009900990099009901,True
picture,word_top3,NUEx042,EH,23,1.3,0.074952394,0.03400003,0.06666667014360428,0.0297029702970297,True
picture,word_top3,NUEx042,EH,24,1.4,0.07066668,0.031047635,0.06666667014360428,0.039603960396039604,True
picture,word_top3,NUEx042,EH,25,1.5,0.057523828,0.033238117,0.06666667014360428,0.06930693069306931,False
picture,word_top3,NUEx042,EH,26,1.6,0.052761924,0.032857165,0.05714285746216774,0.1188118811881188,False
picture,word_top3,NUEx042,EH,27,1.7,0.06000001,0.031714313,0.05714285746216774,0.039603960396039604,True
picture,word_top3,NUEx042,EH,28,1.8,0.056380957,0.03333335,0.05714285746216774,0.1485148514851485,False
picture,word_top3,NUEx042,EH,29,1.9,0.059047643,0.030380987,0.057619048096239536,0.0594059405940594,True
picture,word_top3,NUEx042,EH,30,2.0,0.059619058,0.032380976,0.05714285746216774,0.039603960396039604,True
picture,word_top3,NUEx042,EH,31,2.1,0.0612381,0.03352382,0.06666667014360428,0.0891089108910891,False
picture,word_top3,NUEx042,EH,32,2.2,0.06504763,0.03085716,0.06666667014360428,0.07920792079207921,False
picture,word_top3,NUEx042,EH,33,2.3,0.061428566,0.028476207,0.05714285746216774,0.019801980198019802,True
picture,word_top3,NUEx042,EH,34,2.4,0.06514287,0.034761928,0.06666667014360428,0.0891089108910891,False
picture,word_top3,NUEx042,EH,35,2.5,0.06342859,0.03266668,0.06666667014360428,0.06930693069306931,False
picture,word_top3,NUEx042,EH,36,2.6,0.052190498,0.030380974,0.05714285746216774,0.10891089108910891,False
picture,word_top3,NUEx042,EH,37,2.7,0.057809524,0.030761924,0.05714285746216774,0.039603960396039604,True
picture,word_top3,NUEx042,EH,38,2.8,0.055238113,0.028095257,0.0476190485060215,0.04950495049504951,True
picture,word_top3,NUEx042,EH,39,2.9,0.055714287,0.031428587,0.048095238953828785,0.0594059405940594,True
picture,word_top3,NUEx042,EH,40,3.0,0.052380983,0.029333359,0.057619048096239536,0.12871287128712872,False
picture,word_top3,NUEx042,EH,41,3.1,0.055809535,0.029714305,0.0476190485060215,0.04950495049504951,True
picture,word_top3,NUEx042,EH,42,3.2,0.048571464,0.030761922,0.05714285746216774,0.09900990099009901,False
picture,word_top3,NUEx042,EH,43,3.3,0.04561906,0.034380972,0.06666667014360428,0.2376237623762376,False
picture,word_top3,NUEx042,EH,44,3.4,0.048571445,0.03352383,0.05714285746216774,0.09900990099009901,False
picture,word_top3,NUEx042,EH,45,3.5,0.04752384,0.03104764,0.06666667014360428,0.24752475247524752,False
picture,word_top3,NUEx042,EH,46,3.6,0.050380964,0.03161907,0.06666667014360428,0.18811881188118812,False
picture,word_top3,NUEx042,EH,47,3.7,0.04438097,0.028952396,0.05714285746216774,0.16831683168316833,False
picture,word_top3,NUEx042,EH,48,3.8,0.04171431,0.027809534,0.048095238953828785,0.19801980198019803,False
picture,word_top3,NUEx042,EH,49,3.9,0.0417143,0.03038097,0.05714285746216774,0.19801980198019803,False
picture,word_top3,NUEx032,EM,0,-1.0,0.044391904,0.043851346,0.0810810774564743,0.49504950495049505,False
picture,word_top3,NUEx032,EM,1,-0.9,0.044797305,0.045878366,0.0810810774564743,0.45544554455445546,False
picture,word_top3,NUEx032,EM,2,-0.8,0.043986488,0.039324306,0.06081081181764603,0.38613861386138615,False
picture,word_top3,NUEx032,EM,3,-0.7,0.042432424,0.04209459,0.07432432472705841,0.4158415841584158,False
picture,word_top3,NUEx032,EM,4,-0.6,0.040945943,0.043851357,0.07432432472705841,0.46534653465346537,False
picture,word_top3,NUEx032,EM,5,-0.5,0.04351352,0.043513514,0.06756756454706192,0.49504950495049505,False
picture,word_top3,NUEx032,EM,6,-0.4,0.040675662,0.042837836,0.06756756454706192,0.49504950495049505,False
picture,word_top3,NUEx032,EM,7,-0.3,0.04243244,0.04270271,0.06790540255606173,0.42574257425742573,False
picture,word_top3,NUEx032,EM,8,-0.2,0.040743243,0.041756768,0.06756756454706192,0.46534653465346537,False
picture,word_top3,NUEx032,EM,9,-0.1,0.043040544,0.042364858,0.07432432472705841,0.42574257425742573,False
picture,word_top3,NUEx032,EM,10,0.0,0.041418914,0.04155405,0.06756756454706192,0.40594059405940597,False
picture,word_top3,NUEx032,EM,11,0.1,0.04006755,0.042229734,0.07432432472705841,0.6138613861386139,False
picture,word_top3,NUEx032,EM,12,0.2,0.04418918,0.04452703,0.06756756454706192,0.504950495049505,False
picture,word_top3,NUEx032,EM,13,0.3,0.05736489,0.045878377,0.0810810774564743,0.27722772277227725,False
picture,word_top3,NUEx032,EM,14,0.4,0.075945936,0.04283782,0.06790540255606173,0.04950495049504951,True
picture,word_top3,NUEx032,EM,15,0.5,0.09175676,0.044594597,0.06790540255606173,0.009900990099009901,True
picture,word_top3,NUEx032,EM,16,0.6,0.097432464,0.042499997,0.06790540255606173,0.009900990099009901,True
picture,word_top3,NUEx032,EM,17,0.7,0.09979729,0.04283783,0.0810810774564743,0.009900990099009901,True
picture,word_top3,NUEx032,EM,18,0.8,0.10304055,0.041283794,0.06790540255606173,0.009900990099009901,True
picture,word_top3,NUEx032,EM,19,0.9,0.108310804,0.04506756,0.07432432472705841,0.009900990099009901,True
picture,word_top3,NUEx032,EM,20,1.0,0.10250005,0.042567562,0.06790540255606173,0.009900990099009901,True
picture,word_top3,NUEx032,EM,21,1.1,0.109797336,0.043513514,0.06790540255606173,0.009900990099009901,True
picture,word_top3,NUEx032,EM,22,1.2,0.1148649,0.042702705,0.06756756454706192,0.009900990099009901,True
picture,word_top3,NUEx032,EM,23,1.3,0.11912164,0.04222972,0.06756756454706192,0.009900990099009901,True
picture,word_top3,NUEx032,EM,24,1.4,0.11027031,0.043648645,0.07432432472705841,0.009900990099009901,True
picture,word_top3,NUEx032,EM,25,1.5,0.092635155,0.042027034,0.06790540255606173,0.009900990099009901,True
picture,word_top3,NUEx032,EM,26,1.6,0.080270246,0.0402027,0.07432432472705841,0.039603960396039604,True
picture,word_top3,NUEx032,EM,27,1.7,0.06932432,0.03966216,0.06756756454706192,0.039603960396039604,True
picture,word_top3,NUEx032,EM,28,1.8,0.062094614,0.04222972,0.07432432472705841,0.10891089108910891,False
picture,word_top3,NUEx032,EM,29,1.9,0.056148645,0.044256758,0.07432432472705841,0.24752475247524752,False
picture,word_top3,NUEx032,EM,30,2.0,0.05581083,0.04466217,0.07466216236352918,0.18811881188118812,False
picture,word_top3,NUEx032,EM,31,2.1,0.050878394,0.04162163,0.06756756454706192,0.32673267326732675,False
picture,word_top3,NUEx032,EM,32,2.2,0.049459457,0.045675684,0.07432432472705841,0.3564356435643564,False
picture,word_top3,NUEx032,EM,33,2.3,0.048040554,0.045743242,0.0810810774564743,0.36633663366336633,False
picture,word_top3,NUEx032,EM,34,2.4,0.050878394,0.043445956,0.06756756454706192,0.3564356435643564,False
picture,word_top3,NUEx032,EM,35,2.5,0.05310812,0.04162161,0.07432432472705841,0.25742574257425743,False
picture,word_top3,NUEx032,EM,36,2.6,0.046756774,0.043716207,0.07432432472705841,0.46534653465346537,False
picture,word_top3,NUEx032,EM,37,2.7,0.054324336,0.04445946,0.07432432472705841,0.25742574257425743,False
picture,word_top3,NUEx032,EM,38,2.8,0.04878379,0.0435135,0.07432432472705841,0.27722772277227725,False
picture,word_top3,NUEx032,EM,39,2.9,0.049864866,0.04452703,0.07432432472705841,0.3564356435643564,False
picture,word_top3,NUEx032,EM,40,3.0,0.049729723,0.0429054,0.07432432472705841,0.32673267326732675,False
picture,word_top3,NUEx032,EM,41,3.1,0.047972985,0.042837836,0.07432432472705841,0.31683168316831684,False
picture,word_top3,NUEx032,EM,42,3.2,0.048243236,0.04364865,0.07432432472705841,0.27722772277227725,False
picture,word_top3,NUEx032,EM,43,3.3,0.04486487,0.04283783,0.07432432472705841,0.38613861386138615,False
picture,word_top3,NUEx032,EM,44,3.4,0.04648648,0.04425676,0.07432432472705841,0.504950495049505,False
picture,word_top3,NUEx032,EM,45,3.5,0.050270274,0.043783788,0.07432432472705841,0.38613861386138615,False
picture,word_top3,NUEx032,EM,46,3.6,0.05621623,0.040067554,0.06756756454706192,0.18811881188118812,False
picture,word_top3,NUEx032,EM,47,3.7,0.060743243,0.042972974,0.06756756454706192,0.1782178217821782,False
picture,word_top3,NUEx032,EM,48,3.8,0.06385135,0.044459447,0.07432432472705841,0.12871287128712872,False
picture,word_top3,NUEx032,EM,49,3.9,0.0695946,0.045202717,0.06790540255606173,0.0594059405940594,True
picture,word_top3,NUEx038,LH,0,-1.0,0.03925313,0.03535271,0.05850622449070213,0.3564356435643564,False
picture,word_top3,NUEx038,LH,1,-0.9,0.038340267,0.036763504,0.06244813296943902,0.3564356435643564,False
picture,word_top3,NUEx038,LH,2,-0.8,0.037717864,0.036846492,0.054149378091096864,0.40594059405940597,False
picture,word_top3,NUEx038,LH,3,-0.7,0.036929484,0.03639006,0.058091286569833755,0.5247524752475248,False
picture,word_top3,NUEx038,LH,4,-0.6,0.035477206,0.03692948,0.05829875543713568,0.5346534653465347,False
picture,word_top3,NUEx038,LH,5,-0.5,0.034647316,0.036763504,0.0543568469583988,0.5148514851485149,False
picture,word_top3,NUEx038,LH,6,-0.4,0.0360996,0.038174298,0.05829875543713568,0.6336633663366337,False
picture,word_top3,NUEx038,LH,7,-0.3,0.033817455,0.038257286,0.058091286569833755,0.6039603960396039,False
picture,word_top3,NUEx038,LH,8,-0.2,0.033817444,0.037344426,0.058091286569833755,0.5643564356435643,False
picture,word_top3,NUEx038,LH,9,-0.1,0.03319504,0.03593363,0.04979253187775612,0.5742574257425742,False
picture,word_top3,NUEx038,LH,10,0.0,0.030331971,0.037302926,0.05394190922379494,0.6831683168316832,False
picture,word_top3,NUEx038,LH,11,0.1,0.03228218,0.037053958,0.05829875543713568,0.6534653465346535,False
picture,word_top3,NUEx038,LH,12,0.2,0.050954364,0.034398355,0.054149378091096864,0.09900990099009901,False
picture,word_top3,NUEx038,LH,13,0.3,0.06107886,0.035850637,0.058091286569833755,0.04950495049504951,True
picture,word_top3,NUEx038,LH,14,0.4,0.06506228,0.03817429,0.06244813296943902,0.0594059405940594,True
picture,word_top3,NUEx038,LH,15,0.5,0.07207471,0.03605811,0.058091286569833755,0.009900990099009901,True
picture,word_top3,NUEx038,LH,16,0.6,0.080539435,0.039170142,0.058091286569833755,0.009900990099009901,True
picture,word_top3,NUEx038,LH,17,0.7,0.085186765,0.039336126,0.062240663915872574,0.009900990099009901,True
picture,word_top3,NUEx038,LH,18,0.8,0.08622412,0.03904567,0.05829875543713568,0.009900990099009901,True
picture,word_top3,NUEx038,LH,19,0.9,0.09120332,0.038713716,0.054149378091096864,0.009900990099009901,True
picture,word_top3,NUEx038,LH,20,1.0,0.087261446,0.03655604,0.058091286569833755,0.009900990099009901,True
picture,word_top3,NUEx038,LH,21,1.1,0.08701249,0.036473047,0.058091286569833755,0.019801980198019802,True
picture,word_top3,NUEx038,LH,22,1.2,0.08410788,0.037261438,0.058091286569833755,0.009900990099009901,True
picture,word_top3,NUEx038,LH,23,1.3,0.07381746,0.036597535,0.05394190922379494,0.009900990099009901,True
picture,word_top3,NUEx038,LH,24,1.4,0.06526973,0.03688799,0.062240663915872574,0.039603960396039604,True
picture,word_top3,NUEx038,LH,25,1.5,0.05580916,0.03560168,0.05829875543713568,0.0891089108910891,False
picture,word_top3,NUEx038,LH,26,1.6,0.05095437,0.035850644,0.05394190922379494,0.10891089108910891,False
picture,word_top3,NUEx038,LH,27,1.7,0.047385912,0.037676375,0.058091286569833755,0.21782178217821782,False
picture,word_top3,NUEx038,LH,28,1.8,0.041161846,0.03834026,0.062240663915872574,0.45544554455445546,False
picture,word_top3,NUEx038,LH,29,1.9,0.041659765,0.03647304,0.05394190922379494,0.31683168316831684,False
picture,word_top3,NUEx038,LH,30,2.0,0.04473032,0.03510375,0.058091286569833755,0.25742574257425743,False
picture,word_top3,NUEx038,LH,31,2.1,0.04232366,0.03659753,0.05394190922379494,0.26732673267326734,False
picture,word_top3,NUEx038,LH,32,2.2,0.041950226,0.03751039,0.058091286569833755,0.32673267326732675,False
picture,word_top3,NUEx038,LH,33,2.3,0.039502088,0.037095457,0.054149378091096864,0.42574257425742573,False
picture,word_top3,NUEx038,LH,34,2.4,0.040124502,0.039626576,0.058091286569833755,0.5445544554455446,False
picture,word_top3,NUEx038,LH,35,2.5,0.04041495,0.036058113,0.05394190922379494,0.36633663366336633,False
picture,word_top3,NUEx038,LH,36,2.6,0.04045646,0.03639007,0.058091286569833755,0.42574257425742573,False
picture,word_top3,NUEx038,LH,37,2.7,0.039502095,0.037095457,0.058091286569833755,0.45544554455445546,False
picture,word_top3,NUEx038,LH,38,2.8,0.044190895,0.038049813,0.05394190922379494,0.32673267326732675,False
picture,word_top3,NUEx038,LH,39,2.9,0.04302907,0.037759356,0.05829875543713568,0.26732673267326734,False
picture,word_top3,NUEx038,LH,40,3.0,0.041452304,0.035394214,0.05394190922379494,0.40594059405940597,False
picture,word_top3,NUEx038,LH,41,3.1,0.044854794,0.037178446,0.058091286569833755,0.25742574257425743,False
picture,word_top3,NUEx038,LH,42,3.2,0.04514525,0.040912896,0.058091286569833755,0.3564356435643564,False
picture,word_top3,NUEx038,LH,43,3.3,0.041244835,0.0361411,0.05394190922379494,0.38613861386138615,False
picture,word_top3,NUEx038,LH,44,3.4,0.041369323,0.036016613,0.058091286569833755,0.297029702970297,False
picture,word_top3,NUEx038,LH,45,3.5,0.04157679,0.037842344,0.058091286569833755,0.32673267326732675,False
picture,word_top3,NUEx038,LH,46,3.6,0.04207471,0.035933625,0.054149378091096864,0.26732673267326734,False
picture,word_top3,NUEx038,LH,47,3.7,0.042697117,0.040829897,0.062240663915872574,0.40594059405940597,False
picture,word_top3,NUEx038,LH,48,3.8,0.04244816,0.037800845,0.05394190922379494,0.33663366336633666,False
picture,word_top3,NUEx038,LH,49,3.9,0.042240676,0.03958509,0.05829875543713568,0.32673267326732675,False
picture,word_top3,NUEx035,MM,0,-1.0,0.07451608,0.054322544,0.0903225839138031,0.15841584158415842,False
picture,word_top3,NUEx035,MM,1,-0.9,0.065225765,0.056064483,0.09677419066429138,0.297029702970297,False
picture,word_top3,NUEx035,MM,2,-0.8,0.06787092,0.052128997,0.07741935551166534,0.2079207920792079,False
picture,word_top3,NUEx035,MM,3,-0.7,0.071870916,0.05406448,0.08419355042278764,0.16831683168316833,False
picture,word_top3,NUEx035,MM,4,-0.6,0.074774146,0.053290293,0.08387096971273422,0.13861386138613863,False
picture,word_top3,NUEx035,MM,5,-0.5,0.07716124,0.05406448,0.0903225839138031,0.15841584158415842,False
picture,word_top3,NUEx035,MM,6,-0.4,0.071548335,0.054128993,0.08419355042278764,0.13861386138613863,False
picture,word_top3,NUEx035,MM,7,-0.3,0.07322576,0.050903197,0.08387096971273422,0.1188118811881188,False
picture,word_top3,NUEx035,MM,8,-0.2,0.07167737,0.05058061,0.07741935551166534,0.06930693069306931,False
picture,word_top3,NUEx035,MM,9,-0.1,0.071419306,0.0553548,0.08419355042278764,0.16831683168316833,False
picture,word_top3,NUEx035,MM,10,0.0,0.058580607,0.052709647,0.08387096971273422,0.3069306930693069,False
picture,word_top3,NUEx035,MM,11,0.1,0.062322546,0.055935446,0.0906451642513275,0.38613861386138615,False
picture,word_top3,NUEx035,MM,12,0.2,0.062322546,0.052645124,0.08419355042278764,0.3069306930693069,False
picture,word_top3,NUEx035,MM,13,0.3,0.068387054,0.054516092,0.08387096971273422,0.22772277227722773,False
picture,word_top3,NUEx035,MM,14,0.4,0.07974188,0.052322555,0.08387096971273422,0.07920792079207921,False
picture,word_top3,NUEx035,MM,15,0.5,0.08245156,0.053483833,0.07741935551166534,0.04950495049504951,True
picture,word_top3,NUEx035,MM,16,0.6,0.08090318,0.05187093,0.08387096971273422,0.07920792079207921,False
picture,word_top3,NUEx035,MM,17,0.7,0.08877414,0.050387062,0.08387096971273422,0.0297029702970297,True
picture,word_top3,NUEx035,MM,18,0.8,0.090967685,0.053548355,0.08387096971273422,0.019801980198019802,True
picture,word_top3,NUEx035,MM,19,0.9,0.095548324,0.05058061,0.07741935551166534,0.009900990099009901,True
picture,word_top3,NUEx035,MM,20,1.0,0.09187091,0.053161252,0.08387096971273422,0.019801980198019802,True
picture,word_top3,NUEx035,MM,21,1.1,0.09870961,0.05593545,0.08419355042278764,0.019801980198019802,True
picture,word_top3,NUEx035,MM,22,1.2,0.090967685,0.04916126,0.07741935551166534,0.009900990099009901,True
picture,word_top3,NUEx035,MM,23,1.3,0.07754834,0.052774157,0.08387096971273422,0.06930693069306931,False
picture,word_top3,NUEx035,MM,24,1.4,0.074451566,0.04980642,0.07096774131059647,0.04950495049504951,True
picture,word_top3,NUEx035,MM,25,1.5,0.06670963,0.053741902,0.07774193622171877,0.19801980198019803,False
picture,word_top3,NUEx035,MM,26,1.6,0.06516125,0.053806413,0.08419355042278764,0.21782178217821782,False
picture,word_top3,NUEx035,MM,27,1.7,0.06438705,0.053612866,0.07774193622171877,0.3465346534653465,False
picture,word_top3,NUEx035,MM,28,1.8,0.06277415,0.05722577,0.0903225839138031,0.40594059405940597,False
picture,word_top3,NUEx035,MM,29,1.9,0.05967738,0.052645132,0.07741935551166534,0.33663366336633666,False
picture,word_top3,NUEx035,MM,30,2.0,0.06361286,0.05070965,0.07774193622171877,0.2871287128712871,False
picture,word_top3,NUEx035,MM,31,2.1,0.065096736,0.05064513,0.07774193622171877,0.18811881188118812,False
picture,word_top3,NUEx035,MM,32,2.2,0.06122577,0.05225803,0.0903225839138031,0.2376237623762376,False
picture,word_top3,NUEx035,MM,33,2.3,0.062387057,0.052322544,0.08387096971273422,0.27722772277227725,False
picture,word_top3,NUEx035,MM,34,2.4,0.06032254,0.04993545,0.07774193622171877,0.26732673267326734,False
picture,word_top3,NUEx035,MM,35,2.5,0.06070964,0.055483837,0.0903225839138031,0.37623762376237624,False
picture,word_top3,NUEx035,MM,36,2.6,0.06483867,0.052387066,0.07741935551166534,0.16831683168316833,False
picture,word_top3,NUEx035,MM,37,2.7,0.06793544,0.055677384,0.08387096971273422,0.31683168316831684,False
picture,word_top3,NUEx035,MM,38,2.8,0.06574189,0.053096738,0.08419355042278764,0.16831683168316833,False
picture,word_top3,NUEx035,MM,39,2.9,0.06670963,0.052967712,0.0903225839138031,0.2376237623762376,False
picture,word_top3,NUEx035,MM,40,3.0,0.06812899,0.055419315,0.0903225839138031,0.18811881188118812,False
picture,word_top3,NUEx035,MM,41,3.1,0.06180641,0.05251609,0.07774193622171877,0.3069306930693069,False
picture,word_top3,NUEx035,MM,42,3.2,0.060967702,0.050193515,0.07741935551166534,0.2871287128712871,False
picture,word_top3,NUEx035,MM,43,3.3,0.061612863,0.053419318,0.08419355042278764,0.26732673267326734,False
picture,word_top3,NUEx035,MM,44,3.4,0.060774155,0.053032223,0.07741935551166534,0.26732673267326734,False
picture,word_top3,NUEx035,MM,45,3.5,0.06148383,0.05187093,0.07129032202064989,0.24752475247524752,False
picture,word_top3,NUEx035,MM,46,3.6,0.058322545,0.05225803,0.07774193622171877,0.31683168316831684,False
picture,word_top3,NUEx035,MM,47,3.7,0.06529028,0.053741902,0.0903225839138031,0.22772277227722773,False
picture,word_top3,NUEx035,MM,48,3.8,0.0673548,0.052774157,0.08387096971273422,0.2079207920792079,False
picture,word_top3,NUEx035,MM,49,3.9,0.06354835,0.05341932,0.08387096971273422,0.3465346534653465,False
picture,word_top3,NUEx035,MM,50,4.0,0.060709633,0.055032223,0.08387096971273422,0.3564356435643564,False
picture,word_top3,NUEx035,MM,51,4.1,0.05787093,0.054064482,0.08387096971273422,0.4752475247524752,False
picture,word_top3,NUEx035,MM,52,4.2,0.055548348,0.05277416,0.08419355042278764,0.4158415841584158,False
picture,word_top3,NUEx035,MM,53,4.3,0.06077416,0.056128994,0.0903225839138031,0.3465346534653465,False
picture,word_top3,NUEx035,MM,54,4.4,0.055161256,0.055096734,0.08419355042278764,0.4752475247524752,False
picture,word_top3,NUEx035,MM,55,4.5,0.055161256,0.052387066,0.08387096971273422,0.39603960396039606,False
picture,word_top3,NUEx035,MM,56,4.6,0.055548348,0.05348384,0.0906451642513275,0.40594059405940597,False
picture,word_top3,NUEx035,MM,57,4.7,0.05058061,0.052709643,0.08387096971273422,0.5445544554455446,False
picture,word_top3,NUEx035,MM,58,4.8,0.05219351,0.051806416,0.07741935551166534,0.40594059405940597,False
picture,word_top3,NUEx035,MM,59,4.9,0.047161266,0.051677383,0.07741935551166534,0.5643564356435643,False
picture,word_top3,NUEx035,MM,60,5.0,0.052129,0.053999968,0.0903225839138031,0.42574257425742573,False
picture,word_top3,NUEx035,MM,61,5.1,0.055096734,0.04883868,0.07741935551166534,0.37623762376237624,False
picture,word_top3,NUEx035,MM,62,5.2,0.054064482,0.056645125,0.08419355042278764,0.6039603960396039,False
picture,word_top3,NUEx035,MM,63,5.3,0.053483833,0.053419318,0.07741935551166534,0.49504950495049505,False
picture,word_top3,NUEx035,MM,64,5.4,0.055548355,0.052645132,0.0903225839138031,0.39603960396039606,False
picture,word_top3,NUEx035,MM,65,5.5,0.05787093,0.050129,0.07741935551166534,0.36633663366336633,False
picture,word_top3,NUEx035,MM,66,5.6,0.06316125,0.054258026,0.08387096971273422,0.32673267326732675,False
picture,word_top3,NUEx035,MM,67,5.7,0.06129028,0.054516096,0.08387096971273422,0.37623762376237624,False
picture,word_top3,NUEx035,MM,68,5.8,0.06670963,0.05090319,0.08419355042278764,0.1782178217821782,False
picture,word_top3,NUEx035,MM,69,5.9,0.064903185,0.05722577,0.0903225839138031,0.26732673267326734,False
picture,word_top3,NUEx035,MM,70,6.0,0.05651609,0.05438706,0.08387096971273422,0.4752475247524752,False
picture,word_top3,NUEx035,MM,71,6.1,0.05722577,0.053741902,0.0903225839138031,0.42574257425742573,False
picture,word_top3,NUEx035,MM,72,6.2,0.054838676,0.056258027,0.08387096971273422,0.5544554455445545,False
picture,word_top3,NUEx035,MM,73,6.3,0.054387063,0.05283868,0.08387096971273422,0.42574257425742573,False
picture,word_top3,NUEx035,MM,74,6.4,0.055806413,0.05432255,0.08387096971273422,0.4752475247524752,False
picture,word_top3,NUEx035,MM,75,6.5,0.05496771,0.053225774,0.07741935551166534,0.44554455445544555,False
picture,word_top3,NUEx035,MM,76,6.6,0.0589677,0.05561287,0.08387096971273422,0.3564356435643564,False
picture,word_top3,NUEx035,MM,77,6.7,0.05838706,0.054580614,0.08387096971273422,0.37623762376237624,False
picture,word_top3,NUEx035,MM,78,6.8,0.06148383,0.04754836,0.07741935551166534,0.18811881188118812,False
picture,word_top3,NUEx035,MM,79,6.9,0.059612866,0.05290319,0.07741935551166534,0.3069306930693069,False
picture,word_top3,NUEx031,RB,0,-1.0,0.044273518,0.04444447,0.07692307978868484,0.40594059405940597,False
picture,word_top3,NUEx031,RB,1,-0.9,0.041025672,0.04692309,0.07692307978868484,0.6534653465346535,False
picture,word_top3,NUEx031,RB,2,-0.8,0.05470089,0.045641046,0.08547008782625198,0.3069306930693069,False
picture,word_top3,NUEx031,RB,3,-0.7,0.05333337,0.044871826,0.07692307978868484,0.27722772277227725,False
picture,word_top3,NUEx031,RB,4,-0.6,0.05316242,0.044359002,0.07692307978868484,0.25742574257425743,False
picture,word_top3,NUEx031,RB,5,-0.5,0.052393194,0.043418817,0.07692307978868484,0.22772277227722773,False
picture,word_top3,NUEx031,RB,6,-0.4,0.04940174,0.042222243,0.06880342215299604,0.42574257425742573,False
picture,word_top3,NUEx031,RB,7,-0.3,0.047435917,0.047692332,0.07692307978868484,0.5445544554455446,False
picture,word_top3,NUEx031,RB,8,-0.2,0.04316241,0.046324804,0.08547008782625198,0.45544554455445546,False
picture,word_top3,NUEx031,RB,9,-0.1,0.04273505,0.04564105,0.06880342215299604,0.45544554455445546,False
picture,word_top3,NUEx031,RB,10,0.0,0.039316263,0.043675233,0.06880342215299604,0.5841584158415841,False
picture,word_top3,NUEx031,RB,11,0.1,0.042307712,0.04282053,0.07692307978868484,0.5742574257425742,False
picture,word_top3,NUEx031,RB,12,0.2,0.07538464,0.045982942,0.08547008782625198,0.10891089108910891,False
picture,word_top3,NUEx031,RB,13,0.3,0.09888888,0.044786345,0.07692307978868484,0.009900990099009901,True
picture,word_top3,NUEx031,RB,14,0.4,0.11504272,0.042906016,0.07692307978868484,0.009900990099009901,True
picture,word_top3,NUEx031,RB,15,0.5,0.12461536,0.049572673,0.07735043019056317,0.009900990099009901,True
picture,word_top3,NUEx031,RB,16,0.6,0.12717949,0.04820516,0.08547008782625198,0.009900990099009901,True
picture,word_top3,NUEx031,RB,17,0.7,0.15051281,0.043247886,0.07692307978868484,0.009900990099009901,True
picture,word_top3,NUEx031,RB,18,0.8,0.14641029,0.044359,0.07692307978868484,0.009900990099009901,True
picture,word_top3,NUEx031,RB,19,0.9,0.14957267,0.046752166,0.08547008782625198,0.009900990099009901,True
picture,word_top3,NUEx031,RB,20,1.0,0.15213676,0.043076955,0.06880342215299604,0.009900990099009901,True
picture,word_top3,NUEx031,RB,21,1.1,0.16564105,0.04384618,0.08547008782625198,0.009900990099009901,True
picture,word_top3,NUEx031,RB,22,1.2,0.15623933,0.04675215,0.08547008782625198,0.009900990099009901,True
picture,word_top3,NUEx031,RB,23,1.3,0.15017095,0.043333344,0.07692307978868484,0.009900990099009901,True
picture,word_top3,NUEx031,RB,24,1.4,0.13717952,0.045042757,0.07692307978868484,0.009900990099009901,True
picture,word_top3,NUEx031,RB,25,1.5,0.1220513,0.048717957,0.08589743822813031,0.009900990099009901,True
picture,word_top3,NUEx031,RB,26,1.6,0.11675215,0.043931648,0.07692307978868484,0.009900990099009901,True
picture,word_top3,NUEx031,RB,27,1.7,0.10700855,0.043760706,0.07692307978868484,0.009900990099009901,True
picture,word_top3,NUEx031,RB,28,1.8,0.10333337,0.043247882,0.07692307978868484,0.009900990099009901,True
picture,word_top3,NUEx031,RB,29,1.9,0.099230826,0.047179505,0.07735043019056317,0.009900990099009901,True
picture,word_top3,NUEx031,RB,30,2.0,0.09418805,0.047521386,0.08547008782625198,0.009900990099009901,True
picture,word_top3,NUEx031,RB,31,2.1,0.093589775,0.04341883,0.07692307978868484,0.0297029702970297,True
picture,word_top3,NUEx031,RB,32,2.2,0.09000005,0.041367542,0.06880342215299604,0.009900990099009901,True
picture,word_top3,NUEx031,RB,33,2.3,0.087435916,0.041196603,0.0683760717511177,0.009900990099009901,True
picture,word_top3,NUEx031,RB,34,2.4,0.09316241,0.043589756,0.07692307978868484,0.0297029702970297,True
picture,word_top3,NUEx031,RB,35,2.5,0.08735046,0.042307705,0.07692307978868484,0.0297029702970297,True
picture,word_top3,NUEx031,RB,36,2.6,0.09000002,0.042906012,0.07692307978868484,0.019801980198019802,True
picture,word_top3,NUEx031,RB,37,2.7,0.084359,0.046153873,0.07692307978868484,0.04950495049504951,True
picture,word_top3,NUEx031,RB,38,2.8,0.088974364,0.045726508,0.07692307978868484,0.019801980198019802,True
picture,word_top3,NUEx031,RB,39,2.9,0.0823932,0.04367524,0.07692307978868484,0.04950495049504951,True
picture,word_top3,NUEx031,RB,40,3.0,0.08051286,0.045128237,0.07692307978868484,0.0297029702970297,True
picture,word_top3,NUEx031,RB,41,3.1,0.08333335,0.042820536,0.0683760717511177,0.019801980198019802,True
picture,word_top3,NUEx031,RB,42,3.2,0.08384616,0.045641053,0.07692307978868484,0.04950495049504951,True
picture,word_top3,NUEx031,RB,43,3.3,0.07666668,0.044529937,0.0683760717511177,0.039603960396039604,True
picture,word_top3,NUEx031,RB,44,3.4,0.07495729,0.047435917,0.07692307978868484,0.07920792079207921,False
picture,word_top3,NUEx031,RB,45,3.5,0.06700857,0.043931648,0.0683760717511177,0.15841584158415842,False
picture,word_top3,NUEx031,RB,46,3.6,0.05991455,0.04435899,0.07692307978868484,0.16831683168316833,False
picture,word_top3,NUEx031,RB,47,3.7,0.06299147,0.043760713,0.07692307978868484,0.12871287128712872,False
picture,word_top3,NUEx031,RB,48,3.8,0.05837609,0.042820536,0.08547008782625198,0.2376237623762376,False
picture,word_top3,NUEx031,RB,49,3.9,0.05854705,0.044017114,0.07692307978868484,0.3069306930693069,False
picture,word_top3,NUEx031,RB,50,4.0,0.055384647,0.045811996,0.07692307978868484,0.26732673267326734,False
picture,word_top3,NUEx031,RB,51,4.1,0.04735045,0.041282073,0.07692307978868484,0.3465346534653465,False
picture,word_top3,NUEx031,RB,52,4.2,0.04598292,0.046324812,0.06923077255487436,0.5148514851485149,False
picture,word_top3,NUEx031,RB,53,4.3,0.04726499,0.042307716,0.0683760717511177,0.36633663366336633,False
picture,word_top3,NUEx031,RB,54,4.4,0.040683784,0.042222247,0.07692307978868484,0.5742574257425742,False
picture,word_top3,NUEx031,RB,55,4.5,0.0441026,0.04333336,0.07692307978868484,0.4158415841584158,False
picture,word_top3,NUEx031,RB,56,4.6,0.042735066,0.04529917,0.07692307978868484,0.40594059405940597,False
picture,word_top3,NUEx031,RB,57,4.7,0.053675238,0.049230784,0.08547008782625198,0.38613861386138615,False
picture,word_top3,NUEx031,RB,58,4.8,0.057777792,0.044444464,0.07692307978868484,0.3069306930693069,False
picture,word_top3,NUEx031,RB,59,4.9,0.054615393,0.044700872,0.07735043019056317,0.24752475247524752,False
picture,word_top3,NUEx027,VB,0,-1.0,0.052705918,0.048470605,0.08294117897748944,0.44554455445544555,False
picture,word_top3,NUEx027,VB,1,-0.9,0.048823543,0.052117668,0.09470588415861127,0.42574257425742573,False
picture,word_top3,NUEx027,VB,2,-0.8,0.05047062,0.049176488,0.0941176488995552,0.4158415841584158,False
picture,word_top3,NUEx027,VB,3,-0.7,0.05247062,0.051058836,0.0941176488995552,0.42574257425742573,False
picture,word_top3,NUEx027,VB,4,-0.6,0.053764734,0.050941207,0.08235294371843338,0.44554455445544555,False
picture,word_top3,NUEx027,VB,5,-0.5,0.057647105,0.04952943,0.0941176488995552,0.44554455445544555,False
picture,word_top3,NUEx027,VB,6,-0.4,0.061764747,0.050941184,0.09470588415861127,0.3069306930693069,False
picture,word_top3,NUEx027,VB,7,-0.3,0.050352965,0.04741179,0.08294117897748944,0.37623762376237624,False
picture,word_top3,NUEx027,VB,8,-0.2,0.053882375,0.054235306,0.10588235408067703,0.46534653465346537,False
picture,word_top3,NUEx027,VB,9,-0.1,0.054117694,0.046588253,0.0941176488995552,0.32673267326732675,False
picture,word_top3,NUEx027,VB,10,0.0,0.046117667,0.054117665,0.0941176488995552,0.6831683168316832,False
picture,word_top3,NUEx027,VB,11,0.1,0.046941195,0.05000002,0.0941176488995552,0.5841584158415841,False
picture,word_top3,NUEx027,VB,12,0.2,0.050941195,0.046941195,0.0941176488995552,0.38613861386138615,False
picture,word_top3,NUEx027,VB,13,0.3,0.09200004,0.05176474,0.0941176488995552,0.07920792079207921,False
picture,word_top3,NUEx027,VB,14,0.4,0.13529415,0.045764737,0.0941176488995552,0.009900990099009901,True
picture,word_top3,NUEx027,VB,15,0.5,0.1748235,0.049882382,0.08294117897748944,0.009900990099009901,True
picture,word_top3,NUEx027,VB,16,0.6,0.18647058,0.05105884,0.0941176488995552,0.009900990099009901,True
picture,word_top3,NUEx027,VB,17,0.7,0.20670596,0.049529444,0.09470588415861127,0.009900990099009901,True
picture,word_top3,NUEx027,VB,18,0.8,0.21858823,0.050352983,0.08235294371843338,0.009900990099009901,True
picture,word_top3,NUEx027,VB,19,0.9,0.22611773,0.051882382,0.0941176488995552,0.009900990099009901,True
picture,word_top3,NUEx027,VB,20,1.0,0.22835304,0.052588258,0.0941176488995552,0.009900990099009901,True
picture,word_top3,NUEx027,VB,21,1.1,0.22941181,0.054705903,0.10588235408067703,0.009900990099009901,True
picture,word_top3,NUEx027,VB,22,1.2,0.22635302,0.04882355,0.08235294371843338,0.009900990099009901,True
picture,word_top3,NUEx027,VB,23,1.3,0.20964712,0.0474118,0.10588235408067703,0.009900990099009901,True
picture,word_top3,NUEx027,VB,24,1.4,0.19647059,0.04882355,0.0941176488995552,0.009900990099009901,True
picture,word_top3,NUEx027,VB,25,1.5,0.17011763,0.045764722,0.08294117897748944,0.009900990099009901,True
picture,word_top3,NUEx027,VB,26,1.6,0.1655294,0.050352965,0.09470588415861127,0.009900990099009901,True
picture,word_top3,NUEx027,VB,27,1.7,0.14670585,0.0489412,0.09470588415861127,0.009900990099009901,True
picture,word_top3,NUEx027,VB,28,1.8,0.14094119,0.052823562,0.0941176488995552,0.009900990099009901,True
picture,word_top3,NUEx027,VB,29,1.9,0.13258827,0.04835297,0.09470588415861127,0.009900990099009901,True
picture,word_top3,NUEx027,VB,30,2.0,0.12129417,0.048823573,0.08294117897748944,0.009900990099009901,True
picture,word_top3,NUEx027,VB,31,2.1,0.11611767,0.05200003,0.0941176488995552,0.019801980198019802,True
picture,word_top3,NUEx027,VB,32,2.2,0.11611767,0.0509412,0.0941176488995552,0.009900990099009901,True
picture,word_top3,NUEx027,VB,33,2.3,0.10705884,0.048705906,0.08294117897748944,0.009900990099009901,True
picture,word_top3,NUEx027,VB,34,2.4,0.10658826,0.05094121,0.0835294142365455,0.0297029702970297,True
picture,word_top3,NUEx027,VB,35,2.5,0.10752945,0.052470613,0.0941176488995552,0.009900990099009901,True
picture,word_top3,NUEx027,VB,36,2.6,0.1069412,0.051647097,0.0941176488995552,0.019801980198019802,True
picture,word_top3,NUEx027,VB,37,2.7,0.106705904,0.05105884,0.0941176488995552,0.019801980198019802,True
picture,word_top3,NUEx027,VB,38,2.8,0.11141174,0.051411785,0.08294117897748944,0.009900990099009901,True
picture,word_top3,NUEx027,VB,39,2.9,0.1167059,0.051411796,0.0941176488995552,0.019801980198019802,True
picture,word_top3,NUEx027,VB,40,3.0,0.10952946,0.05035296,0.0941176488995552,0.039603960396039604,True
picture,word_top3,NUEx027,VB,41,3.1,0.115058824,0.05152943,0.10588235408067703,0.009900990099009901,True
picture,word_top3,NUEx027,VB,42,3.2,0.10870592,0.05270592,0.0941176488995552,0.0297029702970297,True
picture,word_top3,NUEx027,VB,43,3.3,0.11411768,0.05258827,0.10588235408067703,0.039603960396039604,True
picture,word_top3,NUEx027,VB,44,3.4,0.10764707,0.046117682,0.0941176488995552,0.019801980198019802,True
picture,word_top3,NUEx027,VB,45,3.5,0.09400004,0.04964708,0.08235294371843338,0.039603960396039604,True
picture,word_top3,NUEx027,VB,46,3.6,0.08976473,0.046117675,0.08294117897748944,0.0594059405940594,True
picture,word_top3,NUEx027,VB,47,3.7,0.07788239,0.052235316,0.09470588415861127,0.1485148514851485,False
picture,word_top3,NUEx027,VB,48,3.8,0.07423534,0.05129414,0.08235294371843338,0.13861386138613863,False
picture,word_top3,NUEx027,VB,49,3.9,0.078823544,0.05341179,0.09470588415861127,0.16831683168316833,False
picture,word_top3,NUEx027,VB,50,4.0,0.071058854,0.05247061,0.0941176488995552,0.1485148514851485,False
picture,word_top3,NUEx027,VB,51,4.1,0.058941197,0.049411792,0.0941176488995552,0.26732673267326734,False
picture,word_top3,NUEx027,VB,52,4.2,0.064470604,0.049882367,0.08235294371843338,0.26732673267326734,False
picture,word_top3,NUEx027,VB,53,4.3,0.06847063,0.052000042,0.0941176488995552,0.32673267326732675,False
picture,word_top3,NUEx027,VB,54,4.4,0.07352942,0.049529437,0.0941176488995552,0.12871287128712872,False
picture,word_top3,NUEx027,VB,55,4.5,0.07329414,0.050117675,0.08235294371843338,0.12871287128712872,False
picture,word_top3,NUEx027,VB,56,4.6,0.07411769,0.050352983,0.08235294371843338,0.10891089108910891,False
picture,word_top3,NUEx027,VB,57,4.7,0.07611766,0.049411785,0.0941176488995552,0.15841584158415842,False
picture,word_top3,NUEx036,WBH,0,-1.0,0.052632842,0.03862319,0.05797101557254791,0.1188118811881188,False
picture,word_top3,NUEx036,WBH,1,-0.9,0.05239131,0.04065218,0.0555555559694767,0.13861386138613863,False
picture,word_top3,NUEx036,WBH,2,-0.8,0.0544686,0.040434785,0.05797101557254791,0.09900990099009901,False
picture,word_top3,NUEx036,WBH,3,-0.7,0.05611111,0.03961353,0.058091788552701466,0.07920792079207921,False
picture,word_top3,NUEx036,WBH,4,-0.6,0.056618363,0.039565217,0.058091788552701466,0.06930693069306931,False
picture,word_top3,NUEx036,WBH,5,-0.5,0.05502415,0.04086957,0.05797101557254791,0.10891089108910891,False
picture,word_top3,NUEx036,WBH,6,-0.4,0.056666676,0.040386476,0.05797101557254791,0.06930693069306931,False
picture,word_top3,NUEx036,WBH,7,-0.3,0.056618355,0.040942036,0.05314009636640549,0.039603960396039604,False
picture,word_top3,NUEx036,WBH,8,-0.2,0.056376815,0.0410145,0.055676328949630254,0.0594059405940594,False
picture,word_top3,NUEx036,WBH,9,-0.1,0.055845425,0.039009668,0.055676328949630254,0.0594059405940594,False
picture,word_top3,NUEx036,WBH,10,0.0,0.05077294,0.039661836,0.05797101557254791,0.09900990099009901,False
picture,word_top3,NUEx036,WBH,11,0.1,0.049903378,0.03915459,0.05314009636640549,0.10891089108910891,False
picture,word_top3,NUEx036,WBH,12,0.2,0.047729474,0.040072456,0.055676328949630254,0.22772277227722773,False
picture,word_top3,NUEx036,WBH,13,0.3,0.051062807,0.04031401,0.060386475175619125,0.13861386138613863,False
picture,word_top3,NUEx036,WBH,14,0.4,0.056980707,0.039202914,0.05579710192978381,0.0594059405940594,True
picture,word_top3,NUEx036,WBH,15,0.5,0.073574886,0.03809179,0.0555555559694767,0.009900990099009901,True
picture,word_top3,NUEx036,WBH,16,0.6,0.0891063,0.04101449,0.060386475175619125,0.009900990099009901,True
picture,word_top3,NUEx036,WBH,17,0.7,0.094251215,0.03961353,0.058091788552701466,0.009900990099009901,True
picture,word_top3,NUEx036,WBH,18,0.8,0.10234298,0.038719807,0.055676328949630254,0.009900990099009901,True
picture,word_top3,NUEx036,WBH,19,0.9,0.109734274,0.04041062,0.060386475175619125,0.009900990099009901,True
picture,word_top3,NUEx036,WBH,20,1.0,0.11405795,0.041183576,0.05797101557254791,0.009900990099009901,True
picture,word_top3,NUEx036,WBH,21,1.1,0.117995165,0.040265698,0.05326086934655904,0.009900990099009901,True
picture,word_top3,NUEx036,WBH,22,1.2,0.12043478,0.040434793,0.05326086934655904,0.009900990099009901,True
picture,word_top3,NUEx036,WBH,23,1.3,0.115048274,0.039806753,0.055676328949630254,0.009900990099009901,True
picture,word_top3,NUEx036,WBH,24,1.4,0.10760868,0.041207742,0.0555555559694767,0.009900990099009901,True
picture,word_top3,NUEx036,WBH,25,1.5,0.10038645,0.039613523,0.0555555559694767,0.009900990099009901,True
picture,word_top3,NUEx036,WBH,26,1.6,0.0975604,0.04016909,0.05797101557254791,0.009900990099009901,True
picture,word_top3,NUEx036,WBH,27,1.7,0.091256045,0.0402657,0.05314009636640549,0.009900990099009901,True
picture,word_top3,NUEx036,WBH,28,1.8,0.08741548,0.04077295,0.05797101557254791,0.009900990099009901,True
picture,word_top3,NUEx036,WBH,29,1.9,0.086111106,0.041135274,0.058091788552701466,0.009900990099009901,True
picture,word_top3,NUEx036,WBH,30,2.0,0.08608696,0.03905797,0.0555555559694767,0.009900990099009901,True
picture,word_top3,NUEx036,WBH,31,2.1,0.0815459,0.0397343,0.055676328949630254,0.009900990099009901,True
picture,word_top3,NUEx036,WBH,32,2.2,0.078405805,0.040048316,0.0555555559694767,0.009900990099009901,True
picture,word_top3,NUEx036,WBH,33,2.3,0.075362325,0.039589364,0.055676328949630254,0.009900990099009901,True
picture,word_top3,NUEx036,WBH,34,2.4,0.07550725,0.039323673,0.0555555559694767,0.009900990099009901,True
picture,word_top3,NUEx036,WBH,35,2.5,0.07241547,0.04190822,0.060386475175619125,0.009900990099009901,True
picture,word_top3,NUEx036,WBH,36,2.6,0.07159421,0.03898551,0.0555555559694767,0.009900990099009901,True
picture,word_top3,NUEx036,WBH,37,2.7,0.07239131,0.040628027,0.055676328949630254,0.009900990099009901,True
picture,word_top3,NUEx036,WBH,38,2.8,0.07154589,0.039299518,0.05797101557254791,0.009900990099009901,True
picture,word_top3,NUEx036,WBH,39,2.9,0.068140104,0.040652175,0.0555555559694767,0.009900990099009901,True
picture,word_top3,NUEx036,WBH,40,3.0,0.0663285,0.04074879,0.060386475175619125,0.019801980198019802,True
picture,word_top3,NUEx036,WBH,41,3.1,0.06775363,0.041690823,0.05797101557254791,0.009900990099009901,True
picture,word_top3,NUEx036,WBH,42,3.2,0.06432367,0.041135266,0.0555555559694767,0.009900990099009901,True
picture,word_top3,NUEx036,WBH,43,3.3,0.0644203,0.040869564,0.05326086934655904,0.019801980198019802,True
picture,word_top3,NUEx036,WBH,44,3.4,0.06398551,0.04002416,0.055676328949630254,0.0297029702970297,True
picture,word_top3,NUEx036,WBH,45,3.5,0.06429951,0.041207727,0.06280193477869034,0.039603960396039604,True
picture,word_top3,NUEx036,WBH,46,3.6,0.066859886,0.041618366,0.05326086934655904,0.019801980198019802,True
picture,word_top3,NUEx036,WBH,47,3.7,0.070386484,0.041111108,0.055676328949630254,0.009900990099009901,True
picture,word_top3,NUEx036,WBH,48,3.8,0.06816424,0.039396137,0.0555555559694767,0.009900990099009901,True
picture,word_top3,NUEx036,WBH,49,3.9,0.0712319,0.037487928,0.0555555559694767,0.009900990099009901,True
picture,word_top5,NUEx041,AA,0,-1.0,0.0912745,0.095686264,0.13725490868091583,0.5346534653465347,False
picture,word_top5,NUEx041,AA,1,-0.9,0.09558824,0.091764726,0.13774510473012921,0.46534653465346537,False
picture,word_top5,NUEx041,AA,2,-0.8,0.0904902,0.095098056,0.14705882966518402,0.5148514851485149,False
picture,word_top5,NUEx041,AA,3,-0.7,0.09539217,0.097352944,0.13774510473012921,0.5841584158415841,False
picture,word_top5,NUEx041,AA,4,-0.6,0.089705884,0.098431386,0.1475490257143974,0.6138613861386139,False
picture,word_top5,NUEx041,AA,5,-0.5,0.07529414,0.09362749,0.14705882966518402,0.7623762376237624,False
picture,word_top5,NUEx041,AA,6,-0.4,0.08382354,0.094215706,0.13774510473012921,0.6732673267326733,False
picture,word_top5,NUEx041,AA,7,-0.3,0.08480391,0.091666676,0.13725490868091583,0.5742574257425742,False
picture,word_top5,NUEx041,AA,8,-0.2,0.08852941,0.09019606,0.13725490868091583,0.44554455445544555,False
picture,word_top5,NUEx041,AA,9,-0.1,0.084705904,0.10029411,0.1475490257143974,0.7029702970297029,False
picture,word_top5,NUEx041,AA,10,0.0,0.08588236,0.09627451,0.13725490868091583,0.6534653465346535,False
picture,word_top5,NUEx041,AA,11,0.1,0.08656863,0.0922549,0.13774510473012921,0.6336633663366337,False
picture,word_top5,NUEx041,AA,12,0.2,0.11745095,0.10088237,0.14705882966518402,0.3564356435643564,False
picture,word_top5,NUEx041,AA,13,0.3,0.19107844,0.09137256,0.14705882966518402,0.009900990099009901,True
picture,word_top5,NUEx041,AA,14,0.4,0.22254902,0.09676469,0.14705882966518402,0.009900990099009901,True
picture,word_top5,NUEx041,AA,15,0.5,0.24911758,0.093235314,0.13725490868091583,0.009900990099009901,True
picture,word_top5,NUEx041,AA,16,0.6,0.2544118,0.095882356,0.14705882966518402,0.009900990099009901,True
picture,word_top5,NUEx041,AA,17,0.7,0.25313723,0.0953922,0.14705882966518402,0.009900990099009901,True
picture,word_top5,NUEx041,AA,18,0.8,0.2623529,0.094313726,0.13725490868091583,0.009900990099009901,True
picture,word_top5,NUEx041,AA,19,0.9,0.2687255,0.09039217,0.13774510473012921,0.009900990099009901,True
picture,word_top5,NUEx041,AA,20,1.0,0.26500005,0.09156864,0.14705882966518402,0.009900990099009901,True
picture,word_top5,NUEx041,AA,21,1.1,0.2842157,0.096960805,0.14705882966518402,0.009900990099009901,True
picture,word_top5,NUEx041,AA,22,1.2,0.26539218,0.0911765,0.13725490868091583,0.009900990099009901,True
picture,word_top5,NUEx041,AA,23,1.3,0.2177451,0.093039215,0.13725490868091583,0.009900990099009901,True
picture,word_top5,NUEx041,AA,24,1.4,0.18558817,0.092254914,0.13725490868091583,0.009900990099009901,True
picture,word_top5,NUEx041,AA,25,1.5,0.15627454,0.093235284,0.1475490257143974,0.0594059405940594,True
picture,word_top5,NUEx041,AA,26,1.6,0.13813728,0.09264707,0.13725490868091583,0.04950495049504951,True
picture,word_top5,NUEx041,AA,27,1.7,0.13617647,0.09617649,0.13725490868091583,0.09900990099009901,False
picture,word_top5,NUEx041,AA,28,1.8,0.12176472,0.09362746,0.13774510473012921,0.1485148514851485,False
picture,word_top5,NUEx041,AA,29,1.9,0.12029413,0.092450984,0.13774510473012921,0.15841584158415842,False
picture,word_top5,NUEx041,AA,30,2.0,0.119607836,0.096176475,0.13725490868091583,0.2079207920792079,False
picture,word_top5,NUEx041,AA,31,2.1,0.11205882,0.097745106,0.13725490868091583,0.31683168316831684,False
picture,word_top5,NUEx041,AA,32,2.2,0.113039196,0.09598043,0.14705882966518402,0.24752475247524752,False
picture,word_top5,NUEx041,AA,33,2.3,0.11068631,0.09627451,0.13725490868091583,0.26732673267326734,False
picture,word_top5,NUEx041,AA,34,2.4,0.10411763,0.09686275,0.13725490868091583,0.3564356435643564,False
picture,word_top5,NUEx041,AA,35,2.5,0.10941178,0.08794119,0.12745098769664764,0.15841584158415842,False
picture,word_top5,NUEx041,AA,36,2.6,0.10500003,0.096960805,0.13725490868091583,0.40594059405940597,False
picture,word_top5,NUEx041,AA,37,2.7,0.10303926,0.08941177,0.13725490868091583,0.2871287128712871,False
picture,word_top5,NUEx041,AA,38,2.8,0.108921565,0.1001961,0.14705882966518402,0.3465346534653465,False
picture,word_top5,NUEx041,AA,39,2.9,0.10166668,0.09529413,0.14705882966518402,0.33663366336633666,False
picture,word_top5,NUEx041,AA,40,3.0,0.108823545,0.094411775,0.13725490868091583,0.19801980198019803,False
picture,word_top5,NUEx041,AA,41,3.1,0.10264706,0.0979412,0.1475490257143974,0.43564356435643564,False
picture,word_top5,NUEx041,AA,42,3.2,0.11058821,0.09686275,0.13725490868091583,0.2376237623762376,False
picture,word_top5,NUEx041,AA,43,3.3,0.10696081,0.089705884,0.13774510473012921,0.3069306930693069,False
picture,word_top5,NUEx041,AA,44,3.4,0.118529454,0.09843138,0.1475490257143974,0.16831683168316833,False
picture,word_top5,NUEx041,AA,45,3.5,0.117647044,0.09735292,0.14705882966518402,0.297029702970297,False
picture,word_top5,NUEx041,AA,46,3.6,0.119313754,0.09980393,0.13725490868091583,0.1782178217821782,False
picture,word_top5,NUEx041,AA,47,3.7,0.1084314,0.09843139,0.14705882966518402,0.31683168316831684,False
picture,word_top5,NUEx041,AA,48,3.8,0.10166667,0.095294125,0.1475490257143974,0.36633663366336633,False
picture,word_top5,NUEx041,AA,49,3.9,0.10754904,0.09862743,0.14705882966518402,0.38613861386138615,False
picture,word_top5,NUEx033,AP,0,-1.0,0.060510233,0.05724491,0.09183673560619354,0.48514851485148514,False
picture,word_top5,NUEx033,AP,1,-0.9,0.06102042,0.061020438,0.10204081982374191,0.594059405940594,False
picture,word_top5,NUEx033,AP,2,-0.8,0.055816345,0.064387776,0.09234693981707093,0.6435643564356436,False
picture,word_top5,NUEx033,AP,3,-0.7,0.048877545,0.060306136,0.10204081982374191,0.7425742574257426,False
picture,word_top5,NUEx033,AP,4,-0.6,0.053673487,0.059387755,0.10204081982374191,0.5346534653465347,False
picture,word_top5,NUEx033,AP,5,-0.5,0.059897985,0.06051021,0.10255102366209028,0.5346534653465347,False
picture,word_top5,NUEx033,AP,6,-0.4,0.05346939,0.06448983,0.10204081982374191,0.6534653465346535,False
picture,word_top5,NUEx033,AP,7,-0.3,0.054387756,0.05765307,0.10204081982374191,0.49504950495049505,False
picture,word_top5,NUEx033,AP,8,-0.2,0.04938776,0.060714293,0.10255102366209028,0.7029702970297029,False
picture,word_top5,NUEx033,AP,9,-0.1,0.05112246,0.06153062,0.10204081982374191,0.5643564356435643,False
picture,word_top5,NUEx033,AP,10,0.0,0.04663265,0.06275513,0.10204081982374191,0.7524752475247525,False
picture,word_top5,NUEx033,AP,11,0.1,0.048673477,0.058469415,0.10204081982374191,0.7128712871287128,False
picture,word_top5,NUEx033,AP,12,0.2,0.053877547,0.062346946,0.10204081982374191,0.594059405940594,False
picture,word_top5,NUEx033,AP,13,0.3,0.062551044,0.06469392,0.11224489659070969,0.49504950495049505,False
picture,word_top5,NUEx033,AP,14,0.4,0.07071431,0.06551022,0.10204081982374191,0.44554455445544555,False
picture,word_top5,NUEx033,AP,15,0.5,0.08785718,0.060306158,0.09183673560619354,0.16831683168316833,False
picture,word_top5,NUEx033,AP,16,0.6,0.0988776,0.061938792,0.10255102366209028,0.0891089108910891,False
picture,word_top5,NUEx033,AP,17,0.7,0.102755114,0.0579592,0.10204081982374191,0.0297029702970297,True
picture,word_top5,NUEx033,AP,18,0.8,0.10051025,0.06306126,0.10255102366209028,0.07920792079207921,False
picture,word_top5,NUEx033,AP,19,0.9,0.106530644,0.06091838,0.10255102366209028,0.0594059405940594,True
picture,word_top5,NUEx033,AP,20,1.0,0.10755103,0.06142858,0.10204081982374191,0.039603960396039604,True
picture,word_top5,NUEx033,AP,21,1.1,0.10714286,0.061836764,0.09183673560619354,0.039603960396039604,True
picture,word_top5,NUEx033,AP,22,1.2,0.110204116,0.057959195,0.10204081982374191,0.0297029702970297,True
picture,word_top5,NUEx033,AP,23,1.3,0.11265306,0.058061246,0.10204081982374191,0.0297029702970297,True
picture,word_top5,NUEx033,AP,24,1.4,0.10653063,0.057857152,0.09234693981707093,0.039603960396039604,True
picture,word_top5,NUEx033,AP,25,1.5,0.09846942,0.063469395,0.10204081982374191,0.0891089108910891,False
picture,word_top5,NUEx033,AP,26,1.6,0.08908166,0.059795942,0.10204081982374191,0.10891089108910891,False
picture,word_top5,NUEx033,AP,27,1.7,0.08204083,0.06561227,0.10204081982374191,0.19801980198019803,False
picture,word_top5,NUEx033,AP,28,1.8,0.09857145,0.060918387,0.10204081982374191,0.09900990099009901,False
picture,word_top5,NUEx033,AP,29,1.9,0.091836765,0.061530635,0.10204081982374191,0.06930693069306931,False
picture,word_top5,NUEx033,AP,30,2.0,0.086224526,0.06204083,0.10204081982374191,0.13861386138613863,False
picture,word_top5,NUEx033,AP,31,2.1,0.09051022,0.06377553,0.10204081982374191,0.15841584158415842,False
picture,word_top5,NUEx033,AP,32,2.2,0.08632654,0.06530614,0.10255102366209028,0.19801980198019803,False
picture,word_top5,NUEx033,AP,33,2.3,0.08428574,0.06183675,0.10204081982374191,0.16831683168316833,False
picture,word_top5,NUEx033,AP,34,2.4,0.082142904,0.06061227,0.11224489659070969,0.18811881188118812,False
picture,word_top5,NUEx033,AP,35,2.5,0.07500002,0.063877575,0.11224489659070969,0.25742574257425743,False
picture,word_top5,NUEx033,AP,36,2.6,0.07020412,0.06214288,0.09234693981707093,0.43564356435643564,False
picture,word_top5,NUEx033,AP,37,2.7,0.06897962,0.05938777,0.10204081982374191,0.39603960396039606,False
picture,word_top5,NUEx033,AP,38,2.8,0.069489814,0.06132655,0.09234693981707093,0.42574257425742573,False
picture,word_top5,NUEx033,AP,39,2.9,0.06806125,0.06214287,0.11275510080158707,0.42574257425742573,False
picture,word_top5,NUEx033,AP,40,3.0,0.07071431,0.062551044,0.10204081982374191,0.39603960396039606,False
picture,word_top5,NUEx033,AP,41,3.1,0.07479595,0.06142859,0.10204081982374191,0.24752475247524752,False
picture,word_top5,NUEx033,AP,42,3.2,0.07908168,0.058163296,0.10204081982374191,0.21782178217821782,False
picture,word_top5,NUEx033,AP,43,3.3,0.071326554,0.061530646,0.09183673560619354,0.44554455445544555,False
picture,word_top5,NUEx033,AP,44,3.4,0.07520411,0.06091838,0.10255102366209028,0.2376237623762376,False
picture,word_top5,NUEx033,AP,45,3.5,0.073673494,0.058163285,0.10255102366209028,0.18811881188118812,False
picture,word_top5,NUEx033,AP,46,3.6,0.07530614,0.056836747,0.09183673560619354,0.1782178217821782,False
picture,word_top5,NUEx033,AP,47,3.7,0.07857145,0.06163267,0.10255102366209028,0.2376237623762376,False
picture,word_top5,NUEx033,AP,48,3.8,0.07591839,0.061734714,0.11224489659070969,0.21782178217821782,False
picture,word_top5,NUEx033,AP,49,3.9,0.07795919,0.061428595,0.10204081982374191,0.22772277227722773,False
picture,word_top5,NUEx044,AZ,0,-1.0,0.07075222,0.06544247,0.09292035549879074,0.42574257425742573,False
picture,word_top5,NUEx044,AZ,1,-0.9,0.07013274,0.0626106,0.08849557489156723,0.33663366336633666,False
picture,word_top5,NUEx044,AZ,2,-0.8,0.066327415,0.06176993,0.08849557489156723,0.4158415841584158,False
picture,word_top5,NUEx044,AZ,3,-0.7,0.0647345,0.06438055,0.08871681392192839,0.48514851485148514,False
picture,word_top5,NUEx044,AZ,4,-0.6,0.065530986,0.06084071,0.08407079428434372,0.46534653465346537,False
picture,word_top5,NUEx044,AZ,5,-0.5,0.06796461,0.06345132,0.08429203331470488,0.3465346534653465,False
picture,word_top5,NUEx044,AZ,6,-0.4,0.06415928,0.0641593,0.08849557489156723,0.5346534653465347,False
picture,word_top5,NUEx044,AZ,7,-0.3,0.06323009,0.06261062,0.08871681392192839,0.44554455445544555,False
picture,word_top5,NUEx044,AZ,8,-0.2,0.06938053,0.06252214,0.0931415945291519,0.3069306930693069,False
picture,word_top5,NUEx044,AZ,9,-0.1,0.066150464,0.060840715,0.08893805295228956,0.36633663366336633,False
picture,word_top5,NUEx044,AZ,10,0.0,0.06238939,0.06181416,0.08407079428434372,0.40594059405940597,False
picture,word_top5,NUEx044,AZ,11,0.1,0.061283186,0.061902646,0.09292035549879074,0.5544554455445545,False
picture,word_top5,NUEx044,AZ,12,0.2,0.06575222,0.061548673,0.08871681392192839,0.40594059405940597,False
picture,word_top5,NUEx044,AZ,13,0.3,0.08154867,0.064646006,0.0931415945291519,0.15841584158415842,False
picture,word_top5,NUEx044,AZ,14,0.4,0.10477876,0.06243361,0.08849557489156723,0.009900990099009901,True
picture,word_top5,NUEx044,AZ,15,0.5,0.109469,0.06115045,0.08849557489156723,0.019801980198019802,True
picture,word_top5,NUEx044,AZ,16,0.6,0.122610636,0.06283186,0.09292035549879074,0.009900990099009901,True
picture,word_top5,NUEx044,AZ,17,0.7,0.13402654,0.061946902,0.09292035549879074,0.009900990099009901,True
picture,word_top5,NUEx044,AZ,18,0.8,0.13287611,0.062300883,0.08871681392192839,0.009900990099009901,True
picture,word_top5,NUEx044,AZ,19,0.9,0.14039828,0.06703539,0.09756637476384639,0.009900990099009901,True
picture,word_top5,NUEx044,AZ,20,1.0,0.14982305,0.060221244,0.08407079428434372,0.009900990099009901,True
picture,word_top5,NUEx044,AZ,21,1.1,0.1520354,0.06261063,0.08849557489156723,0.009900990099009901,True
picture,word_top5,NUEx044,AZ,22,1.2,0.15845133,0.06566371,0.09292035549879074,0.009900990099009901,True
picture,word_top5,NUEx044,AZ,23,1.3,0.1565929,0.06411504,0.09734513610601425,0.009900990099009901,True
picture,word_top5,NUEx044,AZ,24,1.4,0.13721243,0.06265487,0.09292035549879074,0.009900990099009901,True
picture,word_top5,NUEx044,AZ,25,1.5,0.13495575,0.06588496,0.09734513610601425,0.009900990099009901,True
picture,word_top5,NUEx044,AZ,26,1.6,0.12823011,0.062743366,0.09292035549879074,0.009900990099009901,True
picture,word_top5,NUEx044,AZ,27,1.7,0.12066372,0.06473451,0.09292035549879074,0.009900990099009901,True
picture,word_top5,NUEx044,AZ,28,1.8,0.11327434,0.062433623,0.08871681392192839,0.009900990099009901,True
picture,word_top5,NUEx044,AZ,29,1.9,0.106061935,0.060840715,0.0931415945291519,0.009900990099009901,True
picture,word_top5,NUEx044,AZ,30,2.0,0.10641593,0.06212388,0.08429203331470488,0.019801980198019802,True
picture,word_top5,NUEx044,AZ,31,2.1,0.10393803,0.06199115,0.09292035549879074,0.0297029702970297,True
picture,word_top5,NUEx044,AZ,32,2.2,0.10146016,0.05986725,0.08429203331470488,0.019801980198019802,True
picture,word_top5,NUEx044,AZ,33,2.3,0.09606195,0.061769906,0.09292035549879074,0.039603960396039604,True
picture,word_top5,NUEx044,AZ,34,2.4,0.093893796,0.06398231,0.08871681392192839,0.039603960396039604,True
picture,word_top5,NUEx044,AZ,35,2.5,0.08915927,0.065752216,0.0931415945291519,0.0891089108910891,False
picture,word_top5,NUEx044,AZ,36,2.6,0.08858408,0.063761085,0.08849557489156723,0.039603960396039604,True
picture,word_top5,NUEx044,AZ,37,2.7,0.085530974,0.064955756,0.09734513610601425,0.1485148514851485,False
picture,word_top5,NUEx044,AZ,38,2.8,0.08504427,0.06548673,0.09292035549879074,0.15841584158415842,False
picture,word_top5,NUEx044,AZ,39,2.9,0.07977877,0.064247794,0.09292035549879074,0.1188118811881188,False
picture,word_top5,NUEx044,AZ,40,3.0,0.07699114,0.0628761,0.08871681392192839,0.2079207920792079,False
picture,word_top5,NUEx044,AZ,41,3.1,0.08199117,0.061991148,0.0931415945291519,0.1485148514851485,False
picture,word_top5,NUEx044,AZ,42,3.2,0.08340707,0.06336282,0.08407079428434372,0.12871287128712872,False
picture,word_top5,NUEx044,AZ,43,3.3,0.08353983,0.063185856,0.0931415945291519,0.15841584158415842,False
picture,word_top5,NUEx044,AZ,44,3.4,0.08070797,0.06225664,0.08451327234506605,0.09900990099009901,False
picture,word_top5,NUEx044,AZ,45,3.5,0.08163715,0.06181417,0.07986725978553294,0.0594059405940594,True
picture,word_top5,NUEx044,AZ,46,3.6,0.0843363,0.06318583,0.09292035549879074,0.09900990099009901,False
picture,word_top5,NUEx044,AZ,47,3.7,0.08376107,0.06345135,0.09292035549879074,0.1485148514851485,False
picture,word_top5,NUEx044,AZ,48,3.8,0.07738938,0.061327428,0.08849557489156723,0.15841584158415842,False
picture,word_top5,NUEx044,AZ,49,3.9,0.07637169,0.062035408,0.08429203331470488,0.1485148514851485,False
picture,word_top5,NUEx030,CP,0,-1.0,0.11186045,0.0662791,0.13953489065170288,0.1188118811881188,False
picture,word_top5,NUEx030,CP,1,-0.9,0.093720935,0.07604654,0.1627907007932663,0.25742574257425743,False
picture,word_top5,NUEx030,CP,2,-0.8,0.098139495,0.06953491,0.13953489065170288,0.1782178217821782,False
picture,word_top5,NUEx030,CP,3,-0.7,0.08209306,0.06558142,0.13953489065170288,0.32673267326732675,False
picture,word_top5,NUEx030,CP,4,-0.6,0.08000003,0.06720933,0.13953489065170288,0.3465346534653465,False
picture,word_top5,NUEx030,CP,5,-0.5,0.083720945,0.060465142,0.11627907305955887,0.25742574257425743,False
picture,word_top5,NUEx030,CP,6,-0.4,0.08976746,0.060697693,0.13953489065170288,0.2376237623762376,False
picture,word_top5,NUEx030,CP,7,-0.3,0.07395352,0.06744189,0.13953489065170288,0.33663366336633666,False
picture,word_top5,NUEx030,CP,8,-0.2,0.079302356,0.059767466,0.117441863939166,0.21782178217821782,False
picture,word_top5,NUEx030,CP,9,-0.1,0.084186055,0.060697697,0.11627907305955887,0.3465346534653465,False
picture,word_top5,NUEx030,CP,10,0.0,0.091627926,0.067907006,0.13953489065170288,0.3069306930693069,False
picture,word_top5,NUEx030,CP,11,0.1,0.079302356,0.059534907,0.11627907305955887,0.26732673267326734,False
picture,word_top5,NUEx030,CP,12,0.2,0.08767444,0.057907,0.13953489065170288,0.21782178217821782,False
picture,word_top5,NUEx030,CP,13,0.3,0.113023214,0.06744188,0.13953489065170288,0.1782178217821782,False
picture,word_top5,NUEx030,CP,14,0.4,0.13162786,0.0706977,0.117441863939166,0.0594059405940594,True
picture,word_top5,NUEx030,CP,15,0.5,0.12976739,0.061162814,0.13953489065170288,0.0891089108910891,False
picture,word_top5,NUEx030,CP,16,0.6,0.12930228,0.062325608,0.11627907305955887,0.04950495049504951,True
picture,word_top5,NUEx030,CP,17,0.7,0.13325578,0.06534886,0.13953489065170288,0.06930693069306931,False
picture,word_top5,NUEx030,CP,18,0.8,0.12465113,0.060000025,0.11627907305955887,0.039603960396039604,True
picture,word_top5,NUEx030,CP,19,0.9,0.11744182,0.06767444,0.11627907305955887,0.04950495049504951,True
picture,word_top5,NUEx030,CP,20,1.0,0.11023252,0.06162793,0.117441863939166,0.0891089108910891,False
picture,word_top5,NUEx030,CP,21,1.1,0.11162791,0.06255817,0.11627907305955887,0.09900990099009901,False
picture,word_top5,NUEx030,CP,22,1.2,0.13232553,0.064186074,0.117441863939166,0.0594059405940594,True
picture,word_top5,NUEx030,CP,23,1.3,0.11744182,0.06674421,0.14069768115878098,0.12871287128712872,False
picture,word_top5,NUEx030,CP,24,1.4,0.11720927,0.06534886,0.13953489065170288,0.07920792079207921,False
picture,word_top5,NUEx030,CP,25,1.5,0.121162765,0.06325584,0.117441863939166,0.0594059405940594,True
picture,word_top5,NUEx030,CP,26,1.6,0.12255812,0.061627932,0.11627907305955887,0.0297029702970297,True
picture,word_top5,NUEx030,CP,27,1.7,0.1381395,0.07255817,0.13953489065170288,0.0891089108910891,False
picture,word_top5,NUEx030,CP,28,1.8,0.11813948,0.060697697,0.117441863939166,0.0594059405940594,True
picture,word_top5,NUEx030,CP,29,1.9,0.13069764,0.06720933,0.13953489065170288,0.07920792079207921,False
picture,word_top5,NUEx030,CP,30,2.0,0.12720928,0.06395351,0.13953489065170288,0.09900990099009901,False
picture,word_top5,NUEx030,CP,31,2.1,0.12813951,0.06860468,0.13953489065170288,0.0891089108910891,False
picture,word_top5,NUEx030,CP,32,2.2,0.13116273,0.07046515,0.11627907305955887,0.04950495049504951,True
picture,word_top5,NUEx030,CP,33,2.3,0.09465115,0.06534886,0.13953489065170288,0.18811881188118812,False
picture,word_top5,NUEx030,CP,34,2.4,0.08441864,0.06581398,0.13953489065170288,0.37623762376237624,False
picture,word_top5,NUEx030,CP,35,2.5,0.099069744,0.06837212,0.13953489065170288,0.13861386138613863,False
picture,word_top5,NUEx030,CP,36,2.6,0.08837209,0.057209324,0.11627907305955887,0.2376237623762376,False
picture,word_top5,NUEx030,CP,37,2.7,0.09511627,0.07046515,0.11627907305955887,0.1782178217821782,False
picture,word_top5,NUEx030,CP,38,2.8,0.08627908,0.06488374,0.13953489065170288,0.33663366336633666,False
picture,word_top5,NUEx030,CP,39,2.9,0.08116282,0.066744216,0.13953489065170288,0.3465346534653465,False
picture,word_top5,NUEx030,CP,40,3.0,0.09046513,0.07186049,0.14069768115878098,0.39603960396039606,False
picture,word_top5,NUEx030,CP,41,3.1,0.0818605,0.0662791,0.11627907305955887,0.3564356435643564,False
picture,word_top5,NUEx030,CP,42,3.2,0.09395348,0.070930265,0.117441863939166,0.16831683168316833,False
picture,word_top5,NUEx030,CP,43,3.3,0.09697672,0.07116282,0.13953489065170288,0.18811881188118812,False
picture,word_top5,NUEx030,CP,44,3.4,0.104883716,0.063488394,0.13953489065170288,0.12871287128712872,False
picture,word_top5,NUEx030,CP,45,3.5,0.106046505,0.064883746,0.117441863939166,0.16831683168316833,False
picture,word_top5,NUEx030,CP,46,3.6,0.11139533,0.06279072,0.13953489065170288,0.15841584158415842,False
picture,word_top5,NUEx030,CP,47,3.7,0.101162784,0.06720933,0.14069768115878098,0.2376237623762376,False
picture,word_top5,NUEx030,CP,48,3.8,0.09000002,0.06372095,0.11627907305955887,0.32673267326732675,False
picture,word_top5,NUEx030,CP,49,3.9,0.0927907,0.066046536,0.117441863939166,0.3465346534653465,False
picture,word_top5,NUEx030,CP,50,4.0,0.10348835,0.07116282,0.13953489065170288,0.16831683168316833,False
picture,word_top5,NUEx030,CP,51,4.1,0.086744204,0.063023284,0.13953489065170288,0.2871287128712871,False
picture,word_top5,NUEx030,CP,52,4.2,0.07255817,0.062325608,0.13953489065170288,0.27722772277227725,False
picture,word_top5,NUEx030,CP,53,4.3,0.09000002,0.066046536,0.117441863939166,0.31683168316831684,False
picture,word_top5,NUEx030,CP,54,4.4,0.09279069,0.062325608,0.13953489065170288,0.27722772277227725,False
picture,word_top5,NUEx030,CP,55,4.5,0.1048837,0.06279072,0.117441863939166,0.1485148514851485,False
picture,word_top5,NUEx030,CP,56,4.6,0.10325581,0.071395375,0.13953489065170288,0.16831683168316833,False
picture,word_top5,NUEx030,CP,57,4.7,0.109069735,0.065348856,0.13953489065170288,0.1485148514851485,False
picture,word_top5,NUEx030,CP,58,4.8,0.10069766,0.060465142,0.117441863939166,0.1188118811881188,False
picture,word_top5,NUEx045,DR,0,-1.0,0.06766356,0.058224317,0.09345794469118118,0.2871287128712871,False
picture,word_top5,NUEx045,DR,1,-0.9,0.059532724,0.05813084,0.09345794469118118,0.4158415841584158,False
picture,word_top5,NUEx045,DR,2,-0.8,0.06299065,0.05598131,0.08411215245723724,0.4158415841584158,False
picture,word_top5,NUEx045,DR,3,-0.7,0.061682243,0.05822431,0.09392523430287836,0.46534653465346537,False
picture,word_top5,NUEx045,DR,4,-0.6,0.05822432,0.057102814,0.08411215245723724,0.4752475247524752,False
picture,word_top5,NUEx045,DR,5,-0.5,0.06411215,0.061962627,0.09345794469118118,0.5148514851485149,False
picture,word_top5,NUEx045,DR,6,-0.4,0.06850467,0.054205604,0.09392523430287836,0.2871287128712871,False
picture,word_top5,NUEx045,DR,7,-0.3,0.061869163,0.055514034,0.09345794469118118,0.42574257425742573,False
picture,word_top5,NUEx045,DR,8,-0.2,0.06598132,0.054672893,0.09345794469118118,0.24752475247524752,False
picture,word_top5,NUEx045,DR,9,-0.1,0.070093475,0.05672897,0.09345794469118118,0.25742574257425743,False
picture,word_top5,NUEx045,DR,10,0.0,0.06457943,0.059906565,0.09392523430287836,0.504950495049505,False
picture,word_top5,NUEx045,DR,11,0.1,0.06495328,0.05457946,0.09345794469118118,0.38613861386138615,False
picture,word_top5,NUEx045,DR,12,0.2,0.061869144,0.05523365,0.10280373692512512,0.40594059405940597,False
picture,word_top5,NUEx045,DR,13,0.3,0.07046731,0.06056075,0.09345794469118118,0.3564356435643564,False
picture,word_top5,NUEx045,DR,14,0.4,0.071869165,0.05420562,0.09392523430287836,0.1782178217821782,False
picture,word_top5,NUEx045,DR,15,0.5,0.07719626,0.058785066,0.1032710265368223,0.19801980198019803,False
picture,word_top5,NUEx045,DR,16,0.6,0.07626167,0.055233654,0.09392523430287836,0.1485148514851485,False
picture,word_top5,NUEx045,DR,17,0.7,0.08327105,0.05738318,0.08457944206893442,0.13861386138613863,False
picture,word_top5,NUEx045,DR,18,0.8,0.08719626,0.05710283,0.11214952915906906,0.13861386138613863,False
picture,word_top5,NUEx045,DR,19,0.9,0.08962618,0.0573832,0.09345794469118118,0.09900990099009901,False
picture,word_top5,NUEx045,DR,20,1.0,0.088504694,0.05570093,0.10280373692512512,0.10891089108910891,False
picture,word_top5,NUEx045,DR,21,1.1,0.10130842,0.05672899,0.10280373692512512,0.06930693069306931,False
picture,word_top5,NUEx045,DR,22,1.2,0.10018693,0.059252333,0.09345794469118118,0.04950495049504951,True
picture,word_top5,NUEx045,DR,23,1.3,0.09000002,0.055514034,0.08411215245723724,0.0297029702970297,True
picture,word_top5,NUEx045,DR,24,1.4,0.091401875,0.06299066,0.10280373692512512,0.15841584158415842,False
picture,word_top5,NUEx045,DR,25,1.5,0.08140186,0.058224306,0.10280373692512512,0.2079207920792079,False
picture,word_top5,NUEx045,DR,26,1.6,0.08121497,0.05644861,0.09345794469118118,0.12871287128712872,False
picture,word_top5,NUEx045,DR,27,1.7,0.08196261,0.057383176,0.10280373692512512,0.1485148514851485,False
picture,word_top5,NUEx045,DR,28,1.8,0.077570096,0.060186926,0.11214952915906906,0.21782178217821782,False
picture,word_top5,NUEx045,DR,29,1.9,0.07785048,0.059626188,0.09345794469118118,0.2079207920792079,False
picture,word_top5,NUEx045,DR,30,2.0,0.077757016,0.061682243,0.1032710265368223,0.2079207920792079,False
picture,word_top5,NUEx045,DR,31,2.1,0.07728973,0.05831778,0.09392523430287836,0.16831683168316833,False
picture,word_top5,NUEx045,DR,32,2.2,0.073551424,0.06074767,0.10280373692512512,0.297029702970297,False
picture,word_top5,NUEx045,DR,33,2.3,0.077383175,0.054859795,0.09345794469118118,0.1188118811881188,False
picture,word_top5,NUEx045,DR,34,2.4,0.0804673,0.055607487,0.09345794469118118,0.13861386138613863,False
picture,word_top5,NUEx045,DR,35,2.5,0.07971962,0.05738317,0.09345794469118118,0.18811881188118812,False
picture,word_top5,NUEx045,DR,36,2.6,0.077663556,0.05644861,0.08457944206893442,0.10891089108910891,False
picture,word_top5,NUEx045,DR,37,2.7,0.07336448,0.054766353,0.09345794469118118,0.27722772277227725,False
picture,word_top5,NUEx045,DR,38,2.8,0.07738318,0.061588794,0.09392523430287836,0.1782178217821782,False
picture,word_top5,NUEx045,DR,39,2.9,0.07429907,0.054112148,0.10280373692512512,0.2871287128712871,False
picture,word_top5,NUEx045,DR,40,3.0,0.07439254,0.05654206,0.09392523430287836,0.21782178217821782,False
picture,word_top5,NUEx045,DR,41,3.1,0.07009345,0.061775703,0.1032710265368223,0.3465346534653465,False
picture,word_top5,NUEx045,DR,42,3.2,0.068971954,0.05663552,0.08411215245723724,0.3069306930693069,False
picture,word_top5,NUEx045,DR,43,3.3,0.06579439,0.061308414,0.09345794469118118,0.32673267326732675,False
picture,word_top5,NUEx045,DR,44,3.4,0.0775701,0.056635514,0.09345794469118118,0.15841584158415842,False
picture,word_top5,NUEx045,DR,45,3.5,0.08205607,0.057196263,0.10280373692512512,0.16831683168316833,False
picture,word_top5,NUEx045,DR,46,3.6,0.07953273,0.06196261,0.1032710265368223,0.21782178217821782,False
picture,word_top5,NUEx045,DR,47,3.7,0.06691589,0.05869159,0.09392523430287836,0.25742574257425743,False
picture,word_top5,NUEx045,DR,48,3.8,0.07121496,0.060467288,0.09345794469118118,0.297029702970297,False
picture,word_top5,NUEx045,DR,49,3.9,0.068411216,0.057383183,0.09345794469118118,0.25742574257425743,False
picture,word_top5,NUEx042,EH,0,-1.0,0.053047627,0.058190502,0.095238097012043,0.5742574257425742,False
picture,word_top5,NUEx042,EH,1,-0.9,0.051714297,0.05657143,0.095238097012043,0.5346534653465347,False
picture,word_top5,NUEx042,EH,2,-0.8,0.057428576,0.06038097,0.095238097012043,0.504950495049505,False
picture,word_top5,NUEx042,EH,3,-0.7,0.06495238,0.05523811,0.09571428745985028,0.31683168316831684,False
picture,word_top5,NUEx042,EH,4,-0.6,0.06704762,0.05590478,0.095238097012043,0.297029702970297,False
picture,word_top5,NUEx042,EH,5,-0.5,0.064952396,0.058285724,0.095238097012043,0.44554455445544555,False
picture,word_top5,NUEx042,EH,6,-0.4,0.07142857,0.054095253,0.095238097012043,0.21782178217821782,False
picture,word_top5,NUEx042,EH,7,-0.3,0.07076191,0.05314287,0.08619047850370404,0.2376237623762376,False
picture,word_top5,NUEx042,EH,8,-0.2,0.06628572,0.051523834,0.08571428805589676,0.31683168316831684,False
picture,word_top5,NUEx042,EH,9,-0.1,0.06428573,0.050285734,0.0766666695475578,0.2871287128712871,False
picture,word_top5,NUEx042,EH,10,0.0,0.06228573,0.054095257,0.095238097012043,0.3069306930693069,False
picture,word_top5,NUEx042,EH,11,0.1,0.06542857,0.055142876,0.08619047850370404,0.3564356435643564,False
picture,word_top5,NUEx042,EH,12,0.2,0.073238105,0.054952398,0.095238097012043,0.22772277227722773,False
picture,word_top5,NUEx042,EH,13,0.3,0.09390479,0.056857157,0.095238097012043,0.1188118811881188,False
picture,word_top5,NUEx042,EH,14,0.4,0.10314292,0.05657144,0.08571428805589676,0.019801980198019802,True
picture,word_top5,NUEx042,EH,15,0.5,0.121428564,0.055714305,0.09571428745985028,0.019801980198019802,True
picture,word_top5,NUEx042,EH,16,0.6,0.14095238,0.053904783,0.095238097012043,0.009900990099009901,True
picture,word_top5,NUEx042,EH,17,0.7,0.13904765,0.052380957,0.08571428805589676,0.009900990099009901,True
picture,word_top5,NUEx042,EH,18,0.8,0.13752379,0.05733336,0.09571428745985028,0.009900990099009901,True
picture,word_top5,NUEx042,EH,19,0.9,0.13638096,0.05438098,0.095238097012043,0.009900990099009901,True
picture,word_top5,NUEx042,EH,20,1.0,0.13285719,0.051428605,0.08571428805589676,0.009900990099009901,True
picture,word_top5,NUEx042,EH,21,1.1,0.14038096,0.054000024,0.095238097012043,0.019801980198019802,True
picture,word_top5,NUEx042,EH,22,1.2,0.13952383,0.05514287,0.095238097012043,0.009900990099009901,True
picture,word_top5,NUEx042,EH,23,1.3,0.12933335,0.057523835,0.09571428745985028,0.019801980198019802,True
picture,word_top5,NUEx042,EH,24,1.4,0.11914287,0.05580955,0.08619047850370404,0.009900990099009901,True
picture,word_top5,NUEx042,EH,25,1.5,0.099142894,0.05809525,0.095238097012043,0.04950495049504951,True
picture,word_top5,NUEx042,EH,26,1.6,0.093809545,0.05323811,0.095238097012043,0.06930693069306931,False
picture,word_top5,NUEx042,EH,27,1.7,0.09552386,0.055142865,0.095238097012043,0.039603960396039604,True
picture,word_top5,NUEx042,EH,28,1.8,0.093714304,0.0564762,0.095238097012043,0.07920792079207921,False
picture,word_top5,NUEx042,EH,29,1.9,0.09609526,0.054571442,0.08571428805589676,0.019801980198019802,True
picture,word_top5,NUEx042,EH,30,2.0,0.095047615,0.056380954,0.08571428805589676,0.04950495049504951,True
picture,word_top5,NUEx042,EH,31,2.1,0.0959048,0.057619065,0.08571428805589676,0.0297029702970297,True
picture,word_top5,NUEx042,EH,32,2.2,0.104095265,0.05523811,0.095238097012043,0.04950495049504951,True
picture,word_top5,NUEx042,EH,33,2.3,0.09895244,0.052476205,0.08571428805589676,0.019801980198019802,True
picture,word_top5,NUEx042,EH,34,2.4,0.105238125,0.05961908,0.10476190596818924,0.0297029702970297,True
picture,word_top5,NUEx042,EH,35,2.5,0.098952405,0.05476193,0.095238097012043,0.039603960396039604,True
picture,word_top5,NUEx042,EH,36,2.6,0.090095274,0.056666695,0.095238097012043,0.06930693069306931,False
picture,word_top5,NUEx042,EH,37,2.7,0.09114287,0.05600001,0.095238097012043,0.0891089108910891,False
picture,word_top5,NUEx042,EH,38,2.8,0.08952385,0.05114288,0.07619047909975052,0.009900990099009901,True
picture,word_top5,NUEx042,EH,39,2.9,0.093047656,0.056000024,0.08619047850370404,0.0594059405940594,True
picture,word_top5,NUEx042,EH,40,3.0,0.08723815,0.053047623,0.08619047850370404,0.0594059405940594,True
picture,word_top5,NUEx042,EH,41,3.1,0.091714315,0.054857165,0.08619047850370404,0.0594059405940594,True
picture,word_top5,NUEx042,EH,42,3.2,0.08266668,0.05428573,0.08619047850370404,0.09900990099009901,False
picture,word_top5,NUEx042,EH,43,3.3,0.077809565,0.060000006,0.09571428745985028,0.15841584158415842,False
picture,word_top5,NUEx042,EH,44,3.4,0.07733336,0.058190487,0.09571428745985028,0.13861386138613863,False
picture,word_top5,NUEx042,EH,45,3.5,0.07685715,0.055714313,0.09571428745985028,0.1782178217821782,False
picture,word_top5,NUEx042,EH,46,3.6,0.081619054,0.05542859,0.095238097012043,0.1782178217821782,False
picture,word_top5,NUEx042,EH,47,3.7,0.07114287,0.05390479,0.095238097012043,0.2376237623762376,False
picture,word_top5,NUEx042,EH,48,3.8,0.07219048,0.052761927,0.08619047850370404,0.2376237623762376,False
picture,word_top5,NUEx042,EH,49,3.9,0.0701905,0.052095246,0.08571428805589676,0.1782178217821782,False
picture,word_top5,NUEx032,EM,0,-1.0,0.06912161,0.07148646,0.10844594836235044,0.48514851485148514,False
picture,word_top5,NUEx032,EM,1,-0.9,0.06885136,0.07331083,0.11486486345529556,0.49504950495049505,False
picture,word_top5,NUEx032,EM,2,-0.8,0.06986485,0.06702701,0.09459459781646729,0.45544554455445546,False
picture,word_top5,NUEx032,EM,3,-0.7,0.068243235,0.06939188,0.10168918855488299,0.42574257425742573,False
picture,word_top5,NUEx032,EM,4,-0.6,0.06682433,0.07236486,0.10844594836235044,0.6039603960396039,False
picture,word_top5,NUEx032,EM,5,-0.5,0.06878377,0.07121623,0.10810811072587967,0.49504950495049505,False
picture,word_top5,NUEx032,EM,6,-0.4,0.06635137,0.069729716,0.10168918855488299,0.6336633663366337,False
picture,word_top5,NUEx032,EM,7,-0.3,0.066824324,0.068986475,0.10135135054588318,0.6039603960396039,False
picture,word_top5,NUEx032,EM,8,-0.2,0.06722975,0.07033783,0.10168918855488299,0.6039603960396039,False
picture,word_top5,NUEx032,EM,9,-0.1,0.06912162,0.07040541,0.10810811072587967,0.4752475247524752,False
picture,word_top5,NUEx032,EM,10,0.0,0.0683108,0.07081077,0.10168918855488299,0.46534653465346537,False
picture,word_top5,NUEx032,EM,11,0.1,0.06736484,0.07047296,0.10135135054588318,0.6732673267326733,False
picture,word_top5,NUEx032,EM,12,0.2,0.07195944,0.07391892,0.11486486345529556,0.5544554455445545,False
picture,word_top5,NUEx032,EM,13,0.3,0.09885138,0.074999996,0.11486486345529556,0.18811881188118812,False
picture,word_top5,NUEx032,EM,14,0.4,0.12540543,0.06722972,0.10168918855488299,0.039603960396039604,True
picture,word_top5,NUEx032,EM,15,0.5,0.14222966,0.073108084,0.11486486345529556,0.009900990099009901,True
picture,word_top5,NUEx032,EM,16,0.6,0.14999992,0.07263512,0.10844594836235044,0.009900990099009901,True
picture,word_top5,NUEx032,EM,17,0.7,0.15959448,0.07155404,0.11520270146429537,0.009900990099009901,True
picture,word_top5,NUEx032,EM,18,0.8,0.16162153,0.06810811,0.10168918855488299,0.009900990099009901,True
picture,word_top5,NUEx032,EM,19,0.9,0.17013504,0.074459456,0.11486486345529556,0.009900990099009901,True
picture,word_top5,NUEx032,EM,20,1.0,0.16635124,0.07114865,0.10810811072587967,0.009900990099009901,True
picture,word_top5,NUEx032,EM,21,1.1,0.17297289,0.07114866,0.10135135054588318,0.009900990099009901,True
picture,word_top5,NUEx032,EM,22,1.2,0.17749992,0.07081082,0.10135135054588318,0.009900990099009901,True
picture,word_top5,NUEx032,EM,23,1.3,0.1826351,0.072635114,0.10844594836235044,0.009900990099009901,True
picture,word_top5,NUEx032,EM,24,1.4,0.17175668,0.067567565,0.10135135054588318,0.009900990099009901,True
picture,word_top5,NUEx032,EM,25,1.5,0.14405398,0.06993243,0.10810811072587967,0.009900990099009901,True
picture,word_top5,NUEx032,EM,26,1.6,0.13168919,0.06878378,0.10168918855488299,0.009900990099009901,True
picture,word_top5,NUEx032,EM,27,1.7,0.110810794,0.06641894,0.09459459781646729,0.009900990099009901,True
picture,word_top5,NUEx032,EM,28,1.8,0.09804054,0.07209459,0.10168918855488299,0.15841584158415842,False
picture,word_top5,NUEx032,EM,29,1.9,0.0931081,0.07304054,0.11486486345529556,0.24752475247524752,False
picture,word_top5,NUEx032,EM,30,2.0,0.09087838,0.07277025,0.11486486345529556,0.1782178217821782,False
picture,word_top5,NUEx032,EM,31,2.1,0.08277025,0.0708108,0.10810811072587967,0.26732673267326734,False
picture,word_top5,NUEx032,EM,32,2.2,0.082635105,0.074864835,0.10810811072587967,0.31683168316831684,False
picture,word_top5,NUEx032,EM,33,2.3,0.07797295,0.07425673,0.11486486345529556,0.40594059405940597,False
picture,word_top5,NUEx032,EM,34,2.4,0.08439189,0.07229729,0.10168918855488299,0.26732673267326734,False
picture,word_top5,NUEx032,EM,35,2.5,0.087972976,0.070472986,0.10844594836235044,0.19801980198019803,False
picture,word_top5,NUEx032,EM,36,2.6,0.07763511,0.071351334,0.10810811072587967,0.32673267326732675,False
picture,word_top5,NUEx032,EM,37,2.7,0.08783782,0.07290538,0.10810811072587967,0.27722772277227725,False
picture,word_top5,NUEx032,EM,38,2.8,0.08378375,0.07168919,0.10168918855488299,0.26732673267326734,False
picture,word_top5,NUEx032,EM,39,2.9,0.08175673,0.073310785,0.10810811072587967,0.31683168316831684,False
picture,word_top5,NUEx032,EM,40,3.0,0.07993239,0.07216213,0.10844594836235044,0.36633663366336633,False
picture,word_top5,NUEx032,EM,41,3.1,0.07885133,0.07047298,0.10168918855488299,0.3564356435643564,False
picture,word_top5,NUEx032,EM,42,3.2,0.077905394,0.07256756,0.10168918855488299,0.36633663366336633,False
picture,word_top5,NUEx032,EM,43,3.3,0.07378377,0.071959436,0.11486486345529556,0.5148514851485149,False
picture,word_top5,NUEx032,EM,44,3.4,0.0811486,0.070810795,0.10168918855488299,0.3069306930693069,False
picture,word_top5,NUEx032,EM,45,3.5,0.08736487,0.07202703,0.10844594836235044,0.2871287128712871,False
picture,word_top5,NUEx032,EM,46,3.6,0.09054054,0.07175675,0.10844594836235044,0.18811881188118812,False
picture,word_top5,NUEx032,EM,47,3.7,0.09581083,0.070945926,0.10135135054588318,0.09900990099009901,False
picture,word_top5,NUEx032,EM,48,3.8,0.10141894,0.070878364,0.10135135054588318,0.04950495049504951,True
picture,word_top5,NUEx032,EM,49,3.9,0.10554057,0.07168918,0.10844594836235044,0.06930693069306931,False
picture,word_top5,NUEx038,LH,0,-1.0,0.06502078,0.06265563,0.09149377793073653,0.44554455445544555,False
picture,word_top5,NUEx038,LH,1,-0.9,0.06265561,0.06522823,0.0912863090634346,0.49504950495049505,False
picture,word_top5,NUEx038,LH,2,-0.8,0.06236516,0.06539422,0.08713693171739578,0.5643564356435643,False
picture,word_top5,NUEx038,LH,3,-0.7,0.06165978,0.06261412,0.0912863090634346,0.5346534653465347,False
picture,word_top5,NUEx038,LH,4,-0.6,0.057634864,0.06585066,0.0912863090634346,0.693069306930693,False
picture,word_top5,NUEx038,LH,5,-0.5,0.057427403,0.06398343,0.08734440058469771,0.7227722772277227,False
picture,word_top5,NUEx038,LH,6,-0.4,0.060124498,0.06497927,0.09149377793073653,0.6732673267326733,False
picture,word_top5,NUEx038,LH,7,-0.3,0.057925344,0.06522825,0.0912863090634346,0.693069306930693,False
picture,word_top5,NUEx038,LH,8,-0.2,0.05871371,0.06663901,0.08734440058469771,0.6732673267326733,False
picture,word_top5,NUEx038,LH,9,-0.1,0.056556035,0.06311206,0.08298755437135696,0.7128712871287128,False
picture,word_top5,NUEx038,LH,10,0.0,0.053817455,0.06365149,0.09543568640947342,0.7227722772277227,False
picture,word_top5,NUEx038,LH,11,0.1,0.0568465,0.06331953,0.0912863090634346,0.6435643564356436,False
picture,word_top5,NUEx038,LH,12,0.2,0.08526973,0.060995866,0.0912863090634346,0.0891089108910891,False
picture,word_top5,NUEx038,LH,13,0.3,0.10448133,0.06327803,0.0912863090634346,0.009900990099009901,True
picture,word_top5,NUEx038,LH,14,0.4,0.11365148,0.06435686,0.09149377793073653,0.019801980198019802,True
picture,word_top5,NUEx038,LH,15,0.5,0.12427382,0.06423238,0.0912863090634346,0.009900990099009901,True
picture,word_top5,NUEx038,LH,16,0.6,0.13323653,0.06385894,0.08713693171739578,0.009900990099009901,True
picture,word_top5,NUEx038,LH,17,0.7,0.140249,0.06709545,0.09543568640947342,0.009900990099009901,True
picture,word_top5,NUEx038,LH,18,0.8,0.14149384,0.066099614,0.09543568640947342,0.009900990099009901,True
picture,word_top5,NUEx038,LH,19,0.9,0.14701246,0.06580916,0.09149377793073653,0.009900990099009901,True
picture,word_top5,NUEx038,LH,20,1.0,0.14294606,0.06506226,0.08734440058469771,0.009900990099009901,True
picture,word_top5,NUEx038,LH,21,1.1,0.14186724,0.0640249,0.09170124679803845,0.009900990099009901,True
picture,word_top5,NUEx038,LH,22,1.2,0.13394193,0.064149395,0.0912863090634346,0.009900990099009901,True
picture,word_top5,NUEx038,LH,23,1.3,0.116804935,0.06373446,0.08319502323865889,0.019801980198019802,True
picture,word_top5,NUEx038,LH,24,1.4,0.10414939,0.06560168,0.09564315527677535,0.009900990099009901,True
picture,word_top5,NUEx038,LH,25,1.5,0.091576815,0.06340251,0.09543568640947342,0.06930693069306931,False
picture,word_top5,NUEx038,LH,26,1.6,0.083817445,0.062199187,0.08298755437135696,0.04950495049504951,True
picture,word_top5,NUEx038,LH,27,1.7,0.07966808,0.06377594,0.09149377793073653,0.19801980198019803,False
picture,word_top5,NUEx038,LH,28,1.8,0.07278012,0.066141084,0.09543568640947342,0.36633663366336633,False
picture,word_top5,NUEx038,LH,29,1.9,0.07269712,0.0648548,0.08319502323865889,0.32673267326732675,False
picture,word_top5,NUEx038,LH,30,2.0,0.07356847,0.061203327,0.08713693171739578,0.2079207920792079,False
picture,word_top5,NUEx038,LH,31,2.1,0.071784236,0.063112065,0.0912863090634346,0.26732673267326734,False
picture,word_top5,NUEx038,LH,32,2.2,0.071037374,0.06174276,0.08713693171739578,0.26732673267326734,False
picture,word_top5,NUEx038,LH,33,2.3,0.06734442,0.063858956,0.08713693171739578,0.38613861386138615,False
picture,word_top5,NUEx038,LH,34,2.4,0.06726145,0.06468881,0.08713693171739578,0.4158415841584158,False
picture,word_top5,NUEx038,LH,35,2.5,0.06863073,0.06576767,0.08713693171739578,0.45544554455445546,False
picture,word_top5,NUEx038,LH,36,2.6,0.06717843,0.06124484,0.08734440058469771,0.31683168316831684,False
picture,word_top5,NUEx038,LH,37,2.7,0.06858924,0.064605825,0.08734440058469771,0.43564356435643564,False
picture,word_top5,NUEx038,LH,38,2.8,0.07195023,0.064979285,0.0912863090634346,0.24752475247524752,False
picture,word_top5,NUEx038,LH,39,2.9,0.07128631,0.06651452,0.08734440058469771,0.31683168316831684,False
picture,word_top5,NUEx038,LH,40,3.0,0.06933612,0.06170126,0.08713693171739578,0.37623762376237624,False
picture,word_top5,NUEx038,LH,41,3.1,0.07568466,0.06315355,0.0912863090634346,0.16831683168316833,False
picture,word_top5,NUEx038,LH,42,3.2,0.07585065,0.06568468,0.09543568640947342,0.22772277227722773,False
picture,word_top5,NUEx038,LH,43,3.3,0.07070541,0.063402504,0.0912863090634346,0.26732673267326734,False
picture,word_top5,NUEx038,LH,44,3.4,0.06929464,0.06473031,0.09564315527677535,0.32673267326732675,False
picture,word_top5,NUEx038,LH,45,3.5,0.071576774,0.064066395,0.0912863090634346,0.26732673267326734,False
picture,word_top5,NUEx038,LH,46,3.6,0.071991704,0.064771794,0.08734440058469771,0.31683168316831684,False
picture,word_top5,NUEx038,LH,47,3.7,0.07165978,0.06908717,0.09543568640947342,0.39603960396039606,False
picture,word_top5,NUEx038,LH,48,3.8,0.07170127,0.06456433,0.08734440058469771,0.31683168316831684,False
picture,word_top5,NUEx038,LH,49,3.9,0.070083,0.066639036,0.09149377793073653,0.40594059405940597,False
picture,word_top5,NUEx035,MM,0,-1.0,0.11116121,0.08806446,0.12935483530163763,0.1782178217821782,False
picture,word_top5,NUEx035,MM,1,-0.9,0.104128964,0.09038703,0.12903225421905518,0.27722772277227725,False
picture,word_top5,NUEx035,MM,2,-0.8,0.102064446,0.08322576,0.11645161397755144,0.21782178217821782,False
picture,word_top5,NUEx035,MM,3,-0.7,0.112257995,0.08877414,0.12903225421905518,0.1485148514851485,False
picture,word_top5,NUEx035,MM,4,-0.6,0.11238701,0.08735479,0.12903225421905518,0.10891089108910891,False
picture,word_top5,NUEx035,MM,5,-0.5,0.11922573,0.08709672,0.1225806474685669,0.09900990099009901,False
picture,word_top5,NUEx035,MM,6,-0.4,0.1123225,0.08748381,0.1225806474685669,0.1485148514851485,False
picture,word_top5,NUEx035,MM,7,-0.3,0.11103219,0.08522575,0.1225806474685669,0.1188118811881188,False
picture,word_top5,NUEx035,MM,8,-0.2,0.10896768,0.086387046,0.11612903326749802,0.1188118811881188,False
picture,word_top5,NUEx035,MM,9,-0.1,0.10716122,0.08909672,0.12903225421905518,0.21782178217821782,False
picture,word_top5,NUEx035,MM,10,0.0,0.09483866,0.088064454,0.11645161397755144,0.4158415841584158,False
picture,word_top5,NUEx035,MM,11,0.1,0.09896768,0.08883865,0.12903225421905518,0.3069306930693069,False
picture,word_top5,NUEx035,MM,12,0.2,0.10116122,0.08787091,0.12903225421905518,0.26732673267326734,False
picture,word_top5,NUEx035,MM,13,0.3,0.109354764,0.08806446,0.1225806474685669,0.15841584158415842,False
picture,word_top5,NUEx035,MM,14,0.4,0.12593539,0.09045155,0.12903225421905518,0.06930693069306931,False
picture,word_top5,NUEx035,MM,15,0.5,0.12858056,0.08677414,0.1225806474685669,0.04950495049504951,True
picture,word_top5,NUEx035,MM,16,0.6,0.1283225,0.08419349,0.11612903326749802,0.0297029702970297,True
picture,word_top5,NUEx035,MM,17,0.7,0.13690314,0.08690316,0.12903225421905518,0.0297029702970297,True
picture,word_top5,NUEx035,MM,18,0.8,0.14419346,0.08812898,0.1225806474685669,0.019801980198019802,True
picture,word_top5,NUEx035,MM,19,0.9,0.14548378,0.08458059,0.11645161397755144,0.009900990099009901,True
picture,word_top5,NUEx035,MM,20,1.0,0.14148378,0.08612898,0.1229032278060913,0.0297029702970297,True
picture,word_top5,NUEx035,MM,21,1.1,0.15090314,0.08851607,0.12903225421905518,0.019801980198019802,True
picture,word_top5,NUEx035,MM,22,1.2,0.14006443,0.08451608,0.1225806474685669,0.009900990099009901,True
picture,word_top5,NUEx035,MM,23,1.3,0.12045154,0.08754833,0.1229032278060913,0.07920792079207921,False
picture,word_top5,NUEx035,MM,24,1.4,0.11793541,0.082064465,0.11612903326749802,0.039603960396039604,True
picture,word_top5,NUEx035,MM,25,1.5,0.10612896,0.087419294,0.1225806474685669,0.15841584158415842,False
picture,word_top5,NUEx035,MM,26,1.6,0.102064446,0.08838704,0.1229032278060913,0.33663366336633666,False
picture,word_top5,NUEx035,MM,27,1.7,0.1030967,0.08909672,0.12935483530163763,0.27722772277227725,False
picture,word_top5,NUEx035,MM,28,1.8,0.10006445,0.09045155,0.1229032278060913,0.3069306930693069,False
picture,word_top5,NUEx035,MM,29,1.9,0.094451554,0.087483816,0.12903225421905518,0.40594059405940597,False
picture,word_top5,NUEx035,MM,30,2.0,0.10070962,0.08425801,0.11645161397755144,0.2376237623762376,False
picture,word_top5,NUEx035,MM,31,2.1,0.10283864,0.08264511,0.11645161397755144,0.21782178217821782,False
picture,word_top5,NUEx035,MM,32,2.2,0.09735478,0.08696768,0.12903225421905518,0.2871287128712871,False
picture,word_top5,NUEx035,MM,33,2.3,0.09974187,0.08703221,0.1225806474685669,0.24752475247524752,False
picture,word_top5,NUEx035,MM,34,2.4,0.09819348,0.08412897,0.1225806474685669,0.2376237623762376,False
picture,word_top5,NUEx035,MM,35,2.5,0.09561283,0.08890317,0.13548387587070465,0.42574257425742573,False
picture,word_top5,NUEx035,MM,36,2.6,0.10032252,0.086967684,0.11612903326749802,0.26732673267326734,False
picture,word_top5,NUEx035,MM,37,2.7,0.10399993,0.09058059,0.1225806474685669,0.24752475247524752,False
picture,word_top5,NUEx035,MM,38,2.8,0.10406444,0.0874193,0.1225806474685669,0.19801980198019803,False
picture,word_top5,NUEx035,MM,39,2.9,0.10690315,0.08735477,0.1225806474685669,0.21782178217821782,False
picture,word_top5,NUEx035,MM,40,3.0,0.10883865,0.085419305,0.11645161397755144,0.16831683168316833,False
picture,word_top5,NUEx035,MM,41,3.1,0.10058058,0.08799995,0.12903225421905518,0.3069306930693069,False
picture,word_top5,NUEx035,MM,42,3.2,0.10019347,0.08522575,0.1229032278060913,0.27722772277227725,False
picture,word_top5,NUEx035,MM,43,3.3,0.09922575,0.086838655,0.11645161397755144,0.22772277227722773,False
picture,word_top5,NUEx035,MM,44,3.4,0.0994838,0.087483816,0.1229032278060913,0.297029702970297,False
picture,word_top5,NUEx035,MM,45,3.5,0.102258,0.086387046,0.1225806474685669,0.25742574257425743,False
picture,word_top5,NUEx035,MM,46,3.6,0.097806394,0.08599994,0.11645161397755144,0.26732673267326734,False
picture,word_top5,NUEx035,MM,47,3.7,0.10535476,0.08806446,0.12903225421905518,0.2376237623762376,False
picture,word_top5,NUEx035,MM,48,3.8,0.104903154,0.08961285,0.12903225421905518,0.27722772277227725,False
picture,word_top5,NUEx035,MM,49,3.9,0.09909671,0.08890317,0.12935483530163763,0.297029702970297,False
picture,word_top5,NUEx035,MM,50,4.0,0.09709671,0.0926451,0.12903225421905518,0.3564356435643564,False
picture,word_top5,NUEx035,MM,51,4.1,0.09322575,0.08729026,0.1225806474685669,0.38613861386138615,False
picture,word_top5,NUEx035,MM,52,4.2,0.09283865,0.087677374,0.12935483530163763,0.4158415841584158,False
picture,word_top5,NUEx035,MM,53,4.3,0.09677413,0.0910322,0.12935483530163763,0.43564356435643564,False
picture,word_top5,NUEx035,MM,54,4.4,0.08890317,0.08851607,0.1229032278060913,0.5346534653465347,False
picture,word_top5,NUEx035,MM,55,4.5,0.093935415,0.08464511,0.1225806474685669,0.31683168316831684,False
picture,word_top5,NUEx035,MM,56,4.6,0.08935478,0.08916123,0.12935483530163763,0.49504950495049505,False
picture,word_top5,NUEx035,MM,57,4.7,0.08232252,0.08774188,0.1225806474685669,0.6435643564356436,False
picture,word_top5,NUEx035,MM,58,4.8,0.08432253,0.08632252,0.1225806474685669,0.4158415841584158,False
picture,word_top5,NUEx035,MM,59,4.9,0.07916124,0.08529027,0.10967741906642914,0.6435643564356436,False
picture,word_top5,NUEx035,MM,60,5.0,0.08316124,0.08658059,0.12903225421905518,0.5841584158415841,False
picture,word_top5,NUEx035,MM,61,5.1,0.08890317,0.08535478,0.1225806474685669,0.49504950495049505,False
picture,word_top5,NUEx035,MM,62,5.2,0.08799995,0.089999944,0.12935483530163763,0.5544554455445545,False
picture,word_top5,NUEx035,MM,63,5.3,0.089999944,0.086838655,0.11645161397755144,0.49504950495049505,False
picture,word_top5,NUEx035,MM,64,5.4,0.09180639,0.08735479,0.1225806474685669,0.38613861386138615,False
picture,word_top5,NUEx035,MM,65,5.5,0.09561284,0.085741885,0.1229032278060913,0.3564356435643564,False
picture,word_top5,NUEx035,MM,66,5.6,0.10464509,0.08858058,0.12903225421905518,0.2376237623762376,False
picture,word_top5,NUEx035,MM,67,5.7,0.09806445,0.08722575,0.1229032278060913,0.2871287128712871,False
picture,word_top5,NUEx035,MM,68,5.8,0.10825799,0.08516123,0.1225806474685669,0.1782178217821782,False
picture,word_top5,NUEx035,MM,69,5.9,0.1038709,0.09038704,0.12903225421905518,0.22772277227722773,False
picture,word_top5,NUEx035,MM,70,6.0,0.09374187,0.08896769,0.12903225421905518,0.43564356435643564,False
picture,word_top5,NUEx035,MM,71,6.1,0.09245155,0.08561285,0.12903225421905518,0.32673267326732675,False
picture,word_top5,NUEx035,MM,72,6.2,0.089999944,0.08896769,0.1225806474685669,0.6039603960396039,False
picture,word_top5,NUEx035,MM,73,6.3,0.08883865,0.08754833,0.11645161397755144,0.5346534653465347,False
picture,word_top5,NUEx035,MM,74,6.4,0.09245155,0.08890316,0.12903225421905518,0.40594059405940597,False
picture,word_top5,NUEx035,MM,75,6.5,0.09058059,0.08612898,0.10999999977648256,0.3564356435643564,False
picture,word_top5,NUEx035,MM,76,6.6,0.09709671,0.088580586,0.12903225421905518,0.297029702970297,False
picture,word_top5,NUEx035,MM,77,6.7,0.100258,0.08922575,0.1225806474685669,0.32673267326732675,False
picture,word_top5,NUEx035,MM,78,6.8,0.101806395,0.08090318,0.11645161397755144,0.1782178217821782,False
picture,word_top5,NUEx035,MM,79,6.9,0.09929027,0.087806396,0.1225806474685669,0.31683168316831684,False
picture,word_top5,NUEx031,RB,0,-1.0,0.074358985,0.07555558,0.11153846234083173,0.49504950495049505,False
picture,word_top5,NUEx031,RB,1,-0.9,0.07068378,0.079059854,0.11965811997652054,0.6237623762376238,False
picture,word_top5,NUEx031,RB,2,-0.8,0.0898291,0.07692308,0.11965811997652054,0.27722772277227725,False
picture,word_top5,NUEx031,RB,3,-0.7,0.0975214,0.07709403,0.11153846234083173,0.1782178217821782,False
picture,word_top5,NUEx031,RB,4,-0.6,0.08905986,0.077863276,0.12820513546466827,0.297029702970297,False
picture,word_top5,NUEx031,RB,5,-0.5,0.08427353,0.07700856,0.12820513546466827,0.3465346534653465,False
picture,word_top5,NUEx031,RB,6,-0.4,0.08205132,0.07333334,0.11965811997652054,0.3564356435643564,False
picture,word_top5,NUEx031,RB,7,-0.3,0.07931626,0.079914555,0.12820513546466827,0.45544554455445546,False
picture,word_top5,NUEx031,RB,8,-0.2,0.07495729,0.07786326,0.1119658131152391,0.6138613861386139,False
picture,word_top5,NUEx031,RB,9,-0.1,0.07205131,0.0769231,0.1111111119389534,0.594059405940594,False
picture,word_top5,NUEx031,RB,10,0.0,0.07333337,0.07333336,0.1111111119389534,0.5247524752475248,False
picture,word_top5,NUEx031,RB,11,0.1,0.073076956,0.07230771,0.11965811997652054,0.44554455445544555,False
picture,word_top5,NUEx031,RB,12,0.2,0.1282906,0.078803435,0.12820513546466827,0.039603960396039604,True
picture,word_top5,NUEx031,RB,13,0.3,0.1647009,0.0757265,0.1111111119389534,0.009900990099009901,True
picture,word_top5,NUEx031,RB,14,0.4,0.18709402,0.07401711,0.1111111119389534,0.009900990099009901,True
picture,word_top5,NUEx031,RB,15,0.5,0.2102564,0.08145301,0.1367521435022354,0.009900990099009901,True
picture,word_top5,NUEx031,RB,16,0.6,0.21247862,0.07794872,0.1200854707509279,0.009900990099009901,True
picture,word_top5,NUEx031,RB,17,0.7,0.23726499,0.07307694,0.11965811997652054,0.009900990099009901,True
picture,word_top5,NUEx031,RB,18,0.8,0.23264958,0.07726498,0.1111111119389534,0.009900990099009901,True
picture,word_top5,NUEx031,RB,19,0.9,0.24162395,0.080256425,0.12820513546466827,0.009900990099009901,True
picture,word_top5,NUEx031,RB,20,1.0,0.24444446,0.07316241,0.11153846234083173,0.009900990099009901,True
picture,word_top5,NUEx031,RB,21,1.1,0.25264964,0.07470087,0.11965811997652054,0.009900990099009901,True
picture,word_top5,NUEx031,RB,22,1.2,0.24923074,0.07769232,0.1200854707509279,0.009900990099009901,True
picture,word_top5,NUEx031,RB,23,1.3,0.22846156,0.0737607,0.1200854707509279,0.009900990099009901,True
picture,word_top5,NUEx031,RB,24,1.4,0.21538462,0.0766667,0.11965811997652054,0.009900990099009901,True
picture,word_top5,NUEx031,RB,25,1.5,0.19222227,0.076837644,0.11965811997652054,0.009900990099009901,True
picture,word_top5,NUEx031,RB,26,1.6,0.18538463,0.07615388,0.1200854707509279,0.009900990099009901,True
picture,word_top5,NUEx031,RB,27,1.7,0.17256412,0.075213686,0.1111111119389534,0.009900990099009901,True
picture,word_top5,NUEx031,RB,28,1.8,0.16273503,0.07358977,0.11965811997652054,0.009900990099009901,True
picture,word_top5,NUEx031,RB,29,1.9,0.15658121,0.07803421,0.11965811997652054,0.019801980198019802,True
picture,word_top5,NUEx031,RB,30,2.0,0.15273505,0.07948721,0.1200854707509279,0.009900990099009901,True
picture,word_top5,NUEx031,RB,31,2.1,0.15102561,0.07222225,0.1111111119389534,0.009900990099009901,True
picture,word_top5,NUEx031,RB,32,2.2,0.14444444,0.07341883,0.1111111119389534,0.019801980198019802,True
picture,word_top5,NUEx031,RB,33,2.3,0.13846155,0.07153848,0.10299145430326459,0.019801980198019802,True
picture,word_top5,NUEx031,RB,34,2.4,0.14555556,0.07495728,0.11153846234083173,0.009900990099009901,True
picture,word_top5,NUEx031,RB,35,2.5,0.13717948,0.07076926,0.1111111119389534,0.009900990099009901,True
picture,word_top5,NUEx031,RB,36,2.6,0.14239316,0.07427355,0.11965811997652054,0.009900990099009901,True
picture,word_top5,NUEx031,RB,37,2.7,0.13401711,0.075555585,0.11965811997652054,0.019801980198019802,True
picture,word_top5,NUEx031,RB,38,2.8,0.13641028,0.078034185,0.1200854707509279,0.0297029702970297,True
picture,word_top5,NUEx031,RB,39,2.9,0.13205129,0.075299166,0.11965811997652054,0.019801980198019802,True
picture,word_top5,NUEx031,RB,40,3.0,0.124700874,0.079658136,0.11965811997652054,0.04950495049504951,True
picture,word_top5,NUEx031,RB,41,3.1,0.12777777,0.075299166,0.1111111119389534,0.019801980198019802,True
picture,word_top5,NUEx031,RB,42,3.2,0.13418801,0.07811968,0.11965811997652054,0.019801980198019802,True
picture,word_top5,NUEx031,RB,43,3.3,0.1283761,0.07709403,0.11965811997652054,0.019801980198019802,True
picture,word_top5,NUEx031,RB,44,3.4,0.12205133,0.08324786,0.12820513546466827,0.06930693069306931,False
picture,word_top5,NUEx031,RB,45,3.5,0.11316244,0.07700857,0.1111111119389534,0.039603960396039604,True
picture,word_top5,NUEx031,RB,46,3.6,0.10760686,0.07427352,0.1111111119389534,0.0891089108910891,False
picture,word_top5,NUEx031,RB,47,3.7,0.1068376,0.07564104,0.1111111119389534,0.09900990099009901,False
picture,word_top5,NUEx031,RB,48,3.8,0.10059833,0.07179488,0.1111111119389534,0.16831683168316833,False
picture,word_top5,NUEx031,RB,49,3.9,0.097435914,0.07487182,0.11965811997652054,0.21782178217821782,False
picture,word_top5,NUEx031,RB,50,4.0,0.097265,0.07683763,0.11965811997652054,0.2079207920792079,False
picture,word_top5,NUEx031,RB,51,4.1,0.09094017,0.07136755,0.1111111119389534,0.2376237623762376,False
picture,word_top5,NUEx031,RB,52,4.2,0.08589745,0.07606838,0.11965811997652054,0.3069306930693069,False
picture,word_top5,NUEx031,RB,53,4.3,0.08905986,0.075042754,0.1111111119389534,0.22772277227722773,False
picture,word_top5,NUEx031,RB,54,4.4,0.08273507,0.07410259,0.11153846234083173,0.39603960396039606,False
picture,word_top5,NUEx031,RB,55,4.5,0.08247865,0.075042754,0.1111111119389534,0.37623762376237624,False
picture,word_top5,NUEx031,RB,56,4.6,0.07846156,0.07589745,0.12820513546466827,0.40594059405940597,False
picture,word_top5,NUEx031,RB,57,4.7,0.093589775,0.08008549,0.11965811997652054,0.32673267326732675,False
picture,word_top5,NUEx031,RB,58,4.8,0.09512821,0.074700885,0.11153846234083173,0.1782178217821782,False
picture,word_top5,NUEx031,RB,59,4.9,0.089658126,0.07555556,0.12820513546466827,0.26732673267326734,False
picture,word_top5,NUEx027,VB,0,-1.0,0.08552943,0.08494119,0.12941177189350128,0.44554455445544555,False
picture,word_top5,NUEx027,VB,1,-0.9,0.078235336,0.08800002,0.13000000715255733,0.6534653465346535,False
picture,word_top5,NUEx027,VB,2,-0.8,0.08200004,0.083764724,0.1411764770746231,0.5742574257425742,False
picture,word_top5,NUEx027,VB,3,-0.7,0.07835296,0.08741181,0.12941177189350128,0.6336633663366337,False
picture,word_top5,NUEx027,VB,4,-0.6,0.08388237,0.08635296,0.12941177189350128,0.48514851485148514,False
picture,word_top5,NUEx027,VB,5,-0.5,0.09305883,0.08341179,0.13000000715255733,0.46534653465346537,False
picture,word_top5,NUEx027,VB,6,-0.4,0.09400003,0.08529415,0.13000000715255733,0.46534653465346537,False
picture,word_top5,NUEx027,VB,7,-0.3,0.08388238,0.081411794,0.12941177189350128,0.38613861386138615,False
picture,word_top5,NUEx027,VB,8,-0.2,0.08858826,0.0914118,0.1411764770746231,0.504950495049505,False
picture,word_top5,NUEx027,VB,9,-0.1,0.087176494,0.08341179,0.12941177189350128,0.39603960396039606,False
picture,word_top5,NUEx027,VB,10,0.0,0.08388237,0.088117674,0.1411764770746231,0.49504950495049505,False
picture,word_top5,NUEx027,VB,11,0.1,0.08200001,0.08600001,0.12941177189350128,0.6138613861386139,False
picture,word_top5,NUEx027,VB,12,0.2,0.085764736,0.07800002,0.13000000715255733,0.3069306930693069,False
picture,word_top5,NUEx027,VB,13,0.3,0.1495294,0.084941216,0.12941177189350128,0.0297029702970297,True
picture,word_top5,NUEx027,VB,14,0.4,0.20882356,0.07882356,0.13000000715255733,0.009900990099009901,True
picture,word_top5,NUEx027,VB,15,0.5,0.27176467,0.08388237,0.1411764770746231,0.009900990099009901,True
picture,word_top5,NUEx027,VB,16,0.6,0.2890588,0.08329415,0.12941177189350128,0.009900990099009901,True
picture,word_top5,NUEx027,VB,17,0.7,0.31458825,0.08576472,0.1411764770746231,0.009900990099009901,True
picture,word_top5,NUEx027,VB,18,0.8,0.33352932,0.082117654,0.12941177189350128,0.009900990099009901,True
picture,word_top5,NUEx027,VB,19,0.9,0.33282357,0.086117655,0.12941177189350128,0.009900990099009901,True
picture,word_top5,NUEx027,VB,20,1.0,0.33858827,0.090705894,0.14176471233367915,0.009900990099009901,True
picture,word_top5,NUEx027,VB,21,1.1,0.33776465,0.08976472,0.15294118225574493,0.009900990099009901,True
picture,word_top5,NUEx027,VB,22,1.2,0.33576474,0.079764724,0.11823529489338394,0.009900990099009901,True
picture,word_top5,NUEx027,VB,23,1.3,0.31752944,0.082352966,0.14176471233367915,0.009900990099009901,True
picture,word_top5,NUEx027,VB,24,1.4,0.3022353,0.080352955,0.14176471233367915,0.009900990099009901,True
picture,word_top5,NUEx027,VB,25,1.5,0.25929415,0.079647094,0.12941177189350128,0.009900990099009901,True
picture,word_top5,NUEx027,VB,26,1.6,0.24847059,0.08611768,0.1411764770746231,0.009900990099009901,True
picture,word_top5,NUEx027,VB,27,1.7,0.21694122,0.079294145,0.13000000715255733,0.009900990099009901,True
picture,word_top5,NUEx027,VB,28,1.8,0.21235298,0.084235296,0.12941177189350128,0.009900990099009901,True
picture,word_top5,NUEx027,VB,29,1.9,0.19882359,0.08388239,0.1411764770746231,0.009900990099009901,True
picture,word_top5,NUEx027,VB,30,2.0,0.18717651,0.08482357,0.13000000715255733,0.009900990099009901,True
picture,word_top5,NUEx027,VB,31,2.1,0.18305886,0.088705905,0.13000000715255733,0.009900990099009901,True
picture,word_top5,NUEx027,VB,32,2.2,0.17717648,0.08776473,0.15294118225574493,0.009900990099009901,True
picture,word_top5,NUEx027,VB,33,2.3,0.16894114,0.08811767,0.14176471233367915,0.009900990099009901,True
picture,word_top5,NUEx027,VB,34,2.4,0.16082352,0.081058845,0.12941177189350128,0.009900990099009901,True
picture,word_top5,NUEx027,VB,35,2.5,0.16482353,0.0851765,0.1411764770746231,0.009900990099009901,True
picture,word_top5,NUEx027,VB,36,2.6,0.16529408,0.08411767,0.13000000715255733,0.009900990099009901,True
picture,word_top5,NUEx027,VB,37,2.7,0.15847059,0.0827059,0.11764705926179886,0.019801980198019802,True
picture,word_top5,NUEx027,VB,38,2.8,0.16399996,0.08435299,0.12941177189350128,0.019801980198019802,True
picture,word_top5,NUEx027,VB,39,2.9,0.17188235,0.08388238,0.12941177189350128,0.009900990099009901,True
picture,word_top5,NUEx027,VB,40,3.0,0.16376466,0.08529415,0.15294118225574493,0.0297029702970297,True
picture,word_top5,NUEx027,VB,41,3.1,0.16470587,0.08541179,0.12941177189350128,0.0297029702970297,True
picture,word_top5,NUEx027,VB,42,3.2,0.16199999,0.088705905,0.1411764770746231,0.0297029702970297,True
picture,word_top5,NUEx027,VB,43,3.3,0.17058823,0.08552943,0.14176471233367915,0.0297029702970297,True
picture,word_top5,NUEx027,VB,44,3.4,0.16247064,0.08070589,0.13000000715255733,0.009900990099009901,True
picture,word_top5,NUEx027,VB,45,3.5,0.14682357,0.0829412,0.11764705926179886,0.009900990099009901,True
picture,word_top5,NUEx027,VB,46,3.6,0.14552943,0.07576473,0.11823529489338394,0.009900990099009901,True
picture,word_top5,NUEx027,VB,47,3.7,0.13141179,0.08411766,0.1411764770746231,0.06930693069306931,False
picture,word_top5,NUEx027,VB,48,3.8,0.12764707,0.08458826,0.13000000715255733,0.0891089108910891,False
picture,word_top5,NUEx027,VB,49,3.9,0.13105881,0.08835296,0.1411764770746231,0.06930693069306931,False
picture,word_top5,NUEx027,VB,50,4.0,0.12129413,0.08717649,0.12941177189350128,0.0891089108910891,False
picture,word_top5,NUEx027,VB,51,4.1,0.113529466,0.082235314,0.12941177189350128,0.15841584158415842,False
picture,word_top5,NUEx027,VB,52,4.2,0.10741179,0.08411766,0.11823529489338394,0.16831683168316833,False
picture,word_top5,NUEx027,VB,53,4.3,0.114470616,0.087647095,0.1411764770746231,0.25742574257425743,False
picture,word_top5,NUEx027,VB,54,4.4,0.113058865,0.08235295,0.12941177189350128,0.1782178217821782,False
picture,word_top5,NUEx027,VB,55,4.5,0.117411815,0.083764754,0.13000000715255733,0.15841584158415842,False
picture,word_top5,NUEx027,VB,56,4.6,0.11658826,0.082117654,0.12941177189350128,0.15841584158415842,False
picture,word_top5,NUEx027,VB,57,4.7,0.11811767,0.08141178,0.12941177189350128,0.07920792079207921,False
picture,word_top5,NUEx036,WBH,0,-1.0,0.082584545,0.067342974,0.08695652335882187,0.1188118811881188,False
picture,word_top5,NUEx036,WBH,1,-0.9,0.0833575,0.069758445,0.0917874425649643,0.1485148514851485,False
picture,word_top5,NUEx036,WBH,2,-0.8,0.08632851,0.06927535,0.09202898815274237,0.09900990099009901,False
picture,word_top5,NUEx036,WBH,3,-0.7,0.08942029,0.06937199,0.09420289844274521,0.0891089108910891,False
picture,word_top5,NUEx036,WBH,4,-0.6,0.08927536,0.06760871,0.089855071157217,0.0891089108910891,False
picture,word_top5,NUEx036,WBH,5,-0.5,0.08898551,0.06971013,0.09432367123663425,0.10891089108910891,False
picture,word_top5,NUEx036,WBH,6,-0.4,0.0896377,0.067995176,0.08707729615271091,0.0297029702970297,False
picture,word_top5,NUEx036,WBH,7,-0.3,0.090917885,0.06884059,0.08707729615271091,0.039603960396039604,False
picture,word_top5,NUEx036,WBH,8,-0.2,0.089710146,0.06772946,0.08695652335882187,0.019801980198019802,False
picture,word_top5,NUEx036,WBH,9,-0.1,0.08753623,0.067149766,0.08707729615271091,0.0594059405940594,False
picture,word_top5,NUEx036,WBH,10,0.0,0.08275363,0.067657016,0.08937197923660278,0.1188118811881188,False
picture,word_top5,NUEx036,WBH,11,0.1,0.08181158,0.06821256,0.08707729615271091,0.15841584158415842,False
picture,word_top5,NUEx036,WBH,12,0.2,0.08057972,0.06729471,0.0917874425649643,0.2079207920792079,False
picture,word_top5,NUEx036,WBH,13,0.3,0.08577295,0.06929952,0.09420289844274521,0.1188118811881188,False
picture,word_top5,NUEx036,WBH,14,0.4,0.09487924,0.06693237,0.08707729615271091,0.0297029702970297,True
picture,word_top5,NUEx036,WBH,15,0.5,0.11867151,0.066038646,0.08695652335882187,0.009900990099009901,True
picture,word_top5,NUEx036,WBH,16,0.6,0.14084542,0.068913035,0.08695652335882187,0.009900990099009901,True
picture,word_top5,NUEx036,WBH,17,0.7,0.14876814,0.068478264,0.09420289844274521,0.009900990099009901,True
picture,word_top5,NUEx036,WBH,18,0.8,0.15910627,0.06582126,0.09420289844274521,0.009900990099009901,True
picture,word_top5,NUEx036,WBH,19,0.9,0.16601448,0.06908213,0.09420289844274521,0.009900990099009901,True
picture,word_top5,NUEx036,WBH,20,1.0,0.1738164,0.06830918,0.08707729615271091,0.009900990099009901,True
picture,word_top5,NUEx036,WBH,21,1.1,0.17743962,0.06835749,0.08949275240302085,0.009900990099009901,True
picture,word_top5,NUEx036,WBH,22,1.2,0.18181156,0.06780193,0.08695652335882187,0.009900990099009901,True
picture,word_top5,NUEx036,WBH,23,1.3,0.17514493,0.06809178,0.08695652335882187,0.009900990099009901,True
picture,word_top5,NUEx036,WBH,24,1.4,0.16574878,0.06929951,0.08707729615271091,0.009900990099009901,True
picture,word_top5,NUEx036,WBH,25,1.5,0.15444444,0.06809178,0.0917874425649643,0.009900990099009901,True
picture,word_top5,NUEx036,WBH,26,1.6,0.14983094,0.068140104,0.08707729615271091,0.009900990099009901,True
picture,word_top5,NUEx036,WBH,27,1.7,0.14067632,0.06893719,0.08707729615271091,0.009900990099009901,True
picture,word_top5,NUEx036,WBH,28,1.8,0.13473427,0.067801945,0.08937197923660278,0.009900990099009901,True
picture,word_top5,NUEx036,WBH,29,1.9,0.13217391,0.06956522,0.0917874425649643,0.009900990099009901,True
picture,word_top5,NUEx036,WBH,30,2.0,0.1321256,0.067850254,0.08961352519690989,0.009900990099009901,True
picture,word_top5,NUEx036,WBH,31,2.1,0.12845409,0.06823673,0.08719806931912898,0.009900990099009901,True
picture,word_top5,NUEx036,WBH,32,2.2,0.12183575,0.067705326,0.09420289844274521,0.009900990099009901,True
picture,word_top5,NUEx036,WBH,33,2.3,0.11828504,0.06705314,0.08961352519690989,0.009900990099009901,True
picture,word_top5,NUEx036,WBH,34,2.4,0.11903379,0.06681158,0.08454106003046036,0.009900990099009901,True
picture,word_top5,NUEx036,WBH,35,2.5,0.1145169,0.06973429,0.09202898815274237,0.009900990099009901,True
picture,word_top5,NUEx036,WBH,36,2.6,0.11495165,0.06611111,0.08707729615271091,0.009900990099009901,True
picture,word_top5,NUEx036,WBH,37,2.7,0.114685945,0.068671495,0.08949275240302085,0.009900990099009901,True
picture,word_top5,NUEx036,WBH,38,2.8,0.1130918,0.067391306,0.08466183319687842,0.009900990099009901,True
picture,word_top5,NUEx036,WBH,39,2.9,0.10739131,0.06961353,0.08719806931912898,0.009900990099009901,True
picture,word_top5,NUEx036,WBH,40,3.0,0.10485505,0.07019323,0.0917874425649643,0.009900990099009901,True
picture,word_top5,NUEx036,WBH,41,3.1,0.10326086,0.06999999,0.08707729615271091,0.009900990099009901,True
picture,word_top5,NUEx036,WBH,42,3.2,0.10065213,0.06980677,0.08937197923660278,0.009900990099009901,True
picture,word_top5,NUEx036,WBH,43,3.3,0.10077295,0.068067625,0.08707729615271091,0.019801980198019802,True
picture,word_top5,NUEx036,WBH,44,3.4,0.10190823,0.06847825,0.08466183319687842,0.009900990099009901,True
picture,word_top5,NUEx036,WBH,45,3.5,0.102028996,0.07012078,0.09202898815274237,0.0297029702970297,True
picture,word_top5,NUEx036,WBH,46,3.6,0.10666666,0.06869566,0.08695652335882187,0.009900990099009901,True
picture,word_top5,NUEx036,WBH,47,3.7,0.10975847,0.06862317,0.09673912748694419,0.009900990099009901,True
picture,word_top5,NUEx036,WBH,48,3.8,0.10601449,0.0683575,0.08695652335882187,0.009900990099009901,True
picture,word_top5,NUEx036,WBH,49,3.9,0.1116908,0.0650483,0.08695652335882187,0.009900990099009901,True
auditory,category_indep,NUEx041,AA,0,-1.0,0.13026665,0.17116664,0.3611111044883728,0.6633663366336634,False
auditory,category_indep,NUEx041,AA,1,-0.9,0.1481778,0.15981665,0.3333333432674408,0.5346534653465347,False
auditory,category_indep,NUEx041,AA,2,-0.8,0.17811947,0.15807776,0.3341666758060455,0.37623762376237624,False
auditory,category_indep,NUEx041,AA,3,-0.7,0.18091108,0.16733335,0.33430556505918496,0.40594059405940597,False
auditory,category_indep,NUEx041,AA,4,-0.6,0.14772223,0.1608,0.3333333432674408,0.5643564356435643,False
auditory,category_indep,NUEx041,AA,5,-0.5,0.13678332,0.15757774,0.3174999967217445,0.6237623762376238,False
auditory,category_indep,NUEx041,AA,6,-0.4,0.10926111,0.1530278,0.3333333432674408,0.6237623762376238,False
auditory,category_indep,NUEx041,AA,7,-0.3,0.124061115,0.13260554,0.33472223132848733,0.46534653465346537,False
auditory,category_indep,NUEx041,AA,8,-0.2,0.10736906,0.15230554,0.3333333432674408,0.5841584158415841,False
auditory,category_indep,NUEx041,AA,9,-0.1,0.10877777,0.15197222,0.27916667908430093,0.6732673267326733,False
auditory,category_indep,NUEx041,AA,10,0.0,0.09582779,0.16688891,0.33472223132848733,0.693069306930693,False
auditory,category_indep,NUEx041,AA,11,0.1,0.15435557,0.16390002,0.334027786552906,0.5445544554455446,False
auditory,category_indep,NUEx041,AA,12,0.2,0.13875002,0.16293888,0.3333333432674408,0.5841584158415841,False
auditory,category_indep,NUEx041,AA,13,0.3,0.13912223,0.14558889,0.3055555522441864,0.5346534653465347,False
auditory,category_indep,NUEx041,AA,14,0.4,0.18291111,0.16503893,0.3333333432674408,0.37623762376237624,False
auditory,category_indep,NUEx041,AA,15,0.5,0.1729167,0.1620111,0.36666667461395264,0.39603960396039606,False
auditory,category_indep,NUEx041,AA,16,0.6,0.22423057,0.14431667,0.3333333432674408,0.2079207920792079,False
auditory,category_indep,NUEx041,AA,17,0.7,0.19703887,0.14683335,0.3354166761040686,0.33663366336633666,False
auditory,category_indep,NUEx041,AA,18,0.8,0.17003892,0.16367781,0.3333333432674408,0.38613861386138615,False
auditory,category_indep,NUEx041,AA,19,0.9,0.20306112,0.13636112,0.30624999701976774,0.24752475247524752,False
auditory,category_indep,NUEx041,AA,20,1.0,0.14018889,0.17595556,0.3624999940395354,0.5841584158415841,False
auditory,category_indep,NUEx041,AA,21,1.1,0.16327223,0.15891662,0.3333333432674408,0.48514851485148514,False
auditory,category_indep,NUEx041,AA,22,1.2,0.17653331,0.1367222,0.3055555522441864,0.3564356435643564,False
auditory,category_indep,NUEx041,AA,23,1.3,0.16232778,0.15658335,0.33611112087964995,0.5148514851485149,False
auditory,category_indep,NUEx041,AA,24,1.4,0.16648333,0.16048335,0.33472223132848733,0.5445544554455446,False
auditory,category_indep,NUEx041,AA,25,1.5,0.14931947,0.15331945,0.334027786552906,0.504950495049505,False
auditory,category_indep,NUEx041,AA,26,1.6,0.18441668,0.15777777,0.3333333432674408,0.39603960396039606,False
auditory,category_indep,NUEx041,AA,27,1.7,0.11717221,0.15972224,0.334027786552906,0.594059405940594,False
auditory,category_indep,NUEx041,AA,28,1.8,0.14975001,0.15033334,0.3333333432674408,0.504950495049505,False
auditory,category_indep,NUEx041,AA,29,1.9,0.13716668,0.14716667,0.3333333432674408,0.5841584158415841,False
auditory,category_indep,NUEx041,AA,30,2.0,0.16897778,0.16273338,0.34791665375232694,0.42574257425742573,False
auditory,category_indep,NUEx041,AA,31,2.1,0.20301113,0.1559833,0.3333333432674408,0.3465346534653465,False
auditory,category_indep,NUEx041,AA,32,2.2,0.2175,0.16302776,0.36180554926395414,0.2871287128712871,False
auditory,category_indep,NUEx041,AA,33,2.3,0.25298807,0.15158331,0.3333333432674408,0.1485148514851485,False
auditory,category_indep,NUEx041,AA,34,2.4,0.23845,0.14972225,0.3055555522441864,0.1782178217821782,False
auditory,category_indep,NUEx041,AA,35,2.5,0.27035007,0.14628889,0.3333333432674408,0.12871287128712872,False
auditory,category_indep,NUEx041,AA,36,2.6,0.22325554,0.14986111,0.3333333432674408,0.2376237623762376,False
auditory,category_indep,NUEx041,AA,37,2.7,0.24006668,0.14909446,0.3333333432674408,0.22772277227722773,False
auditory,category_indep,NUEx041,AA,38,2.8,0.24478886,0.16711111,0.30583333075046537,0.2871287128712871,False
auditory,category_indep,NUEx041,AA,39,2.9,0.24140833,0.1465833,0.334027786552906,0.19801980198019803,False
auditory,category_indep,NUEx041,AA,40,3.0,0.25265554,0.16870554,0.39027778357267373,0.19801980198019803,False
auditory,category_indep,NUEx041,AA,41,3.1,0.2415722,0.13990001,0.3333333432674408,0.16831683168316833,False
auditory,category_indep,NUEx041,AA,42,3.2,0.2913722,0.17105553,0.39027778357267373,0.1782178217821782,False
auditory,category_indep,NUEx041,AA,43,3.3,0.27517787,0.13840276,0.313541667163372,0.12871287128712872,False
auditory,category_indep,NUEx041,AA,44,3.4,0.2736139,0.17916116,0.36180554926395414,0.21782178217821782,False
auditory,category_indep,NUEx041,AA,45,3.5,0.28134444,0.16683333,0.33472223132848733,0.1782178217821782,False
auditory,category_indep,NUEx041,AA,46,3.6,0.27074605,0.15819445,0.3677777856588363,0.19801980198019803,False
auditory,category_indep,NUEx041,AA,47,3.7,0.28002778,0.15486108,0.37569444477558134,0.13861386138613863,False
auditory,category_indep,NUEx041,AA,48,3.8,0.33576664,0.1771389,0.38958334028720853,0.09900990099009901,False
auditory,category_indep,NUEx041,AA,49,3.9,0.31409442,0.15477778,0.34791665375232694,0.09900990099009901,False
auditory,category_indep,NUEx041,AA,50,4.0,0.31480557,0.15957777,0.3624999940395354,0.09900990099009901,False
auditory,category_indep,NUEx041,AA,51,4.1,0.28163615,0.16005552,0.3333333432674408,0.16831683168316833,False
auditory,category_indep,NUEx041,AA,52,4.2,0.2500389,0.14541668,0.3333333432674408,0.15841584158415842,False
auditory,category_indep,NUEx041,AA,53,4.3,0.2879,0.16050003,0.34791665375232694,0.1188118811881188,False
auditory,category_indep,NUEx041,AA,54,4.4,0.23041666,0.16366667,0.3611111044883728,0.31683168316831684,False
auditory,category_indep,NUEx041,AA,55,4.5,0.23396307,0.16818886,0.3624999940395354,0.3465346534653465,False
auditory,category_indep,NUEx041,AA,56,4.6,0.20865555,0.13727778,0.30624999701976774,0.2376237623762376,False
auditory,category_indep,NUEx041,AA,57,4.7,0.23020002,0.14917777,0.3333333432674408,0.22772277227722773,False
auditory,category_indep,NUEx041,AA,58,4.8,0.21496946,0.15452221,0.3624999940395354,0.2871287128712871,False
auditory,category_indep,NUEx041,AA,59,4.9,0.20901945,0.16538887,0.3611111044883728,0.3564356435643564,False
auditory,category_indep,NUEx041,AA,60,5.0,0.20056112,0.1336111,0.3215277805924414,0.27722772277227725,False
auditory,category_indep,NUEx041,AA,61,5.1,0.24391112,0.1704278,0.38944445103406905,0.25742574257425743,False
auditory,category_indep,NUEx041,AA,62,5.2,0.2333556,0.14616665,0.3055555522441864,0.16831683168316833,False
auditory,category_indep,NUEx041,AA,63,5.3,0.21771665,0.15400557,0.33472223132848733,0.32673267326732675,False
auditory,category_indep,NUEx041,AA,64,5.4,0.21828333,0.14636111,0.36180554926395414,0.26732673267326734,False
auditory,category_indep,NUEx041,AA,65,5.5,0.24269165,0.14613886,0.3333333432674408,0.22772277227722773,False
auditory,category_indep,NUEx041,AA,66,5.6,0.22963338,0.16294444,0.33472223132848733,0.26732673267326734,False
auditory,category_indep,NUEx041,AA,67,5.7,0.2063833,0.15245555,0.3333333432674408,0.2871287128712871,False
auditory,category_indep,NUEx041,AA,68,5.8,0.18350555,0.15455002,0.32013889253139494,0.36633663366336633,False
auditory,category_indep,NUEx041,AA,69,5.9,0.17769438,0.1397,0.3333333432674408,0.33663366336633666,False
auditory,category_indep,NUEx041,AA,70,6.0,0.16729362,0.15958335,0.3888888955116272,0.33663366336633666,False
auditory,category_indep,NUEx041,AA,71,6.1,0.20213333,0.17459448,0.38958334028720853,0.36633663366336633,False
auditory,category_indep,NUEx041,AA,72,6.2,0.1861056,0.1476222,0.3333333432674408,0.3069306930693069,False
auditory,category_indep,NUEx044,AZ,0,-1.0,0.16260931,0.17431702,0.29935516268014906,0.6138613861386139,False
auditory,category_indep,NUEx044,AZ,1,-0.9,0.15500508,0.17422102,0.3133432582020759,0.5544554455445545,False
auditory,category_indep,NUEx044,AZ,2,-0.8,0.17023279,0.16366072,0.29066138714551926,0.42574257425742573,False
auditory,category_indep,NUEx044,AZ,3,-0.7,0.19376859,0.16770239,0.289027789235115,0.3465346534653465,False
auditory,category_indep,NUEx044,AZ,4,-0.6,0.19587179,0.16597095,0.2765972167253494,0.3465346534653465,False
auditory,category_indep,NUEx044,AZ,5,-0.5,0.17982274,0.17507342,0.3087500035762787,0.44554455445544555,False
auditory,category_indep,NUEx044,AZ,6,-0.4,0.18840449,0.17092115,0.2874206259846687,0.40594059405940597,False
auditory,category_indep,NUEx044,AZ,7,-0.3,0.18242462,0.17310832,0.2810714408755302,0.45544554455445546,False
auditory,category_indep,NUEx044,AZ,8,-0.2,0.17883356,0.167674,0.29480158537626266,0.37623762376237624,False
auditory,category_indep,NUEx044,AZ,9,-0.1,0.18310055,0.16993725,0.28831349760293956,0.43564356435643564,False
auditory,category_indep,NUEx044,AZ,10,0.0,0.17507595,0.1490476,0.2445238098502159,0.38613861386138615,False
auditory,category_indep,NUEx044,AZ,11,0.1,0.1728136,0.16602314,0.2657870426774024,0.45544554455445546,False
auditory,category_indep,NUEx044,AZ,12,0.2,0.15909524,0.16665146,0.2695436432957649,0.5247524752475248,False
auditory,category_indep,NUEx044,AZ,13,0.3,0.13235852,0.17050265,0.30339284688234325,0.6435643564356436,False
auditory,category_indep,NUEx044,AZ,14,0.4,0.14378376,0.1634134,0.3002182647585869,0.5346534653465347,False
auditory,category_indep,NUEx044,AZ,15,0.5,0.14498611,0.16674276,0.27977183759212493,0.5841584158415841,False
auditory,category_indep,NUEx044,AZ,16,0.6,0.13824868,0.16983534,0.2805753886699677,0.6633663366336634,False
auditory,category_indep,NUEx044,AZ,17,0.7,0.14739683,0.15818319,0.2589880883693695,0.5445544554455446,False
auditory,category_indep,NUEx044,AZ,18,0.8,0.15300003,0.17314616,0.29815475940704345,0.6039603960396039,False
auditory,category_indep,NUEx044,AZ,19,0.9,0.1337242,0.17049995,0.2659391552209854,0.6435643564356436,False
auditory,category_indep,NUEx044,AZ,20,1.0,0.14216137,0.16080303,0.28189393877983093,0.5742574257425742,False
auditory,category_indep,NUEx044,AZ,21,1.1,0.13770439,0.16363108,0.2824536994099617,0.6138613861386139,False
auditory,category_indep,NUEx044,AZ,22,1.2,0.16241893,0.16713852,0.3174999967217445,0.5445544554455446,False
auditory,category_indep,NUEx044,AZ,23,1.3,0.16316202,0.17993718,0.3128373116254806,0.594059405940594,False
auditory,category_indep,NUEx044,AZ,24,1.4,0.17228442,0.16758217,0.28930556774139404,0.43564356435643564,False
auditory,category_indep,NUEx044,AZ,25,1.5,0.14918259,0.16539286,0.27817461639642715,0.5544554455445545,False
auditory,category_indep,NUEx044,AZ,26,1.6,0.12309122,0.15466164,0.2858035832643509,0.6534653465346535,False
auditory,category_indep,NUEx044,AZ,27,1.7,0.12797064,0.17019896,0.2838392838835716,0.7227722772277227,False
auditory,category_indep,NUEx044,AZ,28,1.8,0.1349279,0.17006484,0.3018650904297829,0.6138613861386139,False
auditory,category_indep,NUEx044,AZ,29,1.9,0.16703108,0.16515677,0.2544543609023094,0.4752475247524752,False
auditory,category_indep,NUEx044,AZ,30,2.0,0.16842405,0.17561042,0.3115277886390686,0.49504950495049505,False
auditory,category_indep,NUEx044,AZ,31,2.1,0.1513578,0.15052778,0.2528571501374245,0.504950495049505,False
auditory,category_indep,NUEx044,AZ,32,2.2,0.15198222,0.1622025,0.26011904031038285,0.5247524752475248,False
auditory,category_indep,NUEx044,AZ,33,2.3,0.15619126,0.17182685,0.29767856895923617,0.5643564356435643,False
auditory,category_indep,NUEx044,AZ,34,2.4,0.15399171,0.1693315,0.27513889521360396,0.5643564356435643,False
auditory,category_indep,NUEx044,AZ,35,2.5,0.16965218,0.17365211,0.2880357190966606,0.4752475247524752,False
auditory,category_indep,NUEx044,AZ,36,2.6,0.2043256,0.16213034,0.27766863852739326,0.31683168316831684,False
auditory,category_indep,NUEx044,AZ,37,2.7,0.20213838,0.15898943,0.27517196387052534,0.25742574257425743,False
auditory,category_indep,NUEx044,AZ,38,2.8,0.21121827,0.17241135,0.290674614906311,0.297029702970297,False
auditory,category_indep,NUEx044,AZ,39,2.9,0.23830426,0.15617791,0.2714814782142639,0.1188118811881188,False
auditory,category_indep,NUEx044,AZ,40,3.0,0.2505952,0.16504233,0.289027789235115,0.12871287128712872,False
auditory,category_indep,NUEx044,AZ,41,3.1,0.26225203,0.17203769,0.266091276705265,0.09900990099009901,False
auditory,category_indep,NUEx044,AZ,42,3.2,0.25365075,0.1673783,0.2902777820825576,0.12871287128712872,False
auditory,category_indep,NUEx044,AZ,43,3.3,0.24867731,0.1786753,0.34775131046772,0.22772277227722773,False
auditory,category_indep,NUEx044,AZ,44,3.4,0.22415708,0.1708253,0.3055555522441864,0.2376237623762376,False
auditory,category_indep,NUEx044,AZ,45,3.5,0.22165199,0.16386844,0.28333333134651184,0.21782178217821782,False
auditory,category_indep,NUEx044,AZ,46,3.6,0.20042598,0.16787234,0.28298610299825655,0.27722772277227725,False
auditory,category_indep,NUEx044,AZ,47,3.7,0.19219543,0.1679359,0.2587103098630905,0.3465346534653465,False
auditory,category_indep,NUEx044,AZ,48,3.8,0.16364154,0.15885586,0.2696626901626587,0.44554455445544555,False
auditory,category_indep,NUEx044,AZ,49,3.9,0.14315075,0.18048087,0.31722551882266986,0.6732673267326733,False
auditory,category_indep,NUEx044,AZ,50,4.0,0.14414354,0.17470232,0.3077777743339538,0.6534653465346535,False
auditory,category_indep,NUEx044,AZ,51,4.1,0.13803177,0.16168518,0.27507937103509905,0.6237623762376238,False
auditory,category_indep,NUEx044,AZ,52,4.2,0.14605224,0.16412039,0.2777777910232544,0.6039603960396039,False
auditory,category_indep,NUEx044,AZ,53,4.3,0.12743534,0.17307226,0.30007937699556353,0.6831683168316832,False
auditory,category_indep,NUEx044,AZ,54,4.4,0.16912222,0.16598897,0.29190475195646287,0.46534653465346537,False
auditory,category_indep,NUEx044,AZ,55,4.5,0.18976928,0.17716072,0.2806812226772308,0.43564356435643564,False
auditory,category_indep,NUEx044,AZ,56,4.6,0.18906349,0.15808395,0.2649603173136711,0.38613861386138615,False
auditory,category_indep,NUEx044,AZ,57,4.7,0.18260914,0.16175133,0.2738657414913177,0.3465346534653465,False
auditory,category_indep,NUEx044,AZ,58,4.8,0.18035185,0.17138223,0.2777777910232544,0.42574257425742573,False
auditory,category_indep,NUEx044,AZ,59,4.9,0.18389206,0.17202051,0.30060517042875284,0.4158415841584158,False
auditory,category_indep,NUEx044,AZ,60,5.0,0.18269712,0.17091742,0.2889087423682213,0.43564356435643564,False
auditory,category_indep,NUEx044,AZ,61,5.1,0.2254802,0.17975594,0.28285052031278607,0.25742574257425743,False
auditory,category_indep,NUEx044,AZ,62,5.2,0.21960315,0.17592326,0.2878968298435211,0.31683168316831684,False
auditory,category_indep,NUEx044,AZ,63,5.3,0.23476653,0.16720372,0.2746064841747284,0.15841584158415842,False
auditory,category_indep,NUEx044,AZ,64,5.4,0.19620834,0.15341203,0.23638888224959373,0.3465346534653465,False
auditory,category_indep,NUEx044,AZ,65,5.5,0.20895173,0.17109258,0.3050297692418098,0.27722772277227725,False
auditory,category_indep,NUEx044,AZ,66,5.6,0.2553336,0.17045707,0.3097420737147331,0.1485148514851485,False
auditory,category_indep,NUEx044,AZ,67,5.7,0.24275799,0.16817656,0.2647222280502319,0.1782178217821782,False
auditory,category_indep,NUEx044,AZ,68,5.8,0.2427817,0.16275993,0.290674614906311,0.12871287128712872,False
auditory,category_indep,NUEx044,AZ,69,5.9,0.24226385,0.16301784,0.2777777910232544,0.16831683168316833,False
auditory,category_indep,NUEx044,AZ,70,6.0,0.20976916,0.15969919,0.2694642782211304,0.1782178217821782,False
auditory,category_indep,NUEx044,AZ,71,6.1,0.21417592,0.17177159,0.3107175856828689,0.297029702970297,False
auditory,category_indep,NUEx044,AZ,72,6.2,0.2056065,0.16127186,0.2946527749300003,0.31683168316831684,False
auditory,category_indep,NUEx030,CP,0,-1.0,0.15476099,0.14496635,0.20973923131823538,0.39603960396039606,False
auditory,category_indep,NUEx030,CP,1,-0.9,0.18234824,0.15193363,0.21809920221567153,0.24752475247524752,False
auditory,category_indep,NUEx030,CP,2,-0.8,0.16659749,0.15811002,0.24069727957248688,0.3465346534653465,False
auditory,category_indep,NUEx030,CP,3,-0.7,0.17126226,0.14908378,0.21875300034880638,0.27722772277227725,False
auditory,category_indep,NUEx030,CP,4,-0.6,0.17325117,0.15227926,0.24277588352560997,0.25742574257425743,False
auditory,category_indep,NUEx030,CP,5,-0.5,0.16929533,0.14022116,0.20312766432762144,0.21782178217821782,False
auditory,category_indep,NUEx030,CP,6,-0.4,0.17294967,0.15492958,0.24405982941389084,0.31683168316831684,False
auditory,category_indep,NUEx030,CP,7,-0.3,0.16649191,0.14940949,0.24262663796544073,0.31683168316831684,False
auditory,category_indep,NUEx030,CP,8,-0.2,0.16202995,0.15306371,0.23287131190299984,0.31683168316831684,False
auditory,category_indep,NUEx030,CP,9,-0.1,0.16317077,0.14103319,0.20984230265021322,0.27722772277227725,False
auditory,category_indep,NUEx030,CP,10,0.0,0.15204978,0.14739454,0.2510431557893753,0.42574257425742573,False
auditory,category_indep,NUEx030,CP,11,0.1,0.17028387,0.14420532,0.22766864821314806,0.2376237623762376,False
auditory,category_indep,NUEx030,CP,12,0.2,0.1598437,0.14753711,0.2463512733578682,0.39603960396039606,False
auditory,category_indep,NUEx030,CP,13,0.3,0.15447956,0.14863543,0.25215008556842794,0.44554455445544555,False
auditory,category_indep,NUEx030,CP,14,0.4,0.14327888,0.14243352,0.20677910298109053,0.44554455445544555,False
auditory,category_indep,NUEx030,CP,15,0.5,0.15119496,0.15302049,0.229703900963068,0.504950495049505,False
auditory,category_indep,NUEx030,CP,16,0.6,0.14839502,0.15513639,0.26618480682373047,0.49504950495049505,False
auditory,category_indep,NUEx030,CP,17,0.7,0.16634884,0.14379251,0.2072492845356464,0.33663366336633666,False
auditory,category_indep,NUEx030,CP,18,0.8,0.17164469,0.15278785,0.24262853562831876,0.3069306930693069,False
auditory,category_indep,NUEx030,CP,19,0.9,0.15246493,0.1449491,0.21523809731006616,0.39603960396039606,False
auditory,category_indep,NUEx030,CP,20,1.0,0.16797148,0.15750223,0.25927198231220244,0.3465346534653465,False
auditory,category_indep,NUEx030,CP,21,1.1,0.17302254,0.1504243,0.23770657703280446,0.3465346534653465,False
auditory,category_indep,NUEx030,CP,22,1.2,0.1780002,0.15461168,0.3036791399121284,0.33663366336633666,False
auditory,category_indep,NUEx030,CP,23,1.3,0.19688216,0.15545748,0.2503436267375946,0.18811881188118812,False
auditory,category_indep,NUEx030,CP,24,1.4,0.20763978,0.15032071,0.2459545686841011,0.1782178217821782,False
auditory,category_indep,NUEx030,CP,25,1.5,0.22046673,0.14931868,0.2550056934356689,0.16831683168316833,False
auditory,category_indep,NUEx030,CP,26,1.6,0.20578943,0.15084663,0.2481601774692535,0.16831683168316833,False
auditory,category_indep,NUEx030,CP,27,1.7,0.21257812,0.14602011,0.22489821091294285,0.07920792079207921,False
auditory,category_indep,NUEx030,CP,28,1.8,0.2037099,0.1435645,0.24773809537291527,0.12871287128712872,False
auditory,category_indep,NUEx030,CP,29,1.9,0.22467627,0.15586923,0.29353873133659364,0.1485148514851485,False
auditory,category_indep,NUEx030,CP,30,2.0,0.22004755,0.15338328,0.23654220178723334,0.09900990099009901,False
auditory,category_indep,NUEx030,CP,31,2.1,0.18663336,0.14959574,0.2351713992655277,0.22772277227722773,False
auditory,category_indep,NUEx030,CP,32,2.2,0.17991148,0.14775965,0.2330339901149273,0.26732673267326734,False
auditory,category_indep,NUEx030,CP,33,2.3,0.17704587,0.14919119,0.2413832202553749,0.297029702970297,False
auditory,category_indep,NUEx030,CP,34,2.4,0.1666011,0.14961934,0.22484075874090192,0.2871287128712871,False
auditory,category_indep,NUEx030,CP,35,2.5,0.16974756,0.15752153,0.24532661065459252,0.42574257425742573,False
auditory,category_indep,NUEx030,CP,36,2.6,0.16110687,0.14422055,0.23484307006001467,0.33663366336633666,False
auditory,category_indep,NUEx030,CP,37,2.7,0.19030866,0.15731183,0.252881483733654,0.22772277227722773,False
auditory,category_indep,NUEx030,CP,38,2.8,0.18202822,0.1523071,0.22172052487730975,0.22772277227722773,False
auditory,category_indep,NUEx030,CP,39,2.9,0.1742264,0.14712302,0.233285366743803,0.27722772277227725,False
auditory,category_indep,NUEx030,CP,40,3.0,0.15660563,0.15151806,0.2452171668410301,0.40594059405940597,False
auditory,category_indep,NUEx030,CP,41,3.1,0.16960749,0.15028213,0.21851551383733747,0.3564356435643564,False
auditory,category_indep,NUEx030,CP,42,3.2,0.16443813,0.15067345,0.2419555529952049,0.37623762376237624,False
auditory,category_indep,NUEx030,CP,43,3.3,0.14597316,0.1484685,0.2417911186814308,0.46534653465346537,False
auditory,category_indep,NUEx030,CP,44,3.4,0.16465077,0.15630098,0.25683333575725553,0.4158415841584158,False
auditory,category_indep,NUEx030,CP,45,3.5,0.18815129,0.15153775,0.26820797473192215,0.22772277227722773,False
auditory,category_indep,NUEx030,CP,46,3.6,0.17338294,0.14994636,0.2347088299691677,0.24752475247524752,False
auditory,category_indep,NUEx030,CP,47,3.7,0.16905859,0.15217912,0.2432142861187458,0.3465346534653465,False
auditory,category_indep,NUEx030,CP,48,3.8,0.19622421,0.14747746,0.21738425716757762,0.1485148514851485,False
auditory,category_indep,NUEx030,CP,49,3.9,0.18767543,0.14821109,0.22660757303237913,0.19801980198019803,False
auditory,category_indep,NUEx030,CP,50,4.0,0.17974165,0.15254256,0.2340247698128223,0.26732673267326734,False
auditory,category_indep,NUEx030,CP,51,4.1,0.19038364,0.15053177,0.24523809552192688,0.18811881188118812,False
auditory,category_indep,NUEx030,CP,52,4.2,0.1858273,0.14632942,0.2155272915959358,0.2079207920792079,False
auditory,category_indep,NUEx030,CP,53,4.3,0.16988838,0.14990889,0.24905754327774046,0.3069306930693069,False
auditory,category_indep,NUEx030,CP,54,4.4,0.18675652,0.15323524,0.2538497224450111,0.2376237623762376,False
auditory,category_indep,NUEx030,CP,55,4.5,0.1721857,0.14035432,0.2442859649658203,0.297029702970297,False
auditory,category_indep,NUEx030,CP,56,4.6,0.17148691,0.14856148,0.2587371066212654,0.27722772277227725,False
auditory,category_indep,NUEx030,CP,57,4.7,0.16241334,0.14846139,0.24277687966823577,0.32673267326732675,False
auditory,category_indep,NUEx030,CP,58,4.8,0.18087946,0.14445734,0.23918254002928732,0.21782178217821782,False
auditory,category_indep,NUEx030,CP,59,4.9,0.17012678,0.15541245,0.24461399763822556,0.39603960396039606,False
auditory,category_indep,NUEx030,CP,60,5.0,0.17933846,0.14801705,0.22053570896387098,0.2376237623762376,False
auditory,category_indep,NUEx030,CP,61,5.1,0.16433798,0.15381841,0.2448343262076378,0.37623762376237624,False
auditory,category_indep,NUEx030,CP,62,5.2,0.1769051,0.1420799,0.20425170734524725,0.18811881188118812,False
auditory,category_indep,NUEx030,CP,63,5.3,0.19130218,0.1462174,0.23613816127181053,0.15841584158415842,False
auditory,category_indep,NUEx045,DR,0,-1.0,0.1378,0.17268336,0.334027786552906,0.6237623762376238,False
auditory,category_indep,NUEx045,DR,1,-0.9,0.14035556,0.1520579,0.3333333432674408,0.4752475247524752,False
auditory,category_indep,NUEx045,DR,2,-0.8,0.17397225,0.16146669,0.33388889878988265,0.37623762376237624,False
auditory,category_indep,NUEx045,DR,3,-0.7,0.17255558,0.17065555,0.38361110389232633,0.39603960396039606,False
auditory,category_indep,NUEx045,DR,4,-0.6,0.16810279,0.15697226,0.3333333432674408,0.40594059405940597,False
auditory,category_indep,NUEx045,DR,5,-0.5,0.19285282,0.14803334,0.306944441795349,0.31683168316831684,False
auditory,category_indep,NUEx045,DR,6,-0.4,0.18036665,0.16941668,0.4166666567325592,0.42574257425742573,False
auditory,category_indep,NUEx045,DR,7,-0.3,0.1833167,0.15220556,0.3333333432674408,0.36633663366336633,False
auditory,category_indep,NUEx045,DR,8,-0.2,0.19374444,0.15461113,0.3333333432674408,0.33663366336633666,False
auditory,category_indep,NUEx045,DR,9,-0.1,0.17844172,0.14169449,0.28055556863546355,0.297029702970297,False
auditory,category_indep,NUEx045,DR,10,0.0,0.22276661,0.17267774,0.367083340883255,0.33663366336633666,False
auditory,category_indep,NUEx045,DR,11,0.1,0.23967226,0.15107773,0.306944441795349,0.22772277227722773,False
auditory,category_indep,NUEx045,DR,12,0.2,0.23061669,0.15632778,0.3333333432674408,0.2376237623762376,False
auditory,category_indep,NUEx045,DR,13,0.3,0.21410556,0.15583332,0.3333333432674408,0.297029702970297,False
auditory,category_indep,NUEx045,DR,14,0.4,0.22405276,0.1595389,0.3333333432674408,0.2376237623762376,False
auditory,category_indep,NUEx045,DR,15,0.5,0.2209917,0.16715004,0.36138888299465177,0.3465346534653465,False
auditory,category_indep,NUEx045,DR,16,0.6,0.21029995,0.16447218,0.33472223132848733,0.36633663366336633,False
auditory,category_indep,NUEx045,DR,17,0.7,0.1910722,0.14813334,0.31111112236976624,0.36633663366336633,False
auditory,category_indep,NUEx045,DR,18,0.8,0.13858333,0.13116114,0.30000001192092896,0.48514851485148514,False
auditory,category_indep,NUEx045,DR,19,0.9,0.16039683,0.1486778,0.3055555522441864,0.4752475247524752,False
auditory,category_indep,NUEx045,DR,20,1.0,0.1517611,0.1604,0.3333333432674408,0.5841584158415841,False
auditory,category_indep,NUEx045,DR,21,1.1,0.12698613,0.16048338,0.375,0.5544554455445545,False
auditory,category_indep,NUEx045,DR,22,1.2,0.107444435,0.14737222,0.33472223132848733,0.5841584158415841,False
auditory,category_indep,NUEx045,DR,23,1.3,0.07727777,0.14577782,0.3486110985279082,0.7425742574257426,False
auditory,category_indep,NUEx045,DR,24,1.4,0.09323334,0.15581664,0.28055556863546355,0.7326732673267327,False
auditory,category_indep,NUEx045,DR,25,1.5,0.1011389,0.15530555,0.33472223132848733,0.6732673267326733,False
auditory,category_indep,NUEx045,DR,26,1.6,0.12948884,0.15339999,0.34808333069086067,0.5742574257425742,False
auditory,category_indep,NUEx045,DR,27,1.7,0.120166674,0.15150002,0.3333333432674408,0.5643564356435643,False
auditory,category_indep,NUEx045,DR,28,1.8,0.121561125,0.1581611,0.3333333432674408,0.6237623762376238,False
auditory,category_indep,NUEx045,DR,29,1.9,0.12953334,0.14603889,0.306944441795349,0.5445544554455446,False
auditory,category_indep,NUEx045,DR,30,2.0,0.13619684,0.15009446,0.30561110824346543,0.5742574257425742,False
auditory,category_indep,NUEx045,DR,31,2.1,0.16250835,0.16411114,0.33472223132848733,0.5445544554455446,False
auditory,category_indep,NUEx045,DR,32,2.2,0.15701668,0.16214447,0.33472223132848733,0.5445544554455446,False
auditory,category_indep,NUEx045,DR,33,2.3,0.14756668,0.1489278,0.3333333432674408,0.49504950495049505,False
auditory,category_indep,NUEx045,DR,34,2.4,0.17290564,0.15346113,0.32013889253139494,0.31683168316831684,False
auditory,category_indep,NUEx045,DR,35,2.5,0.16950555,0.14520556,0.3333333432674408,0.36633663366336633,False
auditory,category_indep,NUEx045,DR,36,2.6,0.18498053,0.1544,0.3055555522441864,0.36633663366336633,False
auditory,category_indep,NUEx045,DR,37,2.7,0.19254999,0.16300558,0.306944441795349,0.38613861386138615,False
auditory,category_indep,NUEx045,DR,38,2.8,0.1869389,0.17709996,0.375,0.42574257425742573,False
auditory,category_indep,NUEx045,DR,39,2.9,0.20899443,0.16573608,0.3333333432674408,0.37623762376237624,False
auditory,category_indep,NUEx045,DR,40,3.0,0.23195271,0.16360828,0.375,0.2871287128712871,False
auditory,category_indep,NUEx045,DR,41,3.1,0.22228889,0.16311666,0.33472223132848733,0.2376237623762376,False
auditory,category_indep,NUEx045,DR,42,3.2,0.22782782,0.13788334,0.2916666567325592,0.18811881188118812,False
auditory,category_indep,NUEx045,DR,43,3.3,0.24481112,0.16852775,0.40013889521360396,0.24752475247524752,False
auditory,category_indep,NUEx045,DR,44,3.4,0.21982227,0.1567222,0.3333333432674408,0.3069306930693069,False
auditory,category_indep,NUEx045,DR,45,3.5,0.2179444,0.17309445,0.367083340883255,0.3465346534653465,False
auditory,category_indep,NUEx045,DR,46,3.6,0.23242778,0.14575557,0.3076388850808142,0.19801980198019803,False
auditory,category_indep,NUEx045,DR,47,3.7,0.22551103,0.15806669,0.30611110776662825,0.25742574257425743,False
auditory,category_indep,NUEx045,DR,48,3.8,0.2580278,0.17026116,0.36180554926395414,0.22772277227722773,False
auditory,category_indep,NUEx045,DR,49,3.9,0.19624445,0.14619446,0.3333333432674408,0.3069306930693069,False
auditory,category_indep,NUEx045,DR,50,4.0,0.18953887,0.15149446,0.3333333432674408,0.3564356435643564,False
auditory,category_indep,NUEx045,DR,51,4.1,0.17978893,0.15351112,0.3624999940395354,0.31683168316831684,False
auditory,category_indep,NUEx045,DR,52,4.2,0.15748334,0.14964446,0.306944441795349,0.49504950495049505,False
auditory,category_indep,NUEx045,DR,53,4.3,0.14665554,0.15672778,0.29374999105930316,0.5544554455445545,False
auditory,category_indep,NUEx045,DR,54,4.4,0.15094444,0.15786667,0.3333333432674408,0.594059405940594,False
auditory,category_indep,NUEx045,DR,55,4.5,0.13962224,0.14219446,0.32013889253139494,0.48514851485148514,False
auditory,category_indep,NUEx045,DR,56,4.6,0.12333334,0.16451585,0.36666667461395264,0.6534653465346535,False
auditory,category_indep,NUEx045,DR,57,4.7,0.1173611,0.15355556,0.33472223132848733,0.6138613861386139,False
auditory,category_indep,NUEx045,DR,58,4.8,0.09797779,0.15669446,0.3333333432674408,0.6435643564356436,False
auditory,category_indep,NUEx045,DR,59,4.9,0.10249997,0.14841114,0.3055555522441864,0.6138613861386139,False
auditory,category_indep,NUEx045,DR,60,5.0,0.08153887,0.16809449,0.3624999940395354,0.7821782178217822,False
auditory,category_indep,NUEx045,DR,61,5.1,0.117055565,0.14606665,0.3055555522441864,0.5445544554455446,False
auditory,category_indep,NUEx045,DR,62,5.2,0.11580553,0.14788891,0.3336111202836037,0.594059405940594,False
auditory,category_indep,NUEx045,DR,63,5.3,0.10149721,0.14934444,0.3333333432674408,0.6138613861386139,False
auditory,category_indep,NUEx045,DR,64,5.4,0.111977786,0.15145555,0.27916667908430093,0.6336633663366337,False
auditory,category_indep,NUEx045,DR,65,5.5,0.1056778,0.14799999,0.3333333432674408,0.594059405940594,False
auditory,category_indep,NUEx045,DR,66,5.6,0.14219998,0.16673332,0.3333333432674408,0.6237623762376238,False
auditory,category_indep,NUEx045,DR,67,5.7,0.13991113,0.16391668,0.3333333432674408,0.5643564356435643,False
auditory,category_indep,NUEx045,DR,68,5.8,0.15396668,0.15863891,0.30611110776662825,0.5445544554455446,False
auditory,category_indep,NUEx038,LH,0,-1.0,0.17211293,0.16754301,0.24939153939485545,0.48514851485148514,False
auditory,category_indep,NUEx038,LH,1,-0.9,0.15854193,0.18221602,0.27638888359069824,0.693069306930693,False
auditory,category_indep,NUEx038,LH,2,-0.8,0.17921427,0.16060054,0.2567699894309044,0.3069306930693069,False
auditory,category_indep,NUEx038,LH,3,-0.7,0.18072565,0.17527002,0.2567584335803985,0.4752475247524752,False
auditory,category_indep,NUEx038,LH,4,-0.6,0.16736917,0.16538642,0.24781805649399757,0.45544554455445546,False
auditory,category_indep,NUEx038,LH,5,-0.5,0.1831001,0.17182927,0.2936375796794891,0.33663366336633666,False
auditory,category_indep,NUEx038,LH,6,-0.4,0.17041606,0.16591148,0.24974104315042495,0.40594059405940597,False
auditory,category_indep,NUEx038,LH,7,-0.3,0.15614395,0.16404463,0.23493055999279022,0.5544554455445545,False
auditory,category_indep,NUEx038,LH,8,-0.2,0.15107842,0.16654003,0.251759560406208,0.6237623762376238,False
auditory,category_indep,NUEx038,LH,9,-0.1,0.14945617,0.1672984,0.2468683861196041,0.6237623762376238,False
auditory,category_indep,NUEx038,LH,10,0.0,0.15983845,0.16273092,0.25342262983322145,0.5346534653465347,False
auditory,category_indep,NUEx038,LH,11,0.1,0.15442666,0.16506134,0.2587890788912773,0.5445544554455446,False
auditory,category_indep,NUEx038,LH,12,0.2,0.1656768,0.15735549,0.23639249131083484,0.38613861386138615,False
auditory,category_indep,NUEx038,LH,13,0.3,0.18035357,0.16645335,0.2460185244679451,0.3465346534653465,False
auditory,category_indep,NUEx038,LH,14,0.4,0.18003933,0.1641815,0.25821428745985026,0.33663366336633666,False
auditory,category_indep,NUEx038,LH,15,0.5,0.16620167,0.17107446,0.2682709082961082,0.5247524752475248,False
auditory,category_indep,NUEx038,LH,16,0.6,0.15960275,0.16786318,0.26111471801996233,0.5445544554455446,False
auditory,category_indep,NUEx038,LH,17,0.7,0.17395969,0.16931821,0.27466329634189607,0.43564356435643564,False
auditory,category_indep,NUEx038,LH,18,0.8,0.17436029,0.1647341,0.26010862886905667,0.37623762376237624,False
auditory,category_indep,NUEx038,LH,19,0.9,0.19219664,0.16473287,0.25567177683115005,0.36633663366336633,False
auditory,category_indep,NUEx038,LH,20,1.0,0.1737042,0.1679026,0.26269931495189663,0.4158415841584158,False
auditory,category_indep,NUEx038,LH,21,1.1,0.1807899,0.17039551,0.2612563192844391,0.4752475247524752,False
auditory,category_indep,NUEx038,LH,22,1.2,0.1835449,0.16440679,0.26801196932792665,0.3465346534653465,False
auditory,category_indep,NUEx038,LH,23,1.3,0.18560307,0.16772404,0.26467711627483365,0.3465346534653465,False
auditory,category_indep,NUEx038,LH,24,1.4,0.15555462,0.1662636,0.2538804829120636,0.5742574257425742,False
auditory,category_indep,NUEx038,LH,25,1.5,0.17556256,0.17399555,0.27517016679048534,0.504950495049505,False
auditory,category_indep,NUEx038,LH,26,1.6,0.17245428,0.16350928,0.24704004153609274,0.46534653465346537,False
auditory,category_indep,NUEx038,LH,27,1.7,0.17642164,0.15860035,0.25055133998394014,0.37623762376237624,False
auditory,category_indep,NUEx038,LH,28,1.8,0.19072762,0.16959572,0.23894459679722782,0.3564356435643564,False
auditory,category_indep,NUEx038,LH,29,1.9,0.19793285,0.1780551,0.2586481019854545,0.3465346534653465,False
auditory,category_indep,NUEx038,LH,30,2.0,0.2113499,0.17418951,0.27323157042264934,0.26732673267326734,False
auditory,category_indep,NUEx038,LH,31,2.1,0.1941394,0.16828385,0.25654763281345366,0.33663366336633666,False
auditory,category_indep,NUEx038,LH,32,2.2,0.19172995,0.16289917,0.23089972287416455,0.25742574257425743,False
auditory,category_indep,NUEx038,LH,33,2.3,0.18964368,0.17319599,0.26111213266849514,0.40594059405940597,False
auditory,category_indep,NUEx038,LH,34,2.4,0.20028198,0.16474542,0.24402146115899084,0.24752475247524752,False
auditory,category_indep,NUEx038,LH,35,2.5,0.17874366,0.16047305,0.25174063146114345,0.3465346534653465,False
auditory,category_indep,NUEx038,LH,36,2.6,0.1720421,0.16181755,0.2599713414907455,0.33663366336633666,False
auditory,category_indep,NUEx038,LH,37,2.7,0.18604362,0.16013439,0.25117393881082534,0.2871287128712871,False
auditory,category_indep,NUEx038,LH,38,2.8,0.18461132,0.16725224,0.2499572604894638,0.42574257425742573,False
auditory,category_indep,NUEx038,LH,39,2.9,0.20018774,0.17287351,0.2778703823685646,0.27722772277227725,False
auditory,category_indep,NUEx038,LH,40,3.0,0.20262389,0.1605598,0.24697600379586218,0.21782178217821782,False
auditory,category_indep,NUEx038,LH,41,3.1,0.20521179,0.16479063,0.27249999940395353,0.22772277227722773,False
auditory,category_indep,NUEx038,LH,42,3.2,0.20400462,0.17050157,0.2793223351240158,0.297029702970297,False
auditory,category_indep,NUEx038,LH,43,3.3,0.20175919,0.1699804,0.26825767010450363,0.297029702970297,False
auditory,category_indep,NUEx038,LH,44,3.4,0.20525655,0.16209745,0.2679172709584236,0.24752475247524752,False
auditory,category_indep,NUEx038,LH,45,3.5,0.22359703,0.16823044,0.26672979593276974,0.1485148514851485,False
auditory,category_indep,NUEx038,LH,46,3.6,0.22805057,0.17231187,0.24495099857449532,0.1485148514851485,False
auditory,category_indep,NUEx038,LH,47,3.7,0.23252241,0.15557961,0.23062347099184988,0.0594059405940594,True
auditory,category_indep,NUEx038,LH,48,3.8,0.22878851,0.17231546,0.24823111593723296,0.1485148514851485,False
auditory,category_indep,NUEx038,LH,49,3.9,0.24723162,0.16532306,0.2686981946229935,0.09900990099009901,False
auditory,category_indep,NUEx038,LH,50,4.0,0.22563687,0.17537227,0.2637169405817985,0.19801980198019803,False
auditory,category_indep,NUEx038,LH,51,4.1,0.19964899,0.16617793,0.24991402551531788,0.297029702970297,False
auditory,category_indep,NUEx038,LH,52,4.2,0.22593239,0.1700868,0.2493755981326103,0.1188118811881188,False
auditory,category_indep,NUEx038,LH,53,4.3,0.21240753,0.16714315,0.2572420671582222,0.19801980198019803,False
auditory,category_indep,NUEx038,LH,54,4.4,0.23234819,0.16981861,0.2593353316187858,0.16831683168316833,False
auditory,category_indep,NUEx038,LH,55,4.5,0.20131378,0.1595031,0.2596207335591316,0.22772277227722773,False
auditory,category_indep,NUEx038,LH,56,4.6,0.19032745,0.16110988,0.24602964520454407,0.3069306930693069,False
auditory,category_indep,NUEx038,LH,57,4.7,0.18085602,0.16762936,0.25062319338321687,0.4158415841584158,False
auditory,category_indep,NUEx038,LH,58,4.8,0.16785613,0.1629973,0.25047979801893233,0.48514851485148514,False
auditory,category_indep,NUEx038,LH,59,4.9,0.17327958,0.16704237,0.24560185447335242,0.49504950495049505,False
auditory,category_indep,NUEx038,LH,60,5.0,0.1876759,0.15533437,0.24947420582175253,0.26732673267326734,False
auditory,category_indep,NUEx038,LH,61,5.1,0.17303188,0.16603225,0.2512238085269928,0.39603960396039606,False
auditory,category_indep,NUEx038,LH,62,5.2,0.175495,0.16679192,0.2736940309405327,0.44554455445544555,False
auditory,category_indep,NUEx038,LH,63,5.3,0.17009754,0.17205018,0.26783780902624127,0.504950495049505,False
auditory,category_indep,NUEx038,LH,64,5.4,0.16330326,0.16683482,0.25466548800468447,0.5643564356435643,False
auditory,category_indep,NUEx038,LH,65,5.5,0.17157598,0.17224698,0.26312859654426574,0.45544554455445546,False
auditory,category_indep,NUEx038,LH,66,5.6,0.15848482,0.16984557,0.25656564086675643,0.5544554455445545,False
auditory,category_indep,NUEx038,LH,67,5.7,0.16916746,0.17274582,0.2601193517446518,0.5148514851485149,False
auditory,category_indep,NUEx038,LH,68,5.8,0.17211929,0.1648185,0.2608611732721328,0.42574257425742573,False
auditory,category_indep,NUEx038,LH,69,5.9,0.15335254,0.16743203,0.2670063659548759,0.594059405940594,False
auditory,category_indep,NUEx038,LH,70,6.0,0.15634686,0.16838497,0.25725795477628705,0.5643564356435643,False
auditory,category_indep,NUEx038,LH,71,6.1,0.18155582,0.1642883,0.2641008377075195,0.39603960396039606,False
auditory,category_indep,NUEx038,LH,72,6.2,0.17410359,0.16651425,0.24637837037444113,0.44554455445544555,False
auditory,category_indep,NUEx031,RB,0,-1.0,0.21796545,0.20435363,0.3012485131621361,0.3564356435643564,False
auditory,category_indep,NUEx031,RB,1,-0.9,0.21072921,0.20707469,0.29603752344846723,0.4752475247524752,False
auditory,category_indep,NUEx031,RB,2,-0.8,0.19265747,0.18916187,0.2897171825170517,0.48514851485148514,False
auditory,category_indep,NUEx031,RB,3,-0.7,0.20497876,0.19337028,0.27541883736848827,0.36633663366336633,False
auditory,category_indep,NUEx031,RB,4,-0.6,0.20869288,0.19105746,0.2726283848285675,0.33663366336633666,False
auditory,category_indep,NUEx031,RB,5,-0.5,0.19690949,0.20554183,0.2873134806752204,0.5544554455445545,False
auditory,category_indep,NUEx031,RB,6,-0.4,0.215891,0.20991054,0.2984646409749985,0.45544554455445546,False
auditory,category_indep,NUEx031,RB,7,-0.3,0.24770942,0.2006763,0.2917626351118088,0.1782178217821782,False
auditory,category_indep,NUEx031,RB,8,-0.2,0.23691437,0.20051144,0.3046577379107475,0.297029702970297,False
auditory,category_indep,NUEx031,RB,9,-0.1,0.2274971,0.1990834,0.2894188046455382,0.297029702970297,False
auditory,category_indep,NUEx031,RB,10,0.0,0.23000443,0.2014586,0.2867247432470322,0.3069306930693069,False
auditory,category_indep,NUEx031,RB,11,0.1,0.21308713,0.19659719,0.2810567885637283,0.37623762376237624,False
auditory,category_indep,NUEx031,RB,12,0.2,0.21282399,0.20620123,0.3086309194564819,0.43564356435643564,False
auditory,category_indep,NUEx031,RB,13,0.3,0.21383087,0.20094465,0.30038637518882744,0.3564356435643564,False
auditory,category_indep,NUEx031,RB,14,0.4,0.22919914,0.19682644,0.2863080769777298,0.3069306930693069,False
auditory,category_indep,NUEx031,RB,15,0.5,0.23144455,0.1980713,0.3032211482524872,0.26732673267326734,False
auditory,category_indep,NUEx031,RB,16,0.6,0.2280065,0.19717208,0.30033008605241773,0.27722772277227725,False
auditory,category_indep,NUEx031,RB,17,0.7,0.21388148,0.19890217,0.3076428487896919,0.40594059405940597,False
auditory,category_indep,NUEx031,RB,18,0.8,0.24504627,0.20061801,0.2841100230813026,0.2079207920792079,False
auditory,category_indep,NUEx031,RB,19,0.9,0.23542206,0.20104815,0.302001641690731,0.27722772277227725,False
auditory,category_indep,NUEx031,RB,20,1.0,0.24345656,0.1972655,0.2964316383004188,0.1782178217821782,False
auditory,category_indep,NUEx031,RB,21,1.1,0.2570834,0.20254381,0.29057575017213816,0.2079207920792079,False
auditory,category_indep,NUEx031,RB,22,1.2,0.2565137,0.19074555,0.30246825367212293,0.1485148514851485,False
auditory,category_indep,NUEx031,RB,23,1.3,0.2514612,0.19981118,0.2971392393112182,0.19801980198019803,False
auditory,category_indep,NUEx031,RB,24,1.4,0.24476317,0.20513098,0.3224796086549758,0.25742574257425743,False
auditory,category_indep,NUEx031,RB,25,1.5,0.25895816,0.20339993,0.3049348220229149,0.2079207920792079,False
auditory,category_indep,NUEx031,RB,26,1.6,0.26068172,0.1922416,0.30516667366027833,0.15841584158415842,False
auditory,category_indep,NUEx031,RB,27,1.7,0.26937518,0.19620536,0.2878229424357414,0.0891089108910891,False
auditory,category_indep,NUEx031,RB,28,1.8,0.27212688,0.18971498,0.281172451376915,0.0891089108910891,False
auditory,category_indep,NUEx031,RB,29,1.9,0.2905331,0.19205572,0.28521706014871595,0.04950495049504951,True
auditory,category_indep,NUEx031,RB,30,2.0,0.2856063,0.20145701,0.29430231302976606,0.0891089108910891,False
auditory,category_indep,NUEx031,RB,31,2.1,0.31526577,0.19490112,0.29394812136888504,0.0297029702970297,True
auditory,category_indep,NUEx031,RB,32,2.2,0.31929824,0.19627143,0.28582321852445597,0.0297029702970297,True
auditory,category_indep,NUEx031,RB,33,2.3,0.3318367,0.19016823,0.28199694603681563,0.019801980198019802,True
auditory,category_indep,NUEx031,RB,34,2.4,0.3375062,0.20249394,0.3026367336511611,0.019801980198019802,True
auditory,category_indep,NUEx031,RB,35,2.5,0.3554649,0.19716577,0.28451693803071976,0.009900990099009901,True
auditory,category_indep,NUEx031,RB,36,2.6,0.31615978,0.19402352,0.2943111419677734,0.019801980198019802,True
auditory,category_indep,NUEx031,RB,37,2.7,0.34537488,0.20471525,0.30637588948011396,0.039603960396039604,True
auditory,category_indep,NUEx031,RB,38,2.8,0.34318566,0.2017008,0.295022714138031,0.009900990099009901,True
auditory,category_indep,NUEx031,RB,39,2.9,0.34992167,0.1979725,0.27622545212507243,0.019801980198019802,True
auditory,category_indep,NUEx031,RB,40,3.0,0.34780538,0.20855309,0.29504763036966325,0.019801980198019802,True
auditory,category_indep,NUEx031,RB,41,3.1,0.33994713,0.19228657,0.2888946652412414,0.0297029702970297,True
auditory,category_indep,NUEx031,RB,42,3.2,0.3117395,0.20729111,0.3066074982285499,0.0594059405940594,True
auditory,category_indep,NUEx031,RB,43,3.3,0.3225546,0.21129824,0.3016785472631454,0.04950495049504951,True
auditory,category_indep,NUEx031,RB,44,3.4,0.32201743,0.20725948,0.315994955599308,0.0594059405940594,True
auditory,category_indep,NUEx031,RB,45,3.5,0.32350212,0.1955828,0.30843407362699504,0.019801980198019802,True
auditory,category_indep,NUEx031,RB,46,3.6,0.31592286,0.18938066,0.29438743442296983,0.019801980198019802,True
auditory,category_indep,NUEx031,RB,47,3.7,0.30143443,0.19916707,0.3124878019094467,0.09900990099009901,False
auditory,category_indep,NUEx031,RB,48,3.8,0.2984951,0.19638929,0.3114682585000992,0.07920792079207921,False
auditory,category_indep,NUEx031,RB,49,3.9,0.31181026,0.19838457,0.27425299882888793,0.0297029702970297,True
auditory,category_indep,NUEx031,RB,50,4.0,0.27293447,0.19969763,0.30582691729068756,0.10891089108910891,False
auditory,category_indep,NUEx031,RB,51,4.1,0.29941398,0.19095127,0.28397246450185776,0.04950495049504951,True
auditory,category_indep,NUEx031,RB,52,4.2,0.28328645,0.20303039,0.29608286172151566,0.09900990099009901,False
auditory,category_indep,NUEx031,RB,53,4.3,0.2984328,0.19887647,0.2977813988924026,0.0594059405940594,True
auditory,category_indep,NUEx031,RB,54,4.4,0.26549533,0.1871472,0.28552019894123076,0.09900990099009901,False
auditory,category_indep,NUEx031,RB,55,4.5,0.2720739,0.18993254,0.2939534053206443,0.0891089108910891,False
auditory,category_indep,NUEx031,RB,56,4.6,0.28687742,0.2040818,0.30218321830034256,0.1188118811881188,False
auditory,category_indep,NUEx031,RB,57,4.7,0.27167267,0.19981317,0.318134930729866,0.1782178217821782,False
auditory,category_indep,NUEx031,RB,58,4.8,0.25942895,0.20523062,0.29208426028490064,0.15841584158415842,False
auditory,category_indep,NUEx031,RB,59,4.9,0.24166532,0.19956394,0.2922573372721672,0.2079207920792079,False
auditory,category_indep,NUEx031,RB,60,5.0,0.24121337,0.20012313,0.31008441746234894,0.2376237623762376,False
auditory,category_indep,NUEx031,RB,61,5.1,0.25695252,0.19051437,0.29050140678882597,0.1188118811881188,False
auditory,category_indep,NUEx031,RB,62,5.2,0.23403017,0.20203584,0.2974882274866104,0.25742574257425743,False
auditory,category_indep,NUEx031,RB,63,5.3,0.22698216,0.19865106,0.3017596960067749,0.32673267326732675,False
auditory,category_indep,NUEx036,WBH,0,-1.0,0.1750444,0.16969648,0.2418399564921856,0.48514851485148514,False
auditory,category_indep,NUEx036,WBH,1,-0.9,0.16725369,0.16034059,0.25540864914655687,0.38613861386138615,False
auditory,category_indep,NUEx036,WBH,2,-0.8,0.18096183,0.16562103,0.2357028432190418,0.33663366336633666,False
auditory,category_indep,NUEx036,WBH,3,-0.7,0.17288493,0.1627708,0.21701474115252492,0.44554455445544555,False
auditory,category_indep,NUEx036,WBH,4,-0.6,0.16922978,0.16921227,0.2410290665924549,0.49504950495049505,False
auditory,category_indep,NUEx036,WBH,5,-0.5,0.16933459,0.15885372,0.23928947895765304,0.3564356435643564,False
auditory,category_indep,NUEx036,WBH,6,-0.4,0.15911944,0.17250212,0.24193823114037513,0.6435643564356436,False
auditory,category_indep,NUEx036,WBH,7,-0.3,0.16262236,0.16885306,0.2262223236262798,0.5643564356435643,False
auditory,category_indep,NUEx036,WBH,8,-0.2,0.21911858,0.16062282,0.22452164590358734,0.0891089108910891,False
auditory,category_indep,NUEx036,WBH,9,-0.1,0.25116313,0.16552027,0.2361468471586704,0.04950495049504951,False
auditory,category_indep,NUEx036,WBH,10,0.0,0.25941554,0.16800821,0.2314329996705055,0.019801980198019802,True
auditory,category_indep,NUEx036,WBH,11,0.1,0.2571875,0.16746056,0.25356392562389374,0.0594059405940594,True
auditory,category_indep,NUEx036,WBH,12,0.2,0.27032232,0.17136483,0.23871649503707884,0.039603960396039604,True
auditory,category_indep,NUEx036,WBH,13,0.3,0.27112666,0.16067837,0.23803713843226432,0.0297029702970297,True
auditory,category_indep,NUEx036,WBH,14,0.4,0.27394933,0.1751334,0.24708897471427915,0.009900990099009901,True
auditory,category_indep,NUEx036,WBH,15,0.5,0.27725723,0.1778452,0.256739167869091,0.0297029702970297,True
auditory,category_indep,NUEx036,WBH,16,0.6,0.27940091,0.1661189,0.23685214668512344,0.009900990099009901,True
auditory,category_indep,NUEx036,WBH,17,0.7,0.2754728,0.16753049,0.2367359772324562,0.019801980198019802,True
auditory,category_indep,NUEx036,WBH,18,0.8,0.26568055,0.16628645,0.2364758312702179,0.019801980198019802,True
auditory,category_indep,NUEx036,WBH,19,0.9,0.23686779,0.16053058,0.2293831929564476,0.039603960396039604,True
auditory,category_indep,NUEx036,WBH,20,1.0,0.2140531,0.17145121,0.2599602296948433,0.1485148514851485,False
auditory,category_indep,NUEx036,WBH,21,1.1,0.20161712,0.1663152,0.236850918084383,0.26732673267326734,False
auditory,category_indep,NUEx036,WBH,22,1.2,0.20890118,0.17196688,0.24101321697235106,0.19801980198019803,False
auditory,category_indep,NUEx036,WBH,23,1.3,0.19871855,0.15872802,0.22717759162187576,0.1485148514851485,False
auditory,category_indep,NUEx036,WBH,24,1.4,0.20071042,0.16812965,0.24385198205709455,0.2376237623762376,False
auditory,category_indep,NUEx036,WBH,25,1.5,0.20012867,0.17190687,0.24290209338068958,0.21782178217821782,False
auditory,category_indep,NUEx036,WBH,26,1.6,0.18602179,0.16025972,0.21998606771230697,0.2376237623762376,False
auditory,category_indep,NUEx036,WBH,27,1.7,0.19930975,0.16782528,0.22941334322094917,0.24752475247524752,False
auditory,category_indep,NUEx036,WBH,28,1.8,0.21150301,0.16528915,0.23046939298510552,0.1485148514851485,False
auditory,category_indep,NUEx036,WBH,29,1.9,0.20946798,0.16136469,0.2384063936769962,0.13861386138613863,False
auditory,category_indep,NUEx036,WBH,30,2.0,0.21737632,0.17077683,0.22902443259954453,0.0891089108910891,False
auditory,category_indep,NUEx036,WBH,31,2.1,0.21326737,0.15945666,0.22097428888082501,0.07920792079207921,False
auditory,category_indep,NUEx036,WBH,32,2.2,0.2192948,0.15993743,0.23017353117465972,0.09900990099009901,False
auditory,category_indep,NUEx036,WBH,33,2.3,0.23597282,0.1656449,0.23723989427089687,0.06930693069306931,False
auditory,category_indep,NUEx036,WBH,34,2.4,0.23678905,0.17143346,0.2377346724271774,0.06930693069306931,False
auditory,category_indep,NUEx036,WBH,35,2.5,0.23334263,0.15668589,0.2500893548130989,0.07920792079207921,False
auditory,category_indep,NUEx036,WBH,36,2.6,0.24009596,0.16117926,0.22500237822532654,0.039603960396039604,True
auditory,category_indep,NUEx036,WBH,37,2.7,0.23390095,0.16966072,0.23943147137761114,0.06930693069306931,False
auditory,category_indep,NUEx036,WBH,38,2.8,0.23484926,0.1622392,0.23137239068746565,0.0594059405940594,True
auditory,category_indep,NUEx036,WBH,39,2.9,0.2307139,0.16409849,0.22495040148496626,0.0594059405940594,True
auditory,category_indep,NUEx036,WBH,40,3.0,0.24244358,0.16844621,0.2256235361099243,0.039603960396039604,True
auditory,category_indep,NUEx036,WBH,41,3.1,0.2424486,0.16772065,0.24644491672515864,0.07920792079207921,False
auditory,category_indep,NUEx036,WBH,42,3.2,0.25943944,0.1623366,0.227074359357357,0.019801980198019802,True
auditory,category_indep,NUEx036,WBH,43,3.3,0.24875516,0.16945882,0.24226190522313118,0.039603960396039604,True
auditory,category_indep,NUEx036,WBH,44,3.4,0.25513804,0.16448271,0.2311292938888073,0.009900990099009901,True
auditory,category_indep,NUEx036,WBH,45,3.5,0.26637396,0.16640086,0.2424039214849472,0.0297029702970297,True
auditory,category_indep,NUEx036,WBH,46,3.6,0.2585669,0.16616043,0.2303736574947834,0.039603960396039604,True
auditory,category_indep,NUEx036,WBH,47,3.7,0.27246654,0.1705297,0.23253471925854682,0.009900990099009901,True
auditory,category_indep,NUEx036,WBH,48,3.8,0.289325,0.16727827,0.22935047894716262,0.009900990099009901,True
auditory,category_indep,NUEx036,WBH,49,3.9,0.28693223,0.16399834,0.22090576067566872,0.009900990099009901,True
auditory,category_indep,NUEx036,WBH,50,4.0,0.27793592,0.15988472,0.2229144774377346,0.009900990099009901,True
auditory,category_indep,NUEx036,WBH,51,4.1,0.28989986,0.17350164,0.23969317227602002,0.0297029702970297,True
auditory,category_indep,NUEx036,WBH,52,4.2,0.28335953,0.17121124,0.23135452196002004,0.019801980198019802,True
auditory,category_indep,NUEx036,WBH,53,4.3,0.2901041,0.16711636,0.23590472042560576,0.009900990099009901,True
auditory,category_indep,NUEx036,WBH,54,4.4,0.29924878,0.1662424,0.237987919151783,0.019801980198019802,True
auditory,category_indep,NUEx036,WBH,55,4.5,0.29701182,0.1651245,0.23259259089827536,0.009900990099009901,True
auditory,category_indep,NUEx036,WBH,56,4.6,0.28452072,0.1599557,0.2253230519592762,0.009900990099009901,True
auditory,category_indep,NUEx036,WBH,57,4.7,0.2969989,0.16282284,0.25694415718317026,0.019801980198019802,True
auditory,category_indep,NUEx036,WBH,58,4.8,0.27218536,0.16441652,0.22466444075107575,0.009900990099009901,True
auditory,category_indep,NUEx036,WBH,59,4.9,0.27748373,0.16853328,0.2348595917224884,0.009900990099009901,True
auditory,category_indep,NUEx036,WBH,60,5.0,0.2786525,0.16283245,0.2339423008263111,0.009900990099009901,True
auditory,category_indep,NUEx036,WBH,61,5.1,0.26033112,0.15416372,0.2176755800843239,0.009900990099009901,True
auditory,category_indep,NUEx036,WBH,62,5.2,0.25163138,0.17124921,0.25196007788181307,0.06930693069306931,False
auditory,category_indep,NUEx036,WBH,63,5.3,0.2287663,0.16844723,0.24110525250434875,0.1188118811881188,False
auditory,category_indep,NUEx036,WBH,64,5.4,0.23039925,0.16657215,0.23875413388013839,0.0891089108910891,False
auditory,category_indep,NUEx036,WBH,65,5.5,0.2354861,0.17130579,0.23326731100678444,0.0594059405940594,True
auditory,category_indep,NUEx036,WBH,66,5.6,0.2397982,0.17897101,0.2440940499305725,0.06930693069306931,False
auditory,category_indep,NUEx036,WBH,67,5.7,0.20749141,0.16528198,0.22714051008224487,0.13861386138613863,False
auditory,category_indep,NUEx036,WBH,68,5.8,0.21014795,0.16066986,0.2208564653992653,0.1485148514851485,False
auditory,category_indep,NUEx036,WBH,69,5.9,0.21455649,0.16839482,0.25875031352043154,0.12871287128712872,False
auditory,category_indep,NUEx036,WBH,70,6.0,0.19872953,0.16275296,0.22795186936855313,0.2079207920792079,False
auditory,category_indep,NUEx036,WBH,71,6.1,0.21220711,0.16497965,0.24523851126432417,0.12871287128712872,False
auditory,category_indep,NUEx036,WBH,72,6.2,0.20801987,0.16666916,0.2338413007557392,0.19801980198019803,False
auditory,word_top1,NUEx041,AA,0,-1.0,0.0,0.0,0.0,1.0,False
auditory,word_top1,NUEx041,AA,1,-0.9,0.0,0.00125,0.0,1.0,False
auditory,word_top1,NUEx041,AA,2,-0.8,0.0,0.000625,0.0,1.0,False
auditory,word_top1,NUEx041,AA,3,-0.7,0.0,0.000625,0.0,1.0,False
auditory,word_top1,NUEx041,AA,4,-0.6,0.000625,0.000625,0.0,0.019801980198019802,False
auditory,word_top1,NUEx041,AA,5,-0.5,0.000625,0.0,0.0,0.009900990099009901,False
auditory,word_top1,NUEx041,AA,6,-0.4,0.0,0.0,0.0,1.0,False
auditory,word_top1,NUEx041,AA,7,-0.3,0.0,0.000625,0.0,1.0,False
auditory,word_top1,NUEx041,AA,8,-0.2,0.0,0.0,0.0,1.0,False
auditory,word_top1,NUEx041,AA,9,-0.1,0.0,0.000625,0.0,1.0,False
auditory,word_top1,NUEx041,AA,10,0.0,0.0,0.000625,0.0,1.0,False
auditory,word_top1,NUEx041,AA,11,0.1,0.000625,0.00125,0.0,0.0297029702970297,True
auditory,word_top1,NUEx041,AA,12,0.2,0.00125,0.00125,0.0,0.0297029702970297,True
auditory,word_top1,NUEx041,AA,13,0.3,0.00125,0.000625,0.0,0.019801980198019802,True
auditory,word_top1,NUEx041,AA,14,0.4,0.003125,0.001875,0.0,0.039603960396039604,True
auditory,word_top1,NUEx041,AA,15,0.5,0.0,0.001875,0.0,1.0,False
auditory,word_top1,NUEx041,AA,16,0.6,0.000625,0.00125,0.0,0.0297029702970297,True
auditory,word_top1,NUEx041,AA,17,0.7,0.00125,0.000625,0.0,0.019801980198019802,True
auditory,word_top1,NUEx041,AA,18,0.8,0.000625,0.000625,0.0,0.019801980198019802,True
auditory,word_top1,NUEx041,AA,19,0.9,0.0,0.0,0.0,1.0,False
auditory,word_top1,NUEx041,AA,20,1.0,0.000625,0.0,0.0,0.009900990099009901,True
auditory,word_top1,NUEx041,AA,21,1.1,0.0,0.00125,0.0,1.0,False
auditory,word_top1,NUEx041,AA,22,1.2,0.0,0.0,0.0,1.0,False
auditory,word_top1,NUEx041,AA,23,1.3,0.0,0.000625,0.0,1.0,False
auditory,word_top1,NUEx041,AA,24,1.4,0.0,0.0,0.0,1.0,False
auditory,word_top1,NUEx041,AA,25,1.5,0.000625,0.00125,0.0,0.0297029702970297,True
auditory,word_top1,NUEx041,AA,26,1.6,0.0,0.00125,0.0,1.0,False
auditory,word_top1,NUEx041,AA,27,1.7,0.0,0.0,0.0,1.0,False
auditory,word_top1,NUEx041,AA,28,1.8,0.0,0.00125,0.0,1.0,False
auditory,word_top1,NUEx041,AA,29,1.9,0.0,0.00125,0.0,1.0,False
auditory,word_top1,NUEx041,AA,30,2.0,0.000625,0.0,0.0,0.009900990099009901,True
auditory,word_top1,NUEx041,AA,31,2.1,0.0,0.0025,0.0,1.0,False
auditory,word_top1,NUEx041,AA,32,2.2,0.0,0.00125,0.0,1.0,False
auditory,word_top1,NUEx041,AA,33,2.3,0.0,0.0,0.0,1.0,False
auditory,word_top1,NUEx041,AA,34,2.4,0.000625,0.00125,0.0,0.0297029702970297,True
auditory,word_top1,NUEx041,AA,35,2.5,0.001875,0.0,0.0,0.009900990099009901,True
auditory,word_top1,NUEx041,AA,36,2.6,0.000625,0.0,0.0,0.009900990099009901,True
auditory,word_top1,NUEx041,AA,37,2.7,0.001875,0.00125,0.0,0.0297029702970297,True
auditory,word_top1,NUEx041,AA,38,2.8,0.00125,0.000625,0.0,0.019801980198019802,True
auditory,word_top1,NUEx041,AA,39,2.9,0.000625,0.00125,0.0,0.0297029702970297,True
auditory,word_top1,NUEx041,AA,40,3.0,0.00125,0.00125,0.0,0.0297029702970297,True
auditory,word_top1,NUEx041,AA,41,3.1,0.000625,0.0025,0.0,0.04950495049504951,True
auditory,word_top1,NUEx041,AA,42,3.2,0.00125,0.001875,0.0,0.039603960396039604,True
auditory,word_top1,NUEx041,AA,43,3.3,0.001875,0.0,0.0,0.009900990099009901,True
auditory,word_top1,NUEx041,AA,44,3.4,0.004375,0.000625,0.0,0.019801980198019802,True
auditory,word_top1,NUEx041,AA,45,3.5,0.000625,0.000625,0.0,0.019801980198019802,True
auditory,word_top1,NUEx041,AA,46,3.6,0.005625,0.001875,0.0,0.039603960396039604,True
auditory,word_top1,NUEx041,AA,47,3.7,0.005625,0.00125,0.0,0.0297029702970297,True
auditory,word_top1,NUEx041,AA,48,3.8,0.01,0.000625,0.0,0.019801980198019802,True
auditory,word_top1,NUEx041,AA,49,3.9,0.00375,0.000625,0.0,0.019801980198019802,True
auditory,word_top1,NUEx041,AA,50,4.0,0.00375,0.0,0.0,0.009900990099009901,True
auditory,word_top1,NUEx041,AA,51,4.1,0.003125,0.000625,0.0,0.019801980198019802,True
auditory,word_top1,NUEx041,AA,52,4.2,0.003125,0.000625,0.0,0.019801980198019802,True
auditory,word_top1,NUEx041,AA,53,4.3,0.005,0.001875,0.0,0.039603960396039604,True
auditory,word_top1,NUEx041,AA,54,4.4,0.005,0.000625,0.0,0.019801980198019802,True
auditory,word_top1,NUEx041,AA,55,4.5,0.006875,0.000625,0.0,0.019801980198019802,True
auditory,word_top1,NUEx041,AA,56,4.6,0.005,0.000625,0.0,0.019801980198019802,True
auditory,word_top1,NUEx041,AA,57,4.7,0.003125,0.000625,0.0,0.019801980198019802,True
auditory,word_top1,NUEx041,AA,58,4.8,0.003125,0.000625,0.0,0.019801980198019802,True
auditory,word_top1,NUEx041,AA,59,4.9,0.00625,0.000625,0.0,0.019801980198019802,True
auditory,word_top1,NUEx041,AA,60,5.0,0.00125,0.0,0.0,0.009900990099009901,True
auditory,word_top1,NUEx041,AA,61,5.1,0.00125,0.000625,0.0,0.019801980198019802,True
auditory,word_top1,NUEx041,AA,62,5.2,0.0,0.000625,0.0,1.0,False
auditory,word_top1,NUEx041,AA,63,5.3,0.0,0.0025,0.0,1.0,False
auditory,word_top1,NUEx041,AA,64,5.4,0.0,0.0,0.0,1.0,False
auditory,word_top1,NUEx041,AA,65,5.5,0.0,0.0025,0.0,1.0,False
auditory,word_top1,NUEx041,AA,66,5.6,0.0,0.0,0.0,1.0,False
auditory,word_top1,NUEx041,AA,67,5.7,0.0,0.00125,0.0,1.0,False
auditory,word_top1,NUEx041,AA,68,5.8,0.0,0.0025,0.0,1.0,False
auditory,word_top1,NUEx041,AA,69,5.9,0.000625,0.001875,0.0,0.039603960396039604,True
auditory,word_top1,NUEx041,AA,70,6.0,0.0,0.0025,0.0,1.0,False
auditory,word_top1,NUEx041,AA,71,6.1,0.0,0.0,0.0,1.0,False
auditory,word_top1,NUEx041,AA,72,6.2,0.0,0.00125,0.0,1.0,False
auditory,word_top1,NUEx044,AZ,0,-1.0,0.0021875,0.004375,0.03125,0.1485148514851485,False
auditory,word_top1,NUEx044,AZ,1,-0.9,0.0015625,0.003125,0.03125,0.10891089108910891,False
auditory,word_top1,NUEx044,AZ,2,-0.8,0.00125,0.0025,0.03125,0.0891089108910891,False
auditory,word_top1,NUEx044,AZ,3,-0.7,0.003125,0.00375,0.03125,0.1188118811881188,False
auditory,word_top1,NUEx044,AZ,4,-0.6,0.0034375,0.0053125,0.03125,0.15841584158415842,False
auditory,word_top1,NUEx044,AZ,5,-0.5,0.0034375,0.0028125,0.03125,0.0891089108910891,False
auditory,word_top1,NUEx044,AZ,6,-0.4,0.0034375,0.0040625,0.03125,0.13861386138613863,False
auditory,word_top1,NUEx044,AZ,7,-0.3,0.0071875,0.0046875,0.03125,0.15841584158415842,False
auditory,word_top1,NUEx044,AZ,8,-0.2,0.0071875,0.0040625,0.03125,0.12871287128712872,False
auditory,word_top1,NUEx044,AZ,9,-0.1,0.0090625,0.003125,0.03125,0.10891089108910891,False
auditory,word_top1,NUEx044,AZ,10,0.0,0.008125,0.00375,0.03125,0.10891089108910891,False
auditory,word_top1,NUEx044,AZ,11,0.1,0.0071875,0.0046875,0.03125,0.13861386138613863,False
auditory,word_top1,NUEx044,AZ,12,0.2,0.005,0.0034375,0.03125,0.1188118811881188,False
auditory,word_top1,NUEx044,AZ,13,0.3,0.0034375,0.003125,0.03125,0.10891089108910891,False
auditory,word_top1,NUEx044,AZ,14,0.4,0.0040625,0.00625,0.03125,0.2079207920792079,False
auditory,word_top1,NUEx044,AZ,15,0.5,0.0028125,0.0028125,0.03125,0.09900990099009901,False
auditory,word_top1,NUEx044,AZ,16,0.6,0.0025,0.005,0.03125,0.15841584158415842,False
auditory,word_top1,NUEx044,AZ,17,0.7,0.0053125,0.004375,0.03125,0.1485148514851485,False
auditory,word_top1,NUEx044,AZ,18,0.8,0.0040625,0.005,0.03125,0.16831683168316833,False
auditory,word_top1,NUEx044,AZ,19,0.9,0.0034375,0.004375,0.03125,0.1485148514851485,False
auditory,word_top1,NUEx044,AZ,20,1.0,0.0015625,0.0028125,0.03125,0.0891089108910891,False
auditory,word_top1,NUEx044,AZ,21,1.1,0.0046875,0.0034375,0.03125,0.1188118811881188,False
auditory,word_top1,NUEx044,AZ,22,1.2,0.003125,0.0046875,0.03125,0.15841584158415842,False
auditory,word_top1,NUEx044,AZ,23,1.3,0.003125,0.0059375,0.03125,0.19801980198019803,False
auditory,word_top1,NUEx044,AZ,24,1.4,0.0015625,0.0040625,0.03125,0.12871287128712872,False
auditory,word_top1,NUEx044,AZ,25,1.5,0.0015625,0.0046875,0.03125,0.12871287128712872,False
auditory,word_top1,NUEx044,AZ,26,1.6,0.00125,0.005,0.03125,0.15841584158415842,False
auditory,word_top1,NUEx044,AZ,27,1.7,0.000625,0.0028125,0.03125,0.0891089108910891,False
auditory,word_top1,NUEx044,AZ,28,1.8,0.0003125,0.00375,0.03125,0.12871287128712872,False
auditory,word_top1,NUEx044,AZ,29,1.9,0.0028125,0.0025,0.03125,0.0891089108910891,False
auditory,word_top1,NUEx044,AZ,30,2.0,0.00375,0.0046875,0.03125,0.13861386138613863,False
auditory,word_top1,NUEx044,AZ,31,2.1,0.0025,0.0046875,0.03125,0.1485148514851485,False
auditory,word_top1,NUEx044,AZ,32,2.2,0.0015625,0.0025,0.03125,0.0891089108910891,False
auditory,word_top1,NUEx044,AZ,33,2.3,0.0021875,0.003125,0.03125,0.09900990099009901,False
auditory,word_top1,NUEx044,AZ,34,2.4,0.0034375,0.0021875,0.03125,0.07920792079207921,False
auditory,word_top1,NUEx044,AZ,35,2.5,0.0028125,0.0040625,0.03125,0.13861386138613863,False
auditory,word_top1,NUEx044,AZ,36,2.6,0.0028125,0.00375,0.03125,0.12871287128712872,False
auditory,word_top1,NUEx044,AZ,37,2.7,0.0040625,0.005625,0.03125,0.1782178217821782,False
auditory,word_top1,NUEx044,AZ,38,2.8,0.0078125,0.0040625,0.03125,0.12871287128712872,False
auditory,word_top1,NUEx044,AZ,39,2.9,0.009375,0.005,0.03125,0.1485148514851485,False
auditory,word_top1,NUEx044,AZ,40,3.0,0.0075,0.0025,0.03125,0.0891089108910891,False
auditory,word_top1,NUEx044,AZ,41,3.1,0.008125,0.005625,0.03125,0.1782178217821782,False
auditory,word_top1,NUEx044,AZ,42,3.2,0.008125,0.0053125,0.03125,0.15841584158415842,False
auditory,word_top1,NUEx044,AZ,43,3.3,0.0128125,0.0059375,0.03125,0.16831683168316833,False
auditory,word_top1,NUEx044,AZ,44,3.4,0.009375,0.0046875,0.03125,0.15841584158415842,False
auditory,word_top1,NUEx044,AZ,45,3.5,0.011875,0.0046875,0.03125,0.13861386138613863,False
auditory,word_top1,NUEx044,AZ,46,3.6,0.01125,0.0034375,0.03125,0.1188118811881188,False
auditory,word_top1,NUEx044,AZ,47,3.7,0.0175,0.00375,0.03125,0.12871287128712872,False
auditory,word_top1,NUEx044,AZ,48,3.8,0.01375,0.0034375,0.03125,0.1188118811881188,False
auditory,word_top1,NUEx044,AZ,49,3.9,0.010625,0.006875,0.03125,0.19801980198019803,False
auditory,word_top1,NUEx044,AZ,50,4.0,0.0096875,0.0040625,0.03125,0.13861386138613863,False
auditory,word_top1,NUEx044,AZ,51,4.1,0.0115625,0.0015625,0.0015624999999999112,0.0594059405940594,True
auditory,word_top1,NUEx044,AZ,52,4.2,0.00875,0.0034375,0.03125,0.1188118811881188,False
auditory,word_top1,NUEx044,AZ,53,4.3,0.008125,0.0040625,0.03125,0.12871287128712872,False
auditory,word_top1,NUEx044,AZ,54,4.4,0.0103125,0.0046875,0.03125,0.13861386138613863,False
auditory,word_top1,NUEx044,AZ,55,4.5,0.0071875,0.0025,0.03125,0.0891089108910891,False
auditory,word_top1,NUEx044,AZ,56,4.6,0.008125,0.0028125,0.03125,0.09900990099009901,False
auditory,word_top1,NUEx044,AZ,57,4.7,0.010625,0.0028125,0.03125,0.09900990099009901,False
auditory,word_top1,NUEx044,AZ,58,4.8,0.010625,0.0053125,0.03125,0.16831683168316833,False
auditory,word_top1,NUEx044,AZ,59,4.9,0.01125,0.005,0.03125,0.16831683168316833,False
auditory,word_top1,NUEx044,AZ,60,5.0,0.0065625,0.004375,0.03125,0.12871287128712872,False
auditory,word_top1,NUEx044,AZ,61,5.1,0.005625,0.0046875,0.03125,0.13861386138613863,False
auditory,word_top1,NUEx044,AZ,62,5.2,0.0071875,0.005,0.03125,0.15841584158415842,False
auditory,word_top1,NUEx044,AZ,63,5.3,0.0078125,0.0046875,0.03125,0.15841584158415842,False
auditory,word_top1,NUEx044,AZ,64,5.4,0.00375,0.0059375,0.03125,0.1782178217821782,False
auditory,word_top1,NUEx044,AZ,65,5.5,0.0053125,0.0065625,0.03125,0.19801980198019803,False
auditory,word_top1,NUEx044,AZ,66,5.6,0.00875,0.0040625,0.03125,0.13861386138613863,False
auditory,word_top1,NUEx044,AZ,67,5.7,0.0078125,0.0040625,0.03125,0.10891089108910891,False
auditory,word_top1,NUEx044,AZ,68,5.8,0.0065625,0.0028125,0.03125,0.0891089108910891,False
auditory,word_top1,NUEx044,AZ,69,5.9,0.0071875,0.00375,0.03125,0.12871287128712872,False
auditory,word_top1,NUEx044,AZ,70,6.0,0.005,0.004375,0.03125,0.1485148514851485,False
auditory,word_top1,NUEx044,AZ,71,6.1,0.001875,0.0034375,0.03125,0.10891089108910891,False
auditory,word_top1,NUEx044,AZ,72,6.2,0.006875,0.004375,0.03125,0.13861386138613863,False
auditory,word_top1,NUEx030,CP,0,-1.0,0.012439021,0.012926824,0.04878048598766327,0.44554455445544555,False
auditory,word_top1,NUEx030,CP,1,-0.9,0.02317072,0.015853655,0.0731707289814949,0.46534653465346537,False
auditory,word_top1,NUEx030,CP,2,-0.8,0.02195121,0.014878043,0.04878048598766327,0.48514851485148514,False
auditory,word_top1,NUEx030,CP,3,-0.7,0.028048769,0.010975608,0.04878048598766327,0.0891089108910891,False
auditory,word_top1,NUEx030,CP,4,-0.6,0.018780481,0.013170727,0.04878048598766327,0.45544554455445546,False
auditory,word_top1,NUEx030,CP,5,-0.5,0.025121942,0.0131707275,0.04878048598766327,0.12871287128712872,False
auditory,word_top1,NUEx030,CP,6,-0.4,0.020975599,0.012195118,0.04878048598766327,0.40594059405940597,False
auditory,word_top1,NUEx030,CP,7,-0.3,0.021219501,0.0131707275,0.04878048598766327,0.4158415841584158,False
auditory,word_top1,NUEx030,CP,8,-0.2,0.018780477,0.013170727,0.04878048598766327,0.46534653465346537,False
auditory,word_top1,NUEx030,CP,9,-0.1,0.01780487,0.013658532,0.04878048598766327,0.45544554455445546,False
auditory,word_top1,NUEx030,CP,10,0.0,0.01560975,0.010975608,0.04878048598766327,0.3564356435643564,False
auditory,word_top1,NUEx030,CP,11,0.1,0.008048779,0.011219507,0.025609755143523146,0.4158415841584158,False
auditory,word_top1,NUEx030,CP,12,0.2,0.010975607,0.011463412,0.04878048598766327,0.37623762376237624,False
auditory,word_top1,NUEx030,CP,13,0.3,0.0058536585,0.01121951,0.04878048598766327,0.36633663366336633,False
auditory,word_top1,NUEx030,CP,14,0.4,0.0107317045,0.0146341445,0.04878048598766327,0.4158415841584158,False
auditory,word_top1,NUEx030,CP,15,0.5,0.011951216,0.014634138,0.04878048598766327,0.504950495049505,False
auditory,word_top1,NUEx030,CP,16,0.6,0.009999998,0.01268292,0.04878048598766327,0.42574257425742573,False
auditory,word_top1,NUEx030,CP,17,0.7,0.016097553,0.011463412,0.04878048598766327,0.38613861386138615,False
auditory,word_top1,NUEx030,CP,18,0.8,0.013902433,0.011219509,0.04878048598766327,0.37623762376237624,False
auditory,word_top1,NUEx030,CP,19,0.9,0.01487804,0.013414629,0.04878048598766327,0.43564356435643564,False
auditory,word_top1,NUEx030,CP,20,1.0,0.014634142,0.010731703,0.04878048598766327,0.37623762376237624,False
auditory,word_top1,NUEx030,CP,21,1.1,0.021219503,0.011219509,0.024390242993831635,0.39603960396039606,False
auditory,word_top1,NUEx030,CP,22,1.2,0.018780477,0.014390241,0.04878048598766327,0.46534653465346537,False
auditory,word_top1,NUEx030,CP,23,1.3,0.020975599,0.013902433,0.04878048598766327,0.4752475247524752,False
auditory,word_top1,NUEx030,CP,24,1.4,0.023414623,0.01658536,0.04878048598766327,0.5346534653465347,False
auditory,word_top1,NUEx030,CP,25,1.5,0.021951213,0.012926824,0.04878048598766327,0.42574257425742573,False
auditory,word_top1,NUEx030,CP,26,1.6,0.019024383,0.01243902,0.04878048598766327,0.39603960396039606,False
auditory,word_top1,NUEx030,CP,27,1.7,0.019268284,0.0082926825,0.025609755143523146,0.27722772277227725,False
auditory,word_top1,NUEx030,CP,28,1.8,0.022682916,0.013414629,0.0731707289814949,0.39603960396039606,False
auditory,word_top1,NUEx030,CP,29,1.9,0.019268284,0.014878044,0.04878048598766327,0.42574257425742573,False
auditory,word_top1,NUEx030,CP,30,2.0,0.023170725,0.010487802,0.025609755143523146,0.38613861386138615,False
auditory,word_top1,NUEx030,CP,31,2.1,0.017317064,0.011707314,0.04878048598766327,0.38613861386138615,False
auditory,word_top1,NUEx030,CP,32,2.2,0.014146337,0.0102439,0.04878048598766327,0.3564356435643564,False
auditory,word_top1,NUEx030,CP,33,2.3,0.01243902,0.010975608,0.04878048598766327,0.38613861386138615,False
auditory,word_top1,NUEx030,CP,34,2.4,0.014390239,0.012926825,0.04878048598766327,0.4158415841584158,False
auditory,word_top1,NUEx030,CP,35,2.5,0.021219501,0.014146336,0.04878048598766327,0.45544554455445546,False
auditory,word_top1,NUEx030,CP,36,2.6,0.01999999,0.014146339,0.04878048598766327,0.43564356435643564,False
auditory,word_top1,NUEx030,CP,37,2.7,0.018292675,0.01341463,0.04878048598766327,0.42574257425742573,False
auditory,word_top1,NUEx030,CP,38,2.8,0.015121945,0.012195118,0.04878048598766327,0.44554455445544555,False
auditory,word_top1,NUEx030,CP,39,2.9,0.013902433,0.01243902,0.04878048598766327,0.4158415841584158,False
auditory,word_top1,NUEx030,CP,40,3.0,0.014634141,0.015121944,0.04878048598766327,0.48514851485148514,False
auditory,word_top1,NUEx030,CP,41,3.1,0.016341455,0.015609752,0.04878048598766327,0.48514851485148514,False
auditory,word_top1,NUEx030,CP,42,3.2,0.013414631,0.012682926,0.04878048598766327,0.37623762376237624,False
auditory,word_top1,NUEx030,CP,43,3.3,0.0107317045,0.011951216,0.04878048598766327,0.39603960396039606,False
auditory,word_top1,NUEx030,CP,44,3.4,0.008048778,0.012439022,0.04878048598766327,0.39603960396039606,False
auditory,word_top1,NUEx030,CP,45,3.5,0.00707317,0.010975608,0.04878048598766327,0.36633663366336633,False
auditory,word_top1,NUEx030,CP,46,3.6,0.009756096,0.008780486,0.024390242993831635,0.3465346534653465,False
auditory,word_top1,NUEx030,CP,47,3.7,0.009512193,0.009999997,0.04878048598766327,0.3564356435643564,False
auditory,word_top1,NUEx030,CP,48,3.8,0.011707313,0.013902434,0.04878048598766327,0.48514851485148514,False
auditory,word_top1,NUEx030,CP,49,3.9,0.0070731696,0.014146336,0.04878048598766327,0.44554455445544555,False
auditory,word_top1,NUEx030,CP,50,4.0,0.009024388,0.011707314,0.04878048598766327,0.32673267326732675,False
auditory,word_top1,NUEx030,CP,51,4.1,0.0102439,0.0119512165,0.04878048598766327,0.40594059405940597,False
auditory,word_top1,NUEx030,CP,52,4.2,0.01463414,0.012195116,0.025609755143523146,0.43564356435643564,False
auditory,word_top1,NUEx030,CP,53,4.3,0.020487797,0.0102439,0.04878048598766327,0.3465346534653465,False
auditory,word_top1,NUEx030,CP,54,4.4,0.017560966,0.0102439,0.025609755143523146,0.36633663366336633,False
auditory,word_top1,NUEx030,CP,55,4.5,0.016585357,0.014390236,0.04878048598766327,0.504950495049505,False
auditory,word_top1,NUEx030,CP,56,4.6,0.010487802,0.013414631,0.04878048598766327,0.4752475247524752,False
auditory,word_top1,NUEx030,CP,57,4.7,0.0156097505,0.0131707275,0.04878048598766327,0.42574257425742573,False
auditory,word_top1,NUEx030,CP,58,4.8,0.019024383,0.010243901,0.04878048598766327,0.36633663366336633,False
auditory,word_top1,NUEx030,CP,59,4.9,0.015365847,0.012195118,0.04878048598766327,0.39603960396039606,False
auditory,word_top1,NUEx030,CP,60,5.0,0.01463414,0.013658532,0.04878048598766327,0.45544554455445546,False
auditory,word_top1,NUEx030,CP,61,5.1,0.013902433,0.010487803,0.04878048598766327,0.36633663366336633,False
auditory,word_top1,NUEx030,CP,62,5.2,0.013658531,0.016097555,0.04878048598766327,0.4752475247524752,False
auditory,word_top1,NUEx030,CP,63,5.3,0.013658531,0.014390239,0.04878048598766327,0.44554455445544555,False
auditory,word_top1,NUEx045,DR,0,-1.0,0.0025,0.00125,0.0,0.0297029702970297,False
auditory,word_top1,NUEx045,DR,1,-0.9,0.025,0.001875,0.0,0.039603960396039604,False
auditory,word_top1,NUEx045,DR,2,-0.8,0.031875,0.000625,0.0,0.019801980198019802,False
auditory,word_top1,NUEx045,DR,3,-0.7,0.02375,0.003125,0.0031249999999998224,0.0594059405940594,False
auditory,word_top1,NUEx045,DR,4,-0.6,0.03,0.0025,0.0,0.04950495049504951,False
auditory,word_top1,NUEx045,DR,5,-0.5,0.028125,0.003125,0.0031249999999998224,0.0594059405940594,False
auditory,word_top1,NUEx045,DR,6,-0.4,0.03375,0.0025,0.0,0.04950495049504951,False
auditory,word_top1,NUEx045,DR,7,-0.3,0.025625,0.004375,0.0625,0.07920792079207921,False
auditory,word_top1,NUEx045,DR,8,-0.2,0.0275,0.005,0.0625,0.0891089108910891,False
auditory,word_top1,NUEx045,DR,9,-0.1,0.035,0.001875,0.0,0.039603960396039604,False
auditory,word_top1,NUEx045,DR,10,0.0,0.031875,0.003125,0.0031249999999998224,0.0594059405940594,True
auditory,word_top1,NUEx045,DR,11,0.1,0.028125,0.004375,0.0625,0.07920792079207921,False
auditory,word_top1,NUEx045,DR,12,0.2,0.02125,0.001875,0.0,0.039603960396039604,True
auditory,word_top1,NUEx045,DR,13,0.3,0.018125,0.00125,0.0,0.0297029702970297,True
auditory,word_top1,NUEx045,DR,14,0.4,0.014375,0.003125,0.0031249999999998224,0.0594059405940594,True
auditory,word_top1,NUEx045,DR,15,0.5,0.005,0.0025,0.0,0.04950495049504951,True
auditory,word_top1,NUEx045,DR,16,0.6,0.005,0.001875,0.0,0.039603960396039604,True
auditory,word_top1,NUEx045,DR,17,0.7,0.008125,0.0025,0.0,0.04950495049504951,True
auditory,word_top1,NUEx045,DR,18,0.8,0.004375,0.0025,0.0,0.04950495049504951,True
auditory,word_top1,NUEx045,DR,19,0.9,0.00125,0.005,0.0625,0.0891089108910891,False
auditory,word_top1,NUEx045,DR,20,1.0,0.0,0.001875,0.0,1.0,False
auditory,word_top1,NUEx045,DR,21,1.1,0.000625,0.0025,0.0,0.04950495049504951,True
auditory,word_top1,NUEx045,DR,22,1.2,0.00125,0.00375,0.0625,0.06930693069306931,False
auditory,word_top1,NUEx045,DR,23,1.3,0.000625,0.004375,0.0625,0.07920792079207921,False
auditory,word_top1,NUEx045,DR,24,1.4,0.00125,0.0025,0.0,0.039603960396039604,True
auditory,word_top1,NUEx045,DR,25,1.5,0.00375,0.000625,0.0,0.019801980198019802,True
auditory,word_top1,NUEx045,DR,26,1.6,0.005625,0.00375,0.0625,0.06930693069306931,False
auditory,word_top1,NUEx045,DR,27,1.7,0.01,0.00375,0.0625,0.06930693069306931,False
auditory,word_top1,NUEx045,DR,28,1.8,0.0075,0.00375,0.0625,0.06930693069306931,False
auditory,word_top1,NUEx045,DR,29,1.9,0.016875,0.00375,0.0625,0.06930693069306931,False
auditory,word_top1,NUEx045,DR,30,2.0,0.015,0.0025,0.0,0.04950495049504951,True
auditory,word_top1,NUEx045,DR,31,2.1,0.01125,0.001875,0.0,0.039603960396039604,True
auditory,word_top1,NUEx045,DR,32,2.2,0.005625,0.0025,0.0,0.04950495049504951,True
auditory,word_top1,NUEx045,DR,33,2.3,0.0025,0.00375,0.0625,0.06930693069306931,False
auditory,word_top1,NUEx045,DR,34,2.4,0.00125,0.00125,0.0,0.0297029702970297,True
auditory,word_top1,NUEx045,DR,35,2.5,0.0,0.001875,0.0,1.0,False
auditory,word_top1,NUEx045,DR,36,2.6,0.000625,0.00625,0.0625,0.10891089108910891,False
auditory,word_top1,NUEx045,DR,37,2.7,0.0,0.0025,0.0,1.0,False
auditory,word_top1,NUEx045,DR,38,2.8,0.00125,0.0025,0.0,0.04950495049504951,True
auditory,word_top1,NUEx045,DR,39,2.9,0.0025,0.003125,0.0,0.04950495049504951,True
auditory,word_top1,NUEx045,DR,40,3.0,0.000625,0.003125,0.0031249999999998224,0.0594059405940594,False
auditory,word_top1,NUEx045,DR,41,3.1,0.001875,0.003125,0.0031249999999998224,0.0594059405940594,False
auditory,word_top1,NUEx045,DR,42,3.2,0.003125,0.001875,0.0,0.039603960396039604,True
auditory,word_top1,NUEx045,DR,43,3.3,0.001875,0.00375,0.0625,0.06930693069306931,False
auditory,word_top1,NUEx045,DR,44,3.4,0.00375,0.00125,0.0,0.0297029702970297,True
auditory,word_top1,NUEx045,DR,45,3.5,0.004375,0.004375,0.0625,0.06930693069306931,False
auditory,word_top1,NUEx045,DR,46,3.6,0.003125,0.001875,0.0,0.039603960396039604,True
auditory,word_top1,NUEx045,DR,47,3.7,0.00125,0.0025,0.0,0.039603960396039604,True
auditory,word_top1,NUEx045,DR,48,3.8,0.005,0.0025,0.0,0.04950495049504951,True
auditory,word_top1,NUEx045,DR,49,3.9,0.0025,0.003125,0.0031249999999998224,0.0594059405940594,False
auditory,word_top1,NUEx045,DR,50,4.0,0.001875,0.000625,0.0,0.019801980198019802,True
auditory,word_top1,NUEx045,DR,51,4.1,0.006875,0.00375,0.0625,0.06930693069306931,False
auditory,word_top1,NUEx045,DR,52,4.2,0.005625,0.001875,0.0,0.039603960396039604,True
auditory,word_top1,NUEx045,DR,53,4.3,0.005,0.00375,0.0031249999999998224,0.0594059405940594,True
auditory,word_top1,NUEx045,DR,54,4.4,0.00625,0.003125,0.0031249999999998224,0.0594059405940594,True
auditory,word_top1,NUEx045,DR,55,4.5,0.000625,0.001875,0.0,0.039603960396039604,True
auditory,word_top1,NUEx045,DR,56,4.6,0.003125,0.00375,0.0625,0.06930693069306931,False
auditory,word_top1,NUEx045,DR,57,4.7,0.0,0.003125,0.0,1.0,False
auditory,word_top1,NUEx045,DR,58,4.8,0.000625,0.0025,0.0,0.04950495049504951,True
auditory,word_top1,NUEx045,DR,59,4.9,0.0,0.000625,0.0,1.0,False
auditory,word_top1,NUEx045,DR,60,5.0,0.0,0.004375,0.0625,1.0,False
auditory,word_top1,NUEx045,DR,61,5.1,0.0,0.0025,0.0,1.0,False
auditory,word_top1,NUEx045,DR,62,5.2,0.000625,0.0025,0.0,0.04950495049504951,True
auditory,word_top1,NUEx045,DR,63,5.3,0.000625,0.00375,0.0031249999999998224,0.0594059405940594,False
auditory,word_top1,NUEx045,DR,64,5.4,0.0,0.003125,0.0,1.0,False
auditory,word_top1,NUEx045,DR,65,5.5,0.00375,0.003125,0.0031249999999998224,0.0594059405940594,True
auditory,word_top1,NUEx045,DR,66,5.6,0.0,0.0025,0.0,1.0,False
auditory,word_top1,NUEx045,DR,67,5.7,0.00125,0.00125,0.0,0.0297029702970297,True
auditory,word_top1,NUEx045,DR,68,5.8,0.0,0.003125,0.0,1.0,False
auditory,word_top1,NUEx038,LH,0,-1.0,0.018490568,0.008301885,0.03773584961891174,0.38613861386138615,False
auditory,word_top1,NUEx038,LH,1,-0.9,0.013396229,0.009622639,0.03773584961891174,0.36633663366336633,False
auditory,word_top1,NUEx038,LH,2,-0.8,0.015283024,0.0064150924,0.019811321049928613,0.2871287128712871,False
auditory,word_top1,NUEx038,LH,3,-0.7,0.016226418,0.009811319,0.03773584961891174,0.38613861386138615,False
auditory,word_top1,NUEx038,LH,4,-0.6,0.018490568,0.0111320745,0.03773584961891174,0.42574257425742573,False
auditory,word_top1,NUEx038,LH,5,-0.5,0.016603775,0.008867922,0.03773584961891174,0.37623762376237624,False
auditory,word_top1,NUEx038,LH,6,-0.4,0.01584906,0.008490564,0.03773584961891174,0.38613861386138615,False
auditory,word_top1,NUEx038,LH,7,-0.3,0.01603774,0.006037734,0.01886792480945587,0.31683168316831684,False
auditory,word_top1,NUEx038,LH,8,-0.2,0.0164151,0.010566035,0.03773584961891174,0.43564356435643564,False
auditory,word_top1,NUEx038,LH,9,-0.1,0.01566038,0.0073584886,0.03773584961891174,0.297029702970297,False
auditory,word_top1,NUEx038,LH,10,0.0,0.013018868,0.008679244,0.03773584961891174,0.3564356435643564,False
auditory,word_top1,NUEx038,LH,11,0.1,0.009433961,0.010188676,0.03773584961891174,0.45544554455445546,False
auditory,word_top1,NUEx038,LH,12,0.2,0.010754716,0.008490563,0.03773584961891174,0.33663366336633666,False
auditory,word_top1,NUEx038,LH,13,0.3,0.013207546,0.00679245,0.03773584961891174,0.297029702970297,False
auditory,word_top1,NUEx038,LH,14,0.4,0.010943395,0.009811318,0.03773584961891174,0.43564356435643564,False
auditory,word_top1,NUEx038,LH,15,0.5,0.013396229,0.010188675,0.03773584961891174,0.43564356435643564,False
auditory,word_top1,NUEx038,LH,16,0.6,0.011886791,0.007169809,0.03773584961891174,0.32673267326732675,False
auditory,word_top1,NUEx038,LH,17,0.7,0.01207547,0.00716981,0.03773584961891174,0.3069306930693069,False
auditory,word_top1,NUEx038,LH,18,0.8,0.011509434,0.008490563,0.03773584961891174,0.3564356435643564,False
auditory,word_top1,NUEx038,LH,19,0.9,0.013584907,0.0069811307,0.019811321049928613,0.31683168316831684,False
auditory,word_top1,NUEx038,LH,20,1.0,0.0137735875,0.008301884,0.019811321049928613,0.39603960396039606,False
auditory,word_top1,NUEx038,LH,21,1.1,0.01264151,0.008867923,0.03773584961891174,0.38613861386138615,False
auditory,word_top1,NUEx038,LH,22,1.2,0.01264151,0.008490563,0.019811321049928613,0.40594059405940597,False
auditory,word_top1,NUEx038,LH,23,1.3,0.013018865,0.009433959,0.019811321049928613,0.44554455445544555,False
auditory,word_top1,NUEx038,LH,24,1.4,0.01264151,0.007735847,0.019811321049928613,0.3564356435643564,False
auditory,word_top1,NUEx038,LH,25,1.5,0.012830192,0.010377356,0.03773584961891174,0.42574257425742573,False
auditory,word_top1,NUEx038,LH,26,1.6,0.015471701,0.009245282,0.03773584961891174,0.38613861386138615,False
auditory,word_top1,NUEx038,LH,27,1.7,0.0115094315,0.010943394,0.03773584961891174,0.45544554455445546,False
auditory,word_top1,NUEx038,LH,28,1.8,0.009056602,0.009811318,0.03773584961891174,0.45544554455445546,False
auditory,word_top1,NUEx038,LH,29,1.9,0.015283018,0.011509432,0.03773584961891174,0.46534653465346537,False
auditory,word_top1,NUEx038,LH,30,2.0,0.015283022,0.00924528,0.03773584961891174,0.4158415841584158,False
auditory,word_top1,NUEx038,LH,31,2.1,0.008301884,0.008867922,0.03773584961891174,0.39603960396039606,False
auditory,word_top1,NUEx038,LH,32,2.2,0.0073584886,0.008679242,0.03773584961891174,0.38613861386138615,False
auditory,word_top1,NUEx038,LH,33,2.3,0.0069811307,0.010943392,0.03773584961891174,0.43564356435643564,False
auditory,word_top1,NUEx038,LH,34,2.4,0.009056601,0.00962264,0.03773584961891174,0.38613861386138615,False
auditory,word_top1,NUEx038,LH,35,2.5,0.0073584877,0.009622639,0.03773584961891174,0.39603960396039606,False
auditory,word_top1,NUEx038,LH,36,2.6,0.011320753,0.008301883,0.03773584961891174,0.37623762376237624,False
auditory,word_top1,NUEx038,LH,37,2.7,0.0081132045,0.010377356,0.03773584961891174,0.43564356435643564,False
auditory,word_top1,NUEx038,LH,38,2.8,0.009245279,0.008301885,0.03773584961891174,0.3465346534653465,False
auditory,word_top1,NUEx038,LH,39,2.9,0.00924528,0.0098113185,0.03773584961891174,0.40594059405940597,False
auditory,word_top1,NUEx038,LH,40,3.0,0.011886791,0.009056602,0.03773584961891174,0.39603960396039606,False
auditory,word_top1,NUEx038,LH,41,3.1,0.008490563,0.00716981,0.019811321049928613,0.3069306930693069,False
auditory,word_top1,NUEx038,LH,42,3.2,0.012075473,0.008490563,0.03773584961891174,0.3564356435643564,False
auditory,word_top1,NUEx038,LH,43,3.3,0.013207547,0.010188677,0.03773584961891174,0.4158415841584158,False
auditory,word_top1,NUEx038,LH,44,3.4,0.013584907,0.007169809,0.03773584961891174,0.32673267326732675,False
auditory,word_top1,NUEx038,LH,45,3.5,0.017169815,0.010377356,0.03773584961891174,0.42574257425742573,False
auditory,word_top1,NUEx038,LH,46,3.6,0.015094344,0.0066037728,0.019811321049928613,0.3069306930693069,False
auditory,word_top1,NUEx038,LH,47,3.7,0.017924534,0.0064150942,0.03773584961891174,0.25742574257425743,False
auditory,word_top1,NUEx038,LH,48,3.8,0.016981134,0.009433959,0.03773584961891174,0.43564356435643564,False
auditory,word_top1,NUEx038,LH,49,3.9,0.017358497,0.009622637,0.03773584961891174,0.44554455445544555,False
auditory,word_top1,NUEx038,LH,50,4.0,0.013962266,0.008490563,0.03773584961891174,0.33663366336633666,False
auditory,word_top1,NUEx038,LH,51,4.1,0.009999996,0.008867922,0.03773584961891174,0.39603960396039606,False
auditory,word_top1,NUEx038,LH,52,4.2,0.009999995,0.0077358466,0.03773584961891174,0.32673267326732675,False
auditory,word_top1,NUEx038,LH,53,4.3,0.005094338,0.009245281,0.03773584961891174,0.39603960396039606,False
auditory,word_top1,NUEx038,LH,54,4.4,0.011320753,0.009056602,0.03773584961891174,0.39603960396039606,False
auditory,word_top1,NUEx038,LH,55,4.5,0.010377356,0.009433959,0.03773584961891174,0.39603960396039606,False
auditory,word_top1,NUEx038,LH,56,4.6,0.010566037,0.010188676,0.03773584961891174,0.40594059405940597,False
auditory,word_top1,NUEx038,LH,57,4.7,0.011886792,0.007924527,0.03773584961891174,0.3465346534653465,False
auditory,word_top1,NUEx038,LH,58,4.8,0.01339623,0.007358489,0.03773584961891174,0.31683168316831684,False
auditory,word_top1,NUEx038,LH,59,4.9,0.01264151,0.008301885,0.01886792480945587,0.4158415841584158,False
auditory,word_top1,NUEx038,LH,60,5.0,0.016415097,0.0067924517,0.019811321049928613,0.2871287128712871,False
auditory,word_top1,NUEx038,LH,61,5.1,0.010566034,0.010754717,0.03773584961891174,0.46534653465346537,False
auditory,word_top1,NUEx038,LH,62,5.2,0.010754716,0.010377359,0.03773584961891174,0.40594059405940597,False
auditory,word_top1,NUEx038,LH,63,5.3,0.013962265,0.009622638,0.03773584961891174,0.40594059405940597,False
auditory,word_top1,NUEx038,LH,64,5.4,0.008679242,0.008490563,0.03773584961891174,0.39603960396039606,False
auditory,word_top1,NUEx038,LH,65,5.5,0.0098113185,0.009811319,0.03773584961891174,0.40594059405940597,False
auditory,word_top1,NUEx038,LH,66,5.6,0.009245281,0.011698114,0.03773584961891174,0.5148514851485149,False
auditory,word_top1,NUEx038,LH,67,5.7,0.008679244,0.0098113185,0.03773584961891174,0.4158415841584158,False
auditory,word_top1,NUEx038,LH,68,5.8,0.006226414,0.0075471685,0.03773584961891174,0.31683168316831684,False
auditory,word_top1,NUEx038,LH,69,5.9,0.0066037714,0.009245279,0.03773584961891174,0.4158415841584158,False
auditory,word_top1,NUEx038,LH,70,6.0,0.006037735,0.009056604,0.03773584961891174,0.36633663366336633,False
auditory,word_top1,NUEx038,LH,71,6.1,0.006415093,0.010377356,0.03773584961891174,0.43564356435643564,False
auditory,word_top1,NUEx038,LH,72,6.2,0.008301887,0.010188676,0.03773584961891174,0.45544554455445546,False
auditory,word_top1,NUEx031,RB,0,-1.0,0.024799988,0.0141999945,0.03999999910593033,0.15841584158415842,False
auditory,word_top1,NUEx031,RB,1,-0.9,0.028199986,0.014399996,0.03999999910593033,0.21782178217821782,False
auditory,word_top1,NUEx031,RB,2,-0.8,0.028399987,0.014399996,0.04099999908357853,0.1782178217821782,False
auditory,word_top1,NUEx031,RB,3,-0.7,0.029999986,0.013599997,0.03999999910593033,0.15841584158415842,False
auditory,word_top1,NUEx031,RB,4,-0.6,0.03059998,0.015599993,0.03999999910593033,0.25742574257425743,False
auditory,word_top1,NUEx031,RB,5,-0.5,0.02099999,0.016799994,0.05999999865889549,0.18811881188118812,False
auditory,word_top1,NUEx031,RB,6,-0.4,0.024999991,0.017399993,0.04099999908357853,0.22772277227722773,False
auditory,word_top1,NUEx031,RB,7,-0.3,0.027599989,0.014199996,0.03999999910593033,0.16831683168316833,False
auditory,word_top1,NUEx031,RB,8,-0.2,0.026399987,0.01939999,0.03999999910593033,0.297029702970297,False
auditory,word_top1,NUEx031,RB,9,-0.1,0.032199983,0.012799995,0.03999999910593033,0.10891089108910891,False
auditory,word_top1,NUEx031,RB,10,0.0,0.025199985,0.016999995,0.03999999910593033,0.22772277227722773,False
auditory,word_top1,NUEx031,RB,11,0.1,0.025599984,0.015799994,0.04099999908357853,0.2376237623762376,False
auditory,word_top1,NUEx031,RB,12,0.2,0.021999989,0.016399994,0.03999999910593033,0.21782178217821782,False
auditory,word_top1,NUEx031,RB,13,0.3,0.020399993,0.016399994,0.03999999910593033,0.21782178217821782,False
auditory,word_top1,NUEx031,RB,14,0.4,0.01759999,0.013199996,0.04099999908357853,0.44554455445544555,False
auditory,word_top1,NUEx031,RB,15,0.5,0.01859999,0.014999997,0.04099999908357853,0.5148514851485149,False
auditory,word_top1,NUEx031,RB,16,0.6,0.01899999,0.016399994,0.04099999908357853,0.5544554455445545,False
auditory,word_top1,NUEx031,RB,17,0.7,0.018199991,0.013199996,0.03999999910593033,0.49504950495049505,False
auditory,word_top1,NUEx031,RB,18,0.8,0.024399986,0.018399991,0.04099999908357853,0.22772277227722773,False
auditory,word_top1,NUEx031,RB,19,0.9,0.02179999,0.017599992,0.05999999865889549,0.21782178217821782,False
auditory,word_top1,NUEx031,RB,20,1.0,0.019399991,0.016999992,0.05999999865889549,0.6039603960396039,False
auditory,word_top1,NUEx031,RB,21,1.1,0.025999986,0.016599994,0.04099999908357853,0.18811881188118812,False
auditory,word_top1,NUEx031,RB,22,1.2,0.029599987,0.014799994,0.03999999910593033,0.15841584158415842,False
auditory,word_top1,NUEx031,RB,23,1.3,0.025599988,0.017999992,0.05999999865889549,0.21782178217821782,False
auditory,word_top1,NUEx031,RB,24,1.4,0.028799985,0.015599993,0.03999999910593033,0.1782178217821782,False
auditory,word_top1,NUEx031,RB,25,1.5,0.03399998,0.017799992,0.05999999865889549,0.24752475247524752,False
auditory,word_top1,NUEx031,RB,26,1.6,0.024199987,0.014599995,0.04099999908357853,0.18811881188118812,False
auditory,word_top1,NUEx031,RB,27,1.7,0.024799991,0.012999995,0.03999999910593033,0.13861386138613863,False
auditory,word_top1,NUEx031,RB,28,1.8,0.035999976,0.015399995,0.05999999865889549,0.19801980198019803,False
auditory,word_top1,NUEx031,RB,29,1.9,0.032199983,0.015199994,0.04099999908357853,0.18811881188118812,False
auditory,word_top1,NUEx031,RB,30,2.0,0.030999986,0.014999995,0.03999999910593033,0.1782178217821782,False
auditory,word_top1,NUEx031,RB,31,2.1,0.03259998,0.011399998,0.03999999910593033,0.1485148514851485,False
auditory,word_top1,NUEx031,RB,32,2.2,0.03579998,0.014399993,0.03999999910593033,0.16831683168316833,False
auditory,word_top1,NUEx031,RB,33,2.3,0.04539997,0.013399996,0.03999999910593033,0.0297029702970297,True
auditory,word_top1,NUEx031,RB,34,2.4,0.04939997,0.0147999935,0.05999999865889549,0.06930693069306931,False
auditory,word_top1,NUEx031,RB,35,2.5,0.048199974,0.016399994,0.04099999908357853,0.0594059405940594,True
auditory,word_top1,NUEx031,RB,36,2.6,0.054199964,0.012799995,0.03999999910593033,0.04950495049504951,True
auditory,word_top1,NUEx031,RB,37,2.7,0.04339998,0.015999991,0.03999999910593033,0.04950495049504951,True
auditory,word_top1,NUEx031,RB,38,2.8,0.046199974,0.015999993,0.03999999910593033,0.039603960396039604,True
auditory,word_top1,NUEx031,RB,39,2.9,0.048799973,0.01879999,0.05999999865889549,0.0891089108910891,False
auditory,word_top1,NUEx031,RB,40,3.0,0.048199967,0.01799999,0.04099999908357853,0.0594059405940594,True
auditory,word_top1,NUEx031,RB,41,3.1,0.04719997,0.013399996,0.03999999910593033,0.0297029702970297,True
auditory,word_top1,NUEx031,RB,42,3.2,0.043599974,0.011999998,0.03999999910593033,0.039603960396039604,True
auditory,word_top1,NUEx031,RB,43,3.3,0.041399974,0.014999993,0.04099999908357853,0.0594059405940594,True
auditory,word_top1,NUEx031,RB,44,3.4,0.034399983,0.012199997,0.03999999910593033,0.09900990099009901,False
auditory,word_top1,NUEx031,RB,45,3.5,0.03479998,0.015599993,0.03999999910593033,0.19801980198019803,False
auditory,word_top1,NUEx031,RB,46,3.6,0.030199982,0.012999996,0.03999999910593033,0.1485148514851485,False
auditory,word_top1,NUEx031,RB,47,3.7,0.04999997,0.013799995,0.03999999910593033,0.0297029702970297,True
auditory,word_top1,NUEx031,RB,48,3.8,0.05019997,0.014999994,0.03999999910593033,0.0297029702970297,True
auditory,word_top1,NUEx031,RB,49,3.9,0.05319996,0.013999996,0.03999999910593033,0.019801980198019802,True
auditory,word_top1,NUEx031,RB,50,4.0,0.039599977,0.013999996,0.03999999910593033,0.16831683168316833,False
auditory,word_top1,NUEx031,RB,51,4.1,0.032399982,0.013599996,0.03999999910593033,0.19801980198019803,False
auditory,word_top1,NUEx031,RB,52,4.2,0.033999976,0.0129999975,0.05999999865889549,0.15841584158415842,False
auditory,word_top1,NUEx031,RB,53,4.3,0.038199976,0.015399996,0.03999999910593033,0.1782178217821782,False
auditory,word_top1,NUEx031,RB,54,4.4,0.025999986,0.011599997,0.03999999910593033,0.12871287128712872,False
auditory,word_top1,NUEx031,RB,55,4.5,0.025599988,0.0147999935,0.03999999910593033,0.1485148514851485,False
auditory,word_top1,NUEx031,RB,56,4.6,0.02159999,0.014999994,0.03999999910593033,0.18811881188118812,False
auditory,word_top1,NUEx031,RB,57,4.7,0.02099999,0.015999995,0.03999999910593033,0.19801980198019803,False
auditory,word_top1,NUEx031,RB,58,4.8,0.017999994,0.013999996,0.04099999908357853,0.5148514851485149,False
auditory,word_top1,NUEx031,RB,59,4.9,0.02159999,0.014199996,0.03999999910593033,0.18811881188118812,False
auditory,word_top1,NUEx031,RB,60,5.0,0.015599995,0.015599995,0.04099999908357853,0.5643564356435643,False
auditory,word_top1,NUEx031,RB,61,5.1,0.021599991,0.014999995,0.03999999910593033,0.18811881188118812,False
auditory,word_top1,NUEx031,RB,62,5.2,0.021999989,0.012799996,0.03999999910593033,0.12871287128712872,False
auditory,word_top1,NUEx031,RB,63,5.3,0.015199993,0.015599993,0.03999999910593033,0.5841584158415841,False
auditory,word_top1,NUEx036,WBH,0,-1.0,0.021111105,0.008271602,0.02469135820865631,0.12871287128712872,False
auditory,word_top1,NUEx036,WBH,1,-0.9,0.020370362,0.010864194,0.02469135820865631,0.22772277227722773,False
auditory,word_top1,NUEx036,WBH,2,-0.8,0.020740733,0.009753083,0.02469135820865631,0.19801980198019803,False
auditory,word_top1,NUEx036,WBH,3,-0.7,0.023827162,0.008765429,0.02469135820865631,0.13861386138613863,False
auditory,word_top1,NUEx036,WBH,4,-0.6,0.017037028,0.008765428,0.02469135820865631,0.1485148514851485,False
auditory,word_top1,NUEx036,WBH,5,-0.5,0.019506164,0.008765428,0.02469135820865631,0.15841584158415842,False
auditory,word_top1,NUEx036,WBH,6,-0.4,0.022098761,0.005185183,0.02469135820865631,0.06930693069306931,False
auditory,word_top1,NUEx036,WBH,7,-0.3,0.023456788,0.008641972,0.02469135820865631,0.19801980198019803,False
auditory,word_top1,NUEx036,WBH,8,-0.2,0.023333335,0.008148146,0.02469135820865631,0.15841584158415842,False
auditory,word_top1,NUEx036,WBH,9,-0.1,0.030740753,0.009753083,0.02469135820865631,0.04950495049504951,False
auditory,word_top1,NUEx036,WBH,10,0.0,0.025185186,0.008024689,0.02469135820865631,0.009900990099009901,True
auditory,word_top1,NUEx036,WBH,11,0.1,0.030864207,0.008024689,0.02469135820865631,0.04950495049504951,True
auditory,word_top1,NUEx036,WBH,12,0.2,0.035061736,0.008271602,0.02469135820865631,0.019801980198019802,True
auditory,word_top1,NUEx036,WBH,13,0.3,0.03320989,0.008395058,0.02469135820865631,0.0297029702970297,True
auditory,word_top1,NUEx036,WBH,14,0.4,0.031234585,0.009012342,0.02469135820865631,0.04950495049504951,True
auditory,word_top1,NUEx036,WBH,15,0.5,0.036172844,0.009629626,0.025308642163872686,0.0594059405940594,True
auditory,word_top1,NUEx036,WBH,16,0.6,0.029876545,0.008518515,0.02469135820865631,0.039603960396039604,True
auditory,word_top1,NUEx036,WBH,17,0.7,0.025925929,0.007901233,0.02469135820865631,0.0297029702970297,True
auditory,word_top1,NUEx036,WBH,18,0.8,0.0280247,0.0091357995,0.025308642163872686,0.0594059405940594,True
auditory,word_top1,NUEx036,WBH,19,0.9,0.02407407,0.0077777756,0.02469135820865631,0.13861386138613863,False
auditory,word_top1,NUEx036,WBH,20,1.0,0.023703702,0.008024689,0.02469135820865631,0.1485148514851485,False
auditory,word_top1,NUEx036,WBH,21,1.1,0.022345673,0.008271602,0.02469135820865631,0.15841584158415842,False
auditory,word_top1,NUEx036,WBH,22,1.2,0.01962962,0.011851848,0.03703703731298447,0.27722772277227725,False
auditory,word_top1,NUEx036,WBH,23,1.3,0.022345677,0.008765428,0.02469135820865631,0.1782178217821782,False
auditory,word_top1,NUEx036,WBH,24,1.4,0.023209872,0.008395059,0.02469135820865631,0.1485148514851485,False
auditory,word_top1,NUEx036,WBH,25,1.5,0.018518511,0.008148145,0.02469135820865631,0.16831683168316833,False
auditory,word_top1,NUEx036,WBH,26,1.6,0.018518511,0.0070370347,0.02469135820865631,0.09900990099009901,False
auditory,word_top1,NUEx036,WBH,27,1.7,0.014567896,0.0070370343,0.02469135820865631,0.10891089108910891,False
auditory,word_top1,NUEx036,WBH,28,1.8,0.018024685,0.0076543177,0.02469135820865631,0.1782178217821782,False
auditory,word_top1,NUEx036,WBH,29,1.9,0.014814808,0.0091357995,0.02469135820865631,0.22772277227722773,False
auditory,word_top1,NUEx036,WBH,30,2.0,0.015432093,0.008271602,0.02469135820865631,0.1188118811881188,False
auditory,word_top1,NUEx036,WBH,31,2.1,0.017654315,0.0067901206,0.02469135820865631,0.09900990099009901,False
auditory,word_top1,NUEx036,WBH,32,2.2,0.016790116,0.007283949,0.02469135820865631,0.1188118811881188,False
auditory,word_top1,NUEx036,WBH,33,2.3,0.018271597,0.009753083,0.02469135820865631,0.24752475247524752,False
auditory,word_top1,NUEx036,WBH,34,2.4,0.019753078,0.0077777747,0.02469135820865631,0.15841584158415842,False
auditory,word_top1,NUEx036,WBH,35,2.5,0.01814814,0.0077777756,0.02469135820865631,0.13861386138613863,False
auditory,word_top1,NUEx036,WBH,36,2.6,0.022098761,0.008148146,0.02469135820865631,0.1782178217821782,False
auditory,word_top1,NUEx036,WBH,37,2.7,0.020987647,0.009012342,0.02469135820865631,0.1782178217821782,False
auditory,word_top1,NUEx036,WBH,38,2.8,0.020987652,0.008765429,0.02469135820865631,0.19801980198019803,False
auditory,word_top1,NUEx036,WBH,39,2.9,0.020987649,0.008395058,0.02469135820865631,0.1782178217821782,False
auditory,word_top1,NUEx036,WBH,40,3.0,0.02419753,0.009259256,0.02469135820865631,0.12871287128712872,False
auditory,word_top1,NUEx036,WBH,41,3.1,0.021358019,0.009382713,0.02469135820865631,0.16831683168316833,False
auditory,word_top1,NUEx036,WBH,42,3.2,0.02086419,0.008888885,0.02469135820865631,0.1188118811881188,False
auditory,word_top1,NUEx036,WBH,43,3.3,0.023580244,0.00950617,0.025308642163872686,0.1782178217821782,False
auditory,word_top1,NUEx036,WBH,44,3.4,0.021728395,0.008518514,0.02469135820865631,0.13861386138613863,False
auditory,word_top1,NUEx036,WBH,45,3.5,0.029876558,0.010987651,0.03703703731298447,0.06930693069306931,False
auditory,word_top1,NUEx036,WBH,46,3.6,0.025925925,0.010123452,0.02469135820865631,0.04950495049504951,True
auditory,word_top1,NUEx036,WBH,47,3.7,0.02567901,0.008888885,0.02469135820865631,0.019801980198019802,True
auditory,word_top1,NUEx036,WBH,48,3.8,0.025185179,0.007901233,0.025308642163872686,0.0594059405940594,False
auditory,word_top1,NUEx036,WBH,49,3.9,0.027160492,0.006790122,0.02469135820865631,0.019801980198019802,True
auditory,word_top1,NUEx036,WBH,50,4.0,0.0237037,0.009629626,0.02469135820865631,0.18811881188118812,False
auditory,word_top1,NUEx036,WBH,51,4.1,0.022222219,0.009259256,0.02469135820865631,0.16831683168316833,False
auditory,word_top1,NUEx036,WBH,52,4.2,0.023950618,0.008888886,0.02469135820865631,0.15841584158415842,False
auditory,word_top1,NUEx036,WBH,53,4.3,0.0237037,0.008518516,0.03703703731298447,0.1782178217821782,False
auditory,word_top1,NUEx036,WBH,54,4.4,0.021975305,0.0072839474,0.02469135820865631,0.10891089108910891,False
auditory,word_top1,NUEx036,WBH,55,4.5,0.021975303,0.006543208,0.02469135820865631,0.10891089108910891,False
auditory,word_top1,NUEx036,WBH,56,4.6,0.016419746,0.008765428,0.02469135820865631,0.15841584158415842,False
auditory,word_top1,NUEx036,WBH,57,4.7,0.018518511,0.01024691,0.02469135820865631,0.2079207920792079,False
auditory,word_top1,NUEx036,WBH,58,4.8,0.017654313,0.00950617,0.02469135820865631,0.15841584158415842,False
auditory,word_top1,NUEx036,WBH,59,4.9,0.015679007,0.00802469,0.02469135820865631,0.13861386138613863,False
auditory,word_top1,NUEx036,WBH,60,5.0,0.014938266,0.007407405,0.02469135820865631,0.1188118811881188,False
auditory,word_top1,NUEx036,WBH,61,5.1,0.014814808,0.009135799,0.02469135820865631,0.1782178217821782,False
auditory,word_top1,NUEx036,WBH,62,5.2,0.01172839,0.008641971,0.02469135820865631,0.5346534653465347,False
auditory,word_top1,NUEx036,WBH,63,5.3,0.01209876,0.009259256,0.02469135820865631,0.6039603960396039,False
auditory,word_top1,NUEx036,WBH,64,5.4,0.014814808,0.008641972,0.02469135820865631,0.16831683168316833,False
auditory,word_top1,NUEx036,WBH,65,5.5,0.013086414,0.008888884,0.02469135820865631,0.12871287128712872,False
auditory,word_top1,NUEx036,WBH,66,5.6,0.0155555485,0.008518515,0.02469135820865631,0.2079207920792079,False
auditory,word_top1,NUEx036,WBH,67,5.7,0.009629626,0.0092592565,0.02469135820865631,0.5544554455445545,False
auditory,word_top1,NUEx036,WBH,68,5.8,0.013703698,0.007901233,0.02469135820865631,0.1485148514851485,False
auditory,word_top1,NUEx036,WBH,69,5.9,0.009753082,0.009753082,0.025308642163872686,0.5445544554455446,False
auditory,word_top1,NUEx036,WBH,70,6.0,0.012962958,0.0071604913,0.02469135820865631,0.16831683168316833,False
auditory,word_top1,NUEx036,WBH,71,6.1,0.014567894,0.010246908,0.02469135820865631,0.18811881188118812,False
auditory,word_top1,NUEx036,WBH,72,6.2,0.01481481,0.010370366,0.03703703731298447,0.21782178217821782,False
auditory,word_top3,NUEx041,AA,0,-1.0,0.00125,0.00125,0.0,0.0297029702970297,False
auditory,word_top3,NUEx041,AA,1,-0.9,0.00125,0.004375,0.0625,0.07920792079207921,False
auditory,word_top3,NUEx041,AA,2,-0.8,0.005,0.00125,0.0,0.0297029702970297,False
auditory,word_top3,NUEx041,AA,3,-0.7,0.003125,0.001875,0.0,0.039603960396039604,False
auditory,word_top3,NUEx041,AA,4,-0.6,0.003125,0.0025,0.0,0.04950495049504951,False
auditory,word_top3,NUEx041,AA,5,-0.5,0.004375,0.0025,0.0,0.04950495049504951,False
auditory,word_top3,NUEx041,AA,6,-0.4,0.00125,0.0025,0.0,0.04950495049504951,False
auditory,word_top3,NUEx041,AA,7,-0.3,0.000625,0.001875,0.0,0.039603960396039604,False
auditory,word_top3,NUEx041,AA,8,-0.2,0.0,0.00125,0.0,1.0,False
auditory,word_top3,NUEx041,AA,9,-0.1,0.0,0.000625,0.0,1.0,False
auditory,word_top3,NUEx041,AA,10,0.0,0.0,0.001875,0.0,1.0,False
auditory,word_top3,NUEx041,AA,11,0.1,0.003125,0.00125,0.0,0.0297029702970297,True
auditory,word_top3,NUEx041,AA,12,0.2,0.00375,0.001875,0.0,0.039603960396039604,True
auditory,word_top3,NUEx041,AA,13,0.3,0.01,0.001875,0.0,0.039603960396039604,True
auditory,word_top3,NUEx041,AA,14,0.4,0.01125,0.003125,0.0031249999999998224,0.0594059405940594,True
auditory,word_top3,NUEx041,AA,15,0.5,0.00625,0.0025,0.0,0.04950495049504951,True
auditory,word_top3,NUEx041,AA,16,0.6,0.009375,0.001875,0.0,0.039603960396039604,True
auditory,word_top3,NUEx041,AA,17,0.7,0.010625,0.001875,0.0,0.039603960396039604,True
auditory,word_top3,NUEx041,AA,18,0.8,0.00875,0.000625,0.0,0.019801980198019802,True
auditory,word_top3,NUEx041,AA,19,0.9,0.006875,0.00125,0.0,0.0297029702970297,True
auditory,word_top3,NUEx041,AA,20,1.0,0.0075,0.001875,0.0,0.039603960396039604,True
auditory,word_top3,NUEx041,AA,21,1.1,0.005625,0.004375,0.0625,0.07920792079207921,False
auditory,word_top3,NUEx041,AA,22,1.2,0.003125,0.001875,0.0,0.039603960396039604,True
auditory,word_top3,NUEx041,AA,23,1.3,0.00125,0.00375,0.0625,0.06930693069306931,False
auditory,word_top3,NUEx041,AA,24,1.4,0.00125,0.003125,0.0031249999999998224,0.0594059405940594,False
auditory,word_top3,NUEx041,AA,25,1.5,0.004375,0.001875,0.0,0.039603960396039604,True
auditory,word_top3,NUEx041,AA,26,1.6,0.00125,0.0025,0.0,0.04950495049504951,True
auditory,word_top3,NUEx041,AA,27,1.7,0.0,0.001875,0.0,1.0,False
auditory,word_top3,NUEx041,AA,28,1.8,0.00125,0.00375,0.0625,0.06930693069306931,False
auditory,word_top3,NUEx041,AA,29,1.9,0.001875,0.001875,0.0,0.039603960396039604,True
auditory,word_top3,NUEx041,AA,30,2.0,0.0025,0.000625,0.0,0.019801980198019802,True
auditory,word_top3,NUEx041,AA,31,2.1,0.005,0.0025,0.0,0.04950495049504951,True
auditory,word_top3,NUEx041,AA,32,2.2,0.004375,0.00375,0.0625,0.06930693069306931,False
auditory,word_top3,NUEx041,AA,33,2.3,0.0025,0.0025,0.0,0.04950495049504951,True
auditory,word_top3,NUEx041,AA,34,2.4,0.0025,0.001875,0.0,0.039603960396039604,True
auditory,word_top3,NUEx041,AA,35,2.5,0.006875,0.0,0.0,0.009900990099009901,True
auditory,word_top3,NUEx041,AA,36,2.6,0.005,0.00125,0.0,0.0297029702970297,True
auditory,word_top3,NUEx041,AA,37,2.7,0.005625,0.004375,0.0625,0.07920792079207921,False
auditory,word_top3,NUEx041,AA,38,2.8,0.0075,0.0025,0.0,0.04950495049504951,True
auditory,word_top3,NUEx041,AA,39,2.9,0.0125,0.00375,0.0625,0.06930693069306931,False
auditory,word_top3,NUEx041,AA,40,3.0,0.020625,0.00375,0.0625,0.06930693069306931,False
auditory,word_top3,NUEx041,AA,41,3.1,0.01875,0.003125,0.0031249999999998224,0.0594059405940594,True
auditory,word_top3,NUEx041,AA,42,3.2,0.021875,0.004375,0.0625,0.07920792079207921,False
auditory,word_top3,NUEx041,AA,43,3.3,0.019375,0.00125,0.0,0.0297029702970297,True
auditory,word_top3,NUEx041,AA,44,3.4,0.016875,0.004375,0.0625,0.07920792079207921,False
auditory,word_top3,NUEx041,AA,45,3.5,0.01625,0.003125,0.0031249999999998224,0.0594059405940594,True
auditory,word_top3,NUEx041,AA,46,3.6,0.02375,0.00375,0.0031249999999998224,0.0594059405940594,True
auditory,word_top3,NUEx041,AA,47,3.7,0.025,0.005,0.0625,0.0891089108910891,False
auditory,word_top3,NUEx041,AA,48,3.8,0.035625,0.004375,0.0625,0.07920792079207921,False
auditory,word_top3,NUEx041,AA,49,3.9,0.014375,0.0025,0.0,0.04950495049504951,True
auditory,word_top3,NUEx041,AA,50,4.0,0.01375,0.001875,0.0,0.039603960396039604,True
auditory,word_top3,NUEx041,AA,51,4.1,0.00875,0.0025,0.0,0.04950495049504951,True
auditory,word_top3,NUEx041,AA,52,4.2,0.008125,0.004375,0.0625,0.07920792079207921,False
auditory,word_top3,NUEx041,AA,53,4.3,0.01125,0.005625,0.0625,0.09900990099009901,False
auditory,word_top3,NUEx041,AA,54,4.4,0.01125,0.001875,0.0,0.039603960396039604,True
auditory,word_top3,NUEx041,AA,55,4.5,0.011875,0.001875,0.0,0.039603960396039604,True
auditory,word_top3,NUEx041,AA,56,4.6,0.011875,0.001875,0.0,0.039603960396039604,True
auditory,word_top3,NUEx041,AA,57,4.7,0.0125,0.001875,0.0,0.039603960396039604,True
auditory,word_top3,NUEx041,AA,58,4.8,0.01125,0.0025,0.0,0.04950495049504951,True
auditory,word_top3,NUEx041,AA,59,4.9,0.0175,0.00375,0.0625,0.06930693069306931,False
auditory,word_top3,NUEx041,AA,60,5.0,0.013125,0.001875,0.0,0.039603960396039604,True
auditory,word_top3,NUEx041,AA,61,5.1,0.009375,0.00125,0.0,0.0297029702970297,True
auditory,word_top3,NUEx041,AA,62,5.2,0.0075,0.003125,0.0031249999999998224,0.0594059405940594,True
auditory,word_top3,NUEx041,AA,63,5.3,0.003125,0.00375,0.0625,0.06930693069306931,False
auditory,word_top3,NUEx041,AA,64,5.4,0.004375,0.0025,0.0,0.04950495049504951,True
auditory,word_top3,NUEx041,AA,65,5.5,0.006875,0.005625,0.0625,0.09900990099009901,False
auditory,word_top3,NUEx041,AA,66,5.6,0.005625,0.00125,0.0,0.0297029702970297,True
auditory,word_top3,NUEx041,AA,67,5.7,0.00125,0.003125,0.0031249999999998224,0.0594059405940594,False
auditory,word_top3,NUEx041,AA,68,5.8,0.005,0.005,0.0625,0.0891089108910891,False
auditory,word_top3,NUEx041,AA,69,5.9,0.00625,0.004375,0.0625,0.07920792079207921,False
auditory,word_top3,NUEx041,AA,70,6.0,0.00375,0.004375,0.0625,0.07920792079207921,False
auditory,word_top3,NUEx041,AA,71,6.1,0.00125,0.00125,0.0,0.0297029702970297,True
auditory,word_top3,NUEx041,AA,72,6.2,0.0025,0.00125,0.0,0.0297029702970297,True
auditory,word_top3,NUEx044,AZ,0,-1.0,0.0140625,0.0159375,0.0625,0.42574257425742573,False
auditory,word_top3,NUEx044,AZ,1,-0.9,0.0090625,0.0171875,0.0625,0.46534653465346537,False
auditory,word_top3,NUEx044,AZ,2,-0.8,0.01125,0.015,0.0625,0.39603960396039606,False
auditory,word_top3,NUEx044,AZ,3,-0.7,0.0190625,0.016875,0.0625,0.42574257425742573,False
auditory,word_top3,NUEx044,AZ,4,-0.6,0.0209375,0.0196875,0.0625,0.48514851485148514,False
auditory,word_top3,NUEx044,AZ,5,-0.5,0.0190625,0.0134375,0.0625,0.36633663366336633,False
auditory,word_top3,NUEx044,AZ,6,-0.4,0.02125,0.0215625,0.0625,0.5643564356435643,False
auditory,word_top3,NUEx044,AZ,7,-0.3,0.0215625,0.0184375,0.0625,0.43564356435643564,False
auditory,word_top3,NUEx044,AZ,8,-0.2,0.0221875,0.015625,0.0625,0.39603960396039606,False
auditory,word_top3,NUEx044,AZ,9,-0.1,0.0284375,0.0140625,0.03281249999999991,0.40594059405940597,False
auditory,word_top3,NUEx044,AZ,10,0.0,0.0275,0.01375,0.0625,0.36633663366336633,False
auditory,word_top3,NUEx044,AZ,11,0.1,0.0265625,0.0184375,0.0625,0.44554455445544555,False
auditory,word_top3,NUEx044,AZ,12,0.2,0.019375,0.0134375,0.03125,0.39603960396039606,False
auditory,word_top3,NUEx044,AZ,13,0.3,0.016875,0.014375,0.0625,0.40594059405940597,False
auditory,word_top3,NUEx044,AZ,14,0.4,0.018125,0.016875,0.0625,0.43564356435643564,False
auditory,word_top3,NUEx044,AZ,15,0.5,0.0184375,0.016875,0.0625,0.42574257425742573,False
auditory,word_top3,NUEx044,AZ,16,0.6,0.015,0.0178125,0.0625,0.504950495049505,False
auditory,word_top3,NUEx044,AZ,17,0.7,0.01625,0.01375,0.0625,0.36633663366336633,False
auditory,word_top3,NUEx044,AZ,18,0.8,0.015625,0.015,0.0625,0.40594059405940597,False
auditory,word_top3,NUEx044,AZ,19,0.9,0.018125,0.019375,0.0625,0.49504950495049505,False
auditory,word_top3,NUEx044,AZ,20,1.0,0.014375,0.0159375,0.0625,0.4158415841584158,False
auditory,word_top3,NUEx044,AZ,21,1.1,0.0146875,0.0153125,0.0625,0.42574257425742573,False
auditory,word_top3,NUEx044,AZ,22,1.2,0.014375,0.014375,0.0625,0.36633663366336633,False
auditory,word_top3,NUEx044,AZ,23,1.3,0.019375,0.0190625,0.0625,0.49504950495049505,False
auditory,word_top3,NUEx044,AZ,24,1.4,0.015,0.0159375,0.0625,0.40594059405940597,False
auditory,word_top3,NUEx044,AZ,25,1.5,0.0146875,0.02,0.0625,0.46534653465346537,False
auditory,word_top3,NUEx044,AZ,26,1.6,0.0090625,0.0178125,0.0625,0.45544554455445546,False
auditory,word_top3,NUEx044,AZ,27,1.7,0.013125,0.015,0.03281249999999991,0.42574257425742573,False
auditory,word_top3,NUEx044,AZ,28,1.8,0.009375,0.015625,0.0625,0.43564356435643564,False
auditory,word_top3,NUEx044,AZ,29,1.9,0.025625,0.0165625,0.0625,0.44554455445544555,False
auditory,word_top3,NUEx044,AZ,30,2.0,0.0265625,0.0171875,0.0625,0.43564356435643564,False
auditory,word_top3,NUEx044,AZ,31,2.1,0.0165625,0.018125,0.0625,0.49504950495049505,False
auditory,word_top3,NUEx044,AZ,32,2.2,0.02375,0.0140625,0.0625,0.39603960396039606,False
auditory,word_top3,NUEx044,AZ,33,2.3,0.0221875,0.013125,0.0625,0.3564356435643564,False
auditory,word_top3,NUEx044,AZ,34,2.4,0.0259375,0.014375,0.0625,0.40594059405940597,False
auditory,word_top3,NUEx044,AZ,35,2.5,0.02875,0.015625,0.0625,0.43564356435643564,False
auditory,word_top3,NUEx044,AZ,36,2.6,0.026875,0.0175,0.0625,0.4158415841584158,False
auditory,word_top3,NUEx044,AZ,37,2.7,0.030625,0.0221875,0.0625,0.5148514851485149,False
auditory,word_top3,NUEx044,AZ,38,2.8,0.0384375,0.0178125,0.0625,0.1188118811881188,False
auditory,word_top3,NUEx044,AZ,39,2.9,0.0365625,0.0125,0.03125,0.04950495049504951,True
auditory,word_top3,NUEx044,AZ,40,3.0,0.0275,0.0171875,0.06406249999999991,0.4158415841584158,False
auditory,word_top3,NUEx044,AZ,41,3.1,0.0378125,0.0165625,0.0625,0.10891089108910891,False
auditory,word_top3,NUEx044,AZ,42,3.2,0.03375,0.0178125,0.0625,0.12871287128712872,False
auditory,word_top3,NUEx044,AZ,43,3.3,0.0403125,0.0184375,0.0625,0.1188118811881188,False
auditory,word_top3,NUEx044,AZ,44,3.4,0.0365625,0.0165625,0.0625,0.06930693069306931,False
auditory,word_top3,NUEx044,AZ,45,3.5,0.0415625,0.016875,0.0625,0.1188118811881188,False
auditory,word_top3,NUEx044,AZ,46,3.6,0.041875,0.0175,0.0625,0.1188118811881188,False
auditory,word_top3,NUEx044,AZ,47,3.7,0.0434375,0.0159375,0.0625,0.0891089108910891,False
auditory,word_top3,NUEx044,AZ,48,3.8,0.0384375,0.018125,0.0625,0.1188118811881188,False
auditory,word_top3,NUEx044,AZ,49,3.9,0.0328125,0.0196875,0.0625,0.13861386138613863,False
auditory,word_top3,NUEx044,AZ,50,4.0,0.0296875,0.019375,0.0625,0.46534653465346537,False
auditory,word_top3,NUEx044,AZ,51,4.1,0.029375,0.0134375,0.03281249999999991,0.36633663366336633,False
auditory,word_top3,NUEx044,AZ,52,4.2,0.0265625,0.0153125,0.0625,0.37623762376237624,False
auditory,word_top3,NUEx044,AZ,53,4.3,0.0278125,0.016875,0.0625,0.4158415841584158,False
auditory,word_top3,NUEx044,AZ,54,4.4,0.0315625,0.0184375,0.0625,0.10891089108910891,False
auditory,word_top3,NUEx044,AZ,55,4.5,0.0278125,0.0159375,0.0625,0.43564356435643564,False
auditory,word_top3,NUEx044,AZ,56,4.6,0.0315625,0.015,0.0625,0.0891089108910891,False
auditory,word_top3,NUEx044,AZ,57,4.7,0.0296875,0.0165625,0.0625,0.43564356435643564,False
auditory,word_top3,NUEx044,AZ,58,4.8,0.0334375,0.015,0.0625,0.06930693069306931,False
auditory,word_top3,NUEx044,AZ,59,4.9,0.0296875,0.0215625,0.0625,0.5544554455445545,False
auditory,word_top3,NUEx044,AZ,60,5.0,0.024375,0.0184375,0.0625,0.45544554455445546,False
auditory,word_top3,NUEx044,AZ,61,5.1,0.0234375,0.0175,0.0625,0.46534653465346537,False
auditory,word_top3,NUEx044,AZ,62,5.2,0.0284375,0.0153125,0.0625,0.39603960396039606,False
auditory,word_top3,NUEx044,AZ,63,5.3,0.025625,0.0178125,0.0625,0.44554455445544555,False
auditory,word_top3,NUEx044,AZ,64,5.4,0.014375,0.0178125,0.0625,0.45544554455445546,False
auditory,word_top3,NUEx044,AZ,65,5.5,0.0190625,0.02125,0.06406249999999991,0.49504950495049505,False
auditory,word_top3,NUEx044,AZ,66,5.6,0.025,0.0184375,0.0625,0.48514851485148514,False
auditory,word_top3,NUEx044,AZ,67,5.7,0.025625,0.0190625,0.0625,0.40594059405940597,False
auditory,word_top3,NUEx044,AZ,68,5.8,0.020625,0.0121875,0.0625,0.32673267326732675,False
auditory,word_top3,NUEx044,AZ,69,5.9,0.016875,0.016875,0.0625,0.4752475247524752,False
auditory,word_top3,NUEx044,AZ,70,6.0,0.0165625,0.0115625,0.0625,0.31683168316831684,False
auditory,word_top3,NUEx044,AZ,71,6.1,0.0140625,0.0184375,0.0625,0.46534653465346537,False
auditory,word_top3,NUEx044,AZ,72,6.2,0.024375,0.0171875,0.0625,0.43564356435643564,False
auditory,word_top3,NUEx030,CP,0,-1.0,0.041707292,0.04146339,0.09756097197532654,0.5247524752475248,False
auditory,word_top3,NUEx030,CP,1,-0.9,0.06999996,0.04341461,0.09756097197532654,0.24752475247524752,False
auditory,word_top3,NUEx030,CP,2,-0.8,0.068780445,0.042195104,0.09756097197532654,0.31683168316831684,False
auditory,word_top3,NUEx030,CP,3,-0.7,0.07609752,0.042439003,0.09756097197532654,0.1485148514851485,False
auditory,word_top3,NUEx030,CP,4,-0.6,0.065609716,0.039268274,0.09756097197532654,0.21782178217821782,False
auditory,word_top3,NUEx030,CP,5,-0.5,0.07048777,0.04536583,0.09878048449754707,0.25742574257425743,False
auditory,word_top3,NUEx030,CP,6,-0.4,0.06292679,0.042195097,0.09756097197532654,0.2376237623762376,False
auditory,word_top3,NUEx030,CP,7,-0.3,0.059756063,0.04048778,0.09756097197532654,0.24752475247524752,False
auditory,word_top3,NUEx030,CP,8,-0.2,0.061463386,0.04097559,0.09756097197532654,0.25742574257425743,False
auditory,word_top3,NUEx030,CP,9,-0.1,0.056341432,0.042439003,0.09756097197532654,0.2376237623762376,False
auditory,word_top3,NUEx030,CP,10,0.0,0.049268264,0.037317052,0.0731707289814949,0.1782178217821782,False
auditory,word_top3,NUEx030,CP,11,0.1,0.041951198,0.038536567,0.09756097197532654,0.5148514851485149,False
auditory,word_top3,NUEx030,CP,12,0.2,0.033902418,0.038536564,0.09756097197532654,0.504950495049505,False
auditory,word_top3,NUEx030,CP,13,0.3,0.034390226,0.032195106,0.09756097197532654,0.36633663366336633,False
auditory,word_top3,NUEx030,CP,14,0.4,0.03658535,0.043658514,0.09756097197532654,0.5643564356435643,False
auditory,word_top3,NUEx030,CP,15,0.5,0.037804857,0.039512172,0.09756097197532654,0.5346534653465347,False
auditory,word_top3,NUEx030,CP,16,0.6,0.03804876,0.042439003,0.09878048449754707,0.5148514851485149,False
auditory,word_top3,NUEx030,CP,17,0.7,0.043658517,0.04121949,0.09756097197532654,0.504950495049505,False
auditory,word_top3,NUEx030,CP,18,0.8,0.041707296,0.038780466,0.0731707289814949,0.504950495049505,False
auditory,word_top3,NUEx030,CP,19,0.9,0.041707292,0.04146339,0.09756097197532654,0.5247524752475248,False
auditory,word_top3,NUEx030,CP,20,1.0,0.046829242,0.03804876,0.09756097197532654,0.49504950495049505,False
auditory,word_top3,NUEx030,CP,21,1.1,0.056829236,0.034390226,0.09756097197532654,0.1782178217821782,False
auditory,word_top3,NUEx030,CP,22,1.2,0.0529268,0.040243883,0.09756097197532654,0.25742574257425743,False
auditory,word_top3,NUEx030,CP,23,1.3,0.056829233,0.037560955,0.09756097197532654,0.21782178217821782,False
auditory,word_top3,NUEx030,CP,24,1.4,0.06048777,0.043658514,0.09756097197532654,0.27722772277227725,False
auditory,word_top3,NUEx030,CP,25,1.5,0.06853654,0.042439003,0.09756097197532654,0.24752475247524752,False
auditory,word_top3,NUEx030,CP,26,1.6,0.06780484,0.04121949,0.09756097197532654,0.21782178217821782,False
auditory,word_top3,NUEx030,CP,27,1.7,0.07073167,0.03780486,0.09756097197532654,0.21782178217821782,False
auditory,word_top3,NUEx030,CP,28,1.8,0.06219508,0.040731683,0.09756097197532654,0.24752475247524752,False
auditory,word_top3,NUEx030,CP,29,1.9,0.061707277,0.044634122,0.09878048449754707,0.2871287128712871,False
auditory,word_top3,NUEx030,CP,30,2.0,0.06487801,0.037560955,0.0731707289814949,0.1485148514851485,False
auditory,word_top3,NUEx030,CP,31,2.1,0.05390241,0.038048763,0.09756097197532654,0.22772277227722773,False
auditory,word_top3,NUEx030,CP,32,2.2,0.043902416,0.03268291,0.0731707289814949,0.40594059405940597,False
auditory,word_top3,NUEx030,CP,33,2.3,0.036097538,0.035121933,0.0731707289814949,0.43564356435643564,False
auditory,word_top3,NUEx030,CP,34,2.4,0.059268255,0.04048778,0.09756097197532654,0.21782178217821782,False
auditory,word_top3,NUEx030,CP,35,2.5,0.063414596,0.04658534,0.09756097197532654,0.31683168316831684,False
auditory,word_top3,NUEx030,CP,36,2.6,0.06853654,0.039999977,0.09756097197532654,0.25742574257425743,False
auditory,word_top3,NUEx030,CP,37,2.7,0.064390205,0.04048779,0.07439024113118642,0.27722772277227725,False
auditory,word_top3,NUEx030,CP,38,2.8,0.056097526,0.039756075,0.09756097197532654,0.21782178217821782,False
auditory,word_top3,NUEx030,CP,39,2.9,0.056829236,0.038292665,0.09878048449754707,0.1782178217821782,False
auditory,word_top3,NUEx030,CP,40,3.0,0.045853633,0.041463394,0.09756097197532654,0.5148514851485149,False
auditory,word_top3,NUEx030,CP,41,3.1,0.051463384,0.040731683,0.09756097197532654,0.21782178217821782,False
auditory,word_top3,NUEx030,CP,42,3.2,0.049024362,0.03951217,0.09756097197532654,0.18811881188118812,False
auditory,word_top3,NUEx030,CP,43,3.3,0.040487785,0.039024368,0.07439024113118642,0.5247524752475248,False
auditory,word_top3,NUEx030,CP,44,3.4,0.04073169,0.038780466,0.09756097197532654,0.46534653465346537,False
auditory,word_top3,NUEx030,CP,45,3.5,0.029999983,0.036585346,0.07439024113118642,0.45544554455445546,False
auditory,word_top3,NUEx030,CP,46,3.6,0.041463394,0.038536564,0.09756097197532654,0.49504950495049505,False
auditory,word_top3,NUEx030,CP,47,3.7,0.044146314,0.036585346,0.0731707289814949,0.504950495049505,False
auditory,word_top3,NUEx030,CP,48,3.8,0.046829242,0.041707296,0.09756097197532654,0.504950495049505,False
auditory,word_top3,NUEx030,CP,49,3.9,0.03073169,0.04317071,0.0731707289814949,0.594059405940594,False
auditory,word_top3,NUEx030,CP,50,4.0,0.03609754,0.041463394,0.09756097197532654,0.5247524752475248,False
auditory,word_top3,NUEx030,CP,51,4.1,0.044390216,0.03975608,0.09756097197532654,0.48514851485148514,False
auditory,word_top3,NUEx030,CP,52,4.2,0.05097558,0.0317073,0.0731707289814949,0.10891089108910891,False
auditory,word_top3,NUEx030,CP,53,4.3,0.059999958,0.038536564,0.09756097197532654,0.19801980198019803,False
auditory,word_top3,NUEx030,CP,54,4.4,0.05560972,0.038292665,0.09756097197532654,0.2376237623762376,False
auditory,word_top3,NUEx030,CP,55,4.5,0.05536582,0.041463394,0.09756097197532654,0.24752475247524752,False
auditory,word_top3,NUEx030,CP,56,4.6,0.05219509,0.040731687,0.09756097197532654,0.22772277227722773,False
auditory,word_top3,NUEx030,CP,57,4.7,0.059024356,0.042439003,0.09756097197532654,0.25742574257425743,False
auditory,word_top3,NUEx030,CP,58,4.8,0.05390241,0.04024388,0.09756097197532654,0.21782178217821782,False
auditory,word_top3,NUEx030,CP,59,4.9,0.0526829,0.035609737,0.07439024113118642,0.15841584158415842,False
auditory,word_top3,NUEx030,CP,60,5.0,0.051707286,0.043902412,0.09756097197532654,0.25742574257425743,False
auditory,word_top3,NUEx030,CP,61,5.1,0.04536583,0.0319512,0.0731707289814949,0.37623762376237624,False
auditory,word_top3,NUEx030,CP,62,5.2,0.046097536,0.04536583,0.09756097197532654,0.5742574257425742,False
auditory,word_top3,NUEx030,CP,63,5.3,0.04560973,0.04317071,0.09878048449754707,0.5445544554455446,False
auditory,word_top3,NUEx045,DR,0,-1.0,0.023125,0.01625,0.0625,0.25742574257425743,False
auditory,word_top3,NUEx045,DR,1,-0.9,0.0375,0.01375,0.0625,0.21782178217821782,False
auditory,word_top3,NUEx045,DR,2,-0.8,0.046875,0.014375,0.0625,0.21782178217821782,False
auditory,word_top3,NUEx045,DR,3,-0.7,0.04125,0.016875,0.0625,0.27722772277227725,False
auditory,word_top3,NUEx045,DR,4,-0.6,0.040625,0.014375,0.0625,0.21782178217821782,False
auditory,word_top3,NUEx045,DR,5,-0.5,0.0425,0.016875,0.0625,0.25742574257425743,False
auditory,word_top3,NUEx045,DR,6,-0.4,0.0475,0.0175,0.0625,0.25742574257425743,False
auditory,word_top3,NUEx045,DR,7,-0.3,0.04625,0.019375,0.0625,0.27722772277227725,False
auditory,word_top3,NUEx045,DR,8,-0.2,0.04875,0.011875,0.0625,0.18811881188118812,False
auditory,word_top3,NUEx045,DR,9,-0.1,0.048125,0.01375,0.0625,0.19801980198019803,False
auditory,word_top3,NUEx045,DR,10,0.0,0.0575,0.016875,0.0625,0.25742574257425743,False
auditory,word_top3,NUEx045,DR,11,0.1,0.0575,0.019375,0.0625,0.27722772277227725,False
auditory,word_top3,NUEx045,DR,12,0.2,0.048125,0.02,0.0625,0.297029702970297,False
auditory,word_top3,NUEx045,DR,13,0.3,0.049375,0.01375,0.0625,0.21782178217821782,False
auditory,word_top3,NUEx045,DR,14,0.4,0.05125,0.015,0.0625,0.21782178217821782,False
auditory,word_top3,NUEx045,DR,15,0.5,0.02375,0.02125,0.0625,0.32673267326732675,False
auditory,word_top3,NUEx045,DR,16,0.6,0.019375,0.014375,0.0625,0.21782178217821782,False
auditory,word_top3,NUEx045,DR,17,0.7,0.0225,0.02,0.0625,0.2871287128712871,False
auditory,word_top3,NUEx045,DR,18,0.8,0.013125,0.01625,0.0625,0.2376237623762376,False
auditory,word_top3,NUEx045,DR,19,0.9,0.006875,0.025,0.0625,0.37623762376237624,False
auditory,word_top3,NUEx045,DR,20,1.0,0.00125,0.01125,0.0625,0.18811881188118812,False
auditory,word_top3,NUEx045,DR,21,1.1,0.006875,0.015625,0.0625,0.24752475247524752,False
auditory,word_top3,NUEx045,DR,22,1.2,0.00375,0.01375,0.0625,0.19801980198019803,False
auditory,word_top3,NUEx045,DR,23,1.3,0.004375,0.015,0.0625,0.22772277227722773,False
auditory,word_top3,NUEx045,DR,24,1.4,0.005625,0.01625,0.0625,0.24752475247524752,False
auditory,word_top3,NUEx045,DR,25,1.5,0.008125,0.01625,0.0625,0.2376237623762376,False
auditory,word_top3,NUEx045,DR,26,1.6,0.018125,0.019375,0.0625,0.27722772277227725,False
auditory,word_top3,NUEx045,DR,27,1.7,0.02375,0.01625,0.0625,0.25742574257425743,False
auditory,word_top3,NUEx045,DR,28,1.8,0.01625,0.016875,0.0625,0.25742574257425743,False
auditory,word_top3,NUEx045,DR,29,1.9,0.02375,0.013125,0.0625,0.2079207920792079,False
auditory,word_top3,NUEx045,DR,30,2.0,0.024375,0.01625,0.0625,0.26732673267326734,False
auditory,word_top3,NUEx045,DR,31,2.1,0.019375,0.01375,0.0625,0.21782178217821782,False
auditory,word_top3,NUEx045,DR,32,2.2,0.016875,0.016875,0.0625,0.24752475247524752,False
auditory,word_top3,NUEx045,DR,33,2.3,0.015,0.018125,0.0625,0.2871287128712871,False
auditory,word_top3,NUEx045,DR,34,2.4,0.011875,0.010625,0.0625,0.16831683168316833,False
auditory,word_top3,NUEx045,DR,35,2.5,0.005625,0.015,0.0625,0.2376237623762376,False
auditory,word_top3,NUEx045,DR,36,2.6,0.01125,0.020625,0.0625,0.32673267326732675,False
auditory,word_top3,NUEx045,DR,37,2.7,0.014375,0.015,0.0625,0.21782178217821782,False
auditory,word_top3,NUEx045,DR,38,2.8,0.01875,0.015625,0.0625,0.2376237623762376,False
auditory,word_top3,NUEx045,DR,39,2.9,0.0275,0.01625,0.0625,0.25742574257425743,False
auditory,word_top3,NUEx045,DR,40,3.0,0.0275,0.020625,0.0625,0.31683168316831684,False
auditory,word_top3,NUEx045,DR,41,3.1,0.03125,0.01375,0.0625,0.19801980198019803,False
auditory,word_top3,NUEx045,DR,42,3.2,0.0375,0.013125,0.0625,0.19801980198019803,False
auditory,word_top3,NUEx045,DR,43,3.3,0.0325,0.014375,0.0625,0.2079207920792079,False
auditory,word_top3,NUEx045,DR,44,3.4,0.034375,0.015625,0.0625,0.24752475247524752,False
auditory,word_top3,NUEx045,DR,45,3.5,0.036875,0.018125,0.0625,0.27722772277227725,False
auditory,word_top3,NUEx045,DR,46,3.6,0.03125,0.01375,0.0625,0.2079207920792079,False
auditory,word_top3,NUEx045,DR,47,3.7,0.03,0.016875,0.0625,0.25742574257425743,False
auditory,word_top3,NUEx045,DR,48,3.8,0.045625,0.016875,0.0625,0.26732673267326734,False
auditory,word_top3,NUEx045,DR,49,3.9,0.024375,0.0125,0.0625,0.18811881188118812,False
auditory,word_top3,NUEx045,DR,50,4.0,0.028125,0.014375,0.0625,0.21782178217821782,False
auditory,word_top3,NUEx045,DR,51,4.1,0.04,0.0225,0.0625,0.32673267326732675,False
auditory,word_top3,NUEx045,DR,52,4.2,0.04125,0.018125,0.0625,0.2871287128712871,False
auditory,word_top3,NUEx045,DR,53,4.3,0.024375,0.019375,0.06562499999999982,0.26732673267326734,False
auditory,word_top3,NUEx045,DR,54,4.4,0.0325,0.0175,0.0625,0.25742574257425743,False
auditory,word_top3,NUEx045,DR,55,4.5,0.018125,0.01625,0.0625,0.2376237623762376,False
auditory,word_top3,NUEx045,DR,56,4.6,0.023125,0.02,0.0625,0.27722772277227725,False
auditory,word_top3,NUEx045,DR,57,4.7,0.0075,0.015,0.0625,0.21782178217821782,False
auditory,word_top3,NUEx045,DR,58,4.8,0.0075,0.01875,0.0625,0.27722772277227725,False
auditory,word_top3,NUEx045,DR,59,4.9,0.008125,0.01125,0.0625,0.1782178217821782,False
auditory,word_top3,NUEx045,DR,60,5.0,0.01375,0.01625,0.0625,0.24752475247524752,False
auditory,word_top3,NUEx045,DR,61,5.1,0.010625,0.01375,0.0625,0.2079207920792079,False
auditory,word_top3,NUEx045,DR,62,5.2,0.0175,0.015625,0.0625,0.24752475247524752,False
auditory,word_top3,NUEx045,DR,63,5.3,0.0175,0.019375,0.0625,0.2871287128712871,False
auditory,word_top3,NUEx045,DR,64,5.4,0.015625,0.015625,0.0625,0.22772277227722773,False
auditory,word_top3,NUEx045,DR,65,5.5,0.020625,0.016875,0.0625,0.27722772277227725,False
auditory,word_top3,NUEx045,DR,66,5.6,0.015,0.02,0.0625,0.297029702970297,False
auditory,word_top3,NUEx045,DR,67,5.7,0.014375,0.01375,0.0625,0.19801980198019803,False
auditory,word_top3,NUEx045,DR,68,5.8,0.01125,0.020625,0.0625,0.2871287128712871,False
auditory,word_top3,NUEx038,LH,0,-1.0,0.052075487,0.02679246,0.07547169923782349,0.1782178217821782,False
auditory,word_top3,NUEx038,LH,1,-0.9,0.04396227,0.029433971,0.07547169923782349,0.21782178217821782,False
auditory,word_top3,NUEx038,LH,2,-0.8,0.049622666,0.027169824,0.07547169923782349,0.18811881188118812,False
auditory,word_top3,NUEx038,LH,3,-0.7,0.041886795,0.029433973,0.07641509547829622,0.2079207920792079,False
auditory,word_top3,NUEx038,LH,4,-0.6,0.046981152,0.031320766,0.07547169923782349,0.21782178217821782,False
auditory,word_top3,NUEx038,LH,5,-0.5,0.04358491,0.028490577,0.07547169923782349,0.18811881188118812,False
auditory,word_top3,NUEx038,LH,6,-0.4,0.04415096,0.032452833,0.07547169923782349,0.22772277227722773,False
auditory,word_top3,NUEx038,LH,7,-0.3,0.042830195,0.027169826,0.07547169923782349,0.16831683168316833,False
auditory,word_top3,NUEx038,LH,8,-0.2,0.044150952,0.03226415,0.07547169923782349,0.2376237623762376,False
auditory,word_top3,NUEx038,LH,9,-0.1,0.044150963,0.02660379,0.07547169923782349,0.2079207920792079,False
auditory,word_top3,NUEx038,LH,10,0.0,0.031132087,0.031886797,0.07547169923782349,0.48514851485148514,False
auditory,word_top3,NUEx038,LH,11,0.1,0.028301893,0.02962266,0.05754717066884035,0.5346534653465347,False
auditory,word_top3,NUEx038,LH,12,0.2,0.033207558,0.027169816,0.07547169923782349,0.40594059405940597,False
auditory,word_top3,NUEx038,LH,13,0.3,0.033584908,0.026603777,0.056603774428367615,0.44554455445544555,False
auditory,word_top3,NUEx038,LH,14,0.4,0.032830194,0.026603777,0.05754717066884035,0.43564356435643564,False
auditory,word_top3,NUEx038,LH,15,0.5,0.036415096,0.02981133,0.07547169923782349,0.48514851485148514,False
auditory,word_top3,NUEx038,LH,16,0.6,0.031320762,0.02792454,0.056603774428367615,0.42574257425742573,False
auditory,word_top3,NUEx038,LH,17,0.7,0.03301888,0.025283033,0.056603774428367615,0.4158415841584158,False
auditory,word_top3,NUEx038,LH,18,0.8,0.035094347,0.027169814,0.07547169923782349,0.43564356435643564,False
auditory,word_top3,NUEx038,LH,19,0.9,0.03622643,0.026415102,0.07547169923782349,0.39603960396039606,False
auditory,word_top3,NUEx038,LH,20,1.0,0.037169818,0.029056616,0.07547169923782349,0.44554455445544555,False
auditory,word_top3,NUEx038,LH,21,1.1,0.034905672,0.028301893,0.056603774428367615,0.46534653465346537,False
auditory,word_top3,NUEx038,LH,22,1.2,0.033207554,0.030000012,0.07547169923782349,0.48514851485148514,False
auditory,word_top3,NUEx038,LH,23,1.3,0.038679264,0.02811322,0.07547169923782349,0.1485148514851485,False
auditory,word_top3,NUEx038,LH,24,1.4,0.0328302,0.028867932,0.07547169923782349,0.42574257425742573,False
auditory,word_top3,NUEx038,LH,25,1.5,0.033207554,0.030566042,0.07547169923782349,0.5148514851485149,False
auditory,word_top3,NUEx038,LH,26,1.6,0.034528323,0.02849057,0.07547169923782349,0.4158415841584158,False
auditory,word_top3,NUEx038,LH,27,1.7,0.030188696,0.030943405,0.07547169923782349,0.48514851485148514,False
auditory,word_top3,NUEx038,LH,28,1.8,0.026226426,0.030943401,0.07547169923782349,0.48514851485148514,False
auditory,word_top3,NUEx038,LH,29,1.9,0.037358496,0.032830194,0.07547169923782349,0.5346534653465347,False
auditory,word_top3,NUEx038,LH,30,2.0,0.040377364,0.030377373,0.056603774428367615,0.22772277227722773,False
auditory,word_top3,NUEx038,LH,31,2.1,0.027547183,0.030566048,0.07547169923782349,0.44554455445544555,False
auditory,word_top3,NUEx038,LH,32,2.2,0.027735861,0.028490577,0.07547169923782349,0.48514851485148514,False
auditory,word_top3,NUEx038,LH,33,2.3,0.030188689,0.032452844,0.07547169923782349,0.5544554455445545,False
auditory,word_top3,NUEx038,LH,34,2.4,0.02905661,0.027924538,0.05754717066884035,0.45544554455445546,False
auditory,word_top3,NUEx038,LH,35,2.5,0.029622655,0.028113214,0.07547169923782349,0.42574257425742573,False
auditory,word_top3,NUEx038,LH,36,2.6,0.033773597,0.026226433,0.056603774428367615,0.46534653465346537,False
auditory,word_top3,NUEx038,LH,37,2.7,0.032641523,0.03113209,0.07547169923782349,0.46534653465346537,False
auditory,word_top3,NUEx038,LH,38,2.8,0.03377359,0.029245289,0.07547169923782349,0.44554455445544555,False
auditory,word_top3,NUEx038,LH,39,2.9,0.036603782,0.030000005,0.07547169923782349,0.504950495049505,False
auditory,word_top3,NUEx038,LH,40,3.0,0.041132078,0.026415108,0.056603774428367615,0.13861386138613863,False
auditory,word_top3,NUEx038,LH,41,3.1,0.03622643,0.026981141,0.07547169923782349,0.40594059405940597,False
auditory,word_top3,NUEx038,LH,42,3.2,0.044905677,0.026226424,0.07547169923782349,0.1782178217821782,False
auditory,word_top3,NUEx038,LH,43,3.3,0.046981145,0.03320755,0.07547169923782349,0.2871287128712871,False
auditory,word_top3,NUEx038,LH,44,3.4,0.048490588,0.026792465,0.07547169923782349,0.18811881188118812,False
auditory,word_top3,NUEx038,LH,45,3.5,0.05377361,0.031698123,0.07547169923782349,0.19801980198019803,False
auditory,word_top3,NUEx038,LH,46,3.6,0.051132094,0.02811322,0.07547169923782349,0.2079207920792079,False
auditory,word_top3,NUEx038,LH,47,3.7,0.04867927,0.026792457,0.05754717066884035,0.19801980198019803,False
auditory,word_top3,NUEx038,LH,48,3.8,0.048867945,0.030000012,0.07547169923782349,0.21782178217821782,False
auditory,word_top3,NUEx038,LH,49,3.9,0.051132087,0.029433975,0.056603774428367615,0.22772277227722773,False
auditory,word_top3,NUEx038,LH,50,4.0,0.04075472,0.028490577,0.07547169923782349,0.19801980198019803,False
auditory,word_top3,NUEx038,LH,51,4.1,0.03566039,0.029056614,0.056603774428367615,0.48514851485148514,False
auditory,word_top3,NUEx038,LH,52,4.2,0.03867925,0.026792467,0.07547169923782349,0.15841584158415842,False
auditory,word_top3,NUEx038,LH,53,4.3,0.029245289,0.030754726,0.07547169923782349,0.504950495049505,False
auditory,word_top3,NUEx038,LH,54,4.4,0.03471699,0.027735857,0.07547169923782349,0.4158415841584158,False
auditory,word_top3,NUEx038,LH,55,4.5,0.03320756,0.027547183,0.07547169923782349,0.44554455445544555,False
auditory,word_top3,NUEx038,LH,56,4.6,0.031320762,0.027547175,0.05754717066884035,0.44554455445544555,False
auditory,word_top3,NUEx038,LH,57,4.7,0.031509444,0.029433971,0.05754717066884035,0.46534653465346537,False
auditory,word_top3,NUEx038,LH,58,4.8,0.034528315,0.022452837,0.056603774428367615,0.37623762376237624,False
auditory,word_top3,NUEx038,LH,59,4.9,0.03415095,0.027735852,0.07547169923782349,0.4158415841584158,False
auditory,word_top3,NUEx038,LH,60,5.0,0.03849057,0.024528308,0.056603774428367615,0.16831683168316833,False
auditory,word_top3,NUEx038,LH,61,5.1,0.03226416,0.02981133,0.05754717066884035,0.46534653465346537,False
auditory,word_top3,NUEx038,LH,62,5.2,0.032830197,0.030566044,0.07547169923782349,0.46534653465346537,False
auditory,word_top3,NUEx038,LH,63,5.3,0.037547182,0.026981147,0.05754717066884035,0.44554455445544555,False
auditory,word_top3,NUEx038,LH,64,5.4,0.031320762,0.025849061,0.056603774428367615,0.38613861386138615,False
auditory,word_top3,NUEx038,LH,65,5.5,0.030754734,0.030566046,0.056603774428367615,0.5544554455445545,False
auditory,word_top3,NUEx038,LH,66,5.6,0.02660378,0.03320755,0.056603774428367615,0.5742574257425742,False
auditory,word_top3,NUEx038,LH,67,5.7,0.028679252,0.031320762,0.07547169923782349,0.5346534653465347,False
auditory,word_top3,NUEx038,LH,68,5.8,0.023584917,0.029056614,0.056603774428367615,0.45544554455445546,False
auditory,word_top3,NUEx038,LH,69,5.9,0.023396231,0.029811332,0.07547169923782349,0.4752475247524752,False
auditory,word_top3,NUEx038,LH,70,6.0,0.021509437,0.030377362,0.07547169923782349,0.49504950495049505,False
auditory,word_top3,NUEx038,LH,71,6.1,0.028490568,0.027547173,0.07547169923782349,0.44554455445544555,False
auditory,word_top3,NUEx038,LH,72,6.2,0.03075472,0.03207548,0.07547169923782349,0.5544554455445545,False
auditory,word_top3,NUEx031,RB,0,-1.0,0.068599954,0.04659997,0.10000000149011612,0.21782178217821782,False
auditory,word_top3,NUEx031,RB,1,-0.9,0.06579996,0.045799974,0.10000000149011612,0.2079207920792079,False
auditory,word_top3,NUEx031,RB,2,-0.8,0.059599966,0.04339998,0.10000000149011612,0.39603960396039606,False
auditory,word_top3,NUEx031,RB,3,-0.7,0.06319996,0.039399978,0.07999999821186066,0.12871287128712872,False
auditory,word_top3,NUEx031,RB,4,-0.6,0.05959996,0.047199976,0.10000000149011612,0.4158415841584158,False
auditory,word_top3,NUEx031,RB,5,-0.5,0.050799966,0.042599972,0.10000000149011612,0.36633663366336633,False
auditory,word_top3,NUEx031,RB,6,-0.4,0.06079996,0.045799974,0.10000000149011612,0.1782178217821782,False
auditory,word_top3,NUEx031,RB,7,-0.3,0.076199956,0.046999976,0.10000000149011612,0.24752475247524752,False
auditory,word_top3,NUEx031,RB,8,-0.2,0.06539996,0.044399973,0.10000000149011612,0.1485148514851485,False
auditory,word_top3,NUEx031,RB,9,-0.1,0.07579995,0.043799978,0.08099999837577337,0.19801980198019803,False
auditory,word_top3,NUEx031,RB,10,0.0,0.06499996,0.04239998,0.10000000149011612,0.1782178217821782,False
auditory,word_top3,NUEx031,RB,11,0.1,0.06579996,0.04259998,0.10000000149011612,0.18811881188118812,False
auditory,word_top3,NUEx031,RB,12,0.2,0.06339996,0.042799972,0.10000000149011612,0.12871287128712872,False
auditory,word_top3,NUEx031,RB,13,0.3,0.06199996,0.046399973,0.10000000149011612,0.24752475247524752,False
auditory,word_top3,NUEx031,RB,14,0.4,0.054399967,0.048399974,0.10000000149011612,0.45544554455445546,False
auditory,word_top3,NUEx031,RB,15,0.5,0.054999962,0.04319998,0.10000000149011612,0.39603960396039606,False
auditory,word_top3,NUEx031,RB,16,0.6,0.05559996,0.047799975,0.10000000149011612,0.42574257425742573,False
auditory,word_top3,NUEx031,RB,17,0.7,0.051799964,0.045599975,0.08099999837577337,0.39603960396039606,False
auditory,word_top3,NUEx031,RB,18,0.8,0.06799996,0.048799973,0.10000000149011612,0.2079207920792079,False
auditory,word_top3,NUEx031,RB,19,0.9,0.07159996,0.041399974,0.10000000149011612,0.2079207920792079,False
auditory,word_top3,NUEx031,RB,20,1.0,0.065599956,0.048999973,0.10000000149011612,0.2079207920792079,False
auditory,word_top3,NUEx031,RB,21,1.1,0.075199954,0.04719997,0.10000000149011612,0.19801980198019803,False
auditory,word_top3,NUEx031,RB,22,1.2,0.070799954,0.044799972,0.10000000149011612,0.2079207920792079,False
auditory,word_top3,NUEx031,RB,23,1.3,0.06899995,0.043799974,0.08099999837577337,0.1782178217821782,False
auditory,word_top3,NUEx031,RB,24,1.4,0.07859995,0.049999967,0.10000000149011612,0.24752475247524752,False
auditory,word_top3,NUEx031,RB,25,1.5,0.076799944,0.05159997,0.1010000012814998,0.297029702970297,False
auditory,word_top3,NUEx031,RB,26,1.6,0.073999956,0.04319998,0.10000000149011612,0.18811881188118812,False
auditory,word_top3,NUEx031,RB,27,1.7,0.072999954,0.037799977,0.10000000149011612,0.12871287128712872,False
auditory,word_top3,NUEx031,RB,28,1.8,0.08579996,0.043999977,0.10000000149011612,0.0891089108910891,False
auditory,word_top3,NUEx031,RB,29,1.9,0.083199956,0.04319997,0.07999999821186066,0.04950495049504951,True
auditory,word_top3,NUEx031,RB,30,2.0,0.07999995,0.042799972,0.07999999821186066,0.13861386138613863,False
auditory,word_top3,NUEx031,RB,31,2.1,0.08379995,0.037999976,0.08099999837577337,0.0594059405940594,True
auditory,word_top3,NUEx031,RB,32,2.2,0.08839998,0.047999974,0.10000000149011612,0.07920792079207921,False
auditory,word_top3,NUEx031,RB,33,2.3,0.1062,0.041599974,0.10000000149011612,0.0297029702970297,True
auditory,word_top3,NUEx031,RB,34,2.4,0.11879999,0.043999974,0.10000000149011612,0.019801980198019802,True
auditory,word_top3,NUEx031,RB,35,2.5,0.1174,0.046799973,0.10000000149011612,0.039603960396039604,True
auditory,word_top3,NUEx031,RB,36,2.6,0.1228,0.039399978,0.07999999821186066,0.009900990099009901,True
auditory,word_top3,NUEx031,RB,37,2.7,0.1188,0.046599973,0.10000000149011612,0.039603960396039604,True
auditory,word_top3,NUEx031,RB,38,2.8,0.12219999,0.044999976,0.10000000149011612,0.009900990099009901,True
auditory,word_top3,NUEx031,RB,39,2.9,0.12779999,0.051199976,0.1010000012814998,0.019801980198019802,True
auditory,word_top3,NUEx031,RB,40,3.0,0.1266,0.048999973,0.10000000149011612,0.019801980198019802,True
auditory,word_top3,NUEx031,RB,41,3.1,0.12500001,0.04059998,0.07999999821186066,0.009900990099009901,True
auditory,word_top3,NUEx031,RB,42,3.2,0.11620001,0.03859998,0.07999999821186066,0.0297029702970297,True
auditory,word_top3,NUEx031,RB,43,3.3,0.112599984,0.042799972,0.10000000149011612,0.009900990099009901,True
auditory,word_top3,NUEx031,RB,44,3.4,0.10900001,0.043999974,0.07999999821186066,0.019801980198019802,True
auditory,word_top3,NUEx031,RB,45,3.5,0.09519997,0.047599968,0.10000000149011612,0.09900990099009901,False
auditory,word_top3,NUEx031,RB,46,3.6,0.09939998,0.03539998,0.07999999821186066,0.0297029702970297,True
auditory,word_top3,NUEx031,RB,47,3.7,0.11780002,0.042599972,0.10000000149011612,0.0297029702970297,True
auditory,word_top3,NUEx031,RB,48,3.8,0.12200001,0.044999976,0.10000000149011612,0.019801980198019802,True
auditory,word_top3,NUEx031,RB,49,3.9,0.119600035,0.043999974,0.10000000149011612,0.0297029702970297,True
auditory,word_top3,NUEx031,RB,50,4.0,0.10739998,0.042199973,0.07999999821186066,0.019801980198019802,True
auditory,word_top3,NUEx031,RB,51,4.1,0.08779996,0.041599974,0.10000000149011612,0.06930693069306931,False
auditory,word_top3,NUEx031,RB,52,4.2,0.08579996,0.039799977,0.10000000149011612,0.0891089108910891,False
auditory,word_top3,NUEx031,RB,53,4.3,0.09459999,0.043599974,0.08099999837577337,0.0594059405940594,True
auditory,word_top3,NUEx031,RB,54,4.4,0.06899996,0.043399975,0.07999999821186066,0.16831683168316833,False
auditory,word_top3,NUEx031,RB,55,4.5,0.07119995,0.04299997,0.10000000149011612,0.1485148514851485,False
auditory,word_top3,NUEx031,RB,56,4.6,0.06319996,0.04199998,0.10000000149011612,0.16831683168316833,False
auditory,word_top3,NUEx031,RB,57,4.7,0.06759995,0.047799967,0.10000000149011612,0.2079207920792079,False
auditory,word_top3,NUEx031,RB,58,4.8,0.06019996,0.044999976,0.10000000149011612,0.16831683168316833,False
auditory,word_top3,NUEx031,RB,59,4.9,0.06059996,0.04239998,0.07999999821186066,0.1782178217821782,False
auditory,word_top3,NUEx031,RB,60,5.0,0.053599972,0.047199976,0.10000000149011612,0.43564356435643564,False
auditory,word_top3,NUEx031,RB,61,5.1,0.06899995,0.044799972,0.10000000149011612,0.18811881188118812,False
auditory,word_top3,NUEx031,RB,62,5.2,0.063399956,0.041999973,0.10000000149011612,0.1782178217821782,False
auditory,word_top3,NUEx031,RB,63,5.3,0.050799966,0.044799972,0.10000000149011612,0.38613861386138615,False
auditory,word_top3,NUEx036,WBH,0,-1.0,0.05024692,0.028271606,0.06172839552164078,0.0891089108910891,False
auditory,word_top3,NUEx036,WBH,1,-0.9,0.044814825,0.029259266,0.06172839552164078,0.22772277227722773,False
auditory,word_top3,NUEx036,WBH,2,-0.8,0.048518527,0.029012349,0.06172839552164078,0.18811881188118812,False
auditory,word_top3,NUEx036,WBH,3,-0.7,0.049135808,0.025061728,0.04938271641731262,0.15841584158415842,False
auditory,word_top3,NUEx036,WBH,4,-0.6,0.041728415,0.026296299,0.04938271641731262,0.15841584158415842,False
auditory,word_top3,NUEx036,WBH,5,-0.5,0.043209895,0.024938269,0.06172839552164078,0.16831683168316833,False
auditory,word_top3,NUEx036,WBH,6,-0.4,0.051604953,0.02259259,0.04938271641731262,0.04950495049504951,False
auditory,word_top3,NUEx036,WBH,7,-0.3,0.04827161,0.02555555,0.06172839552164078,0.1782178217821782,False
auditory,word_top3,NUEx036,WBH,8,-0.2,0.062839516,0.024444444,0.04938271641731262,0.009900990099009901,False
auditory,word_top3,NUEx036,WBH,9,-0.1,0.07444444,0.027283955,0.06172839552164078,0.0297029702970297,False
auditory,word_top3,NUEx036,WBH,10,0.0,0.06271607,0.02666667,0.050000000372529,0.0297029702970297,True
auditory,word_top3,NUEx036,WBH,11,0.1,0.06666668,0.026913583,0.06172839552164078,0.019801980198019802,True
auditory,word_top3,NUEx036,WBH,12,0.2,0.076790124,0.028765433,0.06172839552164078,0.019801980198019802,True
auditory,word_top3,NUEx036,WBH,13,0.3,0.07864198,0.022098757,0.04938271641731262,0.009900990099009901,True
auditory,word_top3,NUEx036,WBH,14,0.4,0.07444447,0.028395072,0.06172839552164078,0.009900990099009901,True
auditory,word_top3,NUEx036,WBH,15,0.5,0.08320989,0.031728398,0.07407407462596893,0.0297029702970297,True
auditory,word_top3,NUEx036,WBH,16,0.6,0.07641977,0.026419753,0.06234567947685715,0.0297029702970297,True
auditory,word_top3,NUEx036,WBH,17,0.7,0.07839506,0.024691358,0.050000000372529,0.019801980198019802,True
auditory,word_top3,NUEx036,WBH,18,0.8,0.07617284,0.026543207,0.050000000372529,0.009900990099009901,True
auditory,word_top3,NUEx036,WBH,19,0.9,0.06543212,0.022716047,0.04938271641731262,0.019801980198019802,True
auditory,word_top3,NUEx036,WBH,20,1.0,0.0551852,0.027283952,0.06172839552164078,0.10891089108910891,False
auditory,word_top3,NUEx036,WBH,21,1.1,0.052592613,0.026913585,0.06172839552164078,0.09900990099009901,False
auditory,word_top3,NUEx036,WBH,22,1.2,0.05061729,0.03222223,0.06172839552164078,0.1485148514851485,False
auditory,word_top3,NUEx036,WBH,23,1.3,0.04777779,0.025308644,0.06172839552164078,0.10891089108910891,False
auditory,word_top3,NUEx036,WBH,24,1.4,0.049382724,0.025925929,0.06172839552164078,0.06930693069306931,False
auditory,word_top3,NUEx036,WBH,25,1.5,0.043209895,0.02518519,0.04938271641731262,0.1485148514851485,False
auditory,word_top3,NUEx036,WBH,26,1.6,0.044691376,0.02617284,0.04938271641731262,0.1485148514851485,False
auditory,word_top3,NUEx036,WBH,27,1.7,0.04135803,0.02666667,0.050000000372529,0.19801980198019803,False
auditory,word_top3,NUEx036,WBH,28,1.8,0.042345695,0.025432099,0.06172839552164078,0.16831683168316833,False
auditory,word_top3,NUEx036,WBH,29,1.9,0.041851863,0.023950618,0.04938271641731262,0.12871287128712872,False
auditory,word_top3,NUEx036,WBH,30,2.0,0.041975323,0.024074076,0.04938271641731262,0.13861386138613863,False
auditory,word_top3,NUEx036,WBH,31,2.1,0.048765466,0.023703702,0.04938271641731262,0.10891089108910891,False
auditory,word_top3,NUEx036,WBH,32,2.2,0.046790127,0.025555553,0.04938271641731262,0.15841584158415842,False
auditory,word_top3,NUEx036,WBH,33,2.3,0.05395063,0.029876553,0.07407407462596893,0.09900990099009901,False
auditory,word_top3,NUEx036,WBH,34,2.4,0.05333334,0.027407413,0.06234567947685715,0.09900990099009901,False
auditory,word_top3,NUEx036,WBH,35,2.5,0.052592624,0.024074076,0.06172839552164078,0.07920792079207921,False
auditory,word_top3,NUEx036,WBH,36,2.6,0.05419754,0.02617285,0.06172839552164078,0.06930693069306931,False
auditory,word_top3,NUEx036,WBH,37,2.7,0.052098762,0.029259266,0.06172839552164078,0.10891089108910891,False
auditory,word_top3,NUEx036,WBH,38,2.8,0.055925917,0.026543211,0.04938271641731262,0.0297029702970297,True
auditory,word_top3,NUEx036,WBH,39,2.9,0.05271606,0.027530866,0.06172839552164078,0.07920792079207921,False
auditory,word_top3,NUEx036,WBH,40,3.0,0.059135817,0.028395072,0.06234567947685715,0.10891089108910891,False
auditory,word_top3,NUEx036,WBH,41,3.1,0.05765436,0.027407417,0.050000000372529,0.0594059405940594,True
auditory,word_top3,NUEx036,WBH,42,3.2,0.05555558,0.024938274,0.050000000372529,0.0594059405940594,True
auditory,word_top3,NUEx036,WBH,43,3.3,0.0588889,0.030123457,0.06172839552164078,0.1188118811881188,False
auditory,word_top3,NUEx036,WBH,44,3.4,0.06037036,0.027160492,0.06172839552164078,0.06930693069306931,False
auditory,word_top3,NUEx036,WBH,45,3.5,0.068888895,0.029382724,0.06172839552164078,0.039603960396039604,True
auditory,word_top3,NUEx036,WBH,46,3.6,0.07222224,0.027160501,0.06172839552164078,0.039603960396039604,True
auditory,word_top3,NUEx036,WBH,47,3.7,0.06827163,0.02728395,0.06172839552164078,0.019801980198019802,True
auditory,word_top3,NUEx036,WBH,48,3.8,0.072469145,0.025432102,0.06172839552164078,0.04950495049504951,True
auditory,word_top3,NUEx036,WBH,49,3.9,0.070370376,0.02530864,0.04938271641731262,0.0297029702970297,True
auditory,word_top3,NUEx036,WBH,50,4.0,0.061975326,0.02925927,0.06172839552164078,0.019801980198019802,True
auditory,word_top3,NUEx036,WBH,51,4.1,0.06283952,0.027283957,0.050000000372529,0.019801980198019802,True
auditory,word_top3,NUEx036,WBH,52,4.2,0.06296298,0.027777785,0.06172839552164078,0.0297029702970297,True
auditory,word_top3,NUEx036,WBH,53,4.3,0.06753088,0.027530868,0.06172839552164078,0.0297029702970297,True
auditory,word_top3,NUEx036,WBH,54,4.4,0.064567916,0.026790127,0.06172839552164078,0.019801980198019802,True
auditory,word_top3,NUEx036,WBH,55,4.5,0.063950635,0.023703696,0.04938271641731262,0.019801980198019802,True
auditory,word_top3,NUEx036,WBH,56,4.6,0.054938294,0.027901227,0.06172839552164078,0.06930693069306931,False
auditory,word_top3,NUEx036,WBH,57,4.7,0.060617298,0.029135812,0.06172839552164078,0.0891089108910891,False
auditory,word_top3,NUEx036,WBH,58,4.8,0.05148149,0.027654327,0.06172839552164078,0.06930693069306931,False
auditory,word_top3,NUEx036,WBH,59,4.9,0.04790125,0.026543215,0.06234567947685715,0.16831683168316833,False
auditory,word_top3,NUEx036,WBH,60,5.0,0.05037038,0.026543207,0.04938271641731262,0.04950495049504951,True
auditory,word_top3,NUEx036,WBH,61,5.1,0.04975309,0.029753098,0.06172839552164078,0.10891089108910891,False
auditory,word_top3,NUEx036,WBH,62,5.2,0.044074103,0.025432093,0.050000000372529,0.1485148514851485,False
auditory,word_top3,NUEx036,WBH,63,5.3,0.043456804,0.029259266,0.06172839552164078,0.2079207920792079,False
auditory,word_top3,NUEx036,WBH,64,5.4,0.045308657,0.02567902,0.050000000372529,0.1485148514851485,False
auditory,word_top3,NUEx036,WBH,65,5.5,0.040740762,0.028024692,0.04938271641731262,0.16831683168316833,False
auditory,word_top3,NUEx036,WBH,66,5.6,0.04456791,0.027530875,0.06172839552164078,0.1782178217821782,False
auditory,word_top3,NUEx036,WBH,67,5.7,0.037160505,0.025432104,0.04938271641731262,0.16831683168316833,False
auditory,word_top3,NUEx036,WBH,68,5.8,0.04000001,0.025061727,0.06172839552164078,0.15841584158415842,False
auditory,word_top3,NUEx036,WBH,69,5.9,0.036419768,0.028641976,0.06172839552164078,0.39603960396039606,False
auditory,word_top3,NUEx036,WBH,70,6.0,0.0360494,0.022962965,0.050000000372529,0.31683168316831684,False
auditory,word_top3,NUEx036,WBH,71,6.1,0.04086421,0.030987656,0.07407407462596893,0.22772277227722773,False
auditory,word_top3,NUEx036,WBH,72,6.2,0.037654337,0.028024692,0.06172839552164078,0.26732673267326734,False
auditory,word_top5,NUEx041,AA,0,-1.0,0.006875,0.009375,0.0625,0.1485148514851485,False
auditory,word_top5,NUEx041,AA,1,-0.9,0.009375,0.013125,0.0625,0.19801980198019803,False
auditory,word_top5,NUEx041,AA,2,-0.8,0.015625,0.006875,0.0625,0.1188118811881188,False
auditory,word_top5,NUEx041,AA,3,-0.7,0.01625,0.0075,0.0625,0.1188118811881188,False
auditory,word_top5,NUEx041,AA,4,-0.6,0.008125,0.010625,0.0625,0.1782178217821782,False
auditory,word_top5,NUEx041,AA,5,-0.5,0.006875,0.005625,0.0625,0.09900990099009901,False
auditory,word_top5,NUEx041,AA,6,-0.4,0.004375,0.008125,0.0625,0.13861386138613863,False
auditory,word_top5,NUEx041,AA,7,-0.3,0.0025,0.006875,0.0625,0.10891089108910891,False
auditory,word_top5,NUEx041,AA,8,-0.2,0.00125,0.005,0.0625,0.0891089108910891,False
auditory,word_top5,NUEx041,AA,9,-0.1,0.0,0.004375,0.0625,1.0,False
auditory,word_top5,NUEx041,AA,10,0.0,0.001875,0.004375,0.0625,0.07920792079207921,False
auditory,word_top5,NUEx041,AA,11,0.1,0.005625,0.003125,0.0031249999999998224,0.0594059405940594,True
auditory,word_top5,NUEx041,AA,12,0.2,0.008125,0.00625,0.0625,0.10891089108910891,False
auditory,word_top5,NUEx041,AA,13,0.3,0.0175,0.01,0.0625,0.1485148514851485,False
auditory,word_top5,NUEx041,AA,14,0.4,0.029375,0.00625,0.0625,0.10891089108910891,False
auditory,word_top5,NUEx041,AA,15,0.5,0.01375,0.0075,0.0625,0.12871287128712872,False
auditory,word_top5,NUEx041,AA,16,0.6,0.028125,0.005,0.0625,0.06930693069306931,False
auditory,word_top5,NUEx041,AA,17,0.7,0.03,0.00625,0.0625,0.0891089108910891,False
auditory,word_top5,NUEx041,AA,18,0.8,0.024375,0.004375,0.0625,0.07920792079207921,False
auditory,word_top5,NUEx041,AA,19,0.9,0.02625,0.004375,0.0625,0.06930693069306931,False
auditory,word_top5,NUEx041,AA,20,1.0,0.02875,0.005625,0.0625,0.0891089108910891,False
auditory,word_top5,NUEx041,AA,21,1.1,0.03,0.006875,0.0625,0.1188118811881188,False
auditory,word_top5,NUEx041,AA,22,1.2,0.024375,0.005,0.0625,0.0891089108910891,False
auditory,word_top5,NUEx041,AA,23,1.3,0.019375,0.0075,0.0625,0.1188118811881188,False
auditory,word_top5,NUEx041,AA,24,1.4,0.01375,0.0075,0.0625,0.12871287128712872,False
auditory,word_top5,NUEx041,AA,25,1.5,0.015,0.009375,0.0625,0.15841584158415842,False
auditory,word_top5,NUEx041,AA,26,1.6,0.00875,0.005625,0.0625,0.09900990099009901,False
auditory,word_top5,NUEx041,AA,27,1.7,0.003125,0.005625,0.0625,0.09900990099009901,False
auditory,word_top5,NUEx041,AA,28,1.8,0.005,0.004375,0.0625,0.07920792079207921,False
auditory,word_top5,NUEx041,AA,29,1.9,0.008125,0.006875,0.0625,0.10891089108910891,False
auditory,word_top5,NUEx041,AA,30,2.0,0.0125,0.008125,0.0625,0.13861386138613863,False
auditory,word_top5,NUEx041,AA,31,2.1,0.01375,0.00625,0.0625,0.10891089108910891,False
auditory,word_top5,NUEx041,AA,32,2.2,0.01,0.009375,0.0625,0.1485148514851485,False
auditory,word_top5,NUEx041,AA,33,2.3,0.013125,0.004375,0.0625,0.07920792079207921,False
auditory,word_top5,NUEx041,AA,34,2.4,0.011875,0.005625,0.0625,0.09900990099009901,False
auditory,word_top5,NUEx041,AA,35,2.5,0.016875,0.005,0.0625,0.0891089108910891,False
auditory,word_top5,NUEx041,AA,36,2.6,0.015625,0.004375,0.0625,0.07920792079207921,False
auditory,word_top5,NUEx041,AA,37,2.7,0.011875,0.006875,0.0625,0.1188118811881188,False
auditory,word_top5,NUEx041,AA,38,2.8,0.015625,0.006875,0.0625,0.1188118811881188,False
auditory,word_top5,NUEx041,AA,39,2.9,0.0225,0.008125,0.0625,0.1188118811881188,False
auditory,word_top5,NUEx041,AA,40,3.0,0.034375,0.0075,0.0625,0.12871287128712872,False
auditory,word_top5,NUEx041,AA,41,3.1,0.03875,0.00875,0.0625,0.12871287128712872,False
auditory,word_top5,NUEx041,AA,42,3.2,0.043125,0.0075,0.0625,0.1188118811881188,False
auditory,word_top5,NUEx041,AA,43,3.3,0.03875,0.003125,0.0031249999999998224,0.0594059405940594,True
auditory,word_top5,NUEx041,AA,44,3.4,0.04,0.0075,0.0625,0.1188118811881188,False
auditory,word_top5,NUEx041,AA,45,3.5,0.035,0.008125,0.0625,0.13861386138613863,False
auditory,word_top5,NUEx041,AA,46,3.6,0.05125,0.0075,0.0625,0.1188118811881188,False
auditory,word_top5,NUEx041,AA,47,3.7,0.04375,0.00875,0.0625,0.13861386138613863,False
auditory,word_top5,NUEx041,AA,48,3.8,0.05375,0.0075,0.0625,0.12871287128712872,False
auditory,word_top5,NUEx041,AA,49,3.9,0.036875,0.006875,0.0625,0.09900990099009901,False
auditory,word_top5,NUEx041,AA,50,4.0,0.0375,0.00625,0.0625,0.09900990099009901,False
auditory,word_top5,NUEx041,AA,51,4.1,0.019375,0.00625,0.0625,0.09900990099009901,False
auditory,word_top5,NUEx041,AA,52,4.2,0.0225,0.00875,0.0625,0.1485148514851485,False
auditory,word_top5,NUEx041,AA,53,4.3,0.0275,0.0125,0.0625,0.2079207920792079,False
auditory,word_top5,NUEx041,AA,54,4.4,0.019375,0.005625,0.0625,0.09900990099009901,False
auditory,word_top5,NUEx041,AA,55,4.5,0.023125,0.00875,0.0625,0.13861386138613863,False
auditory,word_top5,NUEx041,AA,56,4.6,0.02125,0.004375,0.0625,0.07920792079207921,False
auditory,word_top5,NUEx041,AA,57,4.7,0.025,0.005,0.0625,0.0891089108910891,False
auditory,word_top5,NUEx041,AA,58,4.8,0.025625,0.008125,0.0625,0.12871287128712872,False
auditory,word_top5,NUEx041,AA,59,4.9,0.0325,0.008125,0.0625,0.1188118811881188,False
auditory,word_top5,NUEx041,AA,60,5.0,0.03125,0.003125,0.0031249999999998224,0.0594059405940594,True
auditory,word_top5,NUEx041,AA,61,5.1,0.026875,0.005,0.0625,0.06930693069306931,False
auditory,word_top5,NUEx041,AA,62,5.2,0.02,0.00625,0.0625,0.10891089108910891,False
auditory,word_top5,NUEx041,AA,63,5.3,0.016875,0.009375,0.0625,0.15841584158415842,False
auditory,word_top5,NUEx041,AA,64,5.4,0.016875,0.005625,0.0625,0.09900990099009901,False
auditory,word_top5,NUEx041,AA,65,5.5,0.01875,0.009375,0.0625,0.15841584158415842,False
auditory,word_top5,NUEx041,AA,66,5.6,0.013125,0.004375,0.0625,0.07920792079207921,False
auditory,word_top5,NUEx041,AA,67,5.7,0.01,0.005,0.0625,0.0891089108910891,False
auditory,word_top5,NUEx041,AA,68,5.8,0.010625,0.01,0.0625,0.16831683168316833,False
auditory,word_top5,NUEx041,AA,69,5.9,0.011875,0.006875,0.0625,0.1188118811881188,False
auditory,word_top5,NUEx041,AA,70,6.0,0.0125,0.00875,0.0625,0.13861386138613863,False
auditory,word_top5,NUEx041,AA,71,6.1,0.011875,0.005625,0.0625,0.09900990099009901,False
auditory,word_top5,NUEx041,AA,72,6.2,0.01125,0.004375,0.0625,0.07920792079207921,False
auditory,word_top5,NUEx044,AZ,0,-1.0,0.03375,0.0334375,0.09375,0.2871287128712871,False
auditory,word_top5,NUEx044,AZ,1,-0.9,0.024375,0.0390625,0.09375,0.7821782178217822,False
auditory,word_top5,NUEx044,AZ,2,-0.8,0.0284375,0.0375,0.09375,0.7029702970297029,False
auditory,word_top5,NUEx044,AZ,3,-0.7,0.048125,0.036875,0.09375,0.3564356435643564,False
auditory,word_top5,NUEx044,AZ,4,-0.6,0.054375,0.035,0.09375,0.3069306930693069,False
auditory,word_top5,NUEx044,AZ,5,-0.5,0.0415625,0.0315625,0.09375,0.27722772277227725,False
auditory,word_top5,NUEx044,AZ,6,-0.4,0.05125,0.03875,0.09375,0.33663366336633666,False
auditory,word_top5,NUEx044,AZ,7,-0.3,0.0471875,0.0340625,0.09375,0.31683168316831684,False
auditory,word_top5,NUEx044,AZ,8,-0.2,0.0440625,0.0309375,0.09375,0.2376237623762376,False
auditory,word_top5,NUEx044,AZ,9,-0.1,0.0490625,0.03,0.09375,0.26732673267326734,False
auditory,word_top5,NUEx044,AZ,10,0.0,0.0475,0.0271875,0.09375,0.22772277227722773,False
auditory,word_top5,NUEx044,AZ,11,0.1,0.0490625,0.0384375,0.09375,0.33663366336633666,False
auditory,word_top5,NUEx044,AZ,12,0.2,0.04125,0.029375,0.0625,0.2376237623762376,False
auditory,word_top5,NUEx044,AZ,13,0.3,0.030625,0.0334375,0.09375,0.7227722772277227,False
auditory,word_top5,NUEx044,AZ,14,0.4,0.0346875,0.0375,0.09375,0.3564356435643564,False
auditory,word_top5,NUEx044,AZ,15,0.5,0.035625,0.0334375,0.09375,0.3069306930693069,False
auditory,word_top5,NUEx044,AZ,16,0.6,0.03375,0.0371875,0.09375,0.3465346534653465,False
auditory,word_top5,NUEx044,AZ,17,0.7,0.034375,0.0309375,0.06406249999999991,0.24752475247524752,False
auditory,word_top5,NUEx044,AZ,18,0.8,0.0346875,0.0325,0.09375,0.297029702970297,False
auditory,word_top5,NUEx044,AZ,19,0.9,0.04375,0.03625,0.09375,0.32673267326732675,False
auditory,word_top5,NUEx044,AZ,20,1.0,0.039375,0.035625,0.09375,0.36633663366336633,False
auditory,word_top5,NUEx044,AZ,21,1.1,0.0340625,0.0334375,0.09375,0.27722772277227725,False
auditory,word_top5,NUEx044,AZ,22,1.2,0.0390625,0.02875,0.09375,0.27722772277227725,False
auditory,word_top5,NUEx044,AZ,23,1.3,0.0384375,0.034375,0.09375,0.33663366336633666,False
auditory,word_top5,NUEx044,AZ,24,1.4,0.0359375,0.035625,0.09375,0.297029702970297,False
auditory,word_top5,NUEx044,AZ,25,1.5,0.0396875,0.035,0.09531249999999991,0.2871287128712871,False
auditory,word_top5,NUEx044,AZ,26,1.6,0.0196875,0.033125,0.09375,0.6732673267326733,False
auditory,word_top5,NUEx044,AZ,27,1.7,0.026875,0.0303125,0.09375,0.6435643564356436,False
auditory,word_top5,NUEx044,AZ,28,1.8,0.0246875,0.0309375,0.09375,0.693069306930693,False
auditory,word_top5,NUEx044,AZ,29,1.9,0.0446875,0.03125,0.09375,0.26732673267326734,False
auditory,word_top5,NUEx044,AZ,30,2.0,0.0490625,0.0396875,0.09375,0.36633663366336633,False
auditory,word_top5,NUEx044,AZ,31,2.1,0.0309375,0.03375,0.09375,0.7326732673267327,False
auditory,word_top5,NUEx044,AZ,32,2.2,0.0396875,0.0321875,0.09375,0.297029702970297,False
auditory,word_top5,NUEx044,AZ,33,2.3,0.041875,0.0303125,0.09375,0.2376237623762376,False
auditory,word_top5,NUEx044,AZ,34,2.4,0.0421875,0.0353125,0.09375,0.32673267326732675,False
auditory,word_top5,NUEx044,AZ,35,2.5,0.0421875,0.03125,0.06406249999999991,0.27722772277227725,False
auditory,word_top5,NUEx044,AZ,36,2.6,0.046875,0.035,0.09375,0.3069306930693069,False
auditory,word_top5,NUEx044,AZ,37,2.7,0.0540625,0.03625,0.125,0.3465346534653465,False
auditory,word_top5,NUEx044,AZ,38,2.8,0.0684375,0.0384375,0.09375,0.1485148514851485,False
auditory,word_top5,NUEx044,AZ,39,2.9,0.0671875,0.029375,0.09375,0.07920792079207921,False
auditory,word_top5,NUEx044,AZ,40,3.0,0.0578125,0.0315625,0.09375,0.2871287128712871,False
auditory,word_top5,NUEx044,AZ,41,3.1,0.0675,0.0321875,0.09375,0.06930693069306931,False
auditory,word_top5,NUEx044,AZ,42,3.2,0.0634375,0.033125,0.09375,0.0891089108910891,False
auditory,word_top5,NUEx044,AZ,43,3.3,0.0646875,0.04,0.125,0.1485148514851485,False
auditory,word_top5,NUEx044,AZ,44,3.4,0.065,0.035,0.09375,0.06930693069306931,False
auditory,word_top5,NUEx044,AZ,45,3.5,0.0753125,0.033125,0.09375,0.0891089108910891,False
auditory,word_top5,NUEx044,AZ,46,3.6,0.07625,0.0315625,0.09375,0.0891089108910891,False
auditory,word_top5,NUEx044,AZ,47,3.7,0.0646875,0.030625,0.0625,0.04950495049504951,True
auditory,word_top5,NUEx044,AZ,48,3.8,0.0653125,0.0371875,0.09375,0.1188118811881188,False
auditory,word_top5,NUEx044,AZ,49,3.9,0.0515625,0.04,0.125,0.3564356435643564,False
auditory,word_top5,NUEx044,AZ,50,4.0,0.0496875,0.034375,0.09375,0.297029702970297,False
auditory,word_top5,NUEx044,AZ,51,4.1,0.0484375,0.03125,0.09375,0.27722772277227725,False
auditory,word_top5,NUEx044,AZ,52,4.2,0.0425,0.03,0.09375,0.24752475247524752,False
auditory,word_top5,NUEx044,AZ,53,4.3,0.046875,0.0325,0.06406249999999991,0.297029702970297,False
auditory,word_top5,NUEx044,AZ,54,4.4,0.0509375,0.0365625,0.09375,0.3069306930693069,False
auditory,word_top5,NUEx044,AZ,55,4.5,0.055625,0.033125,0.09375,0.297029702970297,False
auditory,word_top5,NUEx044,AZ,56,4.6,0.050625,0.031875,0.09375,0.2871287128712871,False
auditory,word_top5,NUEx044,AZ,57,4.7,0.05125,0.0375,0.09375,0.36633663366336633,False
auditory,word_top5,NUEx044,AZ,58,4.8,0.055625,0.0321875,0.06406249999999991,0.2871287128712871,False
auditory,word_top5,NUEx044,AZ,59,4.9,0.053125,0.038125,0.09375,0.3465346534653465,False
auditory,word_top5,NUEx044,AZ,60,5.0,0.05,0.03375,0.09375,0.2871287128712871,False
auditory,word_top5,NUEx044,AZ,61,5.1,0.0509375,0.0328125,0.09375,0.2871287128712871,False
auditory,word_top5,NUEx044,AZ,62,5.2,0.060625,0.0334375,0.09375,0.297029702970297,False
auditory,word_top5,NUEx044,AZ,63,5.3,0.048125,0.0325,0.09375,0.297029702970297,False
auditory,word_top5,NUEx044,AZ,64,5.4,0.034375,0.0328125,0.09375,0.26732673267326734,False
auditory,word_top5,NUEx044,AZ,65,5.5,0.036875,0.03625,0.09375,0.3069306930693069,False
auditory,word_top5,NUEx044,AZ,66,5.6,0.049375,0.0371875,0.09375,0.33663366336633666,False
auditory,word_top5,NUEx044,AZ,67,5.7,0.04625,0.035625,0.09375,0.31683168316831684,False
auditory,word_top5,NUEx044,AZ,68,5.8,0.0428125,0.029375,0.0625,0.27722772277227725,False
auditory,word_top5,NUEx044,AZ,69,5.9,0.0353125,0.0359375,0.09375,0.3069306930693069,False
auditory,word_top5,NUEx044,AZ,70,6.0,0.0334375,0.02625,0.0625,0.22772277227722773,False
auditory,word_top5,NUEx044,AZ,71,6.1,0.03125,0.0365625,0.09375,0.7326732673267327,False
auditory,word_top5,NUEx044,AZ,72,6.2,0.043125,0.03375,0.09375,0.297029702970297,False
auditory,word_top5,NUEx030,CP,0,-1.0,0.06292679,0.066585325,0.12195122241973877,0.5346534653465347,False
auditory,word_top5,NUEx030,CP,1,-0.9,0.10268286,0.07146338,0.1463414579629898,0.2079207920792079,False
auditory,word_top5,NUEx030,CP,2,-0.8,0.10536578,0.068780445,0.12195122241973877,0.16831683168316833,False
auditory,word_top5,NUEx030,CP,3,-0.7,0.11219505,0.06560972,0.1463414579629898,0.1485148514851485,False
auditory,word_top5,NUEx030,CP,4,-0.6,0.10048775,0.06658533,0.12195122241973877,0.12871287128712872,False
auditory,word_top5,NUEx030,CP,5,-0.5,0.10536578,0.06975605,0.12317073419690125,0.15841584158415842,False
auditory,word_top5,NUEx030,CP,6,-0.4,0.09878042,0.07024386,0.12195122241973877,0.0891089108910891,False
auditory,word_top5,NUEx030,CP,7,-0.3,0.09219507,0.06756093,0.1463414579629898,0.33663366336633666,False
auditory,word_top5,NUEx030,CP,8,-0.2,0.09292677,0.064634115,0.12317073419690125,0.297029702970297,False
auditory,word_top5,NUEx030,CP,9,-0.1,0.08585361,0.071219474,0.1463414579629898,0.3069306930693069,False
auditory,word_top5,NUEx030,CP,10,0.0,0.08170727,0.0636585,0.12195122241973877,0.26732673267326734,False
auditory,word_top5,NUEx030,CP,11,0.1,0.06926825,0.06756093,0.12195122241973877,0.5742574257425742,False
auditory,word_top5,NUEx030,CP,12,0.2,0.055121917,0.06682923,0.12195122241973877,0.5742574257425742,False
auditory,word_top5,NUEx030,CP,13,0.3,0.057804845,0.05658533,0.09878048449754707,0.39603960396039606,False
auditory,word_top5,NUEx030,CP,14,0.4,0.057804845,0.07048776,0.1463414579629898,0.5445544554455446,False
auditory,word_top5,NUEx030,CP,15,0.5,0.05756094,0.06585362,0.12317073419690125,0.5247524752475248,False
auditory,word_top5,NUEx030,CP,16,0.6,0.058780454,0.068780445,0.1463414579629898,0.5445544554455446,False
auditory,word_top5,NUEx030,CP,17,0.7,0.06829264,0.06487801,0.1463414579629898,0.5346534653465347,False
auditory,word_top5,NUEx030,CP,18,0.8,0.067804836,0.0636585,0.12195122241973877,0.5148514851485149,False
auditory,word_top5,NUEx030,CP,19,0.9,0.07292678,0.06682923,0.12317073419690125,0.49504950495049505,False
auditory,word_top5,NUEx030,CP,20,1.0,0.07365849,0.06487801,0.12195122241973877,0.297029702970297,False
auditory,word_top5,NUEx030,CP,21,1.1,0.09195116,0.059756063,0.12195122241973877,0.26732673267326734,False
auditory,word_top5,NUEx030,CP,22,1.2,0.08951215,0.06170728,0.12195122241973877,0.25742574257425743,False
auditory,word_top5,NUEx030,CP,23,1.3,0.09756091,0.06829264,0.12317073419690125,0.32673267326732675,False
auditory,word_top5,NUEx030,CP,24,1.4,0.09780482,0.06756093,0.12195122241973877,0.0891089108910891,False
auditory,word_top5,NUEx030,CP,25,1.5,0.10853652,0.06780484,0.1463414579629898,0.13861386138613863,False
auditory,word_top5,NUEx030,CP,26,1.6,0.10853652,0.07195117,0.12195122241973877,0.1782178217821782,False
auditory,word_top5,NUEx030,CP,27,1.7,0.11853651,0.059999965,0.12195122241973877,0.1188118811881188,False
auditory,word_top5,NUEx030,CP,28,1.8,0.09731701,0.071219474,0.1463414579629898,0.33663366336633666,False
auditory,word_top5,NUEx030,CP,29,1.9,0.09975604,0.06926825,0.17073170840740204,0.12871287128712872,False
auditory,word_top5,NUEx030,CP,30,2.0,0.10512188,0.062195085,0.12195122241973877,0.09900990099009901,False
auditory,word_top5,NUEx030,CP,31,2.1,0.08878044,0.06268289,0.12195122241973877,0.24752475247524752,False
auditory,word_top5,NUEx030,CP,32,2.2,0.080243856,0.058048747,0.12195122241973877,0.2376237623762376,False
auditory,word_top5,NUEx030,CP,33,2.3,0.07024386,0.05707314,0.09878048449754707,0.42574257425742573,False
auditory,word_top5,NUEx030,CP,34,2.4,0.08804873,0.06536582,0.1463414579629898,0.2376237623762376,False
auditory,word_top5,NUEx030,CP,35,2.5,0.093414575,0.07146338,0.1463414579629898,0.39603960396039606,False
auditory,word_top5,NUEx030,CP,36,2.6,0.09536579,0.068048745,0.14756097048521036,0.2871287128712871,False
auditory,word_top5,NUEx030,CP,37,2.7,0.102438964,0.06829264,0.1463414579629898,0.1782178217821782,False
auditory,word_top5,NUEx030,CP,38,2.8,0.08097556,0.06146338,0.1463414579629898,0.24752475247524752,False
auditory,word_top5,NUEx030,CP,39,2.9,0.08731703,0.061707277,0.12195122241973877,0.25742574257425743,False
auditory,word_top5,NUEx030,CP,40,3.0,0.07048776,0.064390205,0.12195122241973877,0.5544554455445545,False
auditory,word_top5,NUEx030,CP,41,3.1,0.08121946,0.06829264,0.12317073419690125,0.27722772277227725,False
auditory,word_top5,NUEx030,CP,42,3.2,0.07731703,0.06219508,0.12195122241973877,0.21782178217821782,False
auditory,word_top5,NUEx030,CP,43,3.3,0.06487801,0.060243864,0.12195122241973877,0.49504950495049505,False
auditory,word_top5,NUEx030,CP,44,3.4,0.07146337,0.06097557,0.12195122241973877,0.43564356435643564,False
auditory,word_top5,NUEx030,CP,45,3.5,0.06292679,0.057073135,0.12195122241973877,0.4158415841584158,False
auditory,word_top5,NUEx030,CP,46,3.6,0.07243898,0.065609716,0.12195122241973877,0.5445544554455446,False
auditory,word_top5,NUEx030,CP,47,3.7,0.07024386,0.062438987,0.12195122241973877,0.48514851485148514,False
auditory,word_top5,NUEx030,CP,48,3.8,0.08073166,0.07073166,0.12195122241973877,0.3564356435643564,False
auditory,word_top5,NUEx030,CP,49,3.9,0.05926826,0.07048776,0.1463414579629898,0.5742574257425742,False
auditory,word_top5,NUEx030,CP,50,4.0,0.068048745,0.067804836,0.12195122241973877,0.5445544554455446,False
auditory,word_top5,NUEx030,CP,51,4.1,0.082438976,0.06268289,0.12195122241973877,0.25742574257425743,False
auditory,word_top5,NUEx030,CP,52,4.2,0.08804873,0.05853655,0.12195122241973877,0.2079207920792079,False
auditory,word_top5,NUEx030,CP,53,4.3,0.09951214,0.06268289,0.1463414579629898,0.1188118811881188,False
auditory,word_top5,NUEx030,CP,54,4.4,0.0960975,0.063170694,0.12195122241973877,0.24752475247524752,False
auditory,word_top5,NUEx030,CP,55,4.5,0.09463409,0.06682923,0.12195122241973877,0.297029702970297,False
auditory,word_top5,NUEx030,CP,56,4.6,0.091463365,0.06756094,0.1463414579629898,0.297029702970297,False
auditory,word_top5,NUEx030,CP,57,4.7,0.08756092,0.064634115,0.1463414579629898,0.24752475247524752,False
auditory,word_top5,NUEx030,CP,58,4.8,0.08731703,0.06829264,0.1463414579629898,0.297029702970297,False
auditory,word_top5,NUEx030,CP,59,4.9,0.08634141,0.059512157,0.12195122241973877,0.19801980198019803,False
auditory,word_top5,NUEx030,CP,60,5.0,0.0851219,0.07146338,0.1463414579629898,0.31683168316831684,False
auditory,word_top5,NUEx030,CP,61,5.1,0.08170727,0.061219476,0.12317073419690125,0.16831683168316833,False
auditory,word_top5,NUEx030,CP,62,5.2,0.06975606,0.07243898,0.12195122241973877,0.6138613861386139,False
auditory,word_top5,NUEx030,CP,63,5.3,0.07756093,0.07024386,0.12317073419690125,0.3564356435643564,False
auditory,word_top5,NUEx045,DR,0,-1.0,0.050625,0.038125,0.125,0.5148514851485149,False
auditory,word_top5,NUEx045,DR,1,-0.9,0.05125,0.0325,0.125,0.44554455445544555,False
auditory,word_top5,NUEx045,DR,2,-0.8,0.055,0.029375,0.125,0.38613861386138615,False
auditory,word_top5,NUEx045,DR,3,-0.7,0.051875,0.0325,0.125,0.4158415841584158,False
auditory,word_top5,NUEx045,DR,4,-0.6,0.0575,0.030625,0.06562499999999982,0.44554455445544555,False
auditory,word_top5,NUEx045,DR,5,-0.5,0.064375,0.035,0.125,0.09900990099009901,False
auditory,word_top5,NUEx045,DR,6,-0.4,0.075,0.03,0.125,0.0891089108910891,False
auditory,word_top5,NUEx045,DR,7,-0.3,0.076875,0.038125,0.125,0.1485148514851485,False
auditory,word_top5,NUEx045,DR,8,-0.2,0.0775,0.03125,0.125,0.10891089108910891,False
auditory,word_top5,NUEx045,DR,9,-0.1,0.07,0.025,0.0625,0.04950495049504951,False
auditory,word_top5,NUEx045,DR,10,0.0,0.081875,0.03375,0.125,0.10891089108910891,False
auditory,word_top5,NUEx045,DR,11,0.1,0.08875,0.04125,0.125,0.1188118811881188,False
auditory,word_top5,NUEx045,DR,12,0.2,0.089375,0.035625,0.125,0.10891089108910891,False
auditory,word_top5,NUEx045,DR,13,0.3,0.091875,0.0275,0.06562499999999982,0.0594059405940594,True
auditory,word_top5,NUEx045,DR,14,0.4,0.08875,0.02875,0.125,0.09900990099009901,False
auditory,word_top5,NUEx045,DR,15,0.5,0.0675,0.033125,0.125,0.0891089108910891,False
auditory,word_top5,NUEx045,DR,16,0.6,0.05375,0.03,0.125,0.4158415841584158,False
auditory,word_top5,NUEx045,DR,17,0.7,0.044375,0.03375,0.125,0.46534653465346537,False
auditory,word_top5,NUEx045,DR,18,0.8,0.041875,0.031875,0.125,0.42574257425742573,False
auditory,word_top5,NUEx045,DR,19,0.9,0.01875,0.03875,0.125,0.5247524752475248,False
auditory,word_top5,NUEx045,DR,20,1.0,0.0125,0.028125,0.125,0.3564356435643564,False
auditory,word_top5,NUEx045,DR,21,1.1,0.02,0.03125,0.125,0.4158415841584158,False
auditory,word_top5,NUEx045,DR,22,1.2,0.015625,0.033125,0.125,0.42574257425742573,False
auditory,word_top5,NUEx045,DR,23,1.3,0.01125,0.033125,0.125,0.43564356435643564,False
auditory,word_top5,NUEx045,DR,24,1.4,0.008125,0.02875,0.125,0.38613861386138615,False
auditory,word_top5,NUEx045,DR,25,1.5,0.0125,0.02625,0.125,0.3465346534653465,False
auditory,word_top5,NUEx045,DR,26,1.6,0.026875,0.035,0.125,0.45544554455445546,False
auditory,word_top5,NUEx045,DR,27,1.7,0.030625,0.02875,0.125,0.40594059405940597,False
auditory,word_top5,NUEx045,DR,28,1.8,0.026875,0.033125,0.125,0.43564356435643564,False
auditory,word_top5,NUEx045,DR,29,1.9,0.031875,0.028125,0.06562499999999982,0.40594059405940597,False
auditory,word_top5,NUEx045,DR,30,2.0,0.035,0.031875,0.125,0.45544554455445546,False
auditory,word_top5,NUEx045,DR,31,2.1,0.0325,0.029375,0.06562499999999982,0.42574257425742573,False
auditory,word_top5,NUEx045,DR,32,2.2,0.026875,0.04,0.125,0.49504950495049505,False
auditory,word_top5,NUEx045,DR,33,2.3,0.0275,0.04125,0.125,0.49504950495049505,False
auditory,word_top5,NUEx045,DR,34,2.4,0.020625,0.02375,0.06562499999999982,0.33663366336633666,False
auditory,word_top5,NUEx045,DR,35,2.5,0.020625,0.03,0.0625,0.44554455445544555,False
auditory,word_top5,NUEx045,DR,36,2.6,0.041875,0.038125,0.125,0.48514851485148514,False
auditory,word_top5,NUEx045,DR,37,2.7,0.038125,0.03,0.125,0.39603960396039606,False
auditory,word_top5,NUEx045,DR,38,2.8,0.04875,0.0375,0.125,0.44554455445544555,False
auditory,word_top5,NUEx045,DR,39,2.9,0.0575,0.03125,0.125,0.43564356435643564,False
auditory,word_top5,NUEx045,DR,40,3.0,0.06625,0.036875,0.125,0.09900990099009901,False
auditory,word_top5,NUEx045,DR,41,3.1,0.079375,0.03,0.125,0.07920792079207921,False
auditory,word_top5,NUEx045,DR,42,3.2,0.0825,0.0275,0.06562499999999982,0.0594059405940594,True
auditory,word_top5,NUEx045,DR,43,3.3,0.085,0.03,0.125,0.09900990099009901,False
auditory,word_top5,NUEx045,DR,44,3.4,0.09625,0.0325,0.125,0.07920792079207921,False
auditory,word_top5,NUEx045,DR,45,3.5,0.089375,0.038125,0.125,0.1188118811881188,False
auditory,word_top5,NUEx045,DR,46,3.6,0.076875,0.03125,0.125,0.07920792079207921,False
auditory,word_top5,NUEx045,DR,47,3.7,0.078125,0.036875,0.125,0.10891089108910891,False
auditory,word_top5,NUEx045,DR,48,3.8,0.088125,0.034375,0.125,0.13861386138613863,False
auditory,word_top5,NUEx045,DR,49,3.9,0.058125,0.029375,0.125,0.40594059405940597,False
auditory,word_top5,NUEx045,DR,50,4.0,0.069375,0.02875,0.0625,0.04950495049504951,True
auditory,word_top5,NUEx045,DR,51,4.1,0.084375,0.039375,0.125,0.13861386138613863,False
auditory,word_top5,NUEx045,DR,52,4.2,0.075625,0.039375,0.125,0.10891089108910891,False
auditory,word_top5,NUEx045,DR,53,4.3,0.054375,0.03125,0.125,0.42574257425742573,False
auditory,word_top5,NUEx045,DR,54,4.4,0.06,0.030625,0.125,0.42574257425742573,False
auditory,word_top5,NUEx045,DR,55,4.5,0.03875,0.033125,0.125,0.44554455445544555,False
auditory,word_top5,NUEx045,DR,56,4.6,0.0475,0.04,0.125,0.504950495049505,False
auditory,word_top5,NUEx045,DR,57,4.7,0.01875,0.035625,0.125,0.504950495049505,False
auditory,word_top5,NUEx045,DR,58,4.8,0.01875,0.038125,0.125,0.46534653465346537,False
auditory,word_top5,NUEx045,DR,59,4.9,0.036875,0.0275,0.06562499999999982,0.38613861386138615,False
auditory,word_top5,NUEx045,DR,60,5.0,0.033125,0.0375,0.125,0.4752475247524752,False
auditory,word_top5,NUEx045,DR,61,5.1,0.023125,0.02875,0.125,0.37623762376237624,False
auditory,word_top5,NUEx045,DR,62,5.2,0.0425,0.034375,0.125,0.48514851485148514,False
auditory,word_top5,NUEx045,DR,63,5.3,0.050625,0.03125,0.125,0.39603960396039606,False
auditory,word_top5,NUEx045,DR,64,5.4,0.045625,0.035,0.125,0.46534653465346537,False
auditory,word_top5,NUEx045,DR,65,5.5,0.050625,0.033125,0.125,0.4752475247524752,False
auditory,word_top5,NUEx045,DR,66,5.6,0.06125,0.038125,0.125,0.48514851485148514,False
auditory,word_top5,NUEx045,DR,67,5.7,0.051875,0.033125,0.125,0.46534653465346537,False
auditory,word_top5,NUEx045,DR,68,5.8,0.05375,0.04,0.125,0.5148514851485149,False
auditory,word_top5,NUEx038,LH,0,-1.0,0.08377361,0.04943399,0.09433962404727936,0.1485148514851485,False
auditory,word_top5,NUEx038,LH,1,-0.9,0.068867974,0.05622642,0.11320754885673523,0.36633663366336633,False
auditory,word_top5,NUEx038,LH,2,-0.8,0.07207551,0.04754719,0.09433962404727936,0.24752475247524752,False
auditory,word_top5,NUEx038,LH,3,-0.7,0.071509466,0.050754733,0.09433962404727936,0.297029702970297,False
auditory,word_top5,NUEx038,LH,4,-0.6,0.07000003,0.055094376,0.11320754885673523,0.3465346534653465,False
auditory,word_top5,NUEx038,LH,5,-0.5,0.06584909,0.055471726,0.1320754736661911,0.32673267326732675,False
auditory,word_top5,NUEx038,LH,6,-0.4,0.06603777,0.05603777,0.11320754885673523,0.33663366336633666,False
auditory,word_top5,NUEx038,LH,7,-0.3,0.06396231,0.048301913,0.0952830202877521,0.25742574257425743,False
auditory,word_top5,NUEx038,LH,8,-0.2,0.064717025,0.052452847,0.11320754885673523,0.3465346534653465,False
auditory,word_top5,NUEx038,LH,9,-0.1,0.064717025,0.04698115,0.09433962404727936,0.24752475247524752,False
auditory,word_top5,NUEx038,LH,10,0.0,0.051698152,0.05358493,0.11320754885673523,0.5445544554455446,False
auditory,word_top5,NUEx038,LH,11,0.1,0.046603795,0.05094342,0.0952830202877521,0.504950495049505,False
auditory,word_top5,NUEx038,LH,12,0.2,0.05377361,0.04849059,0.09433962404727936,0.49504950495049505,False
auditory,word_top5,NUEx038,LH,13,0.3,0.058301892,0.053962287,0.11320754885673523,0.32673267326732675,False
auditory,word_top5,NUEx038,LH,14,0.4,0.05528304,0.04943398,0.0952830202877521,0.46534653465346537,False
auditory,word_top5,NUEx038,LH,15,0.5,0.058301922,0.053584933,0.11320754885673523,0.33663366336633666,False
auditory,word_top5,NUEx038,LH,16,0.6,0.05075474,0.053396244,0.11320754885673523,0.5544554455445545,False
auditory,word_top5,NUEx038,LH,17,0.7,0.055283036,0.04943399,0.11320754885673523,0.44554455445544555,False
auditory,word_top5,NUEx038,LH,18,0.8,0.05867927,0.049245313,0.09433962404727936,0.27722772277227725,False
auditory,word_top5,NUEx038,LH,19,0.9,0.06452834,0.048867945,0.09433962404727936,0.24752475247524752,False
auditory,word_top5,NUEx038,LH,20,1.0,0.06433967,0.051886808,0.09433962404727936,0.27722772277227725,False
auditory,word_top5,NUEx038,LH,21,1.1,0.05905663,0.054150976,0.09433962404727936,0.3465346534653465,False
auditory,word_top5,NUEx038,LH,22,1.2,0.055849094,0.05169814,0.0952830202877521,0.504950495049505,False
auditory,word_top5,NUEx038,LH,23,1.3,0.06169815,0.05283022,0.09622641652822483,0.27722772277227725,False
auditory,word_top5,NUEx038,LH,24,1.4,0.053962283,0.05226416,0.11320754885673523,0.5544554455445545,False
auditory,word_top5,NUEx038,LH,25,1.5,0.054528326,0.05018868,0.09433962404727936,0.5544554455445545,False
auditory,word_top5,NUEx038,LH,26,1.6,0.056981158,0.050566044,0.11320754885673523,0.2871287128712871,False
auditory,word_top5,NUEx038,LH,27,1.7,0.05377361,0.050754756,0.0952830202877521,0.4752475247524752,False
auditory,word_top5,NUEx038,LH,28,1.8,0.053207584,0.053584933,0.09433962404727936,0.5742574257425742,False
auditory,word_top5,NUEx038,LH,29,1.9,0.066792496,0.054150973,0.09433962404727936,0.37623762376237624,False
auditory,word_top5,NUEx038,LH,30,2.0,0.068679295,0.057547193,0.11320754885673523,0.37623762376237624,False
auditory,word_top5,NUEx038,LH,31,2.1,0.051132094,0.05490567,0.11415094509720797,0.5445544554455446,False
auditory,word_top5,NUEx038,LH,32,2.2,0.04811323,0.051132094,0.09433962404727936,0.5643564356435643,False
auditory,word_top5,NUEx038,LH,33,2.3,0.052830216,0.056226447,0.11320754885673523,0.5841584158415841,False
auditory,word_top5,NUEx038,LH,34,2.4,0.060754746,0.050566055,0.0952830202877521,0.297029702970297,False
auditory,word_top5,NUEx038,LH,35,2.5,0.05396228,0.050000027,0.0952830202877521,0.48514851485148514,False
auditory,word_top5,NUEx038,LH,36,2.6,0.059811354,0.0475472,0.09433962404727936,0.18811881188118812,False
auditory,word_top5,NUEx038,LH,37,2.7,0.066226445,0.055660397,0.11320754885673523,0.33663366336633666,False
auditory,word_top5,NUEx038,LH,38,2.8,0.06339624,0.049622655,0.11320754885673523,0.27722772277227725,False
auditory,word_top5,NUEx038,LH,39,2.9,0.068679295,0.054150973,0.11320754885673523,0.297029702970297,False
auditory,word_top5,NUEx038,LH,40,3.0,0.073396266,0.047358498,0.09433962404727936,0.2079207920792079,False
auditory,word_top5,NUEx038,LH,41,3.1,0.06679249,0.047547184,0.0952830202877521,0.24752475247524752,False
auditory,word_top5,NUEx038,LH,42,3.2,0.074528344,0.0492453,0.09433962404727936,0.24752475247524752,False
auditory,word_top5,NUEx038,LH,43,3.3,0.07509436,0.056603804,0.11320754885673523,0.37623762376237624,False
auditory,word_top5,NUEx038,LH,44,3.4,0.08415096,0.04981134,0.09433962404727936,0.1188118811881188,False
auditory,word_top5,NUEx038,LH,45,3.5,0.09301891,0.053773597,0.11320754885673523,0.13861386138613863,False
auditory,word_top5,NUEx038,LH,46,3.6,0.08886796,0.052452855,0.0952830202877521,0.16831683168316833,False
auditory,word_top5,NUEx038,LH,47,3.7,0.086981155,0.047547188,0.09433962404727936,0.1485148514851485,False
auditory,word_top5,NUEx038,LH,48,3.8,0.08716984,0.054528333,0.09433962404727936,0.16831683168316833,False
auditory,word_top5,NUEx038,LH,49,3.9,0.086226456,0.05037737,0.09433962404727936,0.0891089108910891,False
auditory,word_top5,NUEx038,LH,50,4.0,0.07622645,0.0566038,0.0952830202877521,0.13861386138613863,False
auditory,word_top5,NUEx038,LH,51,4.1,0.064150974,0.0511321,0.11320754885673523,0.27722772277227725,False
auditory,word_top5,NUEx038,LH,52,4.2,0.072075516,0.050943427,0.09433962404727936,0.2871287128712871,False
auditory,word_top5,NUEx038,LH,53,4.3,0.055849086,0.053207573,0.09433962404727936,0.5445544554455446,False
auditory,word_top5,NUEx038,LH,54,4.4,0.067358546,0.05358493,0.11320754885673523,0.31683168316831684,False
auditory,word_top5,NUEx038,LH,55,4.5,0.057735883,0.050566062,0.09433962404727936,0.2871287128712871,False
auditory,word_top5,NUEx038,LH,56,4.6,0.060188703,0.054339647,0.0952830202877521,0.3069306930693069,False
auditory,word_top5,NUEx038,LH,57,4.7,0.05905663,0.052641526,0.11320754885673523,0.31683168316831684,False
auditory,word_top5,NUEx038,LH,58,4.8,0.058490586,0.045283027,0.09433962404727936,0.2376237623762376,False
auditory,word_top5,NUEx038,LH,59,4.9,0.06320758,0.048301905,0.09433962404727936,0.2871287128712871,False
auditory,word_top5,NUEx038,LH,60,5.0,0.063773625,0.04603774,0.09433962404727936,0.22772277227722773,False
auditory,word_top5,NUEx038,LH,61,5.1,0.05377362,0.05264153,0.11320754885673523,0.5643564356435643,False
auditory,word_top5,NUEx038,LH,62,5.2,0.053018898,0.05415097,0.11320754885673523,0.5148514851485149,False
auditory,word_top5,NUEx038,LH,63,5.3,0.059433993,0.049811333,0.09433962404727936,0.25742574257425743,False
auditory,word_top5,NUEx038,LH,64,5.4,0.05188681,0.049056616,0.09433962404727936,0.504950495049505,False
auditory,word_top5,NUEx038,LH,65,5.5,0.055471722,0.05603777,0.09433962404727936,0.5643564356435643,False
auditory,word_top5,NUEx038,LH,66,5.6,0.049056627,0.05547174,0.09433962404727936,0.594059405940594,False
auditory,word_top5,NUEx038,LH,67,5.7,0.050377384,0.059434008,0.11320754885673523,0.6534653465346535,False
auditory,word_top5,NUEx038,LH,68,5.8,0.045471713,0.05528304,0.11320754885673523,0.5544554455445545,False
auditory,word_top5,NUEx038,LH,69,5.9,0.04264151,0.053962298,0.11415094509720797,0.48514851485148514,False
auditory,word_top5,NUEx038,LH,70,6.0,0.041132092,0.055094365,0.09433962404727936,0.6534653465346535,False
auditory,word_top5,NUEx038,LH,71,6.1,0.05264153,0.052830208,0.11320754885673523,0.5346534653465347,False
auditory,word_top5,NUEx038,LH,72,6.2,0.059056625,0.052830216,0.09433962404727936,0.36633663366336633,False
auditory,word_top5,NUEx031,RB,0,-1.0,0.09619998,0.08019995,0.1599999964237213,0.37623762376237624,False
auditory,word_top5,NUEx031,RB,1,-0.9,0.08919995,0.07839995,0.1599999964237213,0.3564356435643564,False
auditory,word_top5,NUEx031,RB,2,-0.8,0.08479996,0.07259996,0.14000000059604645,0.297029702970297,False
auditory,word_top5,NUEx031,RB,3,-0.7,0.093199976,0.06899996,0.14000000059604645,0.2871287128712871,False
auditory,word_top5,NUEx031,RB,4,-0.6,0.09079996,0.08079995,0.1599999964237213,0.3564356435643564,False
auditory,word_top5,NUEx031,RB,5,-0.5,0.075199954,0.07639995,0.14000000059604645,0.5148514851485149,False
auditory,word_top5,NUEx031,RB,6,-0.4,0.090999976,0.07559995,0.1209999974817037,0.3465346534653465,False
auditory,word_top5,NUEx031,RB,7,-0.3,0.11099997,0.07819995,0.14100000038743013,0.2079207920792079,False
auditory,word_top5,NUEx031,RB,8,-0.2,0.1022,0.07059996,0.14000000059604645,0.1188118811881188,False
auditory,word_top5,NUEx031,RB,9,-0.1,0.109399974,0.07979995,0.14000000059604645,0.18811881188118812,False
auditory,word_top5,NUEx031,RB,10,0.0,0.09979998,0.07599995,0.14000000059604645,0.3465346534653465,False
auditory,word_top5,NUEx031,RB,11,0.1,0.09959999,0.072999954,0.14000000059604645,0.25742574257425743,False
auditory,word_top5,NUEx031,RB,12,0.2,0.0992,0.07499996,0.14000000059604645,0.3069306930693069,False
auditory,word_top5,NUEx031,RB,13,0.3,0.09720001,0.07859995,0.14000000059604645,0.37623762376237624,False
auditory,word_top5,NUEx031,RB,14,0.4,0.09319996,0.07619995,0.1209999974817037,0.37623762376237624,False
auditory,word_top5,NUEx031,RB,15,0.5,0.09419997,0.07439995,0.14100000038743013,0.2871287128712871,False
auditory,word_top5,NUEx031,RB,16,0.6,0.094399996,0.07659995,0.14100000038743013,0.32673267326732675,False
auditory,word_top5,NUEx031,RB,17,0.7,0.093199976,0.08219995,0.1599999964237213,0.37623762376237624,False
auditory,word_top5,NUEx031,RB,18,0.8,0.11400001,0.08379995,0.14000000059604645,0.22772277227722773,False
auditory,word_top5,NUEx031,RB,19,0.9,0.11940003,0.06919996,0.1209999974817037,0.13861386138613863,False
auditory,word_top5,NUEx031,RB,20,1.0,0.11419999,0.082799956,0.1599999964237213,0.21782178217821782,False
auditory,word_top5,NUEx031,RB,21,1.1,0.1314,0.07999995,0.14000000059604645,0.09900990099009901,False
auditory,word_top5,NUEx031,RB,22,1.2,0.12460001,0.07319996,0.14000000059604645,0.09900990099009901,False
auditory,word_top5,NUEx031,RB,23,1.3,0.122799985,0.07659995,0.14000000059604645,0.10891089108910891,False
auditory,word_top5,NUEx031,RB,24,1.4,0.13000003,0.08259995,0.1599999964237213,0.1485148514851485,False
auditory,word_top5,NUEx031,RB,25,1.5,0.12480003,0.08159994,0.1599999964237213,0.1485148514851485,False
auditory,word_top5,NUEx031,RB,26,1.6,0.112200014,0.07459995,0.14000000059604645,0.1782178217821782,False
auditory,word_top5,NUEx031,RB,27,1.7,0.1168,0.076799944,0.14000000059604645,0.1782178217821782,False
auditory,word_top5,NUEx031,RB,28,1.8,0.13040003,0.07719996,0.14000000059604645,0.12871287128712872,False
auditory,word_top5,NUEx031,RB,29,1.9,0.12999998,0.07819995,0.14000000059604645,0.07920792079207921,False
auditory,word_top5,NUEx031,RB,30,2.0,0.12460002,0.07599995,0.1209999974817037,0.0594059405940594,True
auditory,word_top5,NUEx031,RB,31,2.1,0.12760001,0.06799995,0.11999999731779099,0.04950495049504951,True
auditory,word_top5,NUEx031,RB,32,2.2,0.13640001,0.07599995,0.14000000059604645,0.09900990099009901,False
auditory,word_top5,NUEx031,RB,33,2.3,0.15480003,0.06979995,0.14100000038743013,0.0594059405940594,True
auditory,word_top5,NUEx031,RB,34,2.4,0.1704,0.07759995,0.11999999731779099,0.0297029702970297,True
auditory,word_top5,NUEx031,RB,35,2.5,0.17900002,0.07559995,0.14000000059604645,0.039603960396039604,True
auditory,word_top5,NUEx031,RB,36,2.6,0.18519999,0.07559995,0.14000000059604645,0.009900990099009901,True
auditory,word_top5,NUEx031,RB,37,2.7,0.17580003,0.07419995,0.14000000059604645,0.009900990099009901,True
auditory,word_top5,NUEx031,RB,38,2.8,0.18379997,0.07979994,0.14000000059604645,0.009900990099009901,True
auditory,word_top5,NUEx031,RB,39,2.9,0.19700003,0.081799954,0.14100000038743013,0.019801980198019802,True
auditory,word_top5,NUEx031,RB,40,3.0,0.19559994,0.08539996,0.1599999964237213,0.009900990099009901,True
auditory,word_top5,NUEx031,RB,41,3.1,0.1886,0.08039995,0.14000000059604645,0.009900990099009901,True
auditory,word_top5,NUEx031,RB,42,3.2,0.18680005,0.07279995,0.14000000059604645,0.009900990099009901,True
auditory,word_top5,NUEx031,RB,43,3.3,0.17740002,0.07579996,0.14000000059604645,0.009900990099009901,True
auditory,word_top5,NUEx031,RB,44,3.4,0.17599998,0.07599995,0.14000000059604645,0.019801980198019802,True
auditory,word_top5,NUEx031,RB,45,3.5,0.16620003,0.080599956,0.14000000059604645,0.0297029702970297,True
auditory,word_top5,NUEx031,RB,46,3.6,0.16340004,0.06679995,0.11999999731779099,0.019801980198019802,True
auditory,word_top5,NUEx031,RB,47,3.7,0.17660002,0.07359996,0.14100000038743013,0.019801980198019802,True
auditory,word_top5,NUEx031,RB,48,3.8,0.18540002,0.07619995,0.14000000059604645,0.009900990099009901,True
auditory,word_top5,NUEx031,RB,49,3.9,0.18300001,0.07859995,0.1599999964237213,0.0297029702970297,True
auditory,word_top5,NUEx031,RB,50,4.0,0.16820002,0.07499995,0.14000000059604645,0.009900990099009901,True
auditory,word_top5,NUEx031,RB,51,4.1,0.14760001,0.06899995,0.11999999731779099,0.019801980198019802,True
auditory,word_top5,NUEx031,RB,52,4.2,0.1402,0.06919996,0.11999999731779099,0.0297029702970297,True
auditory,word_top5,NUEx031,RB,53,4.3,0.14540006,0.076999955,0.1209999974817037,0.019801980198019802,True
auditory,word_top5,NUEx031,RB,54,4.4,0.11359999,0.07519995,0.1209999974817037,0.12871287128712872,False
auditory,word_top5,NUEx031,RB,55,4.5,0.11819999,0.07359996,0.1209999974817037,0.18811881188118812,False
auditory,word_top5,NUEx031,RB,56,4.6,0.104799986,0.07819995,0.14100000038743013,0.2376237623762376,False
auditory,word_top5,NUEx031,RB,57,4.7,0.109,0.07979995,0.14000000059604645,0.2079207920792079,False
auditory,word_top5,NUEx031,RB,58,4.8,0.09659997,0.08279995,0.14100000038743013,0.45544554455445546,False
auditory,word_top5,NUEx031,RB,59,4.9,0.097199984,0.07819995,0.14000000059604645,0.39603960396039606,False
auditory,word_top5,NUEx031,RB,60,5.0,0.09619997,0.08399996,0.14000000059604645,0.42574257425742573,False
auditory,word_top5,NUEx031,RB,61,5.1,0.11299998,0.07799995,0.14000000059604645,0.1485148514851485,False
auditory,word_top5,NUEx031,RB,62,5.2,0.10459999,0.07539995,0.11999999731779099,0.1782178217821782,False
auditory,word_top5,NUEx031,RB,63,5.3,0.09159998,0.07159995,0.14000000059604645,0.26732673267326734,False
auditory,word_top5,NUEx036,WBH,0,-1.0,0.07358026,0.049506184,0.09876543283462524,0.2376237623762376,False
auditory,word_top5,NUEx036,WBH,1,-0.9,0.06407409,0.04790125,0.08641975373029709,0.19801980198019803,False
auditory,word_top5,NUEx036,WBH,2,-0.8,0.071358025,0.04839507,0.08641975373029709,0.16831683168316833,False
auditory,word_top5,NUEx036,WBH,3,-0.7,0.06753088,0.041111123,0.08641975373029709,0.1188118811881188,False
auditory,word_top5,NUEx036,WBH,4,-0.6,0.06382717,0.046172842,0.07469135858118531,0.15841584158415842,False
auditory,word_top5,NUEx036,WBH,5,-0.5,0.061975315,0.04555557,0.08703703768551346,0.16831683168316833,False
auditory,word_top5,NUEx036,WBH,6,-0.4,0.07358026,0.0425926,0.07469135858118531,0.13861386138613863,False
auditory,word_top5,NUEx036,WBH,7,-0.3,0.07098767,0.043580256,0.08641975373029709,0.1188118811881188,False
auditory,word_top5,NUEx036,WBH,8,-0.2,0.09913583,0.04555558,0.07469135858118531,0.0297029702970297,False
auditory,word_top5,NUEx036,WBH,9,-0.1,0.11209874,0.046666674,0.08641975373029709,0.019801980198019802,False
auditory,word_top5,NUEx036,WBH,10,0.0,0.10209875,0.046790138,0.08703703768551346,0.019801980198019802,True
auditory,word_top5,NUEx036,WBH,11,0.1,0.10469136,0.04691359,0.08641975373029709,0.019801980198019802,True
auditory,word_top5,NUEx036,WBH,12,0.2,0.11419754,0.049012367,0.08641975373029709,0.019801980198019802,True
auditory,word_top5,NUEx036,WBH,13,0.3,0.11913582,0.04160495,0.08641975373029709,0.009900990099009901,True
auditory,word_top5,NUEx036,WBH,14,0.4,0.11518517,0.04728397,0.07469135858118531,0.009900990099009901,True
auditory,word_top5,NUEx036,WBH,15,0.5,0.12098762,0.052469138,0.09876543283462524,0.009900990099009901,True
auditory,word_top5,NUEx036,WBH,16,0.6,0.11925926,0.045061737,0.08641975373029709,0.039603960396039604,True
auditory,word_top5,NUEx036,WBH,17,0.7,0.11753086,0.04358025,0.08641975373029709,0.019801980198019802,True
auditory,word_top5,NUEx036,WBH,18,0.8,0.11580246,0.045432102,0.08641975373029709,0.019801980198019802,True
auditory,word_top5,NUEx036,WBH,19,0.9,0.09851852,0.042222243,0.08641975373029709,0.039603960396039604,True
auditory,word_top5,NUEx036,WBH,20,1.0,0.083086416,0.044197544,0.08641975373029709,0.09900990099009901,False
auditory,word_top5,NUEx036,WBH,21,1.1,0.076172836,0.04567903,0.08641975373029709,0.1188118811881188,False
auditory,word_top5,NUEx036,WBH,22,1.2,0.074814826,0.054691378,0.09876543283462524,0.18811881188118812,False
auditory,word_top5,NUEx036,WBH,23,1.3,0.07469136,0.0425926,0.07469135858118531,0.0594059405940594,True
auditory,word_top5,NUEx036,WBH,24,1.4,0.07617286,0.04419754,0.07469135858118531,0.0594059405940594,True
auditory,word_top5,NUEx036,WBH,25,1.5,0.06604937,0.045432113,0.08641975373029709,0.18811881188118812,False
auditory,word_top5,NUEx036,WBH,26,1.6,0.06777779,0.04481482,0.07469135858118531,0.1485148514851485,False
auditory,word_top5,NUEx036,WBH,27,1.7,0.06580249,0.048518527,0.08641975373029709,0.1782178217821782,False
auditory,word_top5,NUEx036,WBH,28,1.8,0.066913605,0.04308642,0.08641975373029709,0.18811881188118812,False
auditory,word_top5,NUEx036,WBH,29,1.9,0.07061729,0.04074075,0.07469135858118531,0.13861386138613863,False
auditory,word_top5,NUEx036,WBH,30,2.0,0.06666669,0.04530866,0.08703703768551346,0.15841584158415842,False
auditory,word_top5,NUEx036,WBH,31,2.1,0.074444465,0.042469148,0.07469135858118531,0.0594059405940594,False
auditory,word_top5,NUEx036,WBH,32,2.2,0.074074075,0.047037058,0.08641975373029709,0.22772277227722773,False
auditory,word_top5,NUEx036,WBH,33,2.3,0.08222223,0.046913605,0.08703703768551346,0.06930693069306931,False
auditory,word_top5,NUEx036,WBH,34,2.4,0.08308643,0.043456797,0.08641975373029709,0.0891089108910891,False
auditory,word_top5,NUEx036,WBH,35,2.5,0.08358026,0.0425926,0.08641975373029709,0.06930693069306931,False
auditory,word_top5,NUEx036,WBH,36,2.6,0.08246916,0.04604939,0.08641975373029709,0.1188118811881188,False
auditory,word_top5,NUEx036,WBH,37,2.7,0.0811111,0.049135827,0.08641975373029709,0.07920792079207921,False
auditory,word_top5,NUEx036,WBH,38,2.8,0.08802469,0.04691359,0.07469135858118531,0.019801980198019802,True
auditory,word_top5,NUEx036,WBH,39,2.9,0.080740765,0.044691373,0.08641975373029709,0.07920792079207921,False
auditory,word_top5,NUEx036,WBH,40,3.0,0.08913578,0.04419756,0.08641975373029709,0.04950495049504951,True
auditory,word_top5,NUEx036,WBH,41,3.1,0.08888886,0.047160506,0.08641975373029709,0.039603960396039604,True
auditory,word_top5,NUEx036,WBH,42,3.2,0.08469136,0.041481506,0.08641975373029709,0.0891089108910891,False
auditory,word_top5,NUEx036,WBH,43,3.3,0.08864198,0.048518535,0.08641975373029709,0.039603960396039604,True
auditory,word_top5,NUEx036,WBH,44,3.4,0.09197531,0.04567902,0.08641975373029709,0.039603960396039604,True
auditory,word_top5,NUEx036,WBH,45,3.5,0.104938276,0.04827161,0.08641975373029709,0.0297029702970297,True
auditory,word_top5,NUEx036,WBH,46,3.6,0.104567915,0.0460494,0.08641975373029709,0.009900990099009901,True
auditory,word_top5,NUEx036,WBH,47,3.7,0.11086417,0.05061732,0.08641975373029709,0.0297029702970297,True
auditory,word_top5,NUEx036,WBH,48,3.8,0.109999985,0.04506174,0.09938271678984162,0.0594059405940594,True
auditory,word_top5,NUEx036,WBH,49,3.9,0.110617265,0.04456792,0.07407407462596893,0.009900990099009901,True
auditory,word_top5,NUEx036,WBH,50,4.0,0.1011111,0.04567902,0.07469135858118531,0.009900990099009901,True
auditory,word_top5,NUEx036,WBH,51,4.1,0.10246913,0.04802471,0.08641975373029709,0.0297029702970297,True
auditory,word_top5,NUEx036,WBH,52,4.2,0.102716014,0.049629655,0.08641975373029709,0.019801980198019802,True
auditory,word_top5,NUEx036,WBH,53,4.3,0.10543209,0.047901254,0.08641975373029709,0.019801980198019802,True
auditory,word_top5,NUEx036,WBH,54,4.4,0.10074074,0.04716051,0.08641975373029709,0.019801980198019802,True
auditory,word_top5,NUEx036,WBH,55,4.5,0.096049406,0.042469148,0.07407407462596893,0.0297029702970297,True
auditory,word_top5,NUEx036,WBH,56,4.6,0.09172839,0.048641987,0.09938271678984162,0.06930693069306931,False
auditory,word_top5,NUEx036,WBH,57,4.7,0.100123435,0.048888892,0.08641975373029709,0.0297029702970297,True
auditory,word_top5,NUEx036,WBH,58,4.8,0.08160496,0.045185197,0.07469135858118531,0.0594059405940594,True
auditory,word_top5,NUEx036,WBH,59,4.9,0.08049384,0.04691359,0.08641975373029709,0.09900990099009901,False
auditory,word_top5,NUEx036,WBH,60,5.0,0.08382716,0.043703713,0.08641975373029709,0.06930693069306931,False
auditory,word_top5,NUEx036,WBH,61,5.1,0.08432098,0.050370406,0.08641975373029709,0.09900990099009901,False
auditory,word_top5,NUEx036,WBH,62,5.2,0.07641977,0.04493828,0.08641975373029709,0.06930693069306931,False
auditory,word_top5,NUEx036,WBH,63,5.3,0.07456791,0.050493825,0.08641975373029709,0.12871287128712872,False
auditory,word_top5,NUEx036,WBH,64,5.4,0.074074075,0.04567903,0.08641975373029709,0.19801980198019803,False
auditory,word_top5,NUEx036,WBH,65,5.5,0.0714815,0.042592593,0.07407407462596893,0.13861386138613863,False
auditory,word_top5,NUEx036,WBH,66,5.6,0.074814826,0.045925945,0.08641975373029709,0.1188118811881188,False
auditory,word_top5,NUEx036,WBH,67,5.7,0.06506172,0.046666685,0.08641975373029709,0.1782178217821782,False
auditory,word_top5,NUEx036,WBH,68,5.8,0.068641976,0.043827165,0.08641975373029709,0.15841584158415842,False
auditory,word_top5,NUEx036,WBH,69,5.9,0.059259284,0.04851854,0.08703703768551346,0.3465346534653465,False
auditory,word_top5,NUEx036,WBH,70,6.0,0.061111122,0.042345695,0.08641975373029709,0.2871287128712871,False
auditory,word_top5,NUEx036,WBH,71,6.1,0.06666669,0.051111113,0.09876543283462524,0.24752475247524752,False
auditory,word_top5,NUEx036,WBH,72,6.2,0.062469147,0.048888907,0.09876543283462524,0.24752475247524752,False
