word,freq_rank,log_freq,concreteness,is_stimulus,pos
abat,1317316,-6.119690296438454,,True,noun
abear,1911240,-6.281315453340173,,True,noun
abed,261658,-5.417735677287477,,True,noun
aboat,775253,-5.8894440157006525,,True,noun
abook,654814,-5.816118619338887,,True,noun
abus,380173,-5.579982412259468,,True,noun
acan,748625,-5.874264906214745,,True,noun
acar,684831,-5.835584045329618,,True,noun
adate,2151332,-6.332707639057471,,True,noun
adog,1800111,-6.255299527030395,,True,noun
ahead,1834,-3.263636068588108,,True,noun
airplane,12180,-4.085682943194615,,True,noun
akey,1123242,-6.050473720769762,,True,noun
amphibian,80079,-4.903524064471262,,True,noun
anear,1371112,-6.137073248556205,,True,noun
animal,2479,-3.3944516808262164,,True,noun
apple,4978,-3.6971421262754594,,True,noun
arm,3253,-3.51241754860084,,True,noun
banana,11213,-4.049760551762476,,True,noun
bank,1746,-3.2422929049829308,,True,noun
bat,8489,-3.928907690243953,,True,noun
beach,1780,-3.2506639194632436,,True,noun
bean,11648,-4.06628864526571,,True,noun
bear,3643,-3.5615783683009608,,True,noun
bed,1219,-3.0863598306747484,,True,noun
bee,13983,-4.145631415290328,,True,noun
berry,16446,-4.216086692421913,,True,noun
bicycle,9157,-3.9618006391916785,,True,noun
bike,2389,-3.3783979009481375,,True,noun
bird,4331,-3.636688447953283,,True,noun
boat,2633,-3.420615770625765,,True,noun
book,310,-2.4927603890268375,,True,noun
bus,2469,-3.392696953259666,,True,noun
cab,12153,-4.084719232011298,,True,noun
can,41,-1.6232492903979006,,True,noun
canoe,24242,-4.3845863614855185,,True,noun
car,354,-2.550228353055094,,True,noun
cat,2715,-3.433929765608464,,True,noun
chair,3463,-3.539577883345309,,True,noun
change,370,-2.569373909615046,,True,noun
cherry,9896,-3.995503570265006,,True,noun
chocolate,2989,-3.4756711883244296,,True,noun
cookie,7433,-3.871222556759707,,True,noun
cow,10354,-4.015150103229471,,True,noun
crab,16225,-4.210211471641834,,True,noun
crane,22438,-4.351003498566344,,True,noun
dairy,10626,-4.026410680578774,,True,noun
date,740,-2.869818207979328,,True,noun
deer,8738,-3.94146173934733,,True,noun
dog,1157,-3.0637085593914173,,True,noun
doggy,30149,-4.47928731647617,,True,noun
duck,10829,-4.03462845662532,,True,noun
ear,5100,-3.707655323531187,,True,noun
elk,28731,-4.458365857761262,,True,noun
excavator,66351,-4.821854018019943,,True,noun
fall,1213,-3.0842186867392387,,True,noun
fan,1460,-3.1646502159342966,,True,noun
fashion,1908,-3.280805928393667,,True,noun
field,835,-2.9222062774390163,,True,noun
fig,29145,-4.464578960565791,,True,noun
finger,4770,-3.6786094165589263,,True,noun
fish,1762,-3.246252312299322,,True,noun
flower,4193,-3.622628426129325,,True,noun
fly,2981,-3.474507639116976,,True,noun
foot,2082,-3.318689269947746,,True,noun
forward,942,-2.9745116927373285,,True,noun
free,195,-2.292256071356476,,True,noun
frog,16973,-4.229784197840634,,True,noun
fruit,3065,-3.4865721505183562,,True,noun
goat,14404,-4.158513262616432,,True,noun
grape,17200,-4.235553695852755,,True,noun
hammer,12123,-4.083645927695585,,True,noun
hand,529,-2.724275869600789,,True,noun
head,525,-2.7209857441537393,,True,noun
hill,5592,-3.747644819328248,,True,noun
hurricane,13683,-4.136213065513025,,True,noun
island,2921,-3.465680211598278,,True,noun
january,29504,-4.469895618975018,,True,noun
kale,34173,-4.5336958150954265,,True,noun
key,807,-2.907411360774586,,True,noun
knife,6313,-3.8003045775561985,,True,noun
ladder,12267,-4.088773767310448,,True,noun
lady,3362,-3.5267268673146357,,True,noun
lasagna,42183,-4.625147758323408,,True,noun
leaf,7843,-3.8945375849957466,,True,noun
leg,3208,-3.506369717095504,,True,noun
lemon,7094,-3.850952399793493,,True,noun
lime,12209,-4.086715663944882,,True,noun
lock,4773,-3.6788824146707357,,True,noun
lung,9634,-3.9838517189914717,,True,noun
man,309,-2.4913616938342726,,True,noun
mango,22637,-4.354838055584639,,True,noun
match,1416,-3.1513698502474603,,True,noun
milk,2968,-3.472610197596045,,True,noun
mint,11972,-4.078202982503686,,True,noun
miss,1859,-3.2695129442179165,,True,noun
moose,29484,-4.469601132113826,,True,noun
mountain,3554,-3.550839605065785,,True,noun
mouse,4431,-3.646599751720373,,True,noun
mouth,2308,-3.3634239329171765,,True,noun
muscle,3861,-3.5868122694433757,,True,noun
nail,7337,-3.865577707419929,,True,noun
nose,4566,-3.6596310116070008,,True,noun
note,1255,-3.0989896394011773,,True,noun
nut,10687,-4.028896445131471,,True,noun
ocean,4915,-3.6916118742144164,,True,noun
orange,4356,-3.639187559935754,,True,noun
park,1933,-3.286456469746983,,True,noun
peach,20025,-4.301594211829356,,True,noun
pear,23678,-4.374363357525028,,True,noun
pizza,5964,-3.775610448006361,,True,noun
plane,3957,-3.5974757898703773,,True,noun
plateau,27273,-4.435748836164376,,True,noun
river,3179,-3.5024271199844326,,True,noun
salamander,96483,-4.984455299998372,,True,noun
save,962,-2.9836262871245345,,True,noun
saving,3941,-3.5957166199434245,,True,noun
saw,795,-2.900913067737669,,True,noun
screwdriver,32683,-4.514335201826775,,True,noun
seal,7057,-3.8486816540239506,,True,noun
semi,14514,-4.161817040167692,,True,noun
semitruck,1207694,-6.0819572682737295,,True,noun
shark,14246,-4.153723424301681,,True,noun
sky,4027,-3.6050894618815805,,True,noun
slinky,79448,-4.900088435247425,,True,noun
soup,6295,-3.799064719351008,,True,noun
spring,2085,-3.319314304090512,,True,noun
strawberry,16759,-4.224274014294258,,True,noun
subway,14758,-4.169056932744852,,True,noun
taxi,10179,-4.00774777800074,,True,noun
taxicab,116464,-5.06619543102185,,True,noun
theheart,1005260,-6.002278834038727,,True,noun
toad,48823,-4.688633356948537,,True,noun
toe,8921,-3.950462218905598,,True,noun
train,2192,-3.341038631677523,,True,noun
travel,995,-2.998259338423699,,True,noun
tree,1974,-3.295567099962479,,True,noun
truck,2909,-3.4638929889859074,,True,noun
wasp,56411,-4.751371497235877,,True,noun
wheat,8279,-3.9180303367848803,,True,noun
wrench,25085,-4.399431417934059,,True,noun
minute,530,-2.725094521081469,,False,noun
north,531,-2.7259116322950483,,False,noun
hope,534,-2.7283537820212285,,False,noun
type,537,-2.7307822756663893,,False,noun
software,542,-2.734799829588847,,False,noun
season,543,-2.73559889969818,,False,noun
thanks,546,-2.737987326333431,,False,noun
example,549,-2.7403626894942437,,False,noun
four,550,-2.741151598851785,,False,noun
community,551,-2.741939077729199,,False,noun
review,555,-2.7450747915820575,,False,noun
million,557,-2.7466341989375787,,False,noun
idea,558,-2.747411807886423,,False,noun
access,560,-2.7489628612561616,,False,noun
contact,563,-2.751279103983342,,False,noun
men,566,-2.7535830588929064,,False,noun
value,572,-2.75815462196739,,False,noun
phone,574,-2.7596678446896306,,False,noun
email,576,-2.7611758131557314,,False,noun
nothing,578,-2.762678563727436,,False,noun
current,584,-2.7671558660821804,,False,noun
research,589,-2.7708520116421442,,False,noun
mind,590,-2.7715874808812555,,False,noun
question,591,-2.77232170672292,,False,noun
young,597,-2.776701183988411,,False,noun
development,602,-2.780317312140151,,False,noun
movie,603,-2.7810369386211318,,False,noun
internet,604,-2.781755374652469,,False,noun
link,607,-2.783903579272735,,False,noun
version,611,-2.7867514221455614,,False,noun
article,612,-2.787460474518415,,False,noun
event,613,-2.788168371141168,,False,noun
size,617,-2.790988475088816,,False,noun
west,618,-2.791690649020118,,False,noun
word,620,-2.79309160017658,,False,noun
face,621,-2.7937903846908188,,False,noun
feature,623,-2.795184589682424,,False,noun
history,630,-2.8000293592441343,,False,noun
tag,631,-2.800717078282385,,False,noun
series,633,-2.802089257881733,,False,noun
america,634,-2.8027737252919755,,False,noun
cost,637,-2.8048206787211623,,False,noun
song,644,-2.8095597146352675,,False,noun
front,646,-2.8109042806687006,,False,noun
class,653,-2.815577748324267,,False,noun
law,655,-2.8169038393756605,,False,noun
sex,658,-2.8188854145940097,,False,noun
share,659,-2.8195439355418688,,False,noun
film,667,-2.824776462475546,,False,noun
window,670,-2.826722520168992,,False,noun
reply,673,-2.82865989653532,,False,noun
reason,674,-2.829303772831025,,False,noun
detail,676,-2.8305886686851442,,False,noun
party,678,-2.8318697742805017,,False,noun
card,684,-2.8356905714924254,,False,noun
range,685,-2.8363241157067516,,False,noun
report,686,-2.8369567370595505,,False,noun
sale,687,-2.837588438235511,,False,noun
property,690,-2.8394780473741985,,False,noun
hotel,695,-2.842609239610562,,False,noun
issue,698,-2.8444771757456815,,False,noun
heart,703,-2.847572659142112,,False,noun
computer,704,-2.848189116991399,,False,noun
office,705,-2.8488047010518036,,False,noun
kid,707,-2.850033257689769,,False,noun
stop,709,-2.8512583487190755,,False,noun
english,711,-2.8524799936368566,,False,noun
friday,713,-2.8536982117761744,,False,noun
art,716,-2.8555191556678,,False,noun
management,721,-2.858537197569639,,False,noun
content,723,-2.859738566197147,,False,noun
mile,728,-2.8627275283179747,,False,noun
credit,729,-2.863322860120456,,False,noun
couple,731,-2.864511081058392,,False,noun
industry,732,-2.8651039746411278,,False,noun
age,736,-2.8674674878590514,,False,noun
air,737,-2.8680563618230415,,False,noun
five,739,-2.8692317197309762,,False,noun
street,745,-2.8727388274726686,,False,noun
study,746,-2.873320601815399,,False,noun
space,751,-2.876217840591642,,False,noun
photo,752,-2.8767949762007006,,False,noun
matter,755,-2.8785217955012063,,False,noun
david,758,-2.88024177589548,,False,noun
image,761,-2.8819549713396007,,False,noun
performance,762,-2.8825245379548803,,False,noun
medium,763,-2.8830933585756897,,False,noun
girl,771,-2.887617300335736,,False,noun
style,772,-2.888179493918325,,False,noun
london,773,-2.8887409606828927,,False,noun
energy,779,-2.8920946026904804,,False,noun
technology,785,-2.895422546039408,,False,noun
action,789,-2.8976270912904414,,False,noun
rate,791,-2.8987251815894934,,False,noun
google,793,-2.8998205024270964,,False,noun
insurance,796,-2.9014583213961123,,False,noun
code,799,-2.9030899869919438,,False,noun
sunday,806,-2.90687353472207,,False,noun
stuff,808,-2.9079485216122722,,False,noun
saturday,814,-2.9111576087399764,,False,noun
california,818,-2.9132839017604186,,False,noun
guy,824,-2.916453948549925,,False,noun
amount,828,-2.9185545305502734,,False,noun
store,829,-2.9190780923760737,,False,noun
position,833,-2.921166050637739,,False,noun
interest,836,-2.92272545799326,,False,noun
red,837,-2.9232440186302764,,False,noun
yes,844,-2.926856708949692,,False,noun
item,847,-2.9283958522567137,,False,noun
percent,851,-2.9304395947667,,False,noun
picture,859,-2.934498451243568,,False,noun
cause,860,-2.935003151453655,,False,noun
favorite,865,-2.937517892017347,,False,noun
color,866,-2.9380190974762104,,False,noun
paper,872,-2.9410142437055695,,False,noun
morning,884,-2.9469432706978256,,False,noun
model,885,-2.9474337218870508,,False,noun
user,887,-2.948412965778601,,False,noun
usa,888,-2.9489017609702137,,False,noun
jan,893,-2.951337518795918,,False,noun
lead,896,-2.952792443044092,,False,noun
security,898,-2.9537596917332287,,False,noun
application,899,-2.9542425094393248,,False,noun
staff,903,-2.9561684304753633,,False,noun
period,906,-2.957607287060095,,False,noun
account,907,-2.958085848521085,,False,noun
third,910,-2.9595183769729982,,False,noun
college,911,-2.959994838328416,,False,noun
addition,914,-2.9614210940664485,,False,noun
washington,916,-2.962369335670021,,False,noun
subject,917,-2.9628426812012423,,False,noun
record,918,-2.9633155113861114,,False,noun
monday,922,-2.965201701025912,,False,noun
hair,924,-2.9661417327390325,,False,noun
president,925,-2.966610986681934,,False,noun
james,929,-2.9684829485539352,,False,noun
source,932,-2.9698816437465,,False,noun
customer,937,-2.9722028383790646,,False,noun
sense,938,-2.972665592266111,,False,noun
weight,943,-2.974971994298069,,False,noun
green,949,-2.9777236052888476,,False,noun
oil,950,-2.978180516937414,,False,noun
player,952,-2.979092900638326,,False,noun
east,954,-2.9800033715837464,,False,noun
road,955,-2.9804578922761,,False,noun
death,959,-2.9822712330395684,,False,noun
network,966,-2.9854264740830017,,False,noun
education,968,-2.986323777050765,,False,noun
treatment,972,-2.988112840268352,,False,noun
paul,975,-2.9894498176666917,,False,noun
baby,979,-2.9912260756924947,,False,noun
section,984,-2.9934362304976116,,False,noun
choice,991,-2.9965116721541785,,False,noun
feb,993,-2.997386384397313,,False,noun
christmas,994,-2.9978230807457256,,False,noun
michael,1000,-3.000434077479319,,False,noun
china,1002,-3.0013009330204183,,False,noun
increase,1007,-3.0034605321095067,,False,noun
chance,1008,-3.0038911662369103,,False,noun
worth,1016,-3.0073209529227447,,False,noun
department,1017,-3.00774777800074,,False,noun
thursday,1019,-3.0086001717619175,,False,noun
release,1020,-3.0090257420869104,,False,noun
box,1022,-3.00987563371216,,False,noun
location,1025,-3.0111473607757975,,False,noun
town,1031,-3.0136796972911926,,False,noun
tuesday,1034,-3.0149403497929366,,False,noun
eye,1035,-3.0153597554092144,,False,noun
texas,1037,-3.016197353512439,,False,noun
board,1040,-3.017450729510536,,False,noun
wednesday,1041,-3.0178677189635055,,False,noun
term,1051,-3.02201573981772,,False,noun
club,1052,-3.0224283711854865,,False,noun
text,1057,-3.024485667699167,,False,noun
table,1060,-3.025715383901341,,False,noun
summer,1065,-3.0277572046905536,,False,noun
canada,1070,-3.029789470831856,,False,noun
loss,1071,-3.030194785356751,,False,noun
option,1081,-3.0342272607705505,,False,noun
india,1085,-3.035829825252828,,False,noun
standard,1086,-3.0362295440862948,,False,noun
opportunity,1089,-3.037426497940624,,False,noun
step,1091,-3.0382226383687185,,False,noun
role,1092,-3.038620161949703,,False,noun
parent,1098,-3.0409976924234905,,False,noun
collection,1100,-3.041787318971752,,False,noun
method,1103,-3.0429690733931802,,False,noun
piece,1104,-3.0433622780211294,,False,noun
practice,1107,-3.044539760392411,,False,noun
title,1108,-3.04493154614916,,False,noun
skin,1109,-3.0453229787866576,,False,noun
six,1111,-3.0461047872460387,,False,noun
policy,1114,-3.0472748673841794,,False,noun
door,1115,-3.04766419460156,,False,noun
mar,1116,-3.048053173115609,,False,noun
purchase,1117,-3.0484418035504044,,False,noun
wife,1119,-3.0492180226701815,,False,noun
dvd,1121,-3.0499928569201424,,False,noun
knowledge,1125,-3.0515383905153275,,False,noun
stock,1126,-3.0519239160461065,,False,noun
production,1127,-3.0523090996473234,,False,noun
war,1129,-3.0530784434834195,,False,noun
risk,1132,-3.0542299098633974,,False,noun
son,1134,-3.0549958615291417,,False,noun
track,1142,-3.0580462303952816,,False,noun
effect,1152,-3.061829307294699,,False,noun
moment,1158,-3.064083435963596,,False,noun
activity,1159,-3.0644579892269186,,False,noun
apr,1163,-3.06595298031387,,False,noun
land,1164,-3.0663259253620376,,False,noun
band,1170,-3.068556895072363,,False,noun
church,1171,-3.068927611682072,,False,noun
info,1174,-3.070037866607755,,False,noun
success,1176,-3.0707764628434346,,False,noun
screen,1180,-3.072249897613515,,False,noun
lake,1181,-3.0726174765452368,,False,noun
oct,1190,-3.0759117614827773,,False,noun
album,1191,-3.076276255404218,,False,noun
fire,1192,-3.076640443670342,,False,noun
language,1195,-3.077731179652392,,False,noun
dec,1196,-3.0780941504064105,,False,noun
potential,1197,-3.0784568180532927,,False,noun
device,1198,-3.0788191830988487,,False,noun
attention,1201,-3.079904467666721,,False,noun
equipment,1204,-3.080987046910887,,False,noun
florida,1206,-3.081707270097349,,False,noun
king,1208,-3.0824263008607717,,False,noun
mother,1210,-3.0831441431430524,,False,noun
ability,1211,-3.0835026198302673,,False,noun
variety,1218,-3.0860037056183818,,False,noun
nov,1228,-3.089551882886454,,False,noun
blood,1231,-3.090610707828407,,False,noun
response,1235,-3.092018470752797,,False,noun
focus,1238,-3.0930713063760633,,False,noun
resource,1246,-3.0958664534785427,,False,noun
weekend,1250,-3.09725730969342,,False,noun
wedding,1252,-3.09795107099415,,False,noun
growth,1254,-3.098643725817057,,False,noun
speed,1261,-3.1010593549081156,,False,noun
base,1262,-3.101403350555331,,False,noun
trip,1263,-3.1017470739463664,,False,noun
decision,1264,-3.1020905255118367,,False,noun
sun,1266,-3.1027766148834415,,False,noun
pain,1267,-3.1031192535457137,,False,noun
plus,1268,-3.103461622094705,,False,noun
environment,1271,-3.104487111312395,,False,noun
skill,1279,-3.1072099696478683,,False,noun
court,1284,-3.1089031276673134,,False,noun
condition,1285,-3.109240968588203,,False,noun
career,1286,-3.1095785469043866,,False,noun
character,1289,-3.110589710299249,,False,noun
voice,1290,-3.1109262422664203,,False,noun
solution,1294,-3.1122697684172707,,False,noun
mark,1297,-3.1132746924643504,,False,noun
aug,1298,-3.1136091510730277,,False,noun
association,1299,-3.113943352306837,,False,noun
police,1301,-3.114610984232173,,False,noun
round,1306,-3.116275587580544,,False,noun
difference,1309,-3.1172712956557644,,False,noun
patient,1310,-3.117602691690084,,False,noun
sign,1315,-3.1192558892779365,,False,noun
tool,1318,-3.1202447955463652,,False,noun
function,1324,-3.1222158782728267,,False,noun
situation,1325,-3.1225435240687545,,False,noun
sep,1326,-3.1228709228644354,,False,noun
stand,1333,-3.12515582958053,,False,noun
europe,1334,-3.125481265700594,,False,noun
george,1336,-3.1261314072619846,,False,noun
display,1338,-3.126780577012009,,False,noun
french,1340,-3.127428777851599,,False,noun
floor,1341,-3.1277525158329733,,False,noun
gift,1342,-3.1280760126687155,,False,noun
race,1343,-3.1283992687178066,,False,noun
star,1349,-3.130333768495006,,False,noun
camera,1351,-3.130976691605617,,False,noun
guide,1353,-3.1316186643491255,,False,noun
jesus,1357,-3.132899769944483,,False,noun
safety,1359,-3.1335389083702174,,False,noun
pas,1361,-3.1341771075767664,,False,noun
engine,1362,-3.1344958558346736,,False,noun
estate,1363,-3.13481437032046,,False,noun
goal,1364,-3.1351326513767748,,False,noun
sport,1368,-3.13640344813399,,False,noun
british,1372,-3.137670537236755,,False,noun
england,1373,-3.137986732723532,,False,noun
nature,1374,-3.1383026981662816,,False,noun
entry,1384,-3.1414497734004674,,False,noun
claim,1390,-3.143327129992046,,False,noun
relationship,1391,-3.1436392352745433,,False,noun
benefit,1392,-3.1439511164239633,,False,noun
machine,1398,-3.1458177144918276,,False,noun
approach,1399,-3.146128035678238,,False,noun
science,1400,-3.1464381352857744,,False,noun
robert,1401,-3.14674801363064,,False,noun
brand,1407,-3.1486026548060932,,False,noun
brown,1415,-3.15106325335375,,False,noun
unit,1422,-3.153204900084284,,False,noun
bar,1437,-3.1577588860468637,,False,noun
father,1440,-3.1586639808139894,,False,noun
forum,1441,-3.15896526038341,,False,noun
sort,1451,-3.161966616364075,,False,noun
client,1455,-3.1631613749770184,,False,noun
australia,1457,-3.163757523981956,,False,noun
chicago,1463,-3.165541076722373,,False,noun
memory,1464,-3.1658376246901283,,False,noun
bill,1465,-3.166133970305109,,False,noun
advice,1467,-3.166726055580052,,False,noun
trade,1478,-3.1699681739968923,,False,noun
multiple,1480,-3.1705550585212086,,False,noun
pressure,1488,-3.1728946977521764,,False,noun
fight,1491,-3.17376882313665,,False,noun
analysis,1497,-3.1755118133634475,,False,noun
gas,1498,-3.1758016328482794,,False,noun
organization,1503,-3.1772478362556233,,False,noun
council,1505,-3.177824971864682,,False,noun
european,1507,-3.178401341533755,,False,noun
gold,1514,-3.180412632838324,,False,noun
description,1516,-3.1809855807867304,,False,noun
stage,1518,-3.1815577738627865,,False,noun
author,1520,-3.182129214052998,,False,noun
channel,1524,-3.1832698436828046,,False,noun
category,1525,-3.1835545336188615,,False,noun
twitter,1526,-3.1838390370564214,,False,noun
valley,1528,-3.1844074854123203,,False,noun
ball,1537,-3.1869563354654122,,False,noun
bay,1543,-3.188647295999717,,False,noun
bottom,1544,-3.1889284837608534,,False,noun
server,1545,-3.189209489582306,,False,noun
copy,1546,-3.1894903136993675,,False,noun
rule,1547,-3.189770956346874,,False,noun
smith,1552,-3.1911714557285586,,False,noun
force,1556,-3.1922886125681202,,False,noun
cell,1570,-3.1961761850399735,,False,noun
mike,1571,-3.196452541703389,,False,noun
region,1578,-3.1983821300082944,,False,noun
wall,1587,-3.2008504980910772,,False,noun
cash,1591,-3.20194306340165,,False,noun
lord,1600,-3.2043913319193,,False,noun
evidence,1602,-3.204933522354145,,False,noun
surface,1603,-3.2052043639481447,,False,noun
vehicle,1608,-3.2065560440990297,,False,noun
effort,1609,-3.2068258760318495,,False,noun
heat,1611,-3.2073650374690716,,False,noun
impact,1618,-3.2092468487533736,,False,noun
construction,1622,-3.210318519826232,,False,noun
mary,1625,-3.2111205412580492,,False,noun
finish,1629,-3.2121876044039577,,False,noun
selection,1631,-3.2127201544178425,,False,noun
daughter,1633,-3.2132520521963968,,False,noun
rock,1635,-3.2137832993353044,,False,noun
thomas,1636,-3.2140486794119414,,False,noun
figure,1639,-3.214843848047698,,False,noun
husband,1641,-3.215373152783422,,False,noun
degree,1642,-3.215637563435062,,False,noun
boy,1643,-3.215901813204032,,False,noun
cancer,1644,-3.216165902285993,,False,noun
purpose,1653,-3.218535505216528,,False,noun
requirement,1659,-3.220108088040055,,False,noun
copyright,1660,-3.2203696324513946,,False,noun
peter,1661,-3.220631019448092,,False,noun
vote,1662,-3.2208922492195193,,False,noun
loan,1664,-3.2214142378423385,,False,noun
chinese,1670,-3.2229764498933915,,False,noun
disease,1673,-3.2237554536572413,,False,noun
glass,1678,-3.225050696138049,,False,noun
basis,1685,-3.2268575702887237,,False,noun
indian,1686,-3.2271150825891253,,False,noun
connection,1700,-3.230704313612569,,False,noun
profile,1705,-3.231979026831504,,False,noun
budget,1709,-3.2329961103921536,,False,noun
campaign,1712,-3.2337573629655103,,False,noun
district,1715,-3.2345172835126865,,False,noun
culture,1719,-3.2355284469075487,,False,noun
opinion,1722,-3.2362852774480286,,False,noun
director,1724,-3.2367890994092927,,False,noun
traffic,1725,-3.237040791379191,,False,noun
pool,1728,-3.2377949932739227,,False,noun
opening,1729,-3.2380461031287955,,False,noun
print,1730,-3.238297067875394,,False,noun
owner,1731,-3.2385478876813276,,False,noun
statement,1732,-3.238798562713917,,False,noun
delivery,1737,-3.2400497721126476,,False,noun
hall,1738,-3.2402995820027125,,False,noun
tour,1741,-3.241048150671644,,False,noun
button,1742,-3.2412973871099933,,False,noun
overall,1743,-3.2415464805965484,,False,noun
income,1744,-3.241795431295199,,False,noun
radio,1747,-3.2425414282983844,,False,noun
truth,1748,-3.2427898094786767,,False,noun
kitchen,1752,-3.243781916093795,,False,noun
economy,1758,-3.245265839457461,,False,noun
conference,1760,-3.245759355967277,,False,noun
storage,1764,-3.2467447097238415,,False,noun
respect,1765,-3.24699069924155,,False,noun
holiday,1766,-3.247236549506764,,False,noun
damage,1775,-3.249442961442582,,False,noun
pro,1785,-3.2518814545525276,,False,noun
employee,1786,-3.252124552505644,,False,noun
notice,1787,-3.2523675144598987,,False,noun
france,1790,-3.2530955858490316,,False,noun
letter,1792,-3.253580289562183,,False,noun
tom,1797,-3.25478968739721,,False,noun
discussion,1807,-3.2571984261393445,,False,noun
background,1808,-3.257438566859814,,False,noun
scene,1812,-3.258397804095509,,False,noun
topic,1814,-3.258876629372131,,False,noun
journal,1815,-3.2591158441850663,,False,noun
wonder,1817,-3.2595938788859486,,False,noun
mine,1819,-3.2600713879850747,,False,noun
sleep,1820,-3.26030994579492,,False,noun
package,1829,-3.2624510897304293,,False,noun
library,1831,-3.2629254693318317,,False,noun
investment,1832,-3.2631624649622166,,False,noun
virginia,1833,-3.263399331334002,,False,noun
annual,1838,-3.2645817292380777,,False,noun
manager,1839,-3.2648178230095364,,False,noun
debt,1840,-3.2650537885040145,,False,noun
status,1843,-3.2657609167176105,,False,noun
attack,1844,-3.265996370495079,,False,noun
protection,1846,-3.2664668954402414,,False,noun
bag,1847,-3.2667019668840878,,False,noun
reference,1848,-3.266936911159173,,False,noun
battery,1851,-3.2676409823459154,,False,noun
christ,1860,-3.269746373130767,,False,noun
lack,1862,-3.2702128548962426,,False,noun
japan,1863,-3.2704459080179626,,False,noun
structure,1866,-3.2711443179490782,,False,noun
population,1872,-3.2725377773752373,,False,noun
johnson,1873,-3.2727695865517594,,False,noun
africa,1876,-3.273464272621346,,False,noun
prior,1879,-3.27415784926368,,False,noun
metal,1884,-3.2753113545418118,,False,noun
society,1886,-3.2757719001649312,,False,noun
evening,1892,-3.277150613963797,,False,noun
shoe,1893,-3.2773799746672547,,False,noun
challenge,1894,-3.2776092143040914,,False,noun
hate,1897,-3.2782962080912736,,False,noun
committee,1903,-3.2796669440484556,,False,noun
football,1904,-3.279894980011638,,False,noun
length,1910,-3.281260687055013,,False,noun
host,1912,-3.281714970027296,,False,noun
century,1916,-3.2826221128780624,,False,noun
spot,1920,-3.2835273648616936,,False,noun
self,1921,-3.2837533833325265,,False,noun
movement,1922,-3.28397928423848,,False,noun
wine,1932,-3.286231854028553,,False,noun
database,1934,-3.28668096935493,,False,noun
error,1937,-3.2873537727147464,,False,noun
israel,1942,-3.2884728005997825,,False,noun
ticket,1943,-3.288696260590256,,False,noun
billion,1944,-3.2889196056617265,,False,noun
custom,1948,-3.2898118391176214,,False,noun
facility,1960,-3.292477593667784,,False,noun
distance,1966,-3.2938043599193367,,False,noun
station,1967,-3.2940250940953226,,False,noun
coffee,1968,-3.2942457161381182,,False,noun
audio,1971,-3.2949069106051923,,False,noun
restaurant,1973,-3.295347148333618,,False,noun
direction,1978,-3.296445794206396,,False,noun
seven,1980,-3.296884475538547,,False,noun
reality,1983,-3.2975416678181597,,False,noun
complex,1987,-3.2984163800612945,,False,noun
nation,1990,-3.2990712600274095,,False,noun
golf,1991,-3.29928933408768,,False,noun
yesterday,1993,-3.2997251539756367,,False,noun
driver,1998,-3.300812794118117,,False,noun
german,1999,-3.3010299956639813,,False,noun
thousand,2001,-3.3014640731433,,False,noun
boston,2002,-3.3016809492935764,,False,noun
lee,2006,-3.3025473724874854,,False,noun
doctor,2009,-3.303196057420489,,False,noun
advantage,2019,-3.305351369446624,,False,noun
ten,2024,-3.3064250275506875,,False,noun
carolina,2030,-3.307709923404807,,False,noun
ice,2035,-3.3087777736647213,,False,noun
scott,2042,-3.3102683666324477,,False,noun
exercise,2043,-3.3104808914626753,,False,noun
japanese,2046,-3.311117842662506,,False,noun
beauty,2047,-3.3113299523037933,,False,noun
adult,2048,-3.311541958401195,,False,noun
score,2050,-3.3119656603683665,,False,noun
leader,2057,-3.313445370426414,,False,noun
dance,2059,-3.3138672203691533,,False,noun
dinner,2061,-3.3142886609474975,,False,noun
union,2063,-3.314709692955174,,False,noun
communication,2073,-3.316808752053022,,False,noun
artist,2075,-3.31722734917642,,False,noun
edition,2084,-3.3191060593097763,,False,noun
michigan,2091,-3.3205616801952367,,False,noun
gallery,2094,-3.3211840273023143,,False,noun
ohio,2097,-3.3218054838575393,,False,noun
garden,2099,-3.322219294733919,,False,noun
target,2104,-3.323252100171687,,False,noun
fuck,2112,-3.3248994970523134,,False,noun
brother,2113,-3.3251049829714074,,False,noun
doubt,2115,-3.325515663363148,,False,noun
bush,2119,-3.326335860928751,,False,noun
payment,2125,-3.327563260187278,,False,noun
competition,2126,-3.327767489902729,,False,noun
net,2128,-3.3281756614383227,,False,noun
martin,2136,-3.3298045221640695,,False,noun
earth,2138,-3.330210784571528,,False,noun
winter,2145,-3.3316297176299323,,False,noun
germany,2146,-3.331832044436249,,False,noun
shape,2147,-3.332034277027518,,False,noun
mention,2148,-3.3322364154914434,,False,noun
balance,2149,-3.3324384599156054,,False,noun
element,2152,-3.3330440298234874,,False,noun
ford,2153,-3.3332456989619628,,False,noun
theme,2161,-3.3348556896172914,,False,noun
trust,2165,-3.3356584522893016,,False,noun
capital,2168,-3.336259552014193,,False,noun
brain,2169,-3.3364597338485296,,False,noun
congress,2171,-3.336859820916809,,False,noun
menu,2172,-3.3370597263205246,,False,noun
wood,2179,-3.3384564936046046,,False,noun
teaching,2180,-3.3386556655787003,,False,noun
mom,2181,-3.338854746252323,,False,noun
museum,2186,-3.339848783037637,,False,noun
league,2188,-3.3402457615679317,,False,noun
jack,2189,-3.3404441148401185,,False,noun
session,2190,-3.3406423775607053,,False,noun
path,2195,-3.3416323357780544,,False,noun
operation,2196,-3.3418300569205104,,False,noun
worker,2198,-3.3422252293607904,,False,noun
jones,2202,-3.343014497150768,,False,noun
dream,2206,-3.343802333161655,,False,noun
peace,2209,-3.3443922736851106,,False,noun
mexico,2212,-3.344981413927258,,False,noun
fri,2213,-3.345177616542704,,False,noun
teen,2216,-3.345765693114488,,False,noun
cable,2217,-3.3459615418131414,,False,noun
teacher,2220,-3.346548558548474,,False,noun
coach,2224,-3.3473300153169503,,False,noun
jersey,2227,-3.3479151865016914,,False,noun
mode,2229,-3.3483048630481607,,False,noun
plenty,2230,-3.348499570283838,,False,noun
recipe,2234,-3.3492775274679554,,False,noun
document,2238,-3.3500540935790304,,False,noun
mon,2241,-3.3506356082589543,,False,noun
inn,2246,-3.351603072419129,,False,noun
strategy,2247,-3.3517963068970236,,False,noun
flow,2253,-3.3529539117100877,,False,noun
auto,2254,-3.3531465462139796,,False,noun
mac,2255,-3.3533390953113047,,False,noun
television,2259,-3.3541084391474008,,False,noun
male,2263,-3.354876422516234,,False,noun
colorado,2264,-3.3550682063488506,,False,noun
diet,2265,-3.3552599055273786,,False,noun
steel,2268,-3.355834495884936,,False,noun
sea,2270,-3.3562171342197353,,False,noun
taste,2273,-3.356790460351716,,False,noun
concept,2275,-3.3571722577230334,,False,noun
strength,2276,-3.3573630306151427,,False,noun
majority,2277,-3.3575537197430814,,False,noun
foundation,2278,-3.3577443251803754,,False,noun
frame,2279,-3.357934847000454,,False,noun
attempt,2280,-3.3581252852766488,,False,noun
eight,2281,-3.358315640082196,,False,noun
faith,2284,-3.358886204405869,,False,noun
ring,2286,-3.3592661646067485,,False,noun
cup,2289,-3.359835482339888,,False,noun
discus,2307,-3.363235804483694,,False,noun
discount,2310,-3.3637999454791094,,False,noun
dollar,2311,-3.3639878297484915,,False,noun
gmt,2315,-3.3647385550553985,,False,noun
partner,2316,-3.364926033789976,,False,noun
bob,2323,-3.366236123718293,,False,noun
porn,2324,-3.3664229572259727,,False,noun
drink,2327,-3.3669829759778507,,False,noun
agency,2334,-3.368286884902131,,False,noun
trial,2335,-3.3684728384403617,,False,noun
coverage,2338,-3.3690302218091532,,False,noun
edge,2341,-3.369586890736344,,False,noun
shit,2346,-3.3705130895985924,,False,noun
marriage,2348,-3.370883016777606,,False,noun
guest,2353,-3.371806458507416,,False,noun
combination,2354,-3.371990911464915,,False,noun
object,2355,-3.372175286115064,,False,noun
schedule,2359,-3.3729120029701067,,False,noun
visitor,2362,-3.373463721632369,,False,noun
charles,2368,-3.374565060722765,,False,noun
flight,2371,-3.375114684692225,,False,noun
mail,2375,-3.375846436309156,,False,noun
hospital,2379,-3.376576957056512,,False,noun
jackson,2380,-3.37675939540488,,False,noun
seat,2382,-3.377124042346456,,False,noun
url,2406,-3.38147609027503,,False,noun
hearing,2408,-3.3818367999983434,,False,noun
canadian,2413,-3.3827372657613304,,False,noun
rental,2415,-3.3830969299490943,,False,noun
centre,2416,-3.3832766504076504,,False,noun
paris,2421,-3.3841741388070337,,False,noun
avenue,2428,-3.3854275148051305,,False,noun
technique,2429,-3.385606273598312,,False,noun
santa,2431,-3.385963570600697,,False,noun
temperature,2433,-3.386320573894046,,False,noun
trouble,2434,-3.386498965550653,,False,noun
williams,2439,-3.387389826338729,,False,noun
birthday,2441,-3.3877456596088638,,False,noun
agreement,2442,-3.3879234669734366,,False,noun
master,2445,-3.3884564527002667,,False,noun
advertising,2447,-3.3888114134735234,,False,noun
audience,2448,-3.388988785124714,,False,noun
volume,2449,-3.3891660843645326,,False,noun
guitar,2453,-3.3898745583909853,,False,noun
luck,2454,-3.3900514964589874,,False,noun
commission,2457,-3.390581878550435,,False,noun
defense,2458,-3.390758528738717,,False,noun
corner,2460,-3.3911116137028023,,False,noun
hell,2464,-3.391816923613249,,False,noun
signal,2465,-3.3919930722597127,,False,noun
progress,2472,-3.3932241163612975,,False,noun
quarter,2480,-3.394626764272209,,False,noun
festival,2482,-3.394976719554564,,False,noun
capacity,2491,-3.396548037987132,,False,noun
mission,2492,-3.3967222785037734,,False,noun
output,2498,-3.39776625612645,,False,noun
despite,2500,-3.3981136917305026,,False,noun
wind,2504,-3.3988077302032647,,False,noun
portion,2514,-3.400537989391946,,False,noun
core,2519,-3.401400540781544,,False,noun
none,2523,-3.402089350572097,,False,noun
georgia,2525,-3.402433346219312,,False,noun
cock,2526,-3.4026052419199146,,False,noun
pic,2527,-3.402777069610347,,False,noun
fee,2528,-3.4029488293444046,,False,noun
battle,2531,-3.4034637013453173,,False,noun
panel,2532,-3.403635189790548,,False,noun
agent,2533,-3.4038066105474227,,False,noun
episode,2534,-3.403977963669355,,False,noun
load,2535,-3.404149249209695,,False,noun
generation,2538,-3.4046627008737222,,False,noun
spanish,2541,-3.4051755462179893,,False,noun
tomorrow,2542,-3.405346360175709,,False,noun
pattern,2547,-3.406199423663313,,False,noun
bible,2552,-3.40705081480425,,False,noun
sister,2553,-3.4072208929273966,,False,noun
birth,2555,-3.4075608494863627,,False,noun
factor,2560,-3.40840957846843,,False,noun
bedroom,2562,-3.408748606184244,,False,noun
vacation,2565,-3.4092566520389096,,False,noun
airport,2577,-3.4112829130173843,,False,noun
folk,2587,-3.4129642719966626,,False,noun
inch,2594,-3.414137362184477,,False,noun
tech,2596,-3.4144719496293026,,False,noun
mortgage,2600,-3.4151403521958725,,False,noun
magazine,2601,-3.4153072922255676,,False,noun
presence,2606,-3.416141031168329,,False,noun
entertainment,2607,-3.4163075870598827,,False,noun
arizona,2609,-3.416640507338281,,False,noun
minimum,2613,-3.4173055832445254,,False,noun
parking,2614,-3.417471693203293,,False,noun
election,2615,-3.4176377396522297,,False,noun
exchange,2616,-3.417803722639881,,False,noun
award,2618,-3.418135498425232,,False,noun
italian,2620,-3.4184670209466006,,False,noun
comfort,2621,-3.4186326873540653,,False,noun
afternoon,2628,-3.419790586106363,,False,noun
maximum,2634,-3.4207806195485655,,False,noun
sample,2635,-3.420945405921972,,False,noun
specie,2638,-3.4214393902200495,,False,noun
limit,2639,-3.4216039268698313,,False,noun
tonight,2653,-3.4239009185284166,,False,noun
administration,2655,-3.42422807069598,,False,noun
housing,2657,-3.4245549766067134,,False,noun
injury,2660,-3.425044874551389,,False,noun
iraq,2661,-3.4252080511386565,,False,noun
theory,2665,-3.4258601450778405,,False,noun
privacy,2667,-3.426185825244511,,False,noun
asian,2672,-3.426998958756537,,False,noun
apartment,2673,-3.4271614029259654,,False,noun
directory,2676,-3.4276483711869328,,False,noun
switch,2682,-3.428620672671939,,False,noun
surgery,2683,-3.4287825114969546,,False,noun
illinois,2684,-3.428944290035574,,False,noun
platform,2685,-3.4291060083326967,,False,noun
flash,2686,-3.4292676664331685,,False,noun
amazon,2689,-3.429752280002408,,False,noun
interface,2691,-3.430075055551939,,False,noun
matt,2692,-3.4302363534115106,,False,noun
accessory,2694,-3.4305587695227575,,False,noun
reader,2705,-3.4323277922616042,,False,noun
manner,2707,-3.4326486600131068,,False,noun
sugar,2711,-3.433289685195026,,False,noun
stress,2718,-3.4344092075875,,False,noun
assistance,2721,-3.434888120867316,,False,noun
chapter,2722,-3.4350476413399647,,False,noun
layer,2735,-3.4371160930480786,,False,noun
prescription,2736,-3.4372747974101237,,False,noun
houston,2737,-3.437433443797971,,False,noun
gun,2741,-3.438067450453494,,False,noun
input,2743,-3.438384107034714,,False,noun
african,2746,-3.438858659420562,,False,noun
furniture,2754,-3.4401216031878037,,False,noun
resident,2767,-3.44216608578472,,False,noun
responsibility,2769,-3.4424797690644486,,False,noun
behavior,2773,-3.443106456737266,,False,noun
freedom,2777,-3.4437322414015967,,False,noun
failure,2791,-3.4459154139511234,,False,noun
army,2792,-3.446070935701005,,False,noun
domain,2793,-3.446226401778163,,False,noun
louis,2809,-3.44870631990508,,False,noun
task,2810,-3.4488608456074408,,False,noun
vision,2811,-3.4490153163477864,,False,noun
scale,2819,-3.450249108319361,,False,noun
writer,2829,-3.45178643552429,,False,noun
desire,2835,-3.452706226511029,,False,noun
component,2839,-3.4533183400470375,,False,noun
speech,2843,-3.4539295920577286,,False,noun
wireless,2858,-3.456214155357989,,False,noun
leather,2859,-3.456366033129043,,False,noun
maintenance,2860,-3.4565178578052627,,False,noun
iii,2862,-3.456821348021599,,False,noun
tea,2866,-3.4574276929464847,,False,noun
executive,2867,-3.4575791469957626,,False,noun
suit,2869,-3.4578818967339924,,False,noun
snow,2872,-3.4583356259919475,,False,noun
spirit,2873,-3.4584867637982066,,False,noun
chicken,2874,-3.4586378490256493,,False,noun
license,2877,-3.4590907896005865,,False,noun
kit,2878,-3.459241664878082,,False,noun
australian,2882,-3.459844642388208,,False,noun
archive,2885,-3.4602963267574753,,False,noun
influence,2886,-3.4604467838807205,,False,noun
distribution,2892,-3.461348433647983,,False,noun
studio,2894,-3.4616485680634552,,False,noun
andrew,2897,-3.462098381135156,,False,noun
installation,2899,-3.462397997898956,,False,noun
aid,2903,-3.462996612028056,,False,noun
leadership,2904,-3.4631461367263494,,False,noun
vega,2907,-3.463594402187,,False,noun
zone,2911,-3.4641913706409997,,False,noun
engineering,2919,-3.4653828514484184,,False,noun
laptop,2920,-3.46553155697355,,False,noun
rain,2927,-3.4665710723863543,,False,noun
command,2930,-3.4670158184384356,,False,noun
yard,2935,-3.467756051244033,,False,noun
bathroom,2936,-3.4679039465228003,,False,noun
hundred,2944,-3.4690852991231202,,False,noun
measure,2945,-3.469232742506612,,False,noun
italy,2949,-3.469822015978163,,False,noun
creek,2950,-3.4699692094999595,,False,noun
ben,2957,-3.4709981696608736,,False,noun
android,2959,-3.4712917110589387,,False,noun
senate,2961,-3.47158505418519,,False,noun
russian,2969,-3.4727564493172123,,False,noun
horse,2970,-3.472902651803664,,False,noun
upper,2978,-3.4740705032150436,,False,noun
chat,2980,-3.4743619760326307,,False,noun
pussy,2985,-3.4750898033890065,,False,noun
novel,2986,-3.475235222604128,,False,noun
resolution,2995,-3.4765418090274287,,False,noun
coast,2996,-3.476686742945645,,False,noun
replacement,2999,-3.4771212547196626,,False,noun
mass,3003,-3.4776999283321306,,False,noun
emergency,3006,-3.4781334281005174,,False,noun
asia,3009,-3.4785664955938436,,False,noun
crime,3010,-3.4787107555127594,,False,noun
fishing,3011,-3.478854967528663,,False,noun
miami,3012,-3.478999131673357,,False,noun
somewhere,3019,-3.4800069429571505,,False,noun
sector,3026,-3.481012420956573,,False,noun
consumer,3030,-3.4815859363676225,,False,noun
academy,3031,-3.481729196960016,,False,noun
soul,3034,-3.482158695411276,,False,noun
instance,3035,-3.4823017672234426,,False,noun
symptom,3044,-3.4835872969688944,,False,noun
hollywood,3046,-3.4838724542226736,,False,noun
fourth,3049,-3.484299839346786,,False,noun
grade,3051,-3.484584529282843,,False,noun
daniel,3056,-3.485295438726089,,False,noun
camp,3061,-3.486005186362242,,False,noun
utc,3062,-3.4861469968065726,,False,noun
taylor,3066,-3.4867137759824853,,False,noun
appearance,3067,-3.4868553552769432,,False,noun
henry,3069,-3.4871383754771865,,False,noun
corporation,3072,-3.4875625602563782,,False,noun
est,3074,-3.4878451201114355,,False,noun
wow,3075,-3.4879863311293935,,False,noun
aspect,3080,-3.4886916983169405,,False,noun
queen,3084,-3.4892551683692603,,False,noun
winner,3085,-3.4893959217271293,,False,noun
sarah,3092,-3.490379920003179,,False,noun
inc,3098,-3.491221576239283,,False,noun
hole,3099,-3.4913616938342726,,False,noun
presentation,3100,-3.4915017662373264,,False,noun
kingdom,3102,-3.491781775584166,,False,noun
surprise,3105,-3.49220145139254,,False,noun
pet,3109,-3.4927603890268375,,False,noun
beer,3111,-3.4930395883176515,,False,noun
recovery,3113,-3.4933186082321015,,False,noun
instruction,3117,-3.4938761108528227,,False,noun
invention,3124,-3.494850021680094,,False,noun
cheese,3129,-3.4955443375464483,,False,noun
chain,3135,-3.496376054012401,,False,noun
concern,3137,-3.496652939250918,,False,noun
provider,3138,-3.4967913157000425,,False,noun
hardware,3142,-3.49734438101758,,False,noun
authority,3146,-3.49789674291322,,False,noun
hello,3147,-3.498034723687027,,False,noun
youth,3150,-3.4984484031739997,,False,noun
village,3161,-3.49996186559619,,False,noun
joseph,3171,-3.501333178645566,,False,noun
yahoo,3172,-3.501470072100412,,False,noun
religion,3175,-3.5018804937550585,,False,noun
division,3178,-3.5022905279147727,,False,noun
evil,3180,-3.502563669107363,,False,noun
alcohol,3183,-3.5029730590656314,,False,noun
creation,3192,-3.504198918539445,,False,noun
therapy,3196,-3.504742636271688,,False,noun
definition,3203,-3.5056925074122,,False,noun
importance,3207,-3.506234359612126,,False,noun
browser,3213,-3.5070458724273257,,False,noun
confidence,3214,-3.5071809772602407,,False,noun
kansa,3223,-3.508395033133053,,False,noun
ireland,3225,-3.508664363052943,,False,noun
viagra,3229,-3.509202522331103,,False,noun
motion,3234,-3.5098742850047193,,False,noun
sheet,3237,-3.510276844417355,,False,noun
violence,3242,-3.5109469486729727,,False,noun
argument,3243,-3.5110808455391185,,False,noun
context,3244,-3.511214701136388,,False,noun
adam,3261,-3.513483956704257,,False,noun
plate,3262,-3.513617073787875,,False,noun
disney,3263,-3.5137501500818233,,False,noun
officer,3264,-3.5138831856110926,,False,noun
minnesota,3265,-3.5140161804006493,,False,noun
photography,3266,-3.514149134475437,,False,noun
chief,3278,-3.515741416669365,,False,noun
climate,3279,-3.515873843711679,,False,noun
indiana,3280,-3.5160062303860475,,False,noun
sam,3283,-3.516403148447403,,False,noun
till,3284,-3.5165353738957994,,False,noun
conversation,3290,-3.5173278822943734,,False,noun
chosen,3300,-3.5186455243303114,,False,noun
seattle,3303,-3.5190400386483445,,False,noun
index,3304,-3.519171463821659,,False,noun
jason,3305,-3.519302849235429,,False,noun
cant,3308,-3.519696767159853,,False,noun
min,3309,-3.519827993775719,,False,noun
atlanta,3315,-3.520614521878236,,False,noun
pennsylvania,3316,-3.5207454715194824,,False,noun
cake,3317,-3.5208763816883417,,False,noun
ceo,3318,-3.521007252408604,,False,noun
pleasure,3319,-3.5211380837040362,,False,noun
holy,3323,-3.5216610151120733,,False,noun
medicine,3324,-3.5217916496391233,,False,noun
feedback,3329,-3.5224442335063197,,False,noun
nine,3334,-3.523095838252568,,False,noun
log,3335,-3.523226041965701,,False,noun
talent,3336,-3.5233562066547925,,False,noun
minister,3340,-3.523876475638131,,False,noun
spain,3341,-3.5240064455573727,,False,noun
fox,3342,-3.5241363765925686,,False,noun
linux,3343,-3.524266268766979,,False,noun
republican,3346,-3.5246557123577773,,False,noun
height,3349,-3.525044807036845,,False,noun
meat,3355,-3.5258219521566625,,False,noun
shower,3358,-3.526210003841664,,False,noun
stone,3363,-3.5268559871258747,,False,noun
oregon,3365,-3.527114111639805,,False,noun
perspective,3376,-3.5285310606354114,,False,noun
default,3378,-3.5287881917748964,,False,noun
accident,3380,-3.529045170765769,,False,noun
bunch,3400,-3.531606631932722,,False,noun
politics,3401,-3.5317343092765503,,False,noun
patch,3407,-3.5324995860946626,,False,noun
clip,3424,-3.534660575828444,,False,noun
registration,3431,-3.535547279176668,,False,noun
dallas,3433,-3.5358002908248976,,False,noun
columbia,3440,-3.5366846726209302,,False,noun
gear,3448,-3.5376931943673906,,False,noun
crisis,3449,-3.537819095073274,,False,noun
jewelry,3459,-3.5390760987927767,,False,noun
citizen,3467,-3.540079088804173,,False,noun
fabric,3468,-3.5402042998420598,,False,noun
designer,3469,-3.5403294747908736,,False,noun
bottle,3470,-3.540454613671412,,False,noun
max,3480,-3.5417040232842885,,False,noun
van,3492,-3.5431985856376467,,False,noun
russia,3493,-3.543322900646912,,False,noun
candidate,3499,-3.5440680443502757,,False,noun
painting,3500,-3.5441921107650325,,False,noun
justice,3506,-3.5449357658815024,,False,noun
victory,3513,-3.545801757159276,,False,noun
fellow,3514,-3.5459253293558426,,False,noun
employment,3515,-3.5460488664017342,,False,noun
diamond,3522,-3.5469126431812423,,False,noun
expression,3527,-3.547528576459782,,False,noun
nude,3528,-3.5476516583599693,,False,noun
telephone,3532,-3.5481436374348454,,False,noun
neck,3538,-3.548880562637515,,False,noun
meal,3542,-3.549371152333177,,False,noun
mini,3548,-3.550105999347593,,False,noun
cycle,3552,-3.550595207489328,,False,noun
breast,3555,-3.5509617522981762,,False,noun
denver,3561,-3.551693915127225,,False,noun
ipod,3563,-3.5519376953648374,,False,noun
iowa,3572,-3.55303301620244,,False,noun
comparison,3579,-3.5538830266438746,,False,noun
toronto,3587,-3.5548524343720547,,False,noun
ancient,3592,-3.5554572172046495,,False,noun
ingredient,3596,-3.5559404378185113,,False,noun
luxury,3606,-3.5571461423183632,,False,noun
dad,3608,-3.5573868820595074,,False,noun
logo,3609,-3.5575072019056577,,False,noun
procedure,3616,-3.5583485087616196,,False,noun
commitment,3625,-3.5594277997594896,,False,noun
miller,3628,-3.5597869682005565,,False,noun
pound,3637,-3.5608626947274646,,False,noun
stephen,3638,-3.5609820555862353,,False,noun
revenue,3640,-3.561220678933944,,False,noun
monitor,3645,-3.5618166643189575,,False,noun
kelly,3647,-3.5620548296563785,,False,noun
davis,3648,-3.5621738633646483,,False,noun
editor,3649,-3.5622928644564746,,False,noun
string,3653,-3.562768543016519,,False,noun
password,3668,-3.564547711755948,,False,noun
magic,3669,-3.5646660642520893,,False,noun
massachusetts,3682,-3.566201718854913,,False,noun
forest,3683,-3.566319621524811,,False,noun
duty,3684,-3.56643749219507,,False,noun
colour,3687,-3.5667909123815917,,False,noun
irish,3691,-3.5672616923538745,,False,noun
script,3692,-3.5673793076509788,,False,noun
austin,3694,-3.5676144427308447,,False,noun
elizabeth,3697,-3.567966906823154,,False,noun
iran,3698,-3.568084331315394,,False,noun
improvement,3702,-3.5685537120494426,,False,noun
noise,3707,-3.5691397254724593,,False,noun
theatre,3712,-3.569724949226159,,False,noun
bath,3724,-3.5711262770843115,,False,noun
wheel,3726,-3.57135939275384,,False,noun
ray,3734,-3.5722906061514177,,False,noun
resort,3738,-3.5727554651542195,,False,noun
tank,3740,-3.572987708198205,,False,noun
stream,3752,-3.5743785644130823,,False,noun
relief,3757,-3.5749567757645067,,False,noun
programming,3765,-3.575880315680646,,False,noun
neighborhood,3777,-3.577261953585815,,False,noun
circumstance,3784,-3.5780658838360915,,False,noun
vista,3790,-3.5787537844264348,,False,noun
border,3791,-3.5788683286660286,,False,noun
bridge,3795,-3.579326203755255,,False,noun
protein,3804,-3.5803546611065915,,False,noun
reaction,3805,-3.5804687839510017,,False,noun
fitness,3806,-3.580582876814367,,False,noun
professor,3808,-3.580810972660946,,False,noun
contest,3810,-3.581038948772167,,False,noun
manufacturer,3812,-3.5812668052736707,,False,noun
exam,3823,-3.5825178836040625,,False,noun
ending,3824,-3.5826314394896364,,False,noun
array,3826,-3.5828584622244994,,False,noun
tape,3828,-3.583085366347688,,False,noun
profit,3829,-3.583198773968623,,False,noun
wilson,3831,-3.583425500406507,,False,noun
row,3832,-3.5835388192543522,,False,noun
threat,3839,-3.584331224367531,,False,noun
weapon,3846,-3.5851221863068155,,False,noun
newspaper,3851,-3.585686278452497,,False,noun
saint,3852,-3.5857990090130007,,False,noun
finance,3854,-3.586024382386976,,False,noun
poker,3856,-3.586249638866042,,False,noun
memorial,3863,-3.587037117743456,,False,noun
atmosphere,3865,-3.5872618496925344,,False,noun
transport,3867,-3.587486465410964,,False,noun
cum,3868,-3.587598729721245,,False,noun
secretary,3873,-3.588159616383092,,False,noun
philadelphia,3878,-3.5887197796000563,,False,noun
phase,3879,-3.5888317255942073,,False,noun
shirt,3881,-3.589055531052344,,False,noun
maryland,3887,-3.589726256254237,,False,noun
honor,3898,-3.590953235187986,,False,noun
zealand,3902,-3.5913985512812485,,False,noun
possibility,3906,-3.5918434112247843,,False,noun
casino,3907,-3.5919545550467356,,False,noun
britain,3908,-3.5920656704322473,,False,noun
exposure,3913,-3.5926208213219826,,False,noun
laugh,3918,-3.5931752634781025,,False,noun
institution,3922,-3.593618308129536,,False,noun
bread,3926,-3.594060901270418,,False,noun
teeth,3927,-3.594171479114912,,False,noun
planet,3929,-3.5943925503754266,,False,noun
attorney,3930,-3.5945030438200893,,False,noun
campus,3932,-3.5947239464097467,,False,noun
crew,3934,-3.5949447366950835,,False,noun
suggestion,3935,-3.595055089759304,,False,noun
lesson,3937,-3.5952757118020995,,False,noun
alabama,3942,-3.5958267770732233,,False,noun
draft,3944,-3.596047007545439,,False,noun
greek,3947,-3.596377143997599,,False,noun
oklahoma,3952,-3.5969268143429707,,False,noun
column,3954,-3.597146487833695,,False,noun
baseball,3958,-3.5975855017522047,,False,noun
participant,3960,-3.597804842404293,,False,noun
tennessee,3963,-3.598133645813238,,False,noun
investigation,3965,-3.598352709869284,,False,noun
republic,3968,-3.5986810989071634,,False,noun
bowl,3971,-3.5990092398233435,,False,noun
circuit,3972,-3.5991185650553628,,False,noun
serf,3975,-3.5994463757252757,,False,noun
upgrade,3978,-3.599773939146388,,False,noun
basketball,3979,-3.5998830720736876,,False,noun
identity,3985,-3.600537294364469,,False,noun
wisconsin,3988,-3.6008640363098396,,False,noun
passion,3990,-3.6010817277840235,,False,noun
membership,3995,-3.601625479553945,,False,noun
decade,4002,-3.602385590105105,,False,noun
proof,4005,-3.6027109449575576,,False,noun
trailer,4009,-3.603144372620182,,False,noun
vintage,4010,-3.6032526619816467,,False,noun
suite,4012,-3.6034691597338386,,False,noun
blonde,4013,-3.6035773681514667,,False,noun
cent,4018,-3.604118006192035,,False,noun
howard,4019,-3.60422605308447,,False,noun
desk,4023,-3.604657972047871,,False,noun
printing,4025,-3.604873770552636,,False,noun
accommodation,4028,-3.6051972673883776,,False,noun
tube,4033,-3.6057358938767465,,False,noun
legislation,4035,-3.605951157564873,,False,noun
kentucky,4039,-3.606381365110605,,False,noun
depth,4044,-3.606918525948291,,False,noun
jordan,4047,-3.6072405038317426,,False,noun
utah,4050,-3.607562243183588,,False,noun
carbon,4052,-3.607776603741693,,False,noun
asset,4056,-3.6082050077043264,,False,noun
flag,4067,-3.6093809442507068,,False,noun
joy,4070,-3.6097011023793995,,False,noun
split,4075,-3.610234175334389,,False,noun
bonus,4077,-3.6104472214421213,,False,noun
availability,4081,-3.6108730003800518,,False,noun
labor,4082,-3.610979379922997,,False,noun
lawyer,4083,-3.6110857334148725,,False,noun
pocket,4097,-3.612571954065176,,False,noun
allen,4098,-3.6126779183165016,,False,noun
clock,4099,-3.6127838567197355,,False,noun
approval,4102,-3.6131015169669127,,False,noun
assessment,4107,-3.6136304349252404,,False,noun
implementation,4109,-3.6138418218760693,,False,noun
clinton,4115,-3.6144753660903954,,False,noun
patrick,4118,-3.6147917919564176,,False,noun
extension,4122,-3.6152133348013584,,False,noun
lens,4123,-3.6153186566114788,,False,noun
roof,4125,-3.615529223637133,,False,noun
efficiency,4135,-3.616580530085886,,False,noun
victoria,4141,-3.617210094557434,,False,noun
relative,4144,-3.6175245348862926,,False,noun
butter,4146,-3.617734035364018,,False,noun
regulation,4148,-3.617943434828973,,False,noun
iron,4149,-3.6180480967120925,,False,noun
html,4150,-3.6181527333785195,,False,noun
boot,4151,-3.6182573448404014,,False,noun
shoulder,4162,-3.619406410886777,,False,noun
missouri,4174,-3.620656479819621,,False,noun
moon,4175,-3.620760489994206,,False,noun
bass,4179,-3.621176281775035,,False,noun
destination,4182,-3.6214878645806303,,False,noun
tone,4183,-3.621591675859218,,False,noun
fax,4186,-3.6219029608912305,,False,noun
lane,4187,-3.622006673006805,,False,noun
premium,4194,-3.622731965164719,,False,noun
anthony,4206,-3.6239725120169965,,False,noun
transportation,4209,-3.6242820958356683,,False,noun
smoke,4214,-3.624797578960761,,False,noun
edward,4217,-3.6251065754034677,,False,noun
mercury,4222,-3.625621081424908,,False,noun
lewis,4226,-3.626032247829019,,False,noun
root,4229,-3.6263403673750423,,False,noun
reduction,4230,-3.6264430253312945,,False,noun
principle,4235,-3.6269559514354475,,False,noun
expertise,4254,-3.628899564420607,,False,noun
resistance,4255,-3.6290016192869916,,False,noun
extent,4258,-3.629307640073749,,False,noun
favourite,4260,-3.629511534200453,,False,noun
mistake,4264,-3.629919035503542,,False,noun
percentage,4268,-3.6303261548039467,,False,noun
toy,4270,-3.630529571426824,,False,noun
detroit,4274,-3.6309361190641916,,False,noun
navy,4278,-3.6313422864839326,,False,noun
prince,4279,-3.6314437690131722,,False,noun
pst,4281,-3.6316466629584196,,False,noun
ron,4285,-3.63205216670581,,False,noun
grant,4295,-3.6330642726914992,,False,noun
calendar,4298,-3.633367445117007,,False,noun
permission,4299,-3.6334684555795866,,False,noun
halloween,4307,-3.634275694625944,,False,noun
zip,4308,-3.6343764940883676,,False,noun
sight,4309,-3.6344772701607315,,False,noun
recommendation,4314,-3.6349808000512285,,False,noun
adobe,4319,-3.635483746814912,,False,noun
pakistan,4324,-3.635986111800833,,False,noun
phoenix,4338,-3.637389650129212,,False,noun
satellite,4339,-3.637489729512511,,False,noun
gary,4342,-3.6377898293622293,,False,noun
crystal,4343,-3.6378898165807905,,False,noun
tradition,4345,-3.638089721984506,,False,noun
conflict,4351,-3.6386888866901237,,False,noun
lifestyle,4353,-3.6388884247050757,,False,noun
java,4362,-3.63978521298682,,False,noun
anderson,4364,-3.6399842480415887,,False,noun
giant,4372,-3.640779477344857,,False,noun
prison,4373,-3.640878778701618,,False,noun
trend,4374,-3.640978057358332,,False,noun
scheme,4376,-3.641176546613114,,False,noun
angel,4379,-3.6414741105040997,,False,noun
attitude,4380,-3.6415732531781755,,False,noun
scotland,4383,-3.641870545476313,,False,noun
gaming,4384,-3.6419695977020594,,False,noun
publication,4388,-3.6423655808449733,,False,noun
counter,4392,-3.6427612032653203,,False,noun
awareness,4395,-3.643057683751453,,False,noun
favor,4398,-3.643353961976863,,False,noun
junior,4399,-3.6434526764861874,,False,noun
investor,4400,-3.643551368562945,,False,noun
lcd,4401,-3.6436500382173294,,False,noun
cotton,4408,-3.6443400988263224,,False,noun
lincoln,4410,-3.6445370577784075,,False,noun
hat,4411,-3.644635503768153,,False,noun
era,4412,-3.6447339274471924,,False,noun
expectation,4418,-3.6453240015622934,,False,noun
belief,4420,-3.645520514905874,,False,noun
module,4430,-3.646501750031612,,False,noun
regard,4432,-3.6466977312993345,,False,noun
egg,4434,-3.646893624167745,,False,noun
existence,4436,-3.647089428716555,,False,noun
aircraft,4441,-3.6475785542124552,,False,noun
chest,4445,-3.647969458362972,,False,noun
reputation,4446,-3.648067129448935,,False,noun
garage,4450,-3.6484575942825224,,False,noun
desktop,4451,-3.6485551556626707,,False,noun
sydney,4459,-3.649334858712142,,False,noun
ease,4464,-3.649821463224565,,False,noun
inspiration,4471,-3.650501794878367,,False,noun
cap,4477,-3.6510840892430116,,False,noun
amateur,4481,-3.6514718521990424,,False,noun
architecture,4484,-3.651762447380111,,False,noun
guard,4490,-3.652343055062715,,False,noun
wealth,4497,-3.6530194510996132,,False,noun
assembly,4500,-3.653309012938479,,False,noun
korea,4502,-3.653501946962933,,False,noun
matthew,4504,-3.6536947953150816,,False,noun
tournament,4507,-3.653983907374069,,False,noun
introduction,4508,-3.6540802353065707,,False,noun
expense,4514,-3.6546577546495245,,False,noun
ontario,4518,-3.655042341331202,,False,noun
mixture,4520,-3.655234507034294,,False,noun
simon,4524,-3.655618583541222,,False,noun
infrastructure,4526,-3.655810494495252,,False,noun
proposal,4530,-3.656194062179186,,False,noun
relation,4531,-3.6562899011913594,,False,noun
intelligence,4540,-3.657151501900967,,False,noun
developer,4542,-3.657342736814626,,False,noun
wave,4545,-3.657629431388952,,False,noun
statistic,4547,-3.6578204560156973,,False,noun
rice,4549,-3.6580113966571126,,False,noun
factory,4551,-3.6582022533870147,,False,noun
atlantic,4557,-3.6587743208443566,,False,noun
enterprise,4558,-3.6588695922019623,,False,noun
victim,4564,-3.659440781870318,,False,noun
faculty,4568,-3.659821158055705,,False,noun
somebody,4571,-3.660106221723244,,False,noun
setup,4574,-3.6603910984024672,,False,noun
transmission,4581,-3.6610550848533787,,False,noun
equivalent,4582,-3.6611498572447867,,False,noun
juice,4585,-3.66143405039392,,False,noun
frequency,4586,-3.6615287401319825,,False,noun
personality,4590,-3.661907292766021,,False,noun
removal,4592,-3.6620964454179235,,False,noun
preparation,4594,-3.66228551572213,,False,noun
enemy,4595,-3.6623800200162475,,False,noun
breath,4597,-3.6625689669332604,,False,noun
criterion,4604,-3.663229634532868,,False,noun
bell,4616,-3.664359874551141,,False,noun
nobody,4619,-3.6646419755561257,,False,noun
researcher,4620,-3.664735968518705,,False,noun
bruce,4625,-3.6652056284346006,,False,noun
highway,4628,-3.6654871807828107,,False,noun
literature,4632,-3.6658623002031554,,False,noun
moore,4636,-3.6662370958958044,,False,noun
speaker,4638,-3.6664243725187595,,False,noun
dude,4640,-3.66661156841903,,False,noun
manchester,4643,-3.666892211066536,,False,noun
soil,4644,-3.6669857183296606,,False,noun
hawaii,4648,-3.667359546183087,,False,noun
palm,4650,-3.6675463395115164,,False,noun
portland,4652,-3.667733052533267,,False,noun
plot,4653,-3.667826378950711,,False,noun
contrast,4657,-3.668199484198662,,False,noun
clark,4669,-3.6693168805661123,,False,noun
consideration,4675,-3.6698745024898023,,False,noun
rick,4679,-3.670245853074124,,False,noun
buyer,4681,-3.6704314093606056,,False,noun
alaska,4682,-3.6705241577820797,,False,noun
belt,4683,-3.6706168864003255,,False,noun
disk,4686,-3.67089495352021,,False,noun
landscape,4687,-3.670987603010034,,False,noun
piano,4692,-3.6714505542124947,,False,noun
configuration,4693,-3.6715430852625737,,False,noun
publisher,4696,-3.671820560183249,,False,noun
gps,4698,-3.672005445022952,,False,noun
morgan,4700,-3.6721902511882525,,False,noun
crap,4719,-3.673941998634088,,False,noun
ratio,4731,-3.675044735955893,,False,noun
cialis,4733,-3.675228253593064,,False,noun
conversion,4743,-3.6761446803562063,,False,noun
assistant,4745,-3.6763277338813203,,False,noun
democrat,4750,-3.6767850304192056,,False,noun
soldier,4753,-3.6770591773921613,,False,noun
wayne,4754,-3.6771505212734326,,False,noun
sentence,4757,-3.6774244377012475,,False,noun
powder,4758,-3.6775157047987577,,False,noun
partnership,4765,-3.678154038010437,,False,noun
pregnancy,4779,-3.6794278966121188,,False,noun
pot,4782,-3.679700380871964,,False,noun
dick,4784,-3.6798819421128623,,False,noun
turkey,4785,-3.6799726942774185,,False,noun
spa,4786,-3.6800634274819486,,False,noun
canon,4788,-3.6802448370426077,,False,noun
scientist,4791,-3.680516809381255,,False,noun
recognition,4801,-3.6814221557210085,,False,noun
virus,4809,-3.682145076373832,,False,noun
dish,4811,-3.6823256186678073,,False,noun
appointment,4813,-3.682506085939011,,False,noun
orleans,4814,-3.6825962914605532,,False,noun
expansion,4815,-3.682686478249768,,False,noun
usage,4826,-3.683677298818692,,False,noun
jay,4827,-3.6837672614253116,,False,noun
occasion,4828,-3.6838572054003462,,False,noun
infection,4829,-3.683947130751512,,False,noun
keyboard,4832,-3.6842167951388807,,False,noun
guideline,4838,-3.684755622108624,,False,noun
incident,4839,-3.6848453616444123,,False,noun
smell,4840,-3.6849350826408895,,False,noun
escape,4844,-3.6852937813867843,,False,noun
dna,4845,-3.6853834098014873,,False,noun
deck,4846,-3.6854730197227594,,False,noun
routine,4848,-3.6856521841155243,,False,noun
egypt,4856,-3.6863681034730362,,False,noun
programme,4862,-3.6869042695681773,,False,noun
singer,4864,-3.6870828446043706,,False,noun
laser,4865,-3.6871721045948,,False,noun
pace,4867,-3.6873505695580273,,False,noun
bone,4868,-3.6874397745458944,,False,noun
warranty,4870,-3.68761812957177,,False,noun
household,4872,-3.6877964113812944,,False,noun
mirror,4882,-3.6886867242841235,,False,noun
converter,4884,-3.688864568054792,,False,noun
mess,4887,-3.689131197234498,,False,noun
prayer,4890,-3.6893976628212823,,False,noun
actor,4893,-3.6896639650157703,,False,noun
priority,4895,-3.6898414091375047,,False,noun
sir,4897,-3.6900187807886953,,False,noun
brazil,4898,-3.6901074394563307,,False,noun
consumption,4917,-3.6917885244026984,,False,noun
coupon,4918,-3.6918768225593315,,False,noun
drama,4922,-3.6922298357727557,,False,noun
exception,4925,-3.6924944075030846,,False,noun
offense,4927,-3.692670699156369,,False,noun
behalf,4932,-3.693111115462141,,False,noun
joke,4937,-3.6935510855959133,,False,noun
muslim,4938,-3.693639026161548,,False,noun
jew,4941,-3.6939027410660605,,False,noun
sequence,4942,-3.693990610460777,,False,noun
singapore,4944,-3.694166295933198,,False,noun
afghanistan,4949,-3.694605198933569,,False,noun
bos,4955,-3.695131297704026,,False,noun
latter,4956,-3.6952189189051508,,False,noun
personnel,4965,-3.6960067152185454,,False,noun
backup,4966,-3.6960941599952233,,False,noun
promotion,4969,-3.696356388733332,,False,noun
comedy,4972,-3.696618459232225,,False,noun
dean,4973,-3.696705780933917,,False,noun
pant,4974,-3.6967930850817443,,False,noun
fault,4975,-3.696880371682762,,False,noun
layout,4976,-3.696967640744023,,False,noun
healthcare,4985,-3.6977522741677546,,False,noun
sleeping,4989,-3.6981005456233897,,False,noun
depression,4995,-3.6986224297020978,,False,noun
utility,4999,-3.6989700043360187,,False,noun
cooky,5001,-3.699143687394484,,False,noun
certificate,5012,-3.7000977046130537,,False,noun
alexander,5016,-3.7004441010277516,,False,noun
sand,5020,-3.700790221374347,,False,noun
anniversary,5026,-3.7013088852280753,,False,noun
pan,5027,-3.7013952690139202,,False,noun
cape,5028,-3.7014816356209272,,False,noun
hunter,5037,-3.702258163162094,,False,noun
medication,5054,-3.70372115992702,,False,noun
retirement,5055,-3.7038070652743285,,False,noun
baltimore,5059,-3.7041505168397992,,False,noun
fantasy,5062,-3.704407927386841,,False,noun
guidance,5063,-3.7044936970092985,,False,noun
universe,5064,-3.704579449696299,,False,noun
evaluation,5065,-3.704665185454529,,False,noun
workshop,5067,-3.7048366062114035,,False,noun
philosophy,5075,-3.705521613422667,,False,noun
representative,5079,-3.7058637122839193,,False,noun
universal,5080,-3.705949194910296,,False,noun
championship,5085,-3.7063763558396903,,False,noun
purchasing,5086,-3.7064617376313547,,False,noun
tie,5089,-3.7067177823367587,,False,noun
capability,5092,-3.7069736761761782,,False,noun
cleveland,5095,-3.707229419327294,,False,noun
fiction,5097,-3.7073998311332486,,False,noun
theater,5106,-3.70816585785554,,False,noun
dealer,5107,-3.708250888591378,,False,noun
connecticut,5108,-3.7083359026822635,,False,noun
louisiana,5109,-3.708420900134713,,False,noun
folder,5113,-3.708760723690317,,False,noun
mississippi,5115,-3.7089305358066165,,False,noun
anne,5121,-3.709439574132411,,False,noun
transition,5123,-3.7096091210726487,,False,noun
troop,5129,-3.7101173651118162,,False,noun
formula,5135,-3.710625015060797,,False,noun
tissue,5142,-3.71121652432109,,False,noun
rubber,5144,-3.7113853790984517,,False,noun
ton,5149,-3.711807229041191,,False,noun
toyota,5153,-3.712144414214886,,False,noun
captain,5154,-3.7122286696195355,,False,noun
disc,5156,-3.712397131406715,,False,noun
characteristic,5160,-3.7127338590699517,,False,noun
jazz,5165,-3.7131544018372984,,False,noun
mood,5166,-3.7132384615456617,,False,noun
johnny,5177,-3.714162046098853,,False,noun
reception,5178,-3.714245911017894,,False,noun
electricity,5191,-3.715334683792313,,False,noun
voter,5192,-3.715418322595056,,False,noun
oven,5193,-3.715501945293284,,False,noun
vancouver,5195,-3.71566914240099,,False,noun
oak,5199,-3.716003343634799,,False,noun
pride,5209,-3.7168377232995247,,False,noun
heaven,5210,-3.7169210731667612,,False,noun
ceremony,5215,-3.717337582723864,,False,noun
wale,5216,-3.717420836722375,,False,noun
entrance,5218,-3.7175872968554606,,False,noun
convention,5229,-3.718501688867274,,False,noun
paperback,5234,-3.718916686014861,,False,noun
dakota,5241,-3.719497016610582,,False,noun
circle,5242,-3.719579857713723,,False,noun
rome,5243,-3.7196626830180466,,False,noun
dragon,5247,-3.719993826367604,,False,noun
apparatus,5251,-3.7203247174174416,,False,noun
variable,5254,-3.720572720364261,,False,noun
mexican,5255,-3.7206553565517244,,False,noun
accuracy,5256,-3.720737977018425,,False,noun
oxford,5257,-3.720820581770344,,False,noun
lifetime,5262,-3.7212333700172775,,False,noun
anna,5265,-3.7214808547700495,,False,noun
accordance,5269,-3.7218106152125467,,False,noun
gray,5273,-3.7221401254574156,,False,noun
compensation,5274,-3.72222246396973,,False,noun
empire,5275,-3.7223047868743278,,False,noun
certification,5278,-3.7225516620009587,,False,noun
satisfaction,5281,-3.722798396870905,,False,noun
branch,5284,-3.723044991643445,,False,noun
maine,5285,-3.7231271587956916,,False,noun
explanation,5289,-3.7234556720351857,,False,noun
jimmy,5293,-3.7237839369653294,,False,noun
jerry,5295,-3.7239479764316434,,False,noun
width,5298,-3.7241939195143297,,False,noun
supplier,5301,-3.7244397233970745,,False,noun
slide,5303,-3.7246035153967165,,False,noun
enforcement,5306,-3.7248490876293854,,False,noun
sin,5310,-3.725176301419137,,False,noun
bug,5311,-3.7252580663599613,,False,noun
grey,5313,-3.725421550074259,,False,noun
photographer,5317,-3.7257483329955483,,False,noun
arrival,5324,-3.726319612110775,,False,noun
deposit,5329,-3.7267272090265724,,False,noun
childhood,5335,-3.7272158209084925,,False,noun
castle,5336,-3.7272972028035873,,False,noun
conclusion,5338,-3.7274599208579087,,False,noun
christopher,5343,-3.727866449467489,,False,noun
translation,5344,-3.727947709544797,,False,noun
ordinary,5347,-3.7281913985899466,,False,noun
processor,5371,-3.7301360039966776,,False,noun
vegetable,5372,-3.730216840568694,,False,noun
dose,5375,-3.7304592600457687,,False,noun
logic,5377,-3.730620797887283,,False,noun
diabetes,5380,-3.730862992046494,,False,noun
portfolio,5383,-3.7311050512159203,,False,noun
feat,5384,-3.7311857076340003,,False,noun
instrument,5386,-3.731346975545955,,False,noun
berlin,5388,-3.7315081835960253,,False,noun
blend,5391,-3.7317498835272636,,False,noun
billy,5392,-3.7318304202881625,,False,noun
maria,5394,-3.7319914490189294,,False,noun
craft,5397,-3.732232880220498,,False,noun
scope,5398,-3.7323133274712426,,False,noun
exhibition,5399,-3.7323937598229686,,False,noun
printer,5401,-3.732554579851432,,False,noun
pepper,5402,-3.732634967539196,,False,noun
walker,5405,-3.7328760413627067,,False,noun
flavor,5408,-3.7331169814420644,,False,noun
vietnam,5411,-3.7333577879255855,,False,noun
jonathan,5418,-3.733919151012391,,False,noun
amendment,5419,-3.733999286538387,,False,noun
harris,5420,-3.734079407280594,,False,noun
template,5425,-3.7344797894255772,,False,noun
embodiment,5426,-3.734559821579476,,False,noun
coat,5429,-3.734799829588847,,False,noun
dutch,5432,-3.7350397050337207,,False,noun
hero,5434,-3.7351995484223135,,False,noun
fifth,5435,-3.7352794480604565,,False,noun
combat,5438,-3.735519058815171,,False,noun
abc,5439,-3.73559889969818,,False,noun
ken,5445,-3.736077637003946,,False,noun
accounting,5453,-3.7367151336056112,,False,noun
jacket,5454,-3.7367947549243605,,False,noun
maker,5459,-3.7371926427047373,,False,noun
evolution,5463,-3.737510690673476,,False,noun
orlando,5465,-3.737669627356642,,False,noun
consequence,5467,-3.7378285058957847,,False,noun
participation,5469,-3.737987326333431,,False,noun
soccer,5470,-3.738066714777469,,False,noun
cart,5474,-3.738384123512156,,False,noun
transaction,5476,-3.7385427409287852,,False,noun
shock,5477,-3.7386220279179425,,False,noun
dell,5483,-3.739097446117475,,False,noun
opposition,5484,-3.73917663191073,,False,noun
principal,5486,-3.7393349601960795,,False,noun
stomach,5492,-3.739809599021359,,False,noun
ministry,5494,-3.7399676967595092,,False,noun
cambridge,5503,-3.740678425227455,,False,noun
inventory,5506,-3.7409150764812824,,False,noun
tower,5519,-3.741939077729199,,False,noun
brooklyn,5520,-3.7420177471401384,,False,noun
stewart,5522,-3.742175043223677,,False,noun
auction,5524,-3.742332282357148,,False,noun
tab,5525,-3.7424108805804925,,False,noun
poster,5528,-3.7426465899387362,,False,noun
mechanism,5530,-3.7428036584691657,,False,noun
currency,5531,-3.742882171437273,,False,noun
danger,5534,-3.7431176252147416,,False,noun
illness,5537,-3.743352951409556,,False,noun
icon,5540,-3.743588150159904,,False,noun
tune,5546,-3.7440581658788354,,False,noun
governor,5549,-3.7442929831226763,,False,noun
chip,5551,-3.7444494574467986,,False,noun
innovation,5556,-3.744840396785379,,False,noun
disaster,5560,-3.7451528950769,,False,noun
girlfriend,5567,-3.7456992266025058,,False,noun
arkansas,5568,-3.745777217889759,,False,noun
shell,5571,-3.746011107751926,,False,noun
composition,5572,-3.7460890430562004,,False,noun
difficulty,5573,-3.7461669643772852,,False,noun
integration,5574,-3.746244871720198,,False,noun
easter,5575,-3.746322765089953,,False,noun
outcome,5576,-3.746400644491561,,False,noun
franklin,5577,-3.746478509930031,,False,noun
contribution,5583,-3.7469454096151047,,False,noun
peak,5586,-3.7471786713601642,,False,noun
vice,5587,-3.7472563974421442,,False,noun
amenity,5595,-3.74787770581979,,False,noun
estimate,5598,-3.7481104674949837,,False,noun
charlotte,5602,-3.7484206224675685,,False,noun
collaboration,5605,-3.7486530934242674,,False,noun
celebration,5612,-3.7491950422196725,,False,noun
origin,5616,-3.749504423876142,,False,noun
princess,5618,-3.7496590320949,,False,noun
lip,5619,-3.749736315569061,,False,noun
sensor,5624,-3.7501225267834,,False,noun
electronics,5628,-3.750431248660202,,False,noun
signature,5629,-3.7505083948513462,,False,noun
exit,5636,-3.751048034820188,,False,noun
math,5638,-3.7512020945883533,,False,noun
anxiety,5639,-3.751279103983342,,False,noun
judgment,5643,-3.7515870050823104,,False,noun
tennis,5644,-3.7516639462609866,,False,noun
sterling,5647,-3.7518946880437474,,False,noun
wisdom,5648,-3.751971574736327,,False,noun
perry,5649,-3.7520484478194387,,False,noun
specialist,5654,-3.752432609261474,,False,noun
butt,5658,-3.752739693935328,,False,noun
functionality,5660,-3.752893154884594,,False,noun
slot,5662,-3.753046561626529,,False,noun
pittsburgh,5663,-3.7531232446817127,,False,noun
gulf,5664,-3.753199914199416,,False,noun
producer,5668,-3.75350645699097,,False,noun
classroom,5671,-3.75373622217501,,False,noun
lawrence,5675,-3.7540423867854362,,False,noun
russell,5682,-3.7545776560447304,,False,noun
gym,5684,-3.7547304690237535,,False,noun
voltage,5688,-3.7550359337677714,,False,noun
salary,5689,-3.7551122663950713,,False,noun
luke,5693,-3.7554174628109362,,False,noun
twenty,5697,-3.755722444903458,,False,noun
pilot,5699,-3.7558748556724915,,False,noun
bond,5702,-3.7561033715851058,,False,noun
thompson,5709,-3.756636108245848,,False,noun
acre,5714,-3.7570162347313008,,False,noun
harm,5715,-3.7570922201189325,,False,noun
nancy,5720,-3.757471947765668,,False,noun
reserve,5722,-3.757623745908389,,False,noun
bitch,5726,-3.7579271831133294,,False,noun
korean,5727,-3.758003009299799,,False,noun
ross,5728,-3.7580788222496126,,False,noun
cisco,5730,-3.7582304084577496,,False,noun
impression,5731,-3.758306181725307,,False,noun
lesbian,5735,-3.758609142659744,,False,noun
permit,5737,-3.7587605439099794,,False,noun
grace,5740,-3.7589875468676195,,False,noun
faq,5744,-3.759290033024304,,False,noun
gap,5749,-3.7596678446896306,,False,noun
framework,5765,-3.760874638052189,,False,noun
jean,5766,-3.7609499514108973,,False,noun
controller,5767,-3.7610252517113727,,False,noun
liability,5771,-3.7613263224214566,,False,noun
temple,5772,-3.761401557498631,,False,noun
terry,5775,-3.7616271845615827,,False,noun
engineer,5779,-3.761927838420529,,False,noun
hamilton,5781,-3.762078087334639,,False,noun
nevada,5787,-3.762528522447,,False,noun
tit,5789,-3.762678563727436,,False,noun
israeli,5792,-3.762903528499057,,False,noun
interaction,5796,-3.7632033003707717,,False,noun
affair,5797,-3.763278211018979,,False,noun
provision,5798,-3.7633531087482153,,False,noun
stainless,5801,-3.7635777244666455,,False,noun
valentine,5804,-3.7638022240745928,,False,noun
lodge,5808,-3.7641013764762286,,False,noun
compliance,5810,-3.764250875438773,,False,noun
ridge,5812,-3.764400322956388,,False,noun
excess,5813,-3.764475027434409,,False,noun
islam,5825,-3.7653704802916486,,False,noun
convenience,5826,-3.76544501809015,,False,noun
documentation,5827,-3.7655195430979527,,False,noun
alarm,5830,-3.7657430414210444,,False,noun
duke,5832,-3.7658919764300154,,False,noun
madison,5841,-3.766561552637531,,False,noun
carrier,5846,-3.766933093837284,,False,noun
plug,5848,-3.7670816213633223,,False,noun
gate,5850,-3.7672300981107183,,False,noun
insight,5852,-3.7673785241141804,,False,noun
pearl,5855,-3.7676010680503356,,False,noun
hip,5858,-3.767823498007517,,False,noun
knee,5861,-3.768045814102417,,False,noun
venue,5862,-3.7681198941847973,,False,noun
tutorial,5864,-3.768268016451548,,False,noun
charity,5865,-3.7683420586445333,,False,noun
newsletter,5866,-3.768416088216332,,False,noun
nike,5871,-3.7687860469080143,,False,noun
grove,5872,-3.768860000842957,,False,noun
preview,5874,-3.7690078709437738,,False,noun
announcement,5875,-3.769081787118219,,False,noun
constitution,5884,-3.7697464671794534,,False,noun
agenda,5887,-3.7699678013294426,,False,noun
equity,5888,-3.770041554319669,,False,noun
seller,5890,-3.7701890227359933,,False,noun
employer,5891,-3.7702627381705933,,False,noun
loop,5896,-3.7706311277778064,,False,noun
kennedy,5902,-3.7710727832211948,,False,noun
arab,5904,-3.7712199019495336,,False,noun
demo,5906,-3.771366970857781,,False,noun
ownership,5915,-3.772028165324855,,False,noun
greece,5924,-3.7726883546821415,,False,noun
galaxy,5926,-3.772834927239018,,False,noun
highlight,5931,-3.7732011423563443,,False,noun
corn,5936,-3.7735670489260587,,False,noun
formation,5937,-3.7736401932600256,,False,noun
engagement,5938,-3.7737133252770216,,False,noun
sum,5941,-3.773932647467645,,False,noun
sole,5948,-3.774443968924965,,False,noun
navigation,5951,-3.7746629225378223,,False,noun
alliance,5955,-3.7749546890801384,,False,noun
fiber,5957,-3.775100498879025,,False,noun
addiction,5958,-3.775173385424787,,False,noun
fraud,5962,-3.7754648093457392,,False,noun
diameter,5971,-3.776119799052988,,False,noun
trick,5972,-3.776192514747072,,False,noun
aaron,5973,-3.7762652182681093,,False,noun
substance,5974,-3.7763379096201755,,False,noun
workout,5976,-3.7764832558336816,,False,noun
boyfriend,5977,-3.776555910703262,,False,noun
chairman,5982,-3.7769190028420465,,False,noun
colleague,5983,-3.776991584856405,,False,noun
disorder,5985,-3.7771367125041726,,False,noun
initiative,5987,-3.777281791671015,,False,noun
receiver,5989,-3.7774268223893115,,False,noun
ban,5990,-3.777499319590365,,False,noun
symbol,5991,-3.77757180469141,,False,noun
mystery,5994,-3.7777891874348675,,False,noun
mayor,5996,-3.7779340488377793,,False,noun
container,5997,-3.7780064614235083,,False,noun
phrase,5999,-3.7781512503836434,,False,noun
pipe,6003,-3.7784406835712327,,False,noun
penalty,6006,-3.7786576319473553,,False,noun
segment,6007,-3.778729923996112,,False,noun
beef,6018,-3.77952434332479,,False,noun
settlement,6020,-3.779668627207148,,False,noun
attraction,6027,-3.780173243642594,,False,noun
oracle,6028,-3.7802452838653524,,False,noun
rachel,6029,-3.780317312140151,,False,noun
catalog,6030,-3.7803893284709527,,False,noun
dot,6032,-3.780533325316404,,False,noun
farmer,6038,-3.780965029608317,,False,noun
bureau,6041,-3.7811807209372614,,False,noun
wright,6043,-3.781324455666988,,False,noun
humor,6050,-3.781827152932428,,False,noun
happiness,6065,-3.7829024059746446,,False,noun
delhi,6067,-3.783045572114693,,False,noun
emphasis,6071,-3.783331762887424,,False,noun
carter,6073,-3.7834747875822465,,False,noun
nelson,6075,-3.7836177651907485,,False,noun
graham,6077,-3.7837606957439243,,False,noun
metro,6079,-3.783903579272735,,False,noun
representation,6088,-3.7845459740545224,,False,noun
tiger,6089,-3.784617292632875,,False,noun
warren,6093,-3.784902449886655,,False,noun
commerce,6101,-3.785472203306388,,False,noun
lab,6105,-3.785756799962643,,False,noun
stability,6107,-3.7858990283843834,,False,noun
parameter,6113,-3.78632543439007,,False,noun
karen,6115,-3.7864674767402824,,False,noun
complaint,6118,-3.7866804531966487,,False,noun
stadium,6122,-3.786964259435733,,False,noun
pin,6124,-3.78710609303657,,False,noun
arthur,6126,-3.787247880331954,,False,noun
affiliate,6132,-3.787672964687493,,False,noun
aluminum,6135,-3.7878853509409245,,False,noun
brush,6141,-3.78830981210705,,False,noun
tongue,6142,-3.788380515319563,,False,noun
overview,6143,-3.7884512070234555,,False,noun
poverty,6146,-3.7886632131208575,,False,noun
eagle,6151,-3.7890163267933747,,False,noun
buffalo,6152,-3.7890869150880286,,False,noun
gender,6155,-3.789298611159441,,False,noun
ceiling,6159,-3.7895807121644256,,False,noun
residence,6161,-3.7897216939809217,,False,noun
wont,6166,-3.7900739484263046,,False,noun
completion,6168,-3.7902147702439795,,False,noun
cafe,6170,-3.7903555464143865,,False,noun
spray,6172,-3.7904962769671093,,False,noun
heritage,6173,-3.7905666251460763,,False,noun
thailand,6174,-3.7906369619317033,,False,noun
poetry,6178,-3.7909181952145783,,False,noun
salad,6182,-3.7911992464988753,,False,noun
dozen,6186,-3.7914801160200007,,False,noun
flexibility,6187,-3.79155030502733,,False,noun
vendor,6189,-3.791690649020118,,False,noun
packaging,6194,-3.792041310712082,,False,noun
richmond,6195,-3.7921114090871684,,False,noun
kiss,6203,-3.7926717891415676,,False,noun
meter,6204,-3.7927417858347487,,False,noun
experiment,6207,-3.792951708250132,,False,noun
subscription,6215,-3.793511005792858,,False,noun
essay,6216,-3.793580867368156,,False,noun
brad,6217,-3.793650717707173,,False,noun
poll,6218,-3.7937205568135233,,False,noun
villa,6223,-3.7940695839816323,,False,noun
hampshire,6233,-3.794766797940821,,False,noun
montana,6234,-3.7948364578145615,,False,noun
operator,6238,-3.7951149856303634,,False,noun
senator,6240,-3.7952541825808828,,False,noun
pharmacy,6241,-3.795323764329314,,False,noun
witness,6249,-3.7958800173440754,,False,noun
manhattan,6256,-3.7963661549775214,,False,noun
jail,6258,-3.7965049515532963,,False,noun
gene,6267,-3.7971289877965524,,False,noun
melbourne,6273,-3.7975445143617264,,False,noun
caribbean,6284,-3.7983052820219765,,False,noun
arrangement,6311,-3.800166990201364,,False,noun
parker,6312,-3.800235789327354,,False,noun
discovery,6317,-3.8005796215691303,,False,noun
garlic,6321,-3.800854491503561,,False,noun
valve,6325,-3.801129187579704,,False,noun
survival,6326,-3.801197834459149,,False,noun
detection,6330,-3.801472313521471,,False,noun
emotion,6333,-3.801678059035893,,False,noun
liberty,6334,-3.80174661921946,,False,noun
query,6338,-3.802020751771976,,False,noun
politician,6340,-3.8021577531869615,,False,noun
douglas,6345,-3.8025000677643934,,False,noun
thanksgiving,6350,-3.8028421127390746,,False,noun
dodge,6352,-3.8029788553352617,,False,noun
calorie,6353,-3.803047210491129,,False,noun
insert,6356,-3.803252211430457,,False,noun
broadway,6357,-3.803320523578754,,False,noun
marshall,6364,-3.803798407989674,,False,noun
absence,6366,-3.803934849863842,,False,noun
animation,6368,-3.8040712488856614,,False,noun
artwork,6369,-3.8041394323353503,,False,noun
inspection,6371,-3.804275767129094,,False,noun
pen,6380,-3.8048887446223913,,False,noun
knight,6382,-3.805024844429805,,False,noun
robin,6384,-3.805160901599434,,False,noun
examination,6390,-3.8055688175485556,,False,noun
dimension,6391,-3.805636766305935,,False,noun
outlook,6395,-3.805908455074197,,False,noun
pill,6398,-3.8061121101690913,,False,noun
dirt,6402,-3.8063835018241674,,False,noun
candy,6404,-3.806519134080705,,False,noun
campbell,6407,-3.8067225030761813,,False,noun
destruction,6412,-3.807061239917239,,False,noun
popularity,6418,-3.807467375684278,,False,noun
decrease,6419,-3.807535028068853,,False,noun
franchise,6422,-3.8077379220141006,,False,noun
restriction,6423,-3.8078055322706246,,False,noun
hiv,6424,-3.807873132003332,,False,noun
costa,6425,-3.807940721215499,,False,noun
revolution,6428,-3.8081434257614912,,False,noun
tablet,6431,-3.808346035740395,,False,noun
summit,6432,-3.8084135514003683,,False,noun
airline,6436,-3.808683509128969,,False,noun
tampa,6451,-3.809694358716924,,False,noun
concentration,6453,-3.809828961067886,,False,noun
horror,6454,-3.809896246602439,,False,noun
earnings,6462,-3.810434155922673,,False,noun
nutrition,6463,-3.8105013477665297,,False,noun
costume,6467,-3.8107700112343634,,False,noun
courtesy,6468,-3.8108371511404884,,False,noun
tail,6475,-3.811306840081336,,False,noun
monster,6478,-3.811507979945327,,False,noun
venture,6492,-3.812445402872756,,False,noun
console,6496,-3.8127128667653687,,False,noun
acquisition,6499,-3.8129133566428557,,False,noun
involvement,6500,-3.8129801660394804,,False,noun
anger,6502,-3.8131137540078988,,False,noun
kent,6508,-3.8135142715418833,,False,noun
albert,6509,-3.813580988568192,,False,noun
outlet,6518,-3.8141809810401868,,False,noun
facial,6519,-3.81424759573192,,False,noun
champion,6521,-3.814380794469938,,False,noun
identification,6525,-3.814647069451856,,False,noun
babe,6533,-3.8151791301394185,,False,noun
suicide,6540,-3.8156441491319653,,False,noun
immigration,6543,-3.8158432906632664,,False,noun
diversity,6544,-3.8159096508867747,,False,noun
democracy,6546,-3.816042340921997,,False,noun
bench,6549,-3.816241299991783,,False,noun
yoga,6551,-3.816373888752362,,False,noun
eve,6554,-3.8165726960261033,,False,noun
ski,6559,-3.8169038393756605,,False,noun
fancy,6560,-3.8169700377572995,,False,noun
http,6566,-3.8173670162875943,,False,noun
specification,6567,-3.8174331441113845,,False,noun
baker,6568,-3.8174992618677583,,False,noun
wing,6574,-3.8178957571617955,,False,noun
prevention,6576,-3.8180278418592564,,False,noun
passage,6579,-3.8182258936139557,,False,noun
philippine,6582,-3.8184238550920786,,False,noun
import,6584,-3.8185557792978027,,False,noun
spam,6590,-3.8189513116401725,,False,noun
bookmark,6591,-3.8190171986890595,,False,noun
killer,6593,-3.8191489428071344,,False,noun
makeup,6594,-3.819214799882384,,False,noun
quantity,6597,-3.8194123112093252,,False,noun
footage,6598,-3.8194781283621224,,False,noun
murray,6600,-3.819609732751585,,False,noun
columbus,6604,-3.819872821950546,,False,noun
neighbor,6605,-3.8199385693553953,,False,noun
yea,6614,-3.82052984852352,,False,noun
basket,6618,-3.8207923810882036,,False,noun
texture,6620,-3.8209235878813175,,False,noun
musician,6622,-3.8210547550468883,,False,noun
sec,6627,-3.821382499747299,,False,noun
explorer,6628,-3.8214480190175304,,False,noun
dictionary,6633,-3.8217754671834636,,False,noun
tourist,6635,-3.821906377352323,,False,noun
glory,6637,-3.822037248072585,,False,noun
interpretation,6647,-3.8226910107760546,,False,noun
creativity,6648,-3.8227563329513905,,False,noun
excitement,6651,-3.822952240547482,,False,noun
physician,6654,-3.823148059810694,,False,noun
sake,6658,-3.8234090148925444,,False,noun
gop,6663,-3.8237349883987313,,False,noun
genre,6664,-3.823800153749878,,False,noun
opera,6679,-3.824776462475546,,False,noun
territory,6680,-3.8248414717537007,,False,noun
celebrity,6682,-3.824971461123693,,False,noun
associate,6683,-3.8250364412213536,,False,noun
supporter,6684,-3.8251014115980033,,False,noun
jefferson,6689,-3.8254261177678233,,False,noun
outfit,6690,-3.825491029879431,,False,noun
scottish,6693,-3.825685708021758,,False,noun
idaho,6694,-3.8257505813480277,,False,noun
cooper,6701,-3.8262044234992527,,False,noun
actress,6703,-3.82633400562222,,False,noun
collins,6706,-3.8265283063406517,,False,noun
birmingham,6707,-3.8265930539340482,,False,noun
hockey,6708,-3.8266577918758693,,False,noun
marc,6713,-3.826981336911994,,False,noun
consultation,6720,-3.8274338954007794,,False,noun
palace,6723,-3.8276277047674334,,False,noun
defeat,6730,-3.828079590556746,,False,noun
walter,6732,-3.8282086144679455,,False,noun
tyler,6734,-3.8283376000590046,,False,noun
honey,6737,-3.8285310066451013,,False,noun
blank,6742,-3.82885315967664,,False,noun
diagnosis,6747,-3.829175073917088,,False,noun
adoption,6750,-3.82936810798882,,False,noun
follower,6751,-3.8294324336175984,,False,noun
odds,6753,-3.8295610562993927,,False,noun
toilet,6755,-3.829689640898971,,False,noun
consultant,6758,-3.8298824464434933,,False,noun
integrity,6765,-3.8303319934519617,,False,noun
scenario,6771,-3.830716949436898,,False,noun
harvard,6781,-3.8313577854420675,,False,noun
gang,6783,-3.8314858392486575,,False,noun
dialogue,6787,-3.8317418336456384,,False,noun
intent,6791,-3.831997677235896,,False,noun
protest,6795,-3.832253370197008,,False,noun
possession,6810,-3.833210880282609,,False,noun
tale,6811,-3.8332746392905634,,False,noun
blackberry,6813,-3.8334021292318585,,False,noun
chamber,6819,-3.833784374656479,,False,noun
criticism,6821,-3.8339117150713786,,False,noun
sub,6829,-3.8344207036815328,,False,noun
anime,6836,-3.834865579900038,,False,noun
bulk,6841,-3.8351830698490437,,False,noun
suspension,6844,-3.8353734524700087,,False,noun
mate,6854,-3.8360074591255313,,False,noun
pad,6860,-3.836387419326411,,False,noun
mitchell,6861,-3.8364507137201547,,False,noun
drum,6866,-3.8367670473942055,,False,noun
tokyo,6873,-3.8372095278012064,,False,noun
todd,6878,-3.8375253094496014,,False,noun
romance,6884,-3.8379039445929424,,False,noun
beta,6886,-3.8380300829853202,,False,noun
achievement,6887,-3.8380931384455983,,False,noun
holder,6888,-3.838156184752148,,False,noun
hunt,6895,-3.8385972528166565,,False,noun
stroke,6899,-3.838849090737255,,False,noun
establishment,6913,-3.839729375206388,,False,noun
steering,6917,-3.839980557678343,,False,noun
warner,6918,-3.840043330603494,,False,noun
poem,6921,-3.8402315949581087,,False,noun
robinson,6924,-3.840419777736486,,False,noun
delta,6929,-3.8407332346118066,,False,noun
slip,6930,-3.8407958988470936,,False,noun
cpu,6931,-3.8408585540418794,,False,noun
northwest,6934,-3.8410464654093035,,False,noun
adapter,6938,-3.841296887490282,,False,noun
xxx,6940,-3.8414220444023592,,False,noun
liver,6944,-3.841672250073634,,False,noun
consent,6950,-3.842047288509638,,False,noun
nebraska,6954,-3.8422971343280654,,False,noun
emission,6956,-3.8424220033576497,,False,noun
netherlands,6957,-3.84248442441157,,False,noun
jacob,6959,-3.842609239610562,,False,noun
cloth,6965,-3.8429834701222174,,False,noun
throat,6967,-3.8431081419996067,,False,noun
intention,6970,-3.8432950827365073,,False,noun
motorcycle,6971,-3.8433573784379558,,False,noun
sweden,6979,-3.843855422623161,,False,noun
bishop,6985,-3.844228581301628,,False,noun
imagination,6988,-3.8444150404738244,,False,noun
penis,6994,-3.8447877188278463,,False,noun
philip,7001,-3.8452221064290137,,False,noun
radiation,7004,-3.8454081396217936,,False,noun
execution,7010,-3.8457799671118895,,False,noun
mainstream,7016,-3.8461514765288154,,False,noun
fda,7020,-3.846398973034675,,False,noun
loading,7021,-3.8464608251293324,,False,noun
bite,7027,-3.8468317528232574,,False,noun
rio,7031,-3.8470788620657155,,False,noun
cole,7049,-3.848189116991399,,False,noun
con,7051,-3.8483123036272846,,False,noun
pie,7054,-3.8484970180903666,,False,noun
canvas,7055,-3.848558572123763,,False,noun
measurement,7056,-3.848620117434134,,False,noun
bomb,7060,-3.848866211494779,,False,noun
samuel,7068,-3.849357981661299,,False,noun
crown,7070,-3.8494808372439864,,False,noun
reward,7072,-3.8496036580824473,,False,noun
wildlife,7080,-3.8500945943867007,,False,noun
congratulation,7084,-3.850339854583479,,False,noun
submission,7086,-3.8504624327615167,,False,noun
entity,7087,-3.8505237088789945,,False,noun
swiss,7089,-3.8506462351830666,,False,noun
acne,7099,-3.8512583487190755,,False,noun
lover,7111,-3.8519917479621575,,False,noun
determination,7114,-3.8521749044203033,,False,noun
charm,7121,-3.852601969338235,,False,noun
athlete,7125,-3.852845818014997,,False,noun
tackle,7127,-3.852967691028818,,False,noun
mph,7132,-3.8532722240206834,,False,noun
organisation,7137,-3.8535765436196416,,False,noun
ghost,7140,-3.853759033074769,,False,noun
shadow,7141,-3.853819845856763,,False,noun
bankruptcy,7148,-3.8542452970661185,,False,noun
bobby,7149,-3.8543060418010806,,False,noun
nasa,7155,-3.8546703318953353,,False,noun
chef,7170,-3.8555797225017177,,False,noun
spectrum,7177,-3.856003453997221,,False,noun
paste,7189,-3.8567288903828825,,False,noun
unemployment,7190,-3.8567892887533164,,False,noun
assault,7191,-3.8568496787251725,,False,noun
grip,7192,-3.856910060300786,,False,noun
trigger,7198,-3.8572721735640414,,False,noun
torrent,7206,-3.8577545220594422,,False,noun
plaza,7211,-3.8580557180503643,,False,noun
regime,7213,-3.8581761379823445,,False,noun
dubai,7216,-3.858356705297773,,False,noun
bow,7217,-3.858416877723488,,False,noun
canyon,7219,-3.858537197569639,,False,noun
cooperation,7224,-3.8588378514285853,,False,noun
computing,7229,-3.859138297294531,,False,noun
virgin,7238,-3.8596785766284483,,False,noun
rape,7239,-3.859738566197147,,False,noun
silence,7242,-3.8599184852007156,,False,noun
globe,7250,-3.860397905127313,,False,noun
par,7252,-3.8605176774617465,,False,noun
evans,7253,-3.8605775512444156,,False,noun
veteran,7256,-3.8607571230815423,,False,noun
cabinet,7258,-3.8608767964032977,,False,noun
corp,7261,-3.8610562445768735,,False,noun
beijing,7262,-3.8611160441613954,,False,noun
behaviour,7268,-3.8614746688571686,,False,noun
protocol,7274,-3.861832997657945,,False,noun
ram,7277,-3.8620120512502165,,False,noun
liverpool,7278,-3.862071719379994,,False,noun
passenger,7281,-3.862250674597925,,False,noun
hudson,7282,-3.8623103099542706,,False,noun
density,7283,-3.8623699371228826,,False,noun
habit,7288,-3.862667950228588,,False,noun
copper,7289,-3.8627275283179747,,False,noun
baptist,7297,-3.8632038590286295,,False,noun
friendship,7308,-3.863857961883973,,False,noun
dawn,7310,-3.863976783904387,,False,noun
tourism,7314,-3.8642143304613294,,False,noun
effectiveness,7315,-3.8642736968043794,,False,noun
nashville,7316,-3.864333055033393,,False,noun
productivity,7318,-3.864451747158183,,False,noun
olive,7321,-3.8646297245455123,,False,noun
morris,7326,-3.8649261915390056,,False,noun
foam,7331,-3.865222456290179,,False,noun
oakland,7332,-3.8652816849956104,,False,noun
jury,7333,-3.865340905624584,,False,noun
abortion,7334,-3.8654001181793016,,False,noun
cincinnati,7335,-3.8654593226619647,,False,noun
cartoon,7344,-3.865991800126275,,False,noun
supplement,7350,-3.8663464227496016,,False,noun
lounge,7351,-3.8664054983780547,,False,noun
exterior,7352,-3.8664645659717403,,False,noun
laundry,7354,-3.866582677063549,,False,noun
placement,7356,-3.866700756042499,,False,noun
deadline,7357,-3.8667597834951084,,False,noun
vitamin,7358,-3.866818802926048,,False,noun
ali,7359,-3.866877814337499,,False,noun
payday,7365,-3.867231714518894,,False,noun
stanley,7368,-3.867408556522791,,False,noun
grain,7371,-3.867585326547036,,False,noun
ted,7374,-3.8677620246502005,,False,noun
stem,7390,-3.8687032022785366,,False,noun
blade,7393,-3.868879446237088,,False,noun
admission,7404,-3.8695250628572273,,False,noun
discipline,7405,-3.869583707713424,,False,noun
christianity,7409,-3.869818207979328,,False,noun
skirt,7417,-3.870286828992591,,False,noun
penn,7419,-3.870403905279027,,False,noun
contractor,7420,-3.87046243158892,,False,noun
vinyl,7424,-3.8706964579892498,,False,noun
wallpaper,7425,-3.87075494489014,,False,noun
tho,7430,-3.8710472613054994,,False,noun
indonesia,7438,-3.871514558708382,,False,noun
duration,7443,-3.8718063644587293,,False,noun
welfare,7459,-3.8727388274726686,,False,noun
lamp,7461,-3.87285524470481,,False,noun
mill,7465,-3.8730879855902858,,False,noun
opponent,7474,-3.873611196996467,,False,noun
bacteria,7486,-3.874307833128039,,False,noun
syndrome,7487,-3.874365835730049,,False,noun
olympics,7489,-3.8744818176994666,,False,noun
tension,7490,-3.87453979707101,,False,noun
trek,7496,-3.8748875108461123,,False,noun
shelf,7504,-3.875350696579289,,False,noun
switzerland,7506,-3.8754664158663856,,False,noun
curriculum,7511,-3.8757555792580547,,False,noun
lawn,7513,-3.875871190727366,,False,noun
competitor,7516,-3.876044550246095,,False,noun
mining,7517,-3.8761023213777936,,False,noun
alpha,7519,-3.876217840591642,,False,noun
carol,7522,-3.8763910618191875,,False,noun
oscar,7523,-3.876448786878341,,False,noun
cam,7525,-3.8765642139838454,,False,noun
twelve,7530,-3.8768526476013436,,False,noun
shade,7539,-3.877371345869774,,False,noun
trash,7544,-3.8776592441116087,,False,noun
praise,7545,-3.877716800864977,,False,noun
terrorist,7546,-3.877774349991398,,False,noun
conservation,7548,-3.877889425371484,,False,noun
byte,7550,-3.878004470268025,,False,noun
ward,7552,-3.8781194846971676,,False,noun
louisville,7558,-3.878464345341469,,False,noun
humanity,7562,-3.878694100396108,,False,noun
malaysia,7563,-3.8787515201730023,,False,noun
apparel,7567,-3.878981123393736,,False,noun
violation,7572,-3.879267956824613,,False,noun
acceptance,7576,-3.8794972872494284,,False,noun
reservation,7578,-3.879611907065851,,False,noun
intake,7580,-3.8797264966395772,,False,noun
donation,7583,-3.87989832433001,,False,noun
flesh,7589,-3.88024177589548,,False,noun
heather,7596,-3.8806421264042847,,False,noun
twist,7597,-3.8806992892187013,,False,noun
province,7599,-3.8808135922807914,,False,noun
intervention,7600,-3.8808707325324234,,False,noun
soap,7602,-3.8809849904867533,,False,noun
elite,7605,-3.8811563210755637,,False,noun
medicare,7608,-3.8813275841005512,,False,noun
funeral,7616,-3.881783955593385,,False,noun
jerusalem,7617,-3.8818409683249273,,False,noun
burden,7626,-3.882353746388714,,False,noun
confusion,7629,-3.8825245379548803,,False,noun
strap,7635,-3.8828659197216293,,False,noun
wolf,7640,-3.8831501996832776,,False,noun
economics,7641,-3.88320703335239,,False,noun
potato,7646,-3.88349109018893,,False,noun
recreation,7648,-3.8836046609222925,,False,noun
grocery,7651,-3.8837749613552583,,False,noun
euro,7659,-3.884228769632604,,False,noun
lawsuit,7663,-3.884455496070488,,False,noun
screw,7670,-3.8848519827459977,,False,noun
disability,7675,-3.885134966063434,,False,noun
delaware,7680,-3.8854177651109363,,False,noun
blogger,7681,-3.885474302829157,,False,noun
viewer,7686,-3.8857568810692675,,False,noun
bin,7694,-3.8862086241674976,,False,noun
vacuum,7695,-3.8862650590297565,,False,noun
portrait,7697,-3.886377906758572,,False,noun
nowhere,7702,-3.886659897861203,,False,noun
nissan,7703,-3.8867162741164782,,False,noun
retailer,7705,-3.886829004676982,,False,noun
lightweight,7714,-3.8873359303991672,,False,noun
barcelona,7715,-3.887392218971847,,False,noun
commentary,7716,-3.8874485002499535,,False,noun
ranch,7722,-3.8877860348383715,,False,noun
oxygen,7724,-3.887898488096872,,False,noun
node,7726,-3.888010912245029,,False,noun
parliament,7728,-3.8881233072979087,,False,noun
puppy,7747,-3.889189612047073,,False,noun
rally,7748,-3.8892456608929797,,False,noun
mall,7753,-3.889525796671191,,False,noun
laboratory,7769,-3.890421018800914,,False,noun
profession,7770,-3.8904769089601707,,False,noun
foreclosure,7775,-3.890756251918218,,False,noun
batman,7776,-3.8908120989551245,,False,noun
physic,7777,-3.890867938811441,,False,noun
dublin,7778,-3.890923771489014,,False,noun
crop,7782,-3.891147030448771,,False,noun
census,7783,-3.8912028272602956,,False,noun
legend,7785,-3.8913143993821433,,False,noun
tribute,7786,-3.891370174696148,,False,noun
ref,7795,-3.891871830445584,,False,noun
shelter,7807,-3.8925398046586355,,False,noun
murphy,7820,-3.8932622858879915,,False,noun
limitation,7823,-3.893428841779545,,False,noun
montreal,7825,-3.8935398435646613,,False,noun
notion,7826,-3.893595333819883,,False,noun
legacy,7827,-3.8936508169859634,,False,noun
sleeve,7833,-3.8939835672118472,,False,noun
vat,7834,-3.894039000804609,,False,noun
ethernet,7835,-3.894094427322699,,False,noun
beloved,7847,-3.894758994371892,,False,noun
stack,7849,-3.8948696567452528,,False,noun
milwaukee,7856,-3.8952567531448947,,False,noun
arena,7867,-3.8958643512472992,,False,noun
assignment,7869,-3.8959747323590648,,False,noun
corruption,7875,-3.8963057074660807,,False,noun
soviet,7877,-3.896415976473123,,False,noun
holland,7878,-3.8964711004792774,,False,noun
rogers,7879,-3.8965262174895554,,False,noun
flu,7883,-3.8967466156074058,,False,noun
sacrifice,7888,-3.8970219560603634,,False,noun
clinic,7894,-3.897352134344313,,False,noun
closure,7896,-3.897462138013063,,False,noun
scratch,7897,-3.8975171294005255,,False,noun
turner,7899,-3.8976270912904414,,False,noun
vermont,7900,-3.89768206179642,,False,noun
cord,7901,-3.8977370253454273,,False,noun
refund,7903,-3.8978469315795716,,False,noun
pope,7908,-3.898121575541108,,False,noun
intensity,7924,-3.898999270889789,,False,noun
prospect,7925,-3.8990540679981707,,False,noun
mailing,7926,-3.8991088581933995,,False,noun
sixth,7927,-3.899163641477219,,False,noun
imaging,7928,-3.899218417851373,,False,noun
minority,7929,-3.8992731873176036,,False,noun
theft,7933,-3.899492196138132,,False,noun
cst,7947,-3.9002578584377776,,False,noun
benjamin,7948,-3.9003124969837266,,False,noun
reporter,7949,-3.9003671286564705,,False,noun
hybrid,7950,-3.9004217534577377,,False,noun
font,7957,-3.9008039348103694,,False,noun
elderly,7964,-3.9011857801371503,,False,noun
fetish,7967,-3.901349325415642,,False,noun
bristol,7974,-3.901730691729219,,False,noun
poland,7978,-3.901948465073084,,False,noun
squad,7979,-3.9020028913507296,,False,noun
phd,7981,-3.9021117234480043,,False,noun
margin,7982,-3.9021661292710514,,False,noun
amp,7995,-3.902872785446079,,False,noun
reed,7996,-3.902927096017263,,False,noun
lap,7998,-3.903035696788497,,False,noun
creature,7999,-3.9030899869919438,,False,noun
tub,8006,-3.9034698285071703,,False,noun
brass,8016,-3.9040118835973883,,False,noun
flood,8018,-3.9041202134761996,,False,noun
harrison,8019,-3.9041743682841634,,False,noun
grid,8020,-3.9042285163400785,,False,noun
handful,8025,-3.90449915539782,,False,noun
curve,8028,-3.9046614579155245,,False,noun
helen,8031,-3.9048236998009442,,False,noun
thou,8037,-3.905148001856016,,False,noun
jet,8038,-3.905202028662319,,False,noun
generator,8043,-3.9054720619247045,,False,noun
moisture,8044,-3.9055260484350485,,False,noun
rod,8046,-3.9056340013269546,,False,noun
reflection,8047,-3.9056879677118523,,False,noun
invitation,8052,-3.905957699092427,,False,noun
radical,8053,-3.9060116252714128,,False,noun
motivation,8054,-3.906065544755237,,False,noun
marketplace,8055,-3.906119457545562,,False,noun
darkness,8063,-3.90655051910145,,False,noun
idiot,8066,-3.906712056942964,,False,noun
bride,8068,-3.9068197154665456,,False,noun
independence,8071,-3.906981153228854,,False,noun
tile,8074,-3.9071425310031405,,False,noun
attendance,8075,-3.9071963102716016,,False,noun
genius,8079,-3.907411360774586,,False,noun
variation,8081,-3.9075188461066293,,False,noun
memphis,8083,-3.9076263048432662,,False,noun
onion,8086,-3.907787443110616,,False,noun
obligation,8090,-3.9080022011725535,,False,noun
cousin,8091,-3.908055874098767,,False,noun
appreciation,8095,-3.908270499495724,,False,noun
punch,8110,-3.9090744014009045,,False,noun
adjustment,8112,-3.909181475977853,,False,noun
merchandise,8114,-3.9092885241622506,,False,noun
allah,8120,-3.909609510490169,,False,noun
puzzle,8123,-3.9097699147327694,,False,noun
essence,8125,-3.909876817990393,,False,noun
instructor,8127,-3.909983694939844,,False,noun
slave,8133,-3.910304168068569,,False,noun
devil,8139,-3.910624404889201,,False,noun
specialty,8142,-3.9107844347928373,,False,noun
courage,8143,-3.9108377649926833,,False,noun
dispute,8148,-3.911104317804036,,False,noun
semester,8155,-3.9114772171061025,,False,noun
plurality,8162,-3.9118497964994203,,False,noun
belly,8164,-3.911956189072687,,False,noun
chick,8165,-3.9120093755869783,,False,noun
shaft,8167,-3.9121157290788537,,False,noun
tomato,8170,-3.9122752104988123,,False,noun
mason,8172,-3.9123814989188004,,False,noun
swedish,8176,-3.9125939977521056,,False,noun
starter,8177,-3.912647106218317,,False,noun
testimony,8183,-3.912965620704104,,False,noun
clue,8184,-3.91301868374796,,False,noun
tattoo,8187,-3.913177833990468,,False,noun
implication,8192,-3.913442954859396,,False,noun
basement,8195,-3.9136019497291574,,False,noun
drain,8197,-3.913707913980483,,False,noun
vessel,8201,-3.913919764951466,,False,noun
collar,8212,-3.914501822827314,,False,noun
lion,8213,-3.914554698517634,,False,noun
outdoors,8215,-3.9146604305892216,,False,noun
attribute,8217,-3.9147661369258526,,False,noun
rotation,8219,-3.9148718175400505,,False,noun
header,8221,-3.914977472444331,,False,noun
recession,8227,-3.9152942830226865,,False,noun
bryan,8231,-3.9155053617543767,,False,noun
optimization,8234,-3.9156636035057732,,False,noun
fbi,8236,-3.9157690659836843,,False,noun
inflation,8237,-3.915821787620399,,False,noun
goodness,8238,-3.9158745028576916,,False,noun
consciousness,8239,-3.9159272116971158,,False,noun
catherine,8243,-3.916137983107175,,False,noun
palestinian,8244,-3.9161906599805376,,False,noun
reliability,8252,-3.916611845109346,,False,noun
dough,8255,-3.9167696842831363,,False,noun
polish,8258,-3.9169274661129925,,False,noun
ruby,8261,-3.9170851906405675,,False,noun
twilight,8266,-3.917347937627772,,False,noun
beam,8270,-3.917558020825436,,False,noun
pine,8271,-3.9176105257498675,,False,noun
midnight,8276,-3.917872955198848,,False,noun
paradise,8280,-3.9180827846421873,,False,noun
offset,8287,-3.9184497424011577,,False,noun
scholarship,8289,-3.9185545305502734,,False,noun
petition,8290,-3.918606915144982,,False,noun
patience,8292,-3.9187116653823213,,False,noun
federation,8293,-3.918764031027999,,False,noun
gospel,8294,-3.9188163903603797,,False,noun
www,8296,-3.918921090091336,,False,noun
agriculture,8297,-3.9189734304929544,,False,noun
platinum,8298,-3.91902576458736,,False,noun
township,8305,-3.9193919267738595,,False,noun
patio,8306,-3.9194442104652367,,False,noun
guardian,8313,-3.9198100201701958,,False,noun
madrid,8314,-3.919862253555538,,False,noun
barrel,8316,-3.919966701483387,,False,noun
glen,8318,-3.920071124297524,,False,noun
punishment,8321,-3.9202277114569286,,False,noun
fate,8328,-3.9205928620848085,,False,noun
irs,8332,-3.920801381825654,,False,noun
thirty,8337,-3.921061890790279,,False,noun
cabin,8349,-3.921686475483602,,False,noun
khan,8351,-3.921790485658187,,False,noun
perception,8359,-3.9222062774390163,,False,noun
conjunction,8364,-3.922465945298413,,False,noun
trainer,8366,-3.922569768985712,,False,noun
brook,8369,-3.92272545799326,,False,noun
salon,8370,-3.9227773419287977,,False,noun
sierra,8371,-3.922829219666649,,False,noun
carlos,8373,-3.922932956555212,,False,noun
notebook,8380,-3.923295840655504,,False,noun
acoustic,8381,-3.9233476564978256,,False,noun
pork,8383,-3.9234512696396515,,False,noun
chemistry,8398,-3.9242275812601175,,False,noun
fisher,8401,-3.924382677201973,,False,noun
indianapolis,8412,-3.924950888915611,,False,noun
transformation,8415,-3.925105726809664,,False,noun
buddy,8417,-3.9252089214120036,,False,noun
brick,8421,-3.925415237084246,,False,noun
sue,8422,-3.925466800691538,,False,noun
significance,8429,-3.9258275746247424,,False,noun
ranger,8431,-3.9259305978684713,,False,noun
confirmation,8436,-3.926188049107206,,False,noun
closet,8438,-3.9262909868848634,,False,noun
psychology,8439,-3.926342446625655,,False,noun
stamp,8450,-3.9269081017054357,,False,noun
norman,8455,-3.92716497429937,,False,noun
critic,8459,-3.9273703630390235,,False,noun
thumb,8460,-3.927421695050419,,False,noun
heel,8466,-3.9277295597716546,,False,noun
appliance,8467,-3.9277808493473745,,False,noun
departure,8472,-3.928037206406883,,False,noun
batch,8476,-3.928242183157309,,False,noun
decor,8477,-3.928293412232202,,False,noun
silk,8479,-3.9283958522567137,,False,noun
turkish,8482,-3.928549467001664,,False,noun
exploration,8486,-3.9287542021766533,,False,noun
grill,8488,-3.928856533581911,,False,noun
edinburgh,8491,-3.9290099854939613,,False,noun
sword,8493,-3.9291122566546606,,False,noun
oliver,8494,-3.9291633832050645,,False,noun
pole,8496,-3.9292656182530656,,False,noun
necklace,8497,-3.9293167267534956,,False,noun
noon,8498,-3.9293678292400998,,False,noun
daddy,8501,-3.929521100631104,,False,noun
vector,8502,-3.92957217907655,,False,noun
workplace,8506,-3.929776432804902,,False,noun
excellence,8511,-3.930031614950973,,False,noun
biography,8512,-3.930082633392371,,False,noun
marijuana,8516,-3.9302866472455196,,False,noun
banner,8519,-3.9304395947667,,False,noun
syria,8521,-3.9305415298644344,,False,noun
deficit,8526,-3.9307962629833004,,False,noun
waist,8527,-3.930847191682497,,False,noun
boundary,8528,-3.9308981144101045,,False,noun
earring,8529,-3.930949031167523,,False,noun
labour,8531,-3.9310508467773912,,False,noun
tooth,8533,-3.9311526385232933,,False,noun
rep,8546,-3.9318137039591394,,False,noun
bachelor,8547,-3.9318645134920316,,False,noun
preference,8549,-3.931966114728173,,False,noun
glove,8550,-3.9320169064342014,,False,noun
rebecca,8551,-3.9320676922007216,,False,noun
narrative,8560,-3.9325244970505424,,False,noun
hood,8563,-3.932676658622401,,False,noun
commissioner,8569,-3.932980821923198,,False,noun
melissa,8570,-3.9330314951024055,,False,noun
diagram,8571,-3.933082162369791,,False,noun
pollution,8572,-3.9331328237267345,,False,noun
eager,8575,-3.933284772348695,,False,noun
particle,8587,-3.933892035764211,,False,noun
sheep,8596,-3.9343469267382556,,False,noun
fame,8600,-3.934548947666147,,False,noun
portal,8601,-3.934599438218073,,False,noun
bead,8602,-3.934649922900711,,False,noun
verse,8608,-3.934952707817858,,False,noun
panic,8618,-3.9354568807116097,,False,noun
pile,8622,-3.9356583861006342,,False,noun
reminder,8625,-3.935809453809933,,False,noun
yankee,8630,-3.9360611166099884,,False,noun
joel,8631,-3.9361114316748544,,False,noun
cemetery,8633,-3.9362120443202486,,False,noun
sacramento,8641,-3.9366142619752114,,False,noun
hardcover,8643,-3.936714758211204,,False,noun
counseling,8645,-3.9368152311976328,,False,noun
couch,8646,-3.9368654589756225,,False,noun
lineup,8649,-3.9370161074648142,,False,noun
buck,8650,-3.937066312017428,,False,noun
taiwan,8655,-3.9373172477624943,,False,noun
mumbai,8657,-3.937417581477138,,False,noun
headquarters,8661,-3.9376181793938234,,False,noun
coating,8663,-3.937718443617264,,False,noun
norway,8666,-3.9378687965638592,,False,noun
dale,8669,-3.9380190974762104,,False,noun
glenn,8693,-3.939219635854818,,False,noun
lobby,8697,-3.939419403329317,,False,noun
creator,8698,-3.9394693308435302,,False,noun
orchestra,8700,-3.939569168655902,,False,noun
snap,8705,-3.9398186628213794,,False,noun
restoration,8708,-3.9399682905513362,,False,noun
argentina,8710,-3.9400680137393524,,False,noun
observation,8711,-3.9401178667477184,,False,noun
torture,8714,-3.940267391446012,,False,noun
czech,8716,-3.9403670459856652,,False,noun
tactic,8724,-3.9407654356312176,,False,noun
advisory,8733,-3.9412131875853214,,False,noun
discrimination,8749,-3.942008053022313,,False,noun
illustration,8753,-3.9422065422770953,,False,noun
brake,8764,-3.9427519204298136,,False,noun
spencer,8766,-3.942851006554337,,False,noun
nsw,8768,-3.942950070077099,,False,noun
spouse,8774,-3.943247125137862,,False,noun
toll,8776,-3.943346098356591,,False,noun
epa,8781,-3.943593432768369,,False,noun
terrorism,8787,-3.943890048248473,,False,noun
traveler,8789,-3.9439888750737717,,False,noun
garbage,8790,-3.9440382800544183,,False,noun
iraqi,8792,-3.944137073158098,,False,noun
egyptian,8797,-3.944383957640844,,False,noun
saudi,8798,-3.9444333177002147,,False,noun
injection,8799,-3.9444826721501687,,False,noun
terror,8804,-3.944729360303296,,False,noun
recipient,8808,-3.9449266099862155,,False,noun
stair,8809,-3.9449759084120477,,False,noun
southwest,8818,-3.945419342603063,,False,noun
substrate,8819,-3.94546858513182,,False,noun
receipt,8820,-3.9455178220778397,,False,noun
biology,8829,-3.9459607035775686,,False,noun
victor,8830,-3.9460098847657648,,False,noun
leisure,8847,-3.946845113960623,,False,noun
bradley,8850,-3.9469923407483725,,False,noun
berkeley,8853,-3.947139517642829,,False,noun
hint,8855,-3.9472376078706666,,False,noun
moscow,8856,-3.9472866446777983,,False,noun
fleet,8861,-3.947531745695593,,False,noun
junk,8862,-3.9475807493043225,,False,noun
blake,8863,-3.9476297473843545,,False,noun
bailey,8865,-3.9477277269633158,,False,noun
holly,8868,-3.947874654897698,,False,noun
butler,8871,-3.9480215331411035,,False,noun
hillary,8874,-3.9481683617271317,,False,noun
clay,8876,-3.9482662198802956,,False,noun
spokesman,8877,-3.9483151406893477,,False,noun
embrace,8887,-3.9488040459328113,,False,noun
counsel,8892,-3.949048292315664,,False,noun
herb,8893,-3.9490971251129157,,False,noun
florence,8896,-3.949243590568265,,False,noun
separation,8897,-3.9492924014120256,,False,noun
null,8899,-3.949390006644913,,False,noun
sock,8903,-3.949585151326652,,False,noun
yorkshire,8911,-3.9499751778296535,,False,noun
phenomenon,8913,-3.9500726297501574,,False,noun
vanilla,8916,-3.9502187666418633,,False,noun
stanford,8928,-3.9508028229646586,,False,noun
fold,8932,-3.950997333988805,,False,noun
ruth,8941,-3.951434665532013,,False,noun
barrier,8963,-3.9525018478630236,,False,noun
blair,8965,-3.952598734529773,,False,noun
lender,8968,-3.9527440240148985,,False,noun
orientation,8971,-3.95288926491093,,False,noun
negotiation,8983,-3.953469743253401,,False,noun
tobacco,8994,-3.9540011676815703,,False,noun
graduation,8995,-3.9540494467635945,,False,noun
brazilian,8996,-3.9540977204791896,,False,noun
mold,8998,-3.9541942518158626,,False,noun
watson,9004,-3.954483717155552,,False,noun
tent,9007,-3.954628377507271,,False,noun
mesh,9008,-3.9546765869186435,,False,noun
lecture,9010,-3.954772989689717,,False,noun
treasure,9011,-3.954821183051793,,False,noun
packet,9016,-3.9550620696750323,,False,noun
pit,9026,-3.955543442459743,,False,noun
wage,9028,-3.955639653023252,,False,noun
abraham,9034,-3.9559281568969507,,False,noun
precision,9035,-3.9559762222483252,,False,noun
homework,9040,-3.95621646924339,,False,noun
attachment,9041,-3.9562645026982755,,False,noun
companion,9043,-3.956360553673322,,False,noun
administrator,9045,-3.9564565834098997,,False,noun
cuisine,9049,-3.9566485792052033,,False,noun
strain,9051,-3.956744545282691,,False,noun
accent,9052,-3.956792520370495,,False,noun
hughes,9057,-3.9570323163469383,,False,noun
compression,9059,-3.957128197676813,,False,noun
charger,9061,-3.957224057843167,,False,noun
bull,9068,-3.9575594018974796,,False,noun
chapel,9070,-3.9576551669434914,,False,noun
glasgow,9077,-3.9579901784068303,,False,noun
indication,9079,-3.958085848521085,,False,noun
horizontal,9080,-3.9581336756762355,,False,noun
hampton,9083,-3.9582771255476974,,False,noun
journalist,9088,-3.958516103423041,,False,noun
nerve,9098,-3.958993665030326,,False,noun
minneapolis,9099,-3.9590413923210934,,False,noun
registry,9100,-3.959089114367392,,False,noun
cinema,9101,-3.9591368311703743,,False,noun
robot,9102,-3.9591845427311916,,False,noun
webcam,9104,-3.959279950130939,,False,noun
niche,9118,-3.9599472157084987,,False,noun
dial,9120,-3.9600424557268417,,False,noun
cheat,9125,-3.960280464436642,,False,noun
analyst,9130,-3.960518342780708,,False,noun
pasta,9133,-3.9606610072709816,,False,noun
troy,9136,-3.9608036249117697,,False,noun
automobile,9141,-3.961041216953312,,False,noun
para,9144,-3.9611837098124356,,False,noun
fighter,9145,-3.961231197044663,,False,noun
cache,9149,-3.9614210940664485,,False,noun
stereo,9153,-3.9616109080912807,,False,noun
defendant,9158,-3.9618480590183243,,False,noun
donna,9159,-3.9618954736678504,,False,noun
harper,9160,-3.961942883141387,,False,noun
rap,9166,-3.962227231350085,,False,noun
shakespeare,9172,-3.962511393507597,,False,noun
portugal,9176,-3.962700731704341,,False,noun
dive,9188,-3.963268251526235,,False,noun
capitol,9192,-3.9634572601167077,,False,noun
roster,9193,-3.9635044994142907,,False,noun
priest,9198,-3.963740618857884,,False,noun
seasonal,9199,-3.963787827345555,,False,noun
pension,9201,-3.963882228928777,,False,noun
lucy,9204,-3.9640237928400337,,False,noun
newton,9208,-3.964212472969819,,False,noun
bout,9211,-3.9643539292921934,,False,noun
idol,9227,-3.9651075858490556,,False,noun
amsterdam,9228,-3.9651546459869254,,False,noun
simpson,9232,-3.965342835560622,,False,noun
complexity,9246,-3.966000857628784,,False,noun
jeep,9249,-3.9661417327390325,,False,noun
matrix,9251,-3.966235624098582,,False,noun
ribbon,9255,-3.966423345943693,,False,noun
maple,9265,-3.966892295867136,,False,noun
immigrant,9268,-3.967032882158702,,False,noun
jurisdiction,9269,-3.967079734144497,,False,noun
amber,9270,-3.9671265810764127,,False,noun
alberta,9272,-3.9672202597829673,,False,noun
shanghai,9281,-3.967641564083011,,False,noun
clarity,9289,-3.968015713993642,,False,noun
cuba,9298,-3.9684362477117046,,False,noun
trademark,9299,-3.9684829485539352,,False,noun
gibson,9305,-3.9687630481972485,,False,noun
pixel,9314,-3.9691828592322613,,False,noun
harvey,9315,-3.9692294798626433,,False,noun
revision,9317,-3.969322706112202,,False,noun
connector,9320,-3.969462507974637,,False,noun
proportion,9328,-3.9698350930757975,,False,noun
pendant,9329,-3.9698816437465,,False,noun
router,9331,-3.969974730121715,,False,noun
buffer,9335,-3.9701608430373136,,False,noun
belgium,9337,-3.970253869594787,,False,noun
blessing,9340,-3.9703933720796,,False,noun
ethic,9341,-3.970439862951764,,False,noun
stuart,9345,-3.9706257766882946,,False,noun
fortune,9348,-3.970765159780768,,False,noun
organ,9356,-3.9711366294768062,,False,noun
fireplace,9357,-3.9711830408561615,,False,noun
springfield,9359,-3.971275848738105,,False,noun
consolidation,9360,-3.971322245242813,,False,noun
diesel,9361,-3.971368636791423,,False,noun
sensitivity,9365,-3.971554153446061,,False,noun
uncle,9369,-3.971739590887778,,False,noun
monroe,9370,-3.9717859378791145,,False,noun
cia,9378,-3.9721565358594937,,False,noun
stake,9380,-3.9722491359625955,,False,noun
slut,9383,-3.9723879991074726,,False,noun
condo,9388,-3.9726193390596234,,False,noun
disclosure,9389,-3.972665592266111,,False,noun
rainbow,9393,-3.9728505558472302,,False,noun
pub,9395,-3.972943008105568,,False,noun
playoff,9396,-3.972989226855349,,False,noun
advocate,9397,-3.973035440686933,,False,noun
subscriber,9400,-3.973174052682972,,False,noun
inning,9405,-3.9734049744100606,,False,noun
metre,9409,-3.973589623427257,,False,noun
rider,9412,-3.9737280586880273,,False,noun
nova,9413,-3.97377419397058,,False,noun
wallace,9414,-3.9738203243526837,,False,noun
indicator,9415,-3.9738664498353784,,False,noun
boob,9416,-3.9739125704197047,,False,noun
remark,9419,-3.9740509027928774,,False,noun
montgomery,9423,-3.9742352774430265,,False,noun
hub,9426,-3.974373507081423,,False,noun
audit,9434,-3.97474190450095,,False,noun
microwave,9443,-3.9751559784066894,,False,noun
homeless,9450,-3.9754777631658746,,False,noun
doll,9452,-3.975569657893662,,False,noun
genesis,9453,-3.975615597966895,,False,noun
austria,9464,-3.9761206182998157,,False,noun
sunset,9468,-3.976304116552003,,False,noun
holmes,9469,-3.9763499790032735,,False,noun
cedar,9472,-3.97648753730519,,False,noun
infant,9476,-3.976670880624811,,False,noun
cholesterol,9478,-3.976762523267461,,False,noun
quarterback,9480,-3.976854146576219,,False,noun
elvis,9481,-3.9768999509829377,,False,noun
distinction,9485,-3.9770831203158528,,False,noun
ottawa,9486,-3.977128900580682,,False,noun
span,9490,-3.977311973396926,,False,noun
rope,9498,-3.9776778876739938,,False,noun
lucas,9509,-3.978180516937414,,False,noun
fever,9516,-3.978500069311459,,False,noun
enthusiasm,9519,-3.9786369483844743,,False,noun
dedication,9521,-3.9787281771384917,,False,noun
thickness,9525,-3.9789105771755717,,False,noun
soundtrack,9526,-3.9789561652175913,,False,noun
cox,9534,-3.9793206973820245,,False,noun
treasury,9535,-3.979366242396161,,False,noun
leo,9538,-3.9795028487874013,,False,noun
replica,9542,-3.9796849238270258,,False,noun
pirate,9547,-3.979912410334717,,False,noun
moses,9550,-3.9800488450649567,,False,noun
testament,9562,-3.9805941557762203,,False,noun
demonstration,9564,-3.9806849743633146,,False,noun
tray,9577,-3.981274832706589,,False,noun
kenya,9581,-3.9814561665221264,,False,noun
grandmother,9584,-3.9815921172140816,,False,noun
defence,9586,-3.9816827273712856,,False,noun
encyclopedia,9589,-3.9818186071706636,,False,noun
controversy,9592,-3.9819544444699737,,False,noun
den,9597,-3.9821807455964024,,False,noun
sprint,9608,-3.9826781933834843,,False,noun
inclusion,9609,-3.9827233876685453,,False,noun
plasma,9616,-3.983039616046102,,False,noun
vip,9620,-3.983220214648103,,False,noun
trap,9622,-3.9833104857941155,,False,noun
beatles,9623,-3.9833556143317885,,False,noun
parade,9632,-3.983761560286165,,False,noun
warehouse,9635,-3.983896791326306,,False,noun
ghz,9636,-3.983941858983888,,False,noun
leonard,9641,-3.9841671271469883,,False,noun
amd,9643,-3.984257201705416,,False,noun
showcase,9654,-3.9847522781154137,,False,noun
wyoming,9663,-3.985156921277057,,False,noun
shield,9665,-3.9852467908028615,,False,noun
custody,9667,-3.985336641735613,,False,noun
seventh,9668,-3.985381560231997,,False,noun
meditation,9672,-3.985561187773345,,False,noun
newport,9677,-3.985785617772605,,False,noun
tunnel,9683,-3.9860547807696953,,False,noun
flooring,9685,-3.9861444647105206,,False,noun
reid,9694,-3.9865478134147243,,False,noun
nicholas,9700,-3.9868165045855366,,False,noun
athens,9703,-3.9869507878585164,,False,noun
sweat,9704,-3.9869955397243815,,False,noun
fridge,9706,-3.987085029624122,,False,noun
kingston,9711,-3.9873086737311825,,False,noun
tribune,9712,-3.9873533887357935,,False,noun
sheriff,9713,-3.9873980991370175,,False,noun
trinity,9714,-3.9874428049358013,,False,noun
tee,9715,-3.987487506133093,,False,noun
wit,9719,-3.9876662649262746,,False,noun
lid,9724,-3.987889609997745,,False,noun
albany,9727,-3.9880235619286597,,False,noun
multimedia,9735,-3.9883805652220086,,False,noun
wool,9736,-3.988425170006303,,False,noun
gel,9752,-3.989138224215789,,False,noun
gateway,9754,-3.989227273730537,,False,noun
correction,9756,-3.9893163049899516,,False,noun
activation,9757,-3.9893608137762473,,False,noun
lebanon,9764,-3.989672247623873,,False,noun
lloyd,9766,-3.989761187718778,,False,noun
sewing,9769,-3.989894563718773,,False,noun
seminar,9775,-3.990161192898479,,False,noun
charleston,9782,-3.9904720535256195,,False,noun
rhythm,9786,-3.9906495883188544,,False,noun
mediterranean,9787,-3.9906939606797516,,False,noun
dessert,9788,-3.9907383285075375,,False,noun
realty,9792,-3.9909157545060845,,False,noun
arnold,9795,-3.9910487764526765,,False,noun
cottage,9800,-3.9912703891951,,False,noun
combo,9801,-3.9913146981766108,,False,noun
remedy,9805,-3.9914918889101596,,False,noun
needle,9808,-3.9916247345340055,,False,noun
backyard,9811,-3.991757539534348,,False,noun
homeowner,9814,-3.991890303936025,,False,noun
retreat,9815,-3.991934549718948,,False,noun
occupation,9822,-3.9922441440467713,,False,noun
giveaway,9826,-3.9924209560520243,,False,noun
med,9828,-3.9925093350677754,,False,noun
inquiry,9831,-3.9926418698783976,,False,noun
tragedy,9832,-3.9926860391621277,,False,noun
quebec,9833,-3.992730203954143,,False,noun
milan,9837,-3.9929068182233127,,False,noun
notification,9839,-3.9929950984313414,,False,noun
modification,9844,-3.993215720474137,,False,noun
zoo,9848,-3.9933921374490025,,False,noun
homepage,9859,-3.993876914941211,,False,noun
threshold,9864,-3.99409708958821,,False,noun
momentum,9868,-3.9942731489731704,,False,noun
beth,9869,-3.9943171526696366,,False,noun
dentist,9871,-3.9944051466891666,,False,noun
necessity,9875,-3.9945810812598945,,False,noun
recruitment,9876,-3.9946250537686048,,False,noun
joshua,9878,-3.9947129854315704,,False,noun
arabic,9879,-3.9947569445876283,,False,noun
logan,9880,-3.994800899294604,,False,noun
scroll,9883,-3.994932736730042,,False,noun
privilege,9889,-3.9951962915971793,,False,noun
prof,9892,-3.9953280090774097,,False,noun
hike,9901,-3.995722921995465,,False,noun
antenna,9906,-3.9959421629925505,,False,noun
denmark,9910,-3.996117476137288,,False,noun
bacon,9911,-3.996161293368007,,False,noun
balcony,9914,-3.9962927185413215,,False,noun
helmet,9916,-3.99638031323341,,False,noun
dsl,9921,-3.996599222700167,,False,noun
kernel,9925,-3.9967742708613048,,False,noun
earl,9926,-3.9968180218795153,,False,noun
spine,9927,-3.9968617684906733,,False,noun
mod,9931,-3.9970367108825267,,False,noun
diana,9940,-3.9974300737974713,,False,noun
jenny,9941,-3.9974737588029803,,False,noun
deputy,9942,-3.997517439414725,,False,noun
blanket,9944,-3.9976047874604546,,False,noun
pulse,9947,-3.9977357765978985,,False,noun
aviation,9950,-3.997866726239145,,False,noun
ceramic,9954,-3.998041264363428,,False,noun
powell,9959,-3.998259338423699,,False,noun
lingerie,9964,-3.9984773030365064,,False,noun
invasion,9974,-3.998912904358786,,False,noun
arlington,9977,-3.9990434996031627,,False,noun
gregory,9981,-3.9992175655301034,,False,noun
bullet,9982,-3.9992610711131005,,False,noun
clearance,9984,-3.9993480692067216,,False,noun
bandwidth,9990,-3.999608958971417,,False,noun
dame,9991,-3.999652425366079,,False,noun
cigarette,9996,-3.999869692108268,,False,noun
axis,9997,-3.9999131324165713,,False,noun
meantime,10005,-4.00026049854739,,False,noun
pickup,10013,-4.00060758706289,,False,noun
applicant,10018,-4.000824376605605,,False,noun
sofa,10021,-4.000954398406458,,False,noun
ebony,10025,-4.001127700277035,,False,noun
fare,10039,-4.001733712809001,,False,noun
slice,10046,-4.002036402259529,,False,noun
cocktail,10053,-4.002338880892056,,False,noun
dildo,10054,-4.00238207493276,,False,noun
surveillance,10055,-4.0024252646779015,,False,noun
soda,10056,-4.002468450128332,,False,noun
timothy,10059,-4.002597980719909,,False,noun
algorithm,10069,-4.003029470553618,,False,noun
yarn,10072,-4.003158833950862,,False,noun
duncan,10078,-4.003417445202194,,False,noun
hdtv,10079,-4.003460532109506,,False,noun
spite,10087,-4.003805073565025,,False,noun
vaccine,10088,-4.003848122034298,,False,noun
weakness,10089,-4.003891166236911,,False,noun
disposal,10093,-4.004063300397667,,False,noun
cattle,10098,-4.0042783722001625,,False,noun
haiti,10105,-4.004579293902212,,False,noun
mandatory,10120,-4.005223424858136,,False,noun
nylon,10126,-4.005480809979401,,False,noun
armstrong,10141,-4.006123606211855,,False,noun
roller,10143,-4.0062092405376575,,False,noun
conspiracy,10148,-4.006423252507643,,False,noun
fifteen,10149,-4.006466042249231,,False,noun
hose,10154,-4.006679927740826,,False,noun
parish,10161,-4.006979190574277,,False,noun
tan,10163,-4.007064656378332,,False,noun
litigation,10169,-4.007320952922744,,False,noun
southeast,10176,-4.007619774517403,,False,noun
outline,10177,-4.007662446537275,,False,noun
pond,10183,-4.007918390645599,,False,noun
activist,10192,-4.008302024212002,,False,noun
booth,10197,-4.008515007631455,,False,noun
newcastle,10199,-4.008600171761918,,False,noun
punk,10201,-4.008685319195168,,False,noun
mba,10210,-4.0090682761922185,,False,noun
grasp,10220,-4.00949338828754,,False,noun
herbal,10221,-4.009535876619218,,False,noun
kidney,10227,-4.009790719354298,,False,noun
bracelet,10228,-4.009833178608563,,False,noun
essex,10230,-4.009918084665902,,False,noun
marina,10231,-4.009960531470598,,False,noun
merchant,10234,-4.010087846998524,,False,noun
cylinder,10238,-4.010257542998302,,False,noun
fifty,10245,-4.010554351540322,,False,noun
alfred,10246,-4.010596736206526,,False,noun
tendency,10247,-4.0106391167366295,,False,noun
cargo,10250,-4.010766233518425,,False,noun
rip,10252,-4.010850957373923,,False,noun
brunette,10257,-4.011062694729735,,False,noun
machinery,10259,-4.011147360775797,,False,noun
shuttle,10260,-4.011189687609991,,False,noun
boom,10263,-4.011316643366872,,False,noun
tuition,10268,-4.011528153857539,,False,noun
erotic,10276,-4.011866356527724,,False,noun
safari,10278,-4.011950866059398,,False,noun
warrant,10281,-4.012077599531015,,False,noun
cricket,10287,-4.012330955580147,,False,noun
sailing,10288,-4.012373167222489,,False,noun
warmth,10294,-4.01262635095405,,False,noun
refrigerator,10295,-4.01266853389633,,False,noun
midst,10296,-4.012710712741787,,False,noun
airway,10298,-4.012795058145413,,False,noun
sally,10299,-4.012837224705172,,False,noun
boulevard,10301,-4.01292154554456,,False,noun
earthquake,10305,-4.013090138125056,,False,noun
venice,10313,-4.013427127070696,,False,noun
stevens,10316,-4.013553430541676,,False,noun
gaza,10317,-4.0135955235372895,,False,noun
iranian,10323,-4.013847995871831,,False,noun
calculator,10324,-4.013890060328438,,False,noun
withdrawal,10325,-4.013932120711204,,False,noun
sullivan,10327,-4.014016229258364,,False,noun
frustration,10332,-4.01422642938923,,False,noun
towel,10334,-4.0143104809633074,,False,noun
circulation,10337,-4.0144365278316725,,False,noun
mobility,10339,-4.014520538757924,,False,noun
alumnus,10350,-4.014982308585482,,False,noun
beast,10352,-4.015066214011149,,False,noun
gig,10356,-4.015233976246709,,False,noun
tracy,10358,-4.015317833069116,,False,noun
equation,10360,-4.015401673702949,,False,noun
loyalty,10361,-4.015443587951102,,False,noun
pillow,10362,-4.0154854981544545,,False,noun
griffin,10363,-4.015527404313787,,False,noun
dylan,10365,-4.015611204503513,,False,noun
arrow,10368,-4.01573687447745,,False,noun
coconut,10370,-4.015820634262069,,False,noun
peer,10373,-4.015946243657567,,False,noun
teenager,10376,-4.016071816734024,,False,noun
anchor,10377,-4.016113666358908,,False,noun
analog,10380,-4.016239191042639,,False,noun
doctrine,10389,-4.016615547557177,,False,noun
autumn,10390,-4.016657344822202,,False,noun
expo,10391,-4.016699138064971,,False,noun
bennett,10392,-4.01674092728626,,False,noun
mud,10399,-4.017033339298781,,False,noun
salmon,10401,-4.017116849438813,,False,noun
nigeria,10402,-4.017158598487815,,False,noun
rochester,10414,-4.017659274283765,,False,noun
ankle,10422,-4.017992737766433,,False,noun
hobby,10424,-4.018076063645795,,False,noun
chaos,10436,-4.018575683467251,,False,noun
yeast,10437,-4.018617292519441,,False,noun
overhead,10438,-4.018658897585517,,False,noun
surgeon,10441,-4.018783688874697,,False,noun
tiffany,10444,-4.018908444316327,,False,noun
prisoner,10447,-4.019033163930999,,False,noun
wrist,10448,-4.019074729177898,,False,noun
calcium,10450,-4.019157847739282,,False,noun
preliminary,10458,-4.019490162997508,,False,noun
explosion,10464,-4.019739232674706,,False,noun
radar,10465,-4.019780730403647,,False,noun
acer,10467,-4.019863713967843,,False,noun
hebrew,10475,-4.020195489753195,,False,noun
messenger,10476,-4.020236943910808,,False,noun
proprietary,10478,-4.020319840357309,,False,noun
probe,10485,-4.020609853377705,,False,noun
anti,10490,-4.020816887028907,,False,noun
calgary,10492,-4.020899672862536,,False,noun
derby,10496,-4.021065197202569,,False,noun
snack,10502,-4.021313365484695,,False,noun
chad,10504,-4.021396056741971,,False,noun
lindsay,10505,-4.02143739646709,,False,noun
hack,10509,-4.021602716028243,,False,noun
deployment,10510,-4.0216440360874435,,False,noun
mama,10512,-4.0217266644137775,,False,noun
halo,10522,-4.022139570398392,,False,noun
durability,10524,-4.022222104507706,,False,noun
commonwealth,10526,-4.022304622935069,,False,noun
plymouth,10528,-4.022387125686438,,False,noun
fraction,10529,-4.0224283711854865,,False,noun
consensus,10530,-4.022469612767769,,False,noun
richardson,10533,-4.022593314021462,,False,noun
gilbert,10535,-4.022675761953727,,False,noun
symphony,10537,-4.022758194236769,,False,noun
classification,10538,-4.022799404511688,,False,noun
jacksonville,10541,-4.022923011878938,,False,noun
relaxation,10542,-4.022964206517993,,False,noun
ukraine,10543,-4.023005397249935,,False,noun
breeding,10544,-4.023046584075505,,False,noun
breakdown,10553,-4.023417089841105,,False,noun
bulletin,10554,-4.023458237643675,,False,noun
coordinator,10556,-4.023540521554854,,False,noun
ballot,10557,-4.0235816576649395,,False,noun
obesity,10563,-4.023828392534886,,False,noun
norfolk,10567,-4.023992804606471,,False,noun
leon,10569,-4.024074987307427,,False,noun
cartridge,10571,-4.024157154459672,,False,noun
mattress,10572,-4.024198232206868,,False,noun
incentive,10574,-4.02428037604708,,False,noun
mercy,10576,-4.024362504353282,,False,noun
discretion,10577,-4.0244035626829655,,False,noun
consistency,10579,-4.024485667699167,,False,noun
bargain,10580,-4.024526714387152,,False,noun
elli,10581,-4.024567757196038,,False,noun
poet,10586,-4.024772913079632,,False,noun
kitty,10587,-4.024813932629311,,False,noun
swift,10591,-4.024977972095625,,False,noun
scholar,10603,-4.025469719061056,,False,noun
enjoyment,10606,-4.025592568851674,,False,noun
reagan,10609,-4.025715383901341,,False,noun
pastor,10610,-4.025756314534414,,False,noun
nutrient,10612,-4.0258381642297,,False,noun
surroundings,10614,-4.025919998502018,,False,noun
dana,10616,-4.026001817357177,,False,noun
marathon,10642,-4.027064062151045,,False,noun
hitler,10645,-4.027186461836736,,False,noun
sunglass,10649,-4.027349607774757,,False,noun
windsor,10658,-4.02771646220899,,False,noun
leak,10669,-4.02816441942447,,False,noun
hospitality,10672,-4.028286509426278,,False,noun
rocket,10675,-4.02840856511547,,False,noun
rumor,10683,-4.0287338793493355,,False,noun
conviction,10686,-4.028855809390444,,False,noun
doc,10692,-4.029099566823543,,False,noun
harvest,10701,-4.029464946638236,,False,noun
bra,10705,-4.029627239047413,,False,noun
candle,10706,-4.0296678026753225,,False,noun
salvation,10720,-4.030235296012244,,False,noun
gallon,10737,-4.030923399627219,,False,noun
probability,10738,-4.030963842378275,,False,noun
ace,10742,-4.031125575731565,,False,noun
ignorance,10746,-4.031287248876998,,False,noun
favour,10748,-4.031368062885773,,False,noun
thesis,10750,-4.031448861859383,,False,noun
warrior,10760,-4.031852631395629,,False,noun
migration,10765,-4.032054375479669,,False,noun
pitcher,10768,-4.032175376961363,,False,noun
monkey,10775,-4.03245758271493,,False,noun
trunk,10777,-4.032538179260007,,False,noun
mum,10784,-4.032820149438564,,False,noun
chile,10787,-4.032940937780854,,False,noun
advertisement,10792,-4.033142177060625,,False,noun
terrace,10793,-4.033182413729195,,False,noun
nonprofit,10795,-4.033262875884479,,False,noun
gram,10799,-4.033423755486949,,False,noun
chester,10802,-4.033544376090948,,False,noun
cage,10808,-4.033785516842231,,False,noun
pursuit,10815,-4.0340666785975605,,False,noun
duo,10818,-4.034187120793453,,False,noun
sens,10820,-4.034267397038025,,False,noun
sustainability,10823,-4.034387783589566,,False,noun
var,10827,-4.034548247098469,,False,noun
scandal,10828,-4.034588353713624,,False,noun
journalism,10834,-4.034828915655837,,False,noun
ruin,10842,-4.035149457773463,,False,noun
beck,10846,-4.035309640156801,,False,noun
vienna,10847,-4.035349676522988,,False,noun
complication,10850,-4.035469763481282,,False,noun
celtic,10853,-4.035589817243458,,False,noun
grandfather,10854,-4.035629827790439,,False,noun
lily,10858,-4.035789833127757,,False,noun
entrepreneur,10859,-4.035829825252828,,False,noun
sketch,10871,-4.036309443724438,,False,noun
streak,10878,-4.036588976755405,,False,noun
skiing,10879,-4.036628895362161,,False,noun
realm,10882,-4.036748629172203,,False,noun
bernard,10884,-4.036828433377113,,False,noun
gravity,10887,-4.036948112195279,,False,noun
knit,10889,-4.037027879755775,,False,noun
bend,10890,-4.037067758042558,,False,noun
bikini,10893,-4.037187370937113,,False,noun
simulation,10897,-4.03734680356809,,False,noun
cope,10899,-4.037426497940624,,False,noun
arctic,10901,-4.037506177691678,,False,noun
wizard,10902,-4.037546012085826,,False,noun
nowadays,10905,-4.0376654933508025,,False,noun
mustang,10912,-4.037944155203099,,False,noun
sap,10916,-4.038103310305898,,False,noun
spec,10917,-4.038143089969942,,False,noun
frederick,10918,-4.0381828659906605,,False,noun
heater,10924,-4.038421445642459,,False,noun
allegation,10934,-4.038818787373656,,False,noun
drake,10943,-4.039176084376041,,False,noun
purse,10947,-4.039334788738086,,False,noun
hart,10953,-4.039572736592766,,False,noun
collector,10954,-4.039612381896724,,False,noun
railway,10958,-4.039770926931579,,False,noun
doi,10964,-4.040008636013542,,False,noun
architect,10965,-4.040048241547462,,False,noun
sequel,10966,-4.04008784346988,,False,noun
harmony,10969,-4.040206627574711,,False,noun
builder,10975,-4.040444098362676,,False,noun
whitney,10976,-4.04048366420627,,False,noun
coalition,10983,-4.040760524228698,,False,noun
assumption,10989,-4.040997692423491,,False,noun
mickey,10992,-4.041116227969485,,False,noun
supervision,10994,-4.0411952336968096,,False,noun
voluntary,10995,-4.041234731171431,,False,noun
workforce,10997,-4.0413137153458605,,False,noun
rico,11021,-4.042260406689452,,False,noun
burton,11025,-4.04241798814325,,False,noun
visibility,11030,-4.042614884588525,,False,noun
laughter,11031,-4.042654253167793,,False,noun
undergraduate,11033,-4.0427329796217215,,False,noun
performer,11036,-4.042851042550789,,False,noun
owen,11037,-4.042890389729244,,False,noun
marker,11049,-4.04336227802113,,False,noun
nomination,11050,-4.043401578910881,,False,noun
wellness,11052,-4.043480170022551,,False,noun
blah,11054,-4.043558746914733,,False,noun
perfection,11055,-4.0435980300301235,,False,noun
canal,11056,-4.043637309592571,,False,noun
metropolitan,11057,-4.043676585602717,,False,noun
sensation,11071,-4.044226077112683,,False,noun
luggage,11073,-4.044304519175914,,False,noun
hispanic,11075,-4.044382947073537,,False,noun
mathematics,11078,-4.044500562370641,,False,noun
unity,11085,-4.044774874256443,,False,noun
aaa,11087,-4.044853217267732,,False,noun
satin,11089,-4.04493154614916,,False,noun
northeast,11093,-4.045088161542816,,False,noun
miracle,11102,-4.045440339814774,,False,noun
equality,11105,-4.045557669136548,,False,noun
compatibility,11106,-4.0455967718675785,,False,noun
scam,11108,-4.045674966769105,,False,noun
mover,11111,-4.045792232729559,,False,noun
fur,11114,-4.04590946703501,,False,noun
scenery,11116,-4.045987605660968,,False,noun
pencil,11118,-4.046065730230688,,False,noun
fork,11122,-4.046221937221636,,False,noun
sampling,11125,-4.046339055604809,,False,noun
pig,11129,-4.046495164334709,,False,noun
advisor,11130,-4.046534182750969,,False,noun
scent,11132,-4.046612209068446,,False,noun
bali,11134,-4.046690221370057,,False,noun
freshman,11142,-4.047002130518505,,False,noun
guild,11147,-4.0471969600412665,,False,noun
stove,11150,-4.0473138158153885,,False,noun
cathedral,11160,-4.0477031081343045,,False,noun
echo,11163,-4.0478198278165936,,False,noun
isaac,11168,-4.048014290938054,,False,noun
aurora,11169,-4.048053173115609,,False,noun
salem,11170,-4.048092051812373,,False,noun
habitat,11171,-4.048130927028968,,False,noun
practitioner,11174,-4.048247531803974,,False,noun
sunshine,11179,-4.048441803550404,,False,noun
tumor,11183,-4.0485971584016065,,False,noun
complement,11185,-4.048674814992229,,False,noun
luther,11189,-4.04883008652835,,False,noun
riley,11193,-4.048985302570711,,False,noun
balloon,11197,-4.049140463158965,,False,noun
trauma,11198,-4.049179244645967,,False,noun
mitt,11203,-4.049373100151531,,False,noun
taxpayer,11210,-4.0496443525693,,False,noun
clutch,11212,-4.049721822152435,,False,noun
brady,11219,-4.049992856920142,,False,noun
arabia,11220,-4.050031562368401,,False,noun
escort,11221,-4.050070264367438,,False,noun
headache,11222,-4.050108962917868,,False,noun
reproduction,11223,-4.050147658020303,,False,noun
guilt,11225,-4.050225037883654,,False,noun
shannon,11231,-4.05045709478573,,False,noun
bucket,11232,-4.050495758883855,,False,noun
adrian,11237,-4.050689027758881,,False,noun
isle,11238,-4.0507276712150535,,False,noun
patriot,11245,-4.050998079173384,,False,noun
composite,11247,-4.051075307675749,,False,noun
insulation,11252,-4.0512683188703855,,False,noun
ash,11255,-4.051384084426689,,False,noun
tucson,11258,-4.0514998191327445,,False,noun
genealogy,11261,-4.0516155230049895,,False,noun
fatigue,11263,-4.051692641798037,,False,noun
helicopter,11265,-4.051769746899332,,False,noun
envelope,11269,-4.051923916046107,,False,noun
palmer,11274,-4.052116550549998,,False,noun
civilian,11278,-4.052270596656749,,False,noun
wallet,11279,-4.052309099647323,,False,noun
badge,11280,-4.052347599224664,,False,noun
tolerance,11281,-4.052386095389375,,False,noun
dosage,11285,-4.052540045934022,,False,noun
boulder,11291,-4.052770869474882,,False,noun
portuguese,11298,-4.053040008642746,,False,noun
leeds,11299,-4.05307844348342,,False,noun
geneva,11307,-4.053385799817482,,False,noun
buffet,11315,-4.053692938784954,,False,noun
panty,11316,-4.053731315887608,,False,noun
shaw,11324,-4.05403821068487,,False,noun
mechanic,11330,-4.054268239547188,,False,noun
suv,11333,-4.054383208305477,,False,noun
lotus,11335,-4.054459837239404,,False,noun
commander,11337,-4.054536452654951,,False,noun
alignment,11344,-4.054804500220955,,False,noun
terrain,11346,-4.054881054862772,,False,noun
chronicle,11347,-4.054919327123815,,False,noun
gardening,11350,-4.055034123674614,,False,noun
midwest,11354,-4.055187138555754,,False,noun
composer,11355,-4.05522538385382,,False,noun
queue,11360,-4.055416559840489,,False,noun
pipeline,11362,-4.055493006677845,,False,noun
gem,11364,-4.05556944006099,,False,noun
carroll,11367,-4.055684064919413,,False,noun
wifi,11368,-4.055722266483576,,False,noun
disclaimer,11369,-4.055760464687735,,False,noun
asthma,11370,-4.05579865953248,,False,noun
queensland,11373,-4.055913223916149,,False,noun
abundance,11375,-4.055989583385691,,False,noun
bangkok,11382,-4.056256735850139,,False,noun
stimulus,11389,-4.0565237240791,,False,noun
uncertainty,11393,-4.056676215120661,,False,noun
julian,11394,-4.056714329516394,,False,noun
curtis,11399,-4.056904851336473,,False,noun
proxy,11401,-4.056981036668113,,False,noun
durham,11408,-4.057247580131245,,False,noun
highland,11409,-4.057285644418215,,False,noun
finland,11410,-4.057323705369284,,False,noun
sculpture,11414,-4.057475915826254,,False,noun
runner,11426,-4.057932227380609,,False,noun
dislike,11431,-4.058122215782914,,False,noun
fairy,11434,-4.058236168942767,,False,noun
cowboy,11435,-4.058274146685951,,False,noun
gabriel,11437,-4.058350092210653,,False,noun
porter,11438,-4.058388059993333,,False,noun
nonsense,11439,-4.058426024457005,,False,noun
racism,11447,-4.05872962075172,,False,noun
connectivity,11451,-4.058881339349561,,False,noun
sodium,11455,-4.05903300496378,,False,noun
disneyland,11461,-4.059260404121731,,False,noun
dash,11469,-4.059563417901268,,False,noun
checkout,11473,-4.059714845546422,,False,noun
rage,11478,-4.059904055884405,,False,noun
cardinal,11479,-4.059941888061955,,False,noun
brisbane,11480,-4.059979716944162,,False,noun
dialog,11481,-4.0600175425316,,False,noun
leverage,11484,-4.060130999531045,,False,noun
princeton,11486,-4.06020662106735,,False,noun
compilation,11496,-4.060584531360865,,False,noun
mat,11498,-4.060660073974015,,False,noun
renewal,11506,-4.060962113093833,,False,noun
eugene,11509,-4.061075323629792,,False,noun
nightmare,11511,-4.061150780928549,,False,noun
depot,11513,-4.061226225119115,,False,noun
grammar,11518,-4.061414778277073,,False,noun
resin,11521,-4.061527870890508,,False,noun
gdp,11522,-4.061565561884839,,False,noun
clause,11525,-4.061678615245337,,False,noun
retention,11526,-4.061716293159897,,False,noun
credibility,11528,-4.061791639184011,,False,noun
compassion,11531,-4.06190463371617,,False,noun
porch,11537,-4.062130534622123,,False,noun
polo,11538,-4.0621681733517825,,False,noun
wade,11547,-4.062506775208683,,False,noun
microphone,11554,-4.062769949815128,,False,noun
insulin,11567,-4.063258279950456,,False,noun
publicity,11576,-4.063596033291059,,False,noun
belle,11580,-4.063746061613443,,False,noun
milton,11582,-4.063821056343712,,False,noun
pierre,11584,-4.0638960381259945,,False,noun
picnic,11590,-4.064120905829622,,False,noun
rehabilitation,11595,-4.06430820668296,,False,noun
scout,11601,-4.064532861131578,,False,noun
alt,11605,-4.0646825662285115,,False,noun
nay,11608,-4.064794811195383,,False,noun
nyse,11611,-4.064907027159636,,False,noun
yale,11612,-4.064944426038617,,False,noun
retro,11613,-4.064981821697305,,False,noun
sunlight,11616,-4.065093989357153,,False,noun
riverside,11624,-4.065392961561992,,False,noun
myth,11627,-4.06550502309839,,False,noun
junction,11628,-4.065542370519139,,False,noun
manor,11629,-4.0655797147284485,,False,noun
fatty,11631,-4.065654393514962,,False,noun
noah,11637,-4.065878352857392,,False,noun
vegetarian,11638,-4.065915668188592,,False,noun
erin,11640,-4.065990289233776,,False,noun
shawn,11649,-4.066325925362038,,False,noun
fusion,11651,-4.066400475955629,,False,noun
upside,11659,-4.066698550422995,,False,noun
shareholder,11661,-4.066773037085025,,False,noun
hawaiian,11670,-4.067108069059565,,False,noun
steak,11672,-4.067182485523405,,False,noun
reynolds,11676,-4.067331280208168,,False,noun
grief,11680,-4.067480023931482,,False,noun
hopkins,11683,-4.067591548301512,,False,noun
semiconductor,11687,-4.06774020292624,,False,noun
startup,11688,-4.067777358633317,,False,noun
eden,11691,-4.067888806685398,,False,noun
decoration,11693,-4.067963089501265,,False,noun
appetite,11696,-4.068074489907648,,False,noun
stance,11702,-4.068297205031453,,False,noun
hormone,11703,-4.068334313117254,,False,noun
hydrogen,11706,-4.068445618354351,,False,noun
handbag,11712,-4.068668143285899,,False,noun
superman,11717,-4.068853493671498,,False,noun
enhancement,11719,-4.068927611682072,,False,noun
rebound,11720,-4.0689646659444465,,False,noun
soy,11721,-4.0690017170456,,False,noun
spice,11732,-4.069409070671793,,False,noun
disappointment,11736,-4.069557104582695,,False,noun
glow,11743,-4.069816042571995,,False,noun
vampire,11746,-4.069926968752473,,False,noun
lottery,11747,-4.069963937850763,,False,noun
blowjob,11751,-4.0701117827822,,False,noun
puck,11752,-4.070148736152306,,False,noun
pause,11753,-4.07018568637838,,False,noun
mesa,11764,-4.07059193151204,,False,noun
armor,11766,-4.070665753453728,,False,noun
dock,11767,-4.0707026597194735,,False,noun
panama,11770,-4.070813359702716,,False,noun
governance,11776,-4.071034675054151,,False,noun
pumpkin,11784,-4.071329586860343,,False,noun
coral,11787,-4.071440127177888,,False,noun
shrimp,11791,-4.071587470514976,,False,noun
handbook,11793,-4.071661123441788,,False,noun
kirk,11797,-4.0718083918331285,,False,noun
bulb,11798,-4.071845201129409,,False,noun
adaptation,11804,-4.072065991414746,,False,noun
mortality,11806,-4.07213956323974,,False,noun
polyester,11807,-4.072176344478966,,False,noun
gore,11811,-4.072323438293041,,False,noun
snake,11813,-4.072396966521762,,False,noun
sigh,11814,-4.072433725968388,,False,noun
proximity,11815,-4.072470482303893,,False,noun
payroll,11822,-4.072727689585266,,False,noun
brighton,11823,-4.07276442105075,,False,noun
lexington,11826,-4.072874596810989,,False,noun
verification,11832,-4.073094864515746,,False,noun
countryside,11834,-4.073168262265102,,False,noun
defect,11839,-4.073351702386901,,False,noun
statute,11845,-4.073571728304925,,False,noun
breach,11846,-4.073608388456207,,False,noun
spark,11854,-4.073901558314207,,False,noun
medal,11867,-4.074377537644804,,False,noun
glimpse,11872,-4.074560467802895,,False,noun
atlas,11874,-4.074633618296904,,False,noun
satan,11880,-4.074852995881248,,False,noun
renaissance,11882,-4.074926097123956,,False,noun
finale,11888,-4.0751453270538525,,False,noun
simplicity,11889,-4.075181854618692,,False,noun
scream,11901,-4.075619945928776,,False,noun
pvc,11904,-4.075729399740899,,False,noun
caution,11907,-4.075838825974687,,False,noun
eighth,11910,-4.075948224644035,,False,noun
afghan,11913,-4.076057595762826,,False,noun
methodist,11915,-4.076130494543006,,False,noun
bracket,11918,-4.076239819775025,,False,noun
interference,11919,-4.076276255404218,,False,noun
remainder,11920,-4.076312687976857,,False,noun
perth,11923,-4.076421967360593,,False,noun
hurry,11931,-4.076713244690025,,False,noun
distributor,11934,-4.076822423342773,,False,noun
prairie,11936,-4.076895193866051,,False,noun
assurance,11937,-4.076931574555656,,False,noun
scare,11938,-4.0769679521979185,,False,noun
interval,11939,-4.07700432679335,,False,noun
breeze,11940,-4.077040698342461,,False,noun
grandchild,11942,-4.0771134323037606,,False,noun
molly,11943,-4.077149794716969,,False,noun
hartford,11944,-4.077186154085897,,False,noun
gasoline,11948,-4.07733156112899,,False,noun
lan,11949,-4.077367905284157,,False,noun
mommy,11951,-4.077440584471324,,False,noun
penny,11969,-4.078094150406411,,False,noun
prostate,11970,-4.078130430802564,,False,noun
seafood,11977,-4.07838430874819,,False,noun
citation,11980,-4.078493068166573,,False,noun
jamaica,11982,-4.078565559317117,,False,noun
imo,11986,-4.078710505328276,,False,noun
chill,11992,-4.078927833680719,,False,noun
intersection,12005,-4.079398339019855,,False,noun
licence,12010,-4.079579166970131,,False,noun
willow,12012,-4.079651477073845,,False,noun
barn,12019,-4.07990446766672,,False,noun
qualification,12022,-4.080012847107928,,False,noun
syrup,12027,-4.08019341942848,,False,noun
urine,12029,-4.080265627339845,,False,noun
calvin,12034,-4.080446094611049,,False,noun
speculation,12035,-4.080482179068043,,False,noun
tin,12040,-4.0806625563941825,,False,noun
arsenal,12042,-4.080734686353143,,False,noun
inflammation,12050,-4.081023086451334,,False,noun
greenhouse,12052,-4.08109515656134,,False,noun
arcade,12057,-4.081275279529334,,False,noun
methodology,12059,-4.0813473078041325,,False,noun
wardrobe,12061,-4.081419324134934,,False,noun
weed,12065,-4.081563320980385,,False,noun
maya,12066,-4.081599312732936,,False,noun
denial,12067,-4.081635301502951,,False,noun
python,12069,-4.08170727009735,,False,noun
mushroom,12073,-4.081851171517454,,False,noun
dietary,12075,-4.08192310435106,,False,noun
vinegar,12076,-4.081959066300478,,False,noun
diary,12077,-4.081995025272298,,False,noun
klein,12082,-4.082174775484666,,False,noun
coordination,12083,-4.082210716601243,,False,noun
richards,12088,-4.082390377581715,,False,noun
swinger,12094,-4.082605872697899,,False,noun
peru,12095,-4.082641778157131,,False,noun
passport,12105,-4.083000669576533,,False,noun
danish,12107,-4.083072412284535,,False,noun
goodbye,12113,-4.0832875693272825,,False,noun
spotlight,12116,-4.08339510788965,,False,noun
sept,12117,-4.083430948160511,,False,noun
teaspoon,12118,-4.083466785473887,,False,noun
arthritis,12121,-4.083574279673991,,False,noun
modem,12125,-4.083717563898948,,False,noun
ally,12126,-4.083753377570011,,False,noun
fragrance,12129,-4.083860800866573,,False,noun
medicaid,12130,-4.083896602728174,,False,noun
rugby,12132,-4.0839681975984155,,False,noun
transparency,12136,-4.084111351940677,,False,noun
seth,12137,-4.084147133154448,,False,noun
levitra,12139,-4.084218686739239,,False,noun
marble,12143,-4.084361758551405,,False,noun
providence,12150,-4.084612020865252,,False,noun
fountain,12163,-4.0850764114720945,,False,noun
opener,12169,-4.085290578230065,,False,noun
devon,12170,-4.0853262624239886,,False,noun
virtue,12174,-4.085468969886672,,False,noun
bingo,12177,-4.085575969718504,,False,noun
sticker,12185,-4.085861173788451,,False,noun
inability,12186,-4.085896811131588,,False,noun
raleigh,12187,-4.085932445550636,,False,noun
latex,12188,-4.085968077046074,,False,noun
headphone,12190,-4.086039331268039,,False,noun
intro,12195,-4.086217415693343,,False,noun
scanner,12203,-4.086502198970369,,False,noun
hassle,12205,-4.086573365620574,,False,noun
therapist,12208,-4.086680093734625,,False,noun
acrylic,12211,-4.086786795626624,,False,noun
apache,12213,-4.086857915659847,,False,noun
wipe,12215,-4.086929024048365,,False,noun
hatred,12220,-4.087106744099093,,False,noun
cub,12221,-4.087142279383808,,False,noun
underwear,12226,-4.087319912206401,,False,noun
statue,12227,-4.0873554300540516,,False,noun
obstacle,12235,-4.087639468312641,,False,noun
toast,12236,-4.0876749600367575,,False,noun
morrison,12240,-4.08781689793553,,False,noun
trillion,12247,-4.088065177690205,,False,noun
cough,12250,-4.088171539864352,,False,noun
propaganda,12254,-4.088313315588096,,False,noun
rookie,12255,-4.088348752288529,,False,noun
lancaster,12256,-4.088384186097703,,False,noun
prop,12258,-4.0884550450441655,,False,noun
bondage,12262,-4.088596728262746,,False,noun
syracuse,12273,-4.088986118947913,,False,noun
cove,12275,-4.089056879759785,,False,noun
welsh,12279,-4.089198366805149,,False,noun
progression,12280,-4.089233731365399,,False,noun
correspondence,12282,-4.0893044518478705,,False,noun
chic,12287,-4.089481202687437,,False,noun
peanut,12289,-4.089551882886454,,False,noun
partition,12302,-4.090011024007147,,False,noun
carnival,12304,-4.0900816180388215,,False,noun
cliff,12306,-4.090152200597387,,False,noun
finder,12310,-4.09029333131011,,False,noun
madonna,12319,-4.090610707828406,,False,noun
taliban,12321,-4.090681204457391,,False,noun
trio,12324,-4.090786927949267,,False,noun
crawford,12329,-4.090963076595732,,False,noun
survivor,12334,-4.091139153825755,,False,noun
socket,12337,-4.091244765907961,,False,noun
orgasm,12340,-4.091350352313579,,False,noun
beverage,12341,-4.091385542078368,,False,noun
tribe,12349,-4.0916669575956846,,False,noun
dancer,12350,-4.091702121717148,,False,noun
ounce,12351,-4.0917372829916605,,False,noun
advocacy,12358,-4.091983332237311,,False,noun
enthusiast,12363,-4.092158996391268,,False,noun
pavilion,12372,-4.09247501292598,,False,noun
sur,12373,-4.092510111683982,,False,noun
cleanup,12375,-4.092580300691311,,False,noun
gentleman,12378,-4.092685562937491,,False,noun
walnut,12379,-4.092720644684099,,False,noun
prediction,12380,-4.092755723597079,,False,noun
nazi,12381,-4.092790799676886,,False,noun
horizon,12385,-4.092931075673553,,False,noun
heath,12386,-4.092966137594365,,False,noun
polymer,12390,-4.0931063569779065,,False,noun
revenge,12392,-4.093176449696249,,False,noun
symposium,12400,-4.0934567074986035,,False,noun
legislature,12410,-4.093806775615175,,False,noun
membrane,12418,-4.094086627083193,,False,noun
textbook,12426,-4.094366298336134,,False,noun
hype,12429,-4.094471128641644,,False,noun
indie,12431,-4.094541001456839,,False,noun
metabolism,12437,-4.094750552477504,,False,noun
rim,12438,-4.094785467819558,,False,noun
quiz,12441,-4.0948901970066505,,False,noun
trader,12445,-4.0950297966484515,,False,noun
playlist,12451,-4.095239112010478,,False,noun
ginger,12459,-4.0955180423231505,,False,noun
honesty,12464,-4.095692282839792,,False,noun
honour,12466,-4.0957619594775005,,False,noun
calculation,12467,-4.095796793604802,,False,noun
metallic,12474,-4.096040554295428,,False,noun
cad,12484,-4.096388546687367,,False,noun
jewellery,12486,-4.096458111717453,,False,noun
torque,12498,-4.096875268059688,,False,noun
greene,12499,-4.096910013008056,,False,noun
leap,12502,-4.097014231178033,,False,noun
mileage,12505,-4.09711842434465,,False,noun
cult,12518,-4.097569639431371,,False,noun
subsidiary,12521,-4.097673699449098,,False,noun
rug,12526,-4.097847077423337,,False,noun
electrode,12531,-4.098020386209668,,False,noun
projection,12535,-4.098158983460534,,False,noun
accountability,12538,-4.09826290237993,,False,noun
civilization,12542,-4.0984014222700775,,False,noun
lightning,12546,-4.098539897992862,,False,noun
ego,12554,-4.098816717048941,,False,noun
relay,12556,-4.098885894252321,,False,noun
rosa,12558,-4.0989550604384695,,False,noun
encouragement,12569,-4.099335277685958,,False,noun
fcc,12573,-4.099473456014168,,False,noun
glucose,12574,-4.099507993727965,,False,noun
forty,12578,-4.099646117123231,,False,noun
mandate,12580,-4.099715162351024,,False,noun
slavery,12581,-4.099749680848987,,False,noun
nato,12582,-4.0997841966035775,,False,noun
mankind,12584,-4.099853219884381,,False,noun
apollo,12595,-4.1002326519645065,,False,noun
chi,12596,-4.1002671293576025,,False,noun
webster,12600,-4.100405011565889,,False,noun
fellowship,12603,-4.100508394501962,,False,noun
vegan,12604,-4.100542850012465,,False,noun
ninja,12611,-4.100783962075867,,False,noun
vocabulary,12612,-4.100818395731537,,False,noun
joyce,12613,-4.100852826657301,,False,noun
binary,12615,-4.100921680320846,,False,noun
buddha,12620,-4.101093766736659,,False,noun
dignity,12621,-4.101128175838757,,False,noun
declaration,12622,-4.101162582214841,,False,noun
surrey,12632,-4.101506496139928,,False,noun
emperor,12638,-4.10171271384651,,False,noun
rbi,12640,-4.101781431327967,,False,noun
lance,12646,-4.1019875185583,,False,noun
scripture,12649,-4.102090525511836,,False,noun
auckland,12654,-4.1022621494942735,,False,noun
norwegian,12659,-4.102433705681336,,False,noun
carson,12661,-4.102502309185453,,False,noun
nursery,12665,-4.1026394836913,,False,noun
mentor,12667,-4.102708054699875,,False,noun
sage,12680,-4.103153502548682,,False,noun
isolation,12683,-4.103256233355051,,False,noun
debris,12686,-4.103358939866562,,False,noun
brunswick,12690,-4.103495844109766,,False,noun
detector,12694,-4.103632705209741,,False,noun
attendee,12695,-4.103666913746792,,False,noun
freezer,12696,-4.103701119589514,,False,noun
tornado,12700,-4.1038379160256095,,False,noun
moss,12701,-4.103872108403055,,False,noun
prophet,12706,-4.104043029922009,,False,noun
foil,12717,-4.104418820647595,,False,noun
merit,12719,-4.104487111312395,,False,noun
payable,12720,-4.104521252618328,,False,noun
kilometer,12723,-4.104623660435326,,False,noun
beginner,12726,-4.104726044109975,,False,noun
burke,12736,-4.105067148810123,,False,noun
elevator,12738,-4.105135337612571,,False,noun
constraint,12740,-4.1052035157103415,,False,noun
abbey,12741,-4.1052376007460225,,False,noun
asin,12745,-4.105373914143847,,False,noun
boutique,12746,-4.105407985809177,,False,noun
gown,12749,-4.105510184769974,,False,noun
catalogue,12752,-4.105612359686785,,False,noun
magnitude,12759,-4.1058506743851435,,False,noun
wellington,12762,-4.10595276923698,,False,noun
investigator,12764,-4.106020819140269,,False,noun
liner,12769,-4.106190897263415,,False,noun
prague,12773,-4.1063269118219665,,False,noun
toddler,12775,-4.106394903130426,,False,noun
likelihood,12788,-4.106836587366795,,False,noun
trait,12792,-4.106972399886674,,False,noun
stud,12795,-4.10707423141207,,False,noun
insider,12796,-4.107108169948554,,False,noun
shepherd,12801,-4.107277822859771,,False,noun
sheffield,12804,-4.107379582804448,,False,noun
eleven,12805,-4.107413497488149,,False,noun
colombia,12808,-4.107515225651465,,False,noun
rabbit,12811,-4.107616929991784,,False,noun
dysfunction,12816,-4.107786384315953,,False,noun
westminster,12828,-4.108192805135042,,False,noun
enrollment,12830,-4.1082605049764735,,False,noun
preservation,12831,-4.108294350940088,,False,noun
shopper,12842,-4.108666482553972,,False,noun
chord,12850,-4.10893692358826,,False,noun
inhabitant,12851,-4.1089707168794805,,False,noun
nexus,12854,-4.109072080978879,,False,noun
nest,12858,-4.109207196320066,,False,noun
spear,12861,-4.109308505246749,,False,noun
gut,12867,-4.109511052229932,,False,noun
molecule,12869,-4.109578546904387,,False,noun
oval,12871,-4.109646031090973,,False,noun
gum,12876,-4.109814695694399,,False,noun
firmware,12879,-4.109915863023793,,False,noun
curiosity,12885,-4.1101181270103275,,False,noun
hindu,12887,-4.110185527411161,,False,noun
waterproof,12893,-4.110387665875087,,False,noun
lamb,12894,-4.110421346473957,,False,noun
continent,12895,-4.110455024461015,,False,noun
webpage,12903,-4.110724354380905,,False,noun
adhesive,12904,-4.110758008879888,,False,noun
freight,12907,-4.110858956731867,,False,noun
temp,12912,-4.111027151026175,,False,noun
granite,12921,-4.11132973670415,,False,noun
playback,12931,-4.111665695939519,,False,noun
coil,12932,-4.111699277573551,,False,noun
nickel,12935,-4.111800006898345,,False,noun
peninsula,12944,-4.112102054770891,,False,noun
tide,12955,-4.112470939338139,,False,noun
raider,12959,-4.1126050015345745,,False,noun
timer,12961,-4.1126720171171325,,False,noun
elder,12962,-4.112705521030892,,False,noun
rouge,12967,-4.112873001840459,,False,noun
arc,12970,-4.112973459333155,,False,noun
cinnamon,12975,-4.113140836867081,,False,noun
shortage,12980,-4.113308149918387,,False,noun
freak,12981,-4.113341604795105,,False,noun
autism,13002,-4.114043562548077,,False,noun
petersburg,13008,-4.114243913688907,,False,noun
solomon,13010,-4.114310676868424,,False,noun
sentiment,13012,-4.114377429786155,,False,noun
bangalore,13015,-4.114477539928802,,False,noun
latino,13017,-4.114544267205864,,False,noun
playground,13022,-4.114711040558363,,False,noun
tract,13029,-4.114944415712585,,False,noun
gadget,13031,-4.115011071300453,,False,noun
libya,13033,-4.115077716659581,,False,noun
rig,13034,-4.115111035504348,,False,noun
authentication,13036,-4.115177665526249,,False,noun
timeline,13037,-4.1152109767041685,,False,noun
omaha,13038,-4.115244285327255,,False,noun
bullshit,13040,-4.1153108949104995,,False,noun
freeman,13051,-4.115677065115837,,False,noun
guitarist,13054,-4.1157768761589635,,False,noun
sussex,13057,-4.115876664268445,,False,noun
overtime,13062,-4.1160429268492065,,False,noun
edmonton,13070,-4.116308814655416,,False,noun
jungle,13072,-4.116375261179705,,False,noun
brussels,13086,-4.116840102412664,,False,noun
venus,13093,-4.117072336585978,,False,noun
paperwork,13099,-4.117271295655764,,False,noun
chess,13100,-4.117304446641002,,False,noun
baldwin,13101,-4.117337595095921,,False,noun
imagery,13104,-4.117437025282619,,False,noun
cancellation,13106,-4.117503299429231,,False,noun
donor,13117,-4.117867626566016,,False,noun
motel,13118,-4.11790073206452,,False,noun
cunt,13119,-4.117933835039642,,False,noun
elegance,13128,-4.118231648327027,,False,noun
silicon,13133,-4.118397011951576,,False,noun
ancestor,13138,-4.1185623126356035,,False,noun
asshole,13140,-4.118628415296599,,False,noun
shooter,13141,-4.118661462854496,,False,noun
drawer,13151,-4.1189918001959756,,False,noun
velocity,13154,-4.119090852421722,,False,noun
allergy,13159,-4.1192558892779365,,False,noun
elevation,13162,-4.1193548812964265,,False,noun
somerset,13164,-4.119420863442087,,False,noun
dam,13170,-4.119618749752575,,False,noun
sweater,13171,-4.11965172203987,,False,noun
amino,13181,-4.119981307304154,,False,noun
insect,13182,-4.120014252078067,,False,noun
scrap,13183,-4.120047194353041,,False,noun
wilderness,13193,-4.120376479744434,,False,noun
alexandria,13198,-4.120541028862419,,False,noun
servant,13200,-4.120606831056773,,False,noun
monte,13205,-4.1207712929369915,,False,noun
cuban,13207,-4.120837060254737,,False,noun
chen,13217,-4.121165747534412,,False,noun
freeware,13218,-4.12119860258469,,False,noun
yogurt,13222,-4.1213299979360905,,False,noun
supervisor,13227,-4.121494186241665,,False,noun
subsection,13231,-4.121625492208471,,False,noun
bumper,13238,-4.121855182166855,,False,noun
radius,13240,-4.121920785563038,,False,noun
savannah,13246,-4.122117536313263,,False,noun
trophy,13247,-4.122150319440805,,False,noun
reign,13253,-4.122346966255079,,False,noun
huntington,13282,-4.123296172645314,,False,noun
commodity,13284,-4.123361558746296,,False,noun
newark,13287,-4.123459619443338,,False,noun
termination,13289,-4.123524980942732,,False,noun
willingness,13292,-4.123623004751274,,False,noun
buddhist,13293,-4.123655674438122,,False,noun
alloy,13294,-4.123688341667586,,False,noun
fixture,13303,-4.123982236211463,,False,noun
palestine,13308,-4.124145425061654,,False,noun
darwin,13309,-4.124178055474675,,False,noun
chorus,13313,-4.124308552615652,,False,noun
bowling,13314,-4.12434117077496,,False,noun
automation,13319,-4.124504224834283,,False,noun
ritual,13320,-4.124536828301277,,False,noun
sympathy,13326,-4.124732397720029,,False,noun
nepal,13327,-4.124764984062712,,False,noun
ana,13332,-4.124927879110533,,False,noun
mhz,13335,-4.125025586819949,,False,noun
daisy,13338,-4.125123272551998,,False,noun
surname,13339,-4.12515582958053,,False,noun
referral,13340,-4.125188384168597,,False,noun
respondent,13345,-4.125351120514752,,False,noun
gourmet,13348,-4.125448733060263,,False,noun
turf,13354,-4.125643892357392,,False,noun
encryption,13355,-4.125676410382333,,False,noun
hardwood,13356,-4.125708925972653,,False,noun
lawmaker,13366,-4.126033948051813,,False,noun
chandler,13369,-4.126131407261984,,False,noun
fog,13371,-4.126196367920531,,False,noun
allocation,13380,-4.126488570700374,,False,noun
educator,13390,-4.126813010041553,,False,noun
humidity,13401,-4.127169613599896,,False,noun
mixer,13415,-4.1276230495980295,,False,noun
cocaine,13416,-4.127655419775207,,False,noun
literacy,13418,-4.127720152892319,,False,noun
technician,13419,-4.127752515832973,,False,noun
linen,13434,-4.128237670769187,,False,noun
muhammad,13435,-4.128269995169627,,False,noun
spinal,13440,-4.128431581093246,,False,noun
sibling,13444,-4.12856080655932,,False,noun
touchdown,13446,-4.12862540487595,,False,noun
horn,13452,-4.12881914219451,,False,noun
hayes,13455,-4.128915978453837,,False,noun
zen,13459,-4.129045059887958,,False,noun
ftp,13463,-4.1291741029677675,,False,noun
timber,13467,-4.129303107716051,,False,noun
elastic,13472,-4.129464309782377,,False,noun
georgetown,13473,-4.12949654301666,,False,noun
roosevelt,13474,-4.129528773858777,,False,noun
brent,13485,-4.129883155340622,,False,noun
hawk,13496,-4.130237247885229,,False,noun
spoon,13503,-4.13046242928158,,False,noun
grandparent,13505,-4.130526745384164,,False,noun
bruno,13507,-4.130591051963374,,False,noun
clerk,13509,-4.130655349022031,,False,noun
cement,13516,-4.130880313793652,,False,noun
bangladesh,13520,-4.13100881279064,,False,noun
syntax,13526,-4.131201490026233,,False,noun
tamil,13527,-4.131233594589685,,False,noun
reunion,13536,-4.13152242891307,,False,noun
penguin,13543,-4.131746945100879,,False,noun
saturn,13548,-4.131907242774386,,False,noun
oxide,13550,-4.131971345281056,,False,noun
curtain,13552,-4.132035438327499,,False,noun
basin,13560,-4.132291715966803,,False,noun
romania,13565,-4.132451812729004,,False,noun
dayton,13570,-4.132611850495454,,False,noun
prototype,13578,-4.132867788319085,,False,noun
relevance,13584,-4.13305964275391,,False,noun
missile,13587,-4.1331555381979905,,False,noun
outreach,13590,-4.13325141247232,,False,noun
absorption,13591,-4.133283365860989,,False,noun
munich,13593,-4.133347265586243,,False,noun
firework,13595,-4.1334111559110225,,False,noun
bradford,13596,-4.133443097549098,,False,noun
colon,13613,-4.133985746268579,,False,noun
renovation,13614,-4.134017645675983,,False,noun
hungary,13616,-4.134081437462512,,False,noun
spider,13618,-4.134145219880295,,False,noun
panther,13619,-4.134177107576766,,False,noun
bollywood,13623,-4.134304634954544,,False,noun
brooke,13629,-4.134495855834674,,False,noun
correlation,13632,-4.134591434710877,,False,noun
ambassador,13635,-4.134686992556854,,False,noun
feast,13637,-4.134750686108615,,False,noun
advertiser,13640,-4.13484620892477,,False,noun
antibiotic,13641,-4.134878045195129,,False,noun
drummer,13645,-4.135005366943887,,False,noun
burlington,13652,-4.135228090226056,,False,noun
hometown,13653,-4.135259898515659,,False,noun
gen,13655,-4.135323508106677,,False,noun
sperm,13662,-4.135546068335079,,False,noun
sherman,13663,-4.1355778533449294,,False,noun
shipment,13666,-4.135673194419237,,False,noun
interim,13674,-4.135927335005468,,False,noun
brochure,13676,-4.135990846921625,,False,noun
nina,13678,-4.136054349551055,,False,noun
slope,13684,-4.136244801746143,,False,noun
elephant,13692,-4.136498608156699,,False,noun
merger,13694,-4.1365620365899805,,False,noun
believer,13696,-4.136625455760932,,False,noun
interstate,13697,-4.136657161873879,,False,noun
perfume,13699,-4.136720567156407,,False,noun
rpm,13701,-4.1367839631833645,,False,noun
synthesis,13704,-4.1368790398755175,,False,noun
toner,13705,-4.136910727481376,,False,noun
flaw,13719,-4.137354111370733,,False,noun
prosecution,13727,-4.13760727050463,,False,noun
revelation,13728,-4.137638905022756,,False,noun
elbow,13730,-4.137702167146962,,False,noun
athletics,13731,-4.1377337947537125,,False,noun
tulsa,13733,-4.137797043058186,,False,noun
optimum,13736,-4.13789189824736,,False,noun
validation,13739,-4.137986732723531,,False,noun
rover,13746,-4.138207932668164,,False,noun
zombie,13751,-4.138365863678996,,False,noun
stakeholder,13752,-4.138397442990546,,False,noun
nipple,13766,-4.138839312414322,,False,noun
teddy,13773,-4.139060078649301,,False,noun
sophomore,13774,-4.139091607523823,,False,noun
christie,13778,-4.139217700137586,,False,noun
skull,13782,-4.139343756152375,,False,noun
acrobat,13784,-4.139406770441792,,False,noun
cody,13785,-4.139438274158168,,False,noun
recorder,13787,-4.13950127473591,,False,noun
marketer,13788,-4.139532771597939,,False,noun
kindness,13791,-4.139627248480638,,False,noun
dat,13793,-4.1396902216529226,,False,noun
aunt,13801,-4.13994202306998,,False,noun
citizenship,13805,-4.140067869052287,,False,noun
webb,13820,-4.140539466972342,,False,noun
vanessa,13830,-4.140853581322722,,False,noun
ivy,13832,-4.14091637693907,,False,noun
kris,13836,-4.14104194093905,,False,noun
dreaming,13840,-4.141167468646232,,False,noun
sudan,13844,-4.141292960081593,,False,noun
bunny,13847,-4.141387054867337,,False,noun
conscience,13851,-4.141512482877423,,False,noun
veterinary,13857,-4.141700556997391,,False,noun
vatican,13860,-4.141794563523657,,False,noun
collision,13866,-4.141982515552804,,False,noun
spike,13868,-4.142045148157744,,False,noun
notch,13871,-4.142139080132135,,False,noun
credential,13874,-4.142232991794714,,False,noun
congregation,13893,-4.142827294538336,,False,noun
ninth,13901,-4.14307728417362,,False,noun
prosperity,13902,-4.143108522762512,,False,noun
dioxide,13904,-4.143170993200179,,False,noun
willis,13913,-4.143451999021631,,False,noun
omega,13917,-4.143576832158996,,False,noun
barber,13918,-4.143608034837595,,False,noun
mit,13925,-4.143826390839561,,False,noun
validity,13926,-4.143857575593957,,False,noun
macro,13928,-4.143919938385837,,False,noun
firewall,13935,-4.144138137663588,,False,noun
tara,13942,-4.144356227368183,,False,noun
scoop,13943,-4.144387374101937,,False,noun
bombing,13944,-4.144418518602069,,False,noun
umbrella,13945,-4.1444496608689,,False,noun
manipulation,13947,-4.144511938703939,,False,noun
elimination,13952,-4.144667594231179,,False,noun
packer,13955,-4.144760960776074,,False,noun
sanchez,13957,-4.144823193989894,,False,noun
pentagon,13959,-4.144885418287142,,False,noun
assortment,13966,-4.145103133146382,,False,noun
ballet,13971,-4.145258576965609,,False,noun
persian,13972,-4.145289659054146,,False,noun
arch,13977,-4.145445036137805,,False,noun
pakistani,13978,-4.14547610488496,,False,noun
stitch,13989,-4.145817714491828,,False,noun
crust,13991,-4.14587979647062,,False,noun
syrian,13992,-4.145910834132374,,False,noun
telecom,13993,-4.145941869576122,,False,noun
warfare,13995,-4.146003933810869,,False,noun
prep,14003,-4.146252102092995,,False,noun
quantum,14004,-4.146283113159587,,False,noun
nobel,14006,-4.146345128650468,,False,noun
sexuality,14010,-4.14646913307187,,False,noun
footwear,14013,-4.1465621131575565,,False,noun
mormon,14016,-4.146655073340974,,False,noun
hindi,14020,-4.146778989307833,,False,noun
tenant,14025,-4.1469338345627635,,False,noun
pointer,14028,-4.147026715222231,,False,noun
plaintiff,14031,-4.147119576021965,,False,noun
embassy,14042,-4.1474598958471045,,False,noun
chin,14043,-4.147490820793314,,False,noun
illusion,14046,-4.147583582421641,,False,noun
ensemble,14051,-4.147738141119988,,False,noun
watt,14053,-4.1477999492012,,False,noun
widget,14054,-4.1478308499434595,,False,noun
overweight,14055,-4.147861748487238,,False,noun
gratitude,14066,-4.148201487458512,,False,noun
adelaide,14067,-4.148232359644905,,False,noun
boise,14068,-4.148263229636879,,False,noun
discomfort,14070,-4.148324963038817,,False,noun
titan,14074,-4.148448403523384,,False,noun
viking,14080,-4.14863349848935,,False,noun
curse,14083,-4.148726016398147,,False,noun
ufo,14093,-4.14903426716125,,False,noun
edgar,14094,-4.149065080207621,,False,noun
occurrence,14099,-4.14921911265538,,False,noun
mayo,14102,-4.149311505907915,,False,noun
bye,14103,-4.149342299291265,,False,noun
comeback,14110,-4.149557791861579,,False,noun
midland,14115,-4.149711649687932,,False,noun
spyware,14118,-4.149803938227023,,False,noun
groove,14120,-4.149865453026262,,False,noun
chili,14121,-4.14989620715876,,False,noun
litter,14128,-4.150111425128782,,False,noun
ham,14131,-4.1502036287628075,,False,noun
bamboo,14142,-4.1505415413740865,,False,noun
wagon,14147,-4.150695051142714,,False,noun
defender,14156,-4.150971232062612,,False,noun
extraction,14157,-4.151001907992831,,False,noun
endorsement,14158,-4.151032581756442,,False,noun
incidence,14159,-4.15106325335375,,False,noun
installment,14160,-4.151093922785061,,False,noun
tucker,14162,-4.151155255150917,,False,noun
miniature,14163,-4.151185918086074,,False,noun
cyprus,14165,-4.15124723746237,,False,noun
distress,14168,-4.151339200296363,,False,noun
ivory,14172,-4.151461787124331,,False,noun
chassis,14174,-4.151523067564944,,False,noun
landmark,14184,-4.151829340131871,,False,noun
eligibility,14185,-4.151859955512512,,False,noun
sanction,14196,-4.152196582334209,,False,noun
nixon,14202,-4.152380087047603,,False,noun
wesley,14205,-4.152471810336036,,False,noun
hamas,14209,-4.1525940779274695,,False,noun
fossil,14211,-4.15265519881729,,False,noun
dealership,14216,-4.152807963419064,,False,noun
compartment,14223,-4.153021743626138,,False,noun
choir,14224,-4.153052275067108,,False,noun
rejection,14229,-4.153204900084284,,False,noun
mvp,14235,-4.153387979331808,,False,noun
johnston,14242,-4.153601474288411,,False,noun
peek,14254,-4.153967221645479,,False,noun
hubby,14268,-4.154393537956997,,False,noun
differential,14269,-4.154423973114647,,False,noun
capitalism,14270,-4.154454406139564,,False,noun
nash,14272,-4.154515265792397,,False,noun
pupil,14273,-4.15454569242091,,False,noun
telecommunication,14276,-4.15463695951842,,False,noun
burger,14279,-4.154728207440155,,False,noun
atm,14286,-4.154941044730327,,False,noun
aquarium,14287,-4.154971441544471,,False,noun
straw,14288,-4.155001836231253,,False,noun
clone,14290,-4.155062619223921,,False,noun
frost,14291,-4.155093007530402,,False,noun
pitt,14293,-4.155153777765149,,False,noun
hugo,14294,-4.155184159694008,,False,noun
listener,14298,-4.155305666159626,,False,noun
vanity,14299,-4.155336037465061,,False,noun
surrender,14300,-4.155366406646705,,False,noun
newman,14305,-4.155518220708411,,False,noun
liquor,14312,-4.155730671278588,,False,noun
destiny,14316,-4.155852024959267,,False,noun
triangle,14322,-4.15603399192362,,False,noun
demographic,14328,-4.156215882676762,,False,noun
cornell,14336,-4.156458285240457,,False,noun
anticipation,14342,-4.156639998415452,,False,noun
sausage,14344,-4.156700552582017,,False,noun
robertson,14347,-4.156791368003929,,False,noun
anaheim,14353,-4.1569729418962975,,False,noun
bypass,14355,-4.157033449661202,,False,noun
logistics,14359,-4.157154439906281,,False,noun
cornwall,14370,-4.157486989384848,,False,noun
treaty,14372,-4.157547425577808,,False,noun
pinch,14374,-4.157607853361668,,False,noun
surplus,14384,-4.157909866226345,,False,noun
repository,14392,-4.158151325392703,,False,noun
emerald,14394,-4.158211669214101,,False,noun
stripe,14397,-4.158302169228023,,False,noun
reno,14398,-4.158332331708981,,False,noun
phantom,14403,-4.158483112699248,,False,noun
penetration,14408,-4.158633841358625,,False,noun
supermarket,14413,-4.158784517723423,,False,noun
multitude,14420,-4.158995376848309,,False,noun
prom,14431,-4.159326520197866,,False,noun
violin,14434,-4.159416788216739,,False,noun
yay,14443,-4.159687479754789,,False,noun
forgiveness,14447,-4.159807732969431,,False,noun
royalty,14449,-4.159867847092567,,False,noun
cairo,14455,-4.160048139552876,,False,noun
traveller,14457,-4.160108220410951,,False,noun
wagner,14460,-4.160198326116569,,False,noun
norm,14465,-4.160348460761098,,False,noun
colonel,14469,-4.1604685311190375,,False,noun
amplifier,14471,-4.160528553851758,,False,noun
expenditure,14472,-4.160558562107558,,False,noun
goldman,14478,-4.160738568112582,,False,noun
naples,14479,-4.160768561861128,,False,noun
disciple,14480,-4.1607985535383545,,False,noun
wheelchair,14482,-4.160858530679992,,False,noun
witch,14483,-4.160888516144974,,False,noun
cherokee,14486,-4.160978460120009,,False,noun
veggie,14489,-4.161068385471174,,False,noun
holocaust,14496,-4.16127813890771,,False,noun
insult,14497,-4.161308095416216,,False,noun
noun,14499,-4.161368002234975,,False,noun
refugee,14503,-4.161487791087453,,False,noun
madness,14506,-4.1615776110488705,,False,noun
oversight,14512,-4.161757195261727,,False,noun
contributor,14516,-4.161876876828287,,False,noun
authorization,14525,-4.162146039825377,,False,noun
painter,14527,-4.16220583117701,,False,noun
maturity,14530,-4.162295502772753,,False,noun
vent,14531,-4.162325389190677,,False,noun
washer,14532,-4.1623552735520795,,False,noun
protester,14533,-4.162385155857241,,False,noun
stimulation,14534,-4.162415036106447,,False,noun
guru,14539,-4.162564406523019,,False,noun
theology,14543,-4.162683865877892,,False,noun
reel,14544,-4.162713725583078,,False,noun
stain,14562,-4.163250849512631,,False,noun
pike,14568,-4.163429743301472,,False,noun
weber,14569,-4.16345955176999,,False,noun
deficiency,14580,-4.163787309962003,,False,noun
unemployed,14583,-4.16387665564692,,False,noun
saddle,14597,-4.164293359314462,,False,noun
melody,14598,-4.164323108568294,,False,noun
acc,14600,-4.164382600963169,,False,noun
goody,14609,-4.164650215934297,,False,noun
herman,14614,-4.164798819693456,,False,noun
dividend,14619,-4.164947372621842,,False,noun
bulgaria,14622,-4.165036479994566,,False,noun
manila,14624,-4.165095874754218,,False,noun
rex,14633,-4.1653630506973744,,False,noun
sphere,14652,-4.165926549609097,,False,noun
neglect,14653,-4.165956187202987,,False,noun
gal,14654,-4.165985822774454,,False,noun
cardboard,14664,-4.166282067316571,,False,noun
grandma,14666,-4.166341291983498,,False,noun
piss,14671,-4.1664893183259455,,False,noun
prey,14676,-4.166637294231805,,False,noun
hank,14682,-4.166814798790912,,False,noun
tote,14683,-4.166844375831949,,False,noun
accomplishment,14684,-4.166873950858819,,False,noun
sunrise,14696,-4.167228694175993,,False,noun
disco,14700,-4.1673468775856355,,False,noun
throne,14704,-4.167465028843088,,False,noun
telegraph,14706,-4.1675240924202095,,False,noun
obsession,14707,-4.1675536211968245,,False,noun
carrot,14711,-4.167671716230021,,False,noun
locker,14712,-4.167701234971369,,False,noun
vibration,14715,-4.167789779159089,,False,noun
saddam,14716,-4.167819289877132,,False,noun
critique,14719,-4.16790781000148,,False,noun
communist,14740,-4.1685269461926895,,False,noun
masterpiece,14745,-4.168674229567079,,False,noun
variant,14754,-4.168939213835978,,False,noun
vietnamese,14756,-4.168998077278994,,False,noun
cardiff,14761,-4.169145200991198,,False,noun
usda,14770,-4.1694098981407,,False,noun
aerial,14772,-4.16946869782694,,False,noun
magnet,14775,-4.169556882432185,,False,noun
herbert,14777,-4.169615662222747,,False,noun
zimbabwe,14778,-4.169645049134955,,False,noun
teresa,14780,-4.169703816994572,,False,noun
rhetoric,14786,-4.169880072874387,,False,noun
cheek,14797,-4.170203022985664,,False,noun
albuquerque,14807,-4.1704964057448475,,False,noun
hobbyist,14813,-4.170672340315576,,False,noun
rib,14814,-4.17070165581607,,False,noun
backpack,14819,-4.17084820364331,,False,noun
valuation,14820,-4.17087750727558,,False,noun
descent,14827,-4.171082577357526,,False,noun
driveway,14829,-4.171141151028382,,False,noun
judgement,14832,-4.171228996725051,,False,noun
efficacy,14833,-4.171258274675775,,False,noun
jade,14834,-4.171287550652861,,False,noun
verdict,14841,-4.171492427252901,,False,noun
patrol,14842,-4.171521687450446,,False,noun
venezuela,14843,-4.171550945676746,,False,noun
plea,14851,-4.171784940554121,,False,noun
augusta,14853,-4.171843419579579,,False,noun
keeper,14858,-4.1719895827021185,,False,noun
rotary,14876,-4.172515363010772,,False,noun
receptor,14879,-4.17260293120986,,False,noun
oriental,14885,-4.172778014655853,,False,noun
cyrus,14891,-4.172953027546354,,False,noun
rubbing,14897,-4.173127969938208,,False,noun
embroidery,14900,-4.173215414714885,,False,noun
vii,14902,-4.17327370145258,,False,noun
kobe,14903,-4.173302841888186,,False,noun
tablespoon,14907,-4.173419384081802,,False,noun
baseline,14909,-4.173477643452995,,False,noun
avatar,14910,-4.173506770208104,,False,noun
aqua,14923,-4.173885240368792,,False,noun
austrian,14926,-4.173972532817962,,False,noun
han,14927,-4.174001626402425,,False,noun
tenure,14938,-4.17432152726404,,False,noun
excerpt,14940,-4.174379665748987,,False,noun
pottery,14944,-4.1744959193753,,False,noun
dye,14945,-4.17452497792015,,False,noun
geometry,14950,-4.174670241487047,,False,noun
bronco,14963,-4.175047699526168,,False,noun
relocation,14964,-4.17507672117621,,False,noun
cur,14967,-4.175163774491954,,False,noun
emirate,14969,-4.175221800343053,,False,noun
dodger,14977,-4.175453826250483,,False,noun
traction,14979,-4.175511813363448,,False,noun
allowance,14980,-4.175540804016768,,False,noun
lafayette,14987,-4.17574368442176,,False,noun
fargo,14997,-4.1760333492640225,,False,noun
char,15004,-4.176235999760872,,False,noun
hay,15006,-4.176293882538767,,False,noun
jaguar,15009,-4.176380692243271,,False,noun
sponsorship,15010,-4.176409624955842,,False,noun
diaper,15011,-4.176438555741044,,False,noun
bladder,15015,-4.17655425961329,,False,noun
cushion,15018,-4.176641017292667,,False,noun
encoding,15023,-4.176785574922036,,False,noun
gardner,15034,-4.177103432436536,,False,noun
copenhagen,15036,-4.177161199726047,,False,noun
thriller,15042,-4.1773344555057,,False,noun
pity,15045,-4.177421057483169,,False,noun
morality,15048,-4.177507642194916,,False,noun
parkway,15054,-4.177680759848778,,False,noun
appraisal,15057,-4.177767292804646,,False,noun
aroma,15070,-4.178142069837744,,False,noun
curb,15072,-4.17819969914806,,False,noun
carpenter,15074,-4.178257320812189,,False,noun
teammate,15081,-4.178458936452201,,False,noun
rash,15083,-4.178516523733583,,False,noun
bravo,15086,-4.178602890340589,,False,noun
transcript,15088,-4.178660458538169,,False,noun
laurel,15093,-4.178804345655379,,False,noun
outboard,15096,-4.178890655048907,,False,noun
skating,15098,-4.178948185116802,,False,noun
arbor,15102,-4.17906322239498,,False,noun
landlord,15119,-4.179551791165188,,False,noun
backdrop,15126,-4.179752806897498,,False,noun
isaiah,15128,-4.179810222878796,,False,noun
footprint,15129,-4.1798389280231865,,False,noun
hazard,15133,-4.179953729631548,,False,noun
ideology,15140,-4.1801545594533485,,False,noun
skate,15144,-4.180269277668875,,False,noun
affection,15145,-4.180297952488594,,False,noun
manuscript,15156,-4.180613250611603,,False,noun
hypothesis,15173,-4.181100079728048,,False,noun
volleyball,15182,-4.1813575920284505,,False,noun
honolulu,15188,-4.1815291821065035,,False,noun
detention,15189,-4.181557773862786,,False,noun
humanitarian,15190,-4.181586363736856,,False,noun
gossip,15193,-4.181672122068266,,False,noun
suburb,15194,-4.181700704415961,,False,noun
vagina,15196,-4.181757863468677,,False,noun
homeland,15203,-4.181957860931067,,False,noun
jupiter,15204,-4.181986424480151,,False,noun
drainage,15207,-4.1820721038573865,,False,noun
bach,15209,-4.182129214052998,,False,noun
millennium,15211,-4.1821863167395446,,False,noun
severity,15231,-4.182756931040399,,False,noun
wilmington,15245,-4.183155915434013,,False,noun
provincial,15246,-4.183184400298215,,False,noun
spiral,15251,-4.183326796601633,,False,noun
token,15252,-4.183355270260512,,False,noun
rant,15262,-4.183639904221352,,False,noun
sander,15263,-4.18366835736002,,False,noun
projector,15270,-4.183867477152165,,False,noun
planner,15278,-4.18409493089584,,False,noun
nap,15280,-4.184151775723396,,False,noun
rebel,15284,-4.184265443062108,,False,noun
mccarthy,15285,-4.1842938552489555,,False,noun
fist,15290,-4.1844358883083705,,False,noun
reconstruction,15292,-4.184492688528423,,False,noun
sickness,15296,-4.184606266687136,,False,noun
circus,15297,-4.184634656586273,,False,noun
tier,15299,-4.184691430817598,,False,noun
proposition,15301,-4.184748197627941,,False,noun
dome,15303,-4.18480495701924,,False,noun
cain,15308,-4.184946823051894,,False,noun
drought,15313,-4.185088642757919,,False,noun
cereal,15318,-4.185230416167562,,False,noun
voucher,15327,-4.185485491734469,,False,noun
dishwasher,15328,-4.185513824218538,,False,noun
davy,15336,-4.185740417574962,,False,noun
vein,15342,-4.185910285040714,,False,noun
vibe,15346,-4.186023493117446,,False,noun
cavity,15350,-4.18613667169178,,False,noun
toledo,15351,-4.186164961727415,,False,noun
coupe,15353,-4.186221536270829,,False,noun
avon,15354,-4.1862498207790875,,False,noun
vulnerability,15355,-4.1862781034453675,,False,noun
altitude,15358,-4.186362940394731,,False,noun
clan,15368,-4.1866456105960035,,False,noun
mindset,15370,-4.1867021225651015,,False,noun
psalm,15371,-4.186730375792311,,False,noun
furnishing,15372,-4.1867586271816135,,False,noun
pathway,15377,-4.186899856567887,,False,noun
transformer,15386,-4.187153953785416,,False,noun
spinach,15389,-4.187238619831478,,False,noun
quad,15396,-4.187436109773708,,False,noun
turnover,15401,-4.187577119055087,,False,noun
appendix,15402,-4.187605315418149,,False,noun
hull,15412,-4.1878871784095475,,False,noun
spur,15413,-4.18791535464999,,False,noun
debit,15418,-4.188056208438369,,False,noun
belgian,15421,-4.188140698788865,,False,noun
acceleration,15447,-4.188872260771339,,False,noun
remake,15455,-4.189097109071418,,False,noun
booty,15456,-4.189125206925528,,False,noun
harassment,15459,-4.189209489582306,,False,noun
trent,15461,-4.189265668934548,,False,noun
postage,15474,-4.189630657692155,,False,noun
sauna,15477,-4.1897148423236805,,False,noun
domination,15480,-4.189799010639827,,False,noun
advancement,15481,-4.189827063120662,,False,noun
accessibility,15482,-4.189855113789614,,False,noun
ion,15497,-4.1902756565569605,,False,noun
sigma,15500,-4.190359716265324,,False,noun
organism,15504,-4.190471770573345,,False,noun
burner,15509,-4.190611797813605,,False,noun
champagne,15513,-4.190723787108166,,False,noun
humour,15515,-4.190779770928019,,False,noun
irving,15517,-4.190835747532066,,False,noun
nominee,15522,-4.190975657485245,,False,noun
yang,15528,-4.191143489954898,,False,noun
breakthrough,15530,-4.191199419701518,,False,noun
justification,15548,-4.191702463559194,,False,noun
maui,15550,-4.191758321370448,,False,noun
darn,15552,-4.191814171998342,,False,noun
denim,15559,-4.19200959265367,,False,noun
colt,15579,-4.192567453336546,,False,noun
uganda,15580,-4.192595327569212,,False,noun
infantry,15586,-4.192762535405685,,False,noun
erie,15588,-4.192818257048295,,False,noun
pal,15590,-4.192873971542522,,False,noun
lego,15597,-4.193068916005273,,False,noun
realtor,15599,-4.193124598354461,,False,noun
infringement,15600,-4.193152436852078,,False,noun
landscaping,15601,-4.193180273565345,,False,noun
cannes,15610,-4.193430723726846,,False,noun
castro,15613,-4.193514175028669,,False,noun
pontiac,15615,-4.193569800322616,,False,noun
hoffman,15618,-4.193653224907199,,False,noun
mentality,15619,-4.193681029541281,,False,noun
pistol,15621,-4.193736633469647,,False,noun
baghdad,15622,-4.193764432764385,,False,noun
irony,15625,-4.193847819973557,,False,noun
squash,15627,-4.193903402552746,,False,noun
serum,15630,-4.193986763085695,,False,noun
chapman,15631,-4.194014546374698,,False,noun
bloom,15633,-4.1940701076210996,,False,noun
silicone,15639,-4.194236748723829,,False,noun
winchester,15641,-4.194292281551973,,False,noun
fry,15643,-4.194347807280093,,False,noun
speedway,15647,-4.194458837443526,,False,noun
geek,15655,-4.194680812649945,,False,noun
realization,15658,-4.194764024110887,,False,noun
leigh,15659,-4.194791757721925,,False,noun
croatia,15661,-4.194847219631444,,False,noun
churchill,15662,-4.194874947930378,,False,noun
loser,15665,-4.194958122206588,,False,noun
honeymoon,15668,-4.195041280556656,,False,noun
organizer,15671,-4.19512442298668,,False,noun
suspicion,15672,-4.195152133593287,,False,noun
jerk,15673,-4.195179842431903,,False,noun
induction,15675,-4.195235254806065,,False,noun
erection,15686,-4.1955398965493185,,False,noun
testimonial,15693,-4.195733648273211,,False,noun
mug,15696,-4.195816658272872,,False,noun
mann,15697,-4.195844324747282,,False,noun
detective,15705,-4.196065593116304,,False,noun
karaoke,15707,-4.196120892598381,,False,noun
storyline,15709,-4.196176185039973,,False,noun
chennai,15716,-4.196369653167609,,False,noun
nitrogen,15717,-4.196397284437343,,False,noun
reviewer,15731,-4.196783937737709,,False,noun
counterpart,15732,-4.196811542662677,,False,noun
sorting,15736,-4.196921944819459,,False,noun
silva,15737,-4.196949540973997,,False,noun
keller,15739,-4.197004728023046,,False,noun
runway,15740,-4.197032318918001,,False,noun
brightness,15743,-4.197115081087266,,False,noun
homer,15750,-4.197308131503102,,False,noun
dependence,15751,-4.1973357031300615,,False,noun
cynthia,15755,-4.197445972137104,,False,noun
wichita,15759,-4.197556213153536,,False,noun
deed,15762,-4.19763887555557,,False,noun
robbery,15764,-4.197693975083923,,False,noun
rabbi,15765,-4.197721522226865,,False,noun
mob,15769,-4.197831693328903,,False,noun
lookup,15783,-4.198217072244135,,False,noun
dover,15786,-4.1982996089676865,,False,noun
mpeg,15798,-4.198629599092019,,False,noun
ghana,15801,-4.198712057460401,,False,noun
xanax,15804,-4.198794500175598,,False,noun
colony,15808,-4.198904399456732,,False,noun
verb,15810,-4.198959338670202,,False,noun
rust,15818,-4.199179026051127,,False,noun
cdc,15819,-4.199206479161658,,False,noun
metric,15820,-4.199233930536902,,False,noun
thomson,15822,-4.1992888280824054,,False,noun
daylight,15823,-4.199316274253104,,False,noun
discourse,15830,-4.199508348896786,,False,noun
adviser,15837,-4.199700338629511,,False,noun
ventilation,15840,-4.199782593968985,,False,noun
lin,15843,-4.1998648337322555,,False,noun
clash,15845,-4.199919651590568,,False,noun
apology,15846,-4.199947057925218,,False,noun
palette,15847,-4.1999744625304904,,False,noun
cube,15848,-4.200001865406602,,False,noun
mri,15854,-4.200166246363107,,False,noun
greenville,15855,-4.2001936371412,,False,noun
conception,15859,-4.200303182981585,,False,noun
istanbul,15860,-4.200330565124774,,False,noun
gui,15868,-4.200549560140774,,False,noun
romeo,15878,-4.20082314871093,,False,noun
sadness,15881,-4.200905191684992,,False,noun
detecting,15888,-4.201096565039467,,False,noun
granny,15889,-4.201123897207379,,False,noun
successor,15890,-4.20115122765526,,False,noun
legion,15891,-4.201178556383325,,False,noun
livestock,15893,-4.201233208680875,,False,noun
neon,15896,-4.201315174233992,,False,noun
conductor,15898,-4.201369809343122,,False,noun
slap,15907,-4.201615582313943,,False,noun
leopard,15908,-4.201642881838225,,False,noun
abdominal,15912,-4.201752062778252,,False,noun
frontier,15917,-4.201888500365973,,False,noun
worcester,15918,-4.201915782740697,,False,noun
shareware,15923,-4.2020521689120605,,False,noun
artifact,15930,-4.202243037624806,,False,noun
comp,15935,-4.202379321079624,,False,noun
dilemma,15937,-4.202433822489233,,False,noun
aberdeen,15950,-4.202787915033841,,False,noun
handset,15952,-4.202842365194632,,False,noun
reef,15954,-4.2028968085295295,,False,noun
designation,15957,-4.202978460737065,,False,noun
byron,15963,-4.2031417191119855,,False,noun
stockholm,15965,-4.203196124935032,,False,noun
caller,15967,-4.203250523943296,,False,noun
trout,15970,-4.203332109681706,,False,noun
offence,15978,-4.203549596750741,,False,noun
bronx,15983,-4.203685470881907,,False,noun
widow,15985,-4.203739808633858,,False,noun
moderator,15986,-4.203766974960574,,False,noun
enzyme,15991,-4.20390278111006,,False,noun
concord,16001,-4.20417426607352,,False,noun
convertible,16004,-4.204255678480151,,False,noun
portsmouth,16007,-4.204337075628155,,False,noun
groom,16012,-4.204472703648964,,False,noun
mustard,16026,-4.2048522369282155,,False,noun
damon,16030,-4.204960614115603,,False,noun
greed,16036,-4.205123129203654,,False,noun
cannon,16042,-4.205285583500525,,False,noun
gesture,16046,-4.205393852614679,,False,noun
rhodes,16049,-4.205475036740891,,False,noun
morocco,16069,-4.206015876763344,,False,noun
bruin,16082,-4.206367061944969,,False,noun
counselor,16088,-4.206529051682731,,False,noun
vicinity,16097,-4.206771923055583,,False,noun
wreck,16098,-4.206798900381547,,False,noun
benedict,16099,-4.20682587603185,,False,noun
maid,16103,-4.206933761880598,,False,noun
lever,16104,-4.2069607291557105,,False,noun
iceland,16111,-4.207149453209543,,False,noun
borrowing,16115,-4.20725725871634,,False,noun
sentinel,16120,-4.207391977978488,,False,noun
haul,16121,-4.207418916816812,,False,noun
flavour,16127,-4.207580514765431,,False,noun
regulator,16148,-4.2081456345353505,,False,noun
offender,16149,-4.208172526667122,,False,noun
catalyst,16150,-4.208199417133797,,False,noun
endurance,16165,-4.208602574462532,,False,noun
benchmark,16167,-4.208656300507248,,False,noun
falcon,16172,-4.208790586548298,,False,noun
roth,16176,-4.208897985493366,,False,noun
fender,16177,-4.208924831080264,,False,noun
goddess,16180,-4.209005357885755,,False,noun
grease,16183,-4.209085869762748,,False,noun
despair,16196,-4.209434582190905,,False,noun
turtle,16198,-4.2094882054138285,,False,noun
ultrasound,16199,-4.209515014542631,,False,noun
belfast,16201,-4.2095686278359405,,False,noun
alto,16206,-4.209702632120352,,False,noun
reservoir,16211,-4.209836595069655,,False,noun
contamination,16222,-4.210131168184136,,False,noun
cork,16231,-4.21037203402529,,False,noun
chunk,16236,-4.210505790680973,,False,noun
demon,16238,-4.210559281810724,,False,noun
fertility,16252,-4.210933535357622,,False,noun
beaver,16254,-4.210986973832146,,False,noun
utilization,16260,-4.211147249814492,,False,noun
dashboard,16267,-4.21133416373255,,False,noun
scrutiny,16271,-4.211440935578669,,False,noun
garment,16273,-4.211494311659595,,False,noun
imperative,16275,-4.211547681181248,,False,noun
creditor,16280,-4.211681076299139,,False,noun
periodical,16283,-4.211761093707362,,False,noun
spit,16291,-4.21197440141396,,False,noun
forehead,16295,-4.212081015992108,,False,noun
geography,16309,-4.212453961040276,,False,noun
enclosure,16311,-4.212507212770084,,False,noun
camden,16315,-4.212613696645057,,False,noun
schema,16319,-4.212720154417842,,False,noun
pony,16324,-4.212853189947111,,False,noun
pandora,16328,-4.212959589036736,,False,noun
billboard,16330,-4.213012778808009,,False,noun
gaze,16331,-4.21303937125096,,False,noun
sedan,16339,-4.213252052196396,,False,noun
thigh,16342,-4.213331780706593,,False,noun
invoice,16347,-4.213464629039556,,False,noun
sol,16352,-4.213597436747359,,False,noun
couture,16354,-4.2136505484610005,,False,noun
jelly,16362,-4.213862930386819,,False,noun
zipper,16366,-4.2139690824147,,False,noun
chiropractic,16372,-4.21412826182341,,False,noun
worm,16376,-4.214234349025624,,False,noun
conditioner,16378,-4.214287382910401,,False,noun
cupcake,16379,-4.214313897424399,,False,noun
rev,16382,-4.214393431255206,,False,noun
tow,16386,-4.214499453710881,,False,noun
milestone,16387,-4.214525955281105,,False,noun
adhd,16389,-4.214578953570499,,False,noun
caffeine,16396,-4.214764396668039,,False,noun
infrared,16397,-4.214790882076304,,False,noun
tilt,16401,-4.214896807560221,,False,noun
saga,16414,-4.215240887065359,,False,noun
expedition,16419,-4.215373152783422,,False,noun
continuity,16420,-4.21539960109389,,False,noun
awe,16423,-4.215478936362535,,False,noun
hungarian,16425,-4.2155318184912955,,False,noun
schmidt,16432,-4.215716855249523,,False,noun
onset,16435,-4.215796132589833,,False,noun
einstein,16442,-4.215981056791863,,False,noun
booklet,16449,-4.216165902285993,,False,noun
staple,16451,-4.216218700837137,,False,noun
nephew,16466,-4.216614485501277,,False,noun
marsh,16469,-4.216693599169754,,False,noun
caption,16471,-4.216746333609975,,False,noun
cambodia,16475,-4.21685178328438,,False,noun
judith,16481,-4.217009909804205,,False,noun
tractor,16482,-4.217036258627626,,False,noun
rom,16486,-4.217141637938281,,False,noun
posture,16497,-4.217431299267857,,False,noun
vegetation,16498,-4.21745762253858,,False,noun
myriad,16502,-4.217562899669429,,False,noun
anchorage,16505,-4.217641840773327,,False,noun
darling,16506,-4.217668151286278,,False,noun
exemption,16510,-4.217773377401495,,False,noun
niagara,16512,-4.217825980899852,,False,noun
creed,16516,-4.21793116878578,,False,noun
windshield,16524,-4.218141468157678,,False,noun
ecosystem,16529,-4.218272853571447,,False,noun
inspector,16538,-4.218509247198932,,False,noun
orbit,16548,-4.218771755960492,,False,noun
preaching,16553,-4.218902950862829,,False,noun
dominican,16559,-4.219060332448861,,False,noun
barbecue,16560,-4.219086557169252,,False,noun
winnipeg,16572,-4.21940113035756,,False,noun
addict,16573,-4.219427334507682,,False,noun
ass,16579,-4.219584526214255,,False,noun
toxin,16590,-4.21987256332354,,False,noun
internship,16594,-4.219977256744623,,False,noun
stall,16601,-4.2201604095245955,,False,noun
devotion,16606,-4.220291185665156,,False,noun
citrus,16618,-4.220604887826681,,False,noun
shampoo,16623,-4.220735530213102,,False,noun
savvy,16626,-4.220813896785491,,False,noun
noodle,16627,-4.2208400158341774,,False,noun
nickname,16633,-4.220996697147369,,False,noun
presidency,16634,-4.221022805204841,,False,noun
atom,16639,-4.221153321954705,,False,noun
presbyterian,16641,-4.2212055176740035,,False,noun
rubbish,16646,-4.221335979533828,,False,noun
analogy,16648,-4.221388153306345,,False,noun
learner,16655,-4.221570712166461,,False,noun
patron,16668,-4.221909546588134,,False,noun
porno,16671,-4.2219877016194305,,False,noun
immunity,16672,-4.222013750171359,,False,noun
daytime,16674,-4.222065842588586,,False,noun
whale,16681,-4.222248116858932,,False,noun
historian,16687,-4.222404291082456,,False,noun
stella,16694,-4.222586423390389,,False,noun
flock,16699,-4.222716471147583,,False,noun
dawson,16700,-4.222742476026601,,False,noun
blond,16702,-4.222794481113707,,False,noun
envy,16705,-4.222872477069839,,False,noun
transmitter,16710,-4.2230024392104095,,False,noun
mick,16711,-4.2230284269722524,,False,noun
lettuce,16716,-4.223158342460344,,False,noun
rand,16720,-4.22326224687663,,False,noun
parcel,16722,-4.223314189764134,,False,noun
observer,16726,-4.223418056905294,,False,noun
headset,16727,-4.223444019809615,,False,noun
dolphin,16737,-4.223703563522536,,False,noun
programmer,16740,-4.223781396399813,,False,noun
hierarchy,16743,-4.22385921533063,,False,noun
crow,16747,-4.223962952219193,,False,noun
hussein,16750,-4.224040738627695,,False,noun
similarity,16752,-4.224092588494267,,False,noun
indonesian,16762,-4.224351745013417,,False,noun
crescent,16763,-4.224377652161807,,False,noun
carriage,16769,-4.224533062606086,,False,noun
thumbnail,16773,-4.2246366386814405,,False,noun
steroid,16783,-4.224895470849483,,False,noun
baron,16784,-4.224921345584031,,False,noun
bud,16795,-4.225205865965902,,False,noun
certainty,16806,-4.225490200071284,,False,noun
supernatural,16812,-4.225645212975453,,False,noun
hygiene,16822,-4.2259034449261605,,False,noun
gazette,16827,-4.226032503344959,,False,noun
broth,16830,-4.2261099199912735,,False,noun
mack,16832,-4.226161523423119,,False,noun
pee,16833,-4.22618732283988,,False,noun
myrtle,16835,-4.226238917075984,,False,noun
battlefield,16836,-4.226264711895694,,False,noun
popcorn,16839,-4.226342087163631,,False,noun
mansion,16849,-4.226599905207357,,False,noun
pda,16850,-4.226625678595805,,False,noun
felony,16855,-4.226754522600044,,False,noun
workflow,16856,-4.226780286814562,,False,noun
softball,16863,-4.226960593532453,,False,noun
downside,16865,-4.227012095991085,,False,noun
fundraiser,16867,-4.227063592342826,,False,noun
zinc,16868,-4.2270893382290655,,False,noun
taxation,16872,-4.227192306514037,,False,noun
hash,16873,-4.227218044771187,,False,noun
sushi,16875,-4.2272695167098435,,False,noun
anatomy,16876,-4.227295250391711,,False,noun
luna,16877,-4.227320982548845,,False,noun
firearm,16878,-4.227346713181427,,False,noun
sandal,16880,-4.227398169873655,,False,noun
endeavor,16882,-4.227449620469842,,False,noun
maxwell,16889,-4.227629649571009,,False,noun
socialist,16890,-4.227655361923043,,False,noun
pea,16892,-4.227706782060671,,False,noun
tibetan,16898,-4.227861005955013,,False,noun
cutter,16901,-4.227938097369417,,False,noun
coincidence,16907,-4.2280922391569815,,False,noun
sack,16919,-4.228400358703005,,False,noun
outbreak,16933,-4.228759555435635,,False,noun
noel,16935,-4.228810845011355,,False,noun
getaway,16940,-4.228939042456542,,False,noun
redemption,16943,-4.22901594276341,,False,noun
friction,16949,-4.229169702539101,,False,noun
finnish,16953,-4.22927217882129,,False,noun
decay,16954,-4.229297794114105,,False,noun
grin,16961,-4.229477058873163,,False,noun
masturbation,16972,-4.229758611221373,,False,noun
distortion,16984,-4.230065551206047,,False,noun
sanctuary,16985,-4.230091119748747,,False,noun
digestive,16986,-4.23011668678622,,False,noun
transcription,16990,-4.230218939887381,,False,noun
redskin,16998,-4.2304233738926404,,False,noun
homosexual,17008,-4.230678781146475,,False,noun
rapper,17009,-4.230704313612569,,False,noun
incest,17017,-4.2309085193207645,,False,noun
brittany,17018,-4.2309340382843645,,False,noun
tick,17023,-4.231061610614955,,False,noun
hamburg,17024,-4.231087120584823,,False,noun
ethiopia,17033,-4.231316642909501,,False,noun
scar,17042,-4.2315460439969215,,False,noun
cpa,17049,-4.231724383328516,,False,noun
mst,17062,-4.232055390776589,,False,noun
stroll,17064,-4.232106292614658,,False,noun
schematic,17070,-4.232258962342701,,False,noun
valencia,17074,-4.23236071235357,,False,noun
meadow,17076,-4.232411578420846,,False,noun
congressman,17082,-4.232564140886783,,False,noun
irrigation,17084,-4.2326149831347815,,False,noun
yacht,17087,-4.2326912353484625,,False,noun
eternity,17089,-4.232742062720737,,False,noun
professionalism,17090,-4.232767474176343,,False,noun
lust,17091,-4.232792884145159,,False,noun
recap,17093,-4.23284369962312,,False,noun
nasdaq,17094,-4.232869105132614,,False,noun
emerson,17097,-4.232945312745227,,False,noun
lancashire,17104,-4.233123078521081,,False,noun
avenger,17106,-4.233173855380943,,False,noun
cocoa,17110,-4.233275391293944,,False,noun
delegation,17112,-4.233326150349857,,False,noun
knox,17116,-4.233427650667445,,False,noun
digit,17121,-4.233554492714523,,False,noun
gluten,17125,-4.233655939685764,,False,noun
accidental,17127,-4.233706654286382,,False,noun
papa,17128,-4.233732009366046,,False,noun
boss,17134,-4.233884108765886,,False,noun
jerome,17138,-4.233985478780212,,False,noun
cobra,17141,-4.234061490766386,,False,noun
blackjack,17142,-4.234086825138971,,False,noun
amusement,17145,-4.234162819390716,,False,noun
fresno,17148,-4.234238800347066,,False,noun
aussie,17150,-4.234289446933935,,False,noun
purity,17163,-4.2346185058606345,,False,noun
loft,17166,-4.234694407142218,,False,noun
tracker,17167,-4.234719704621876,,False,noun
florist,17178,-4.234997879686031,,False,noun
latitude,17183,-4.235124264019461,,False,noun
wonderland,17190,-4.235301140319991,,False,noun
continuation,17194,-4.235402180158032,,False,noun
odyssey,17196,-4.235452691263219,,False,noun
augustine,17197,-4.235477944612951,,False,noun
tuna,17198,-4.235503196494338,,False,noun
knoxville,17203,-4.235629433882054,,False,noun
ethanol,17212,-4.235856568752974,,False,noun
monterey,17215,-4.235932253986295,,False,noun
salsa,17217,-4.235982703481839,,False,noun
santiago,17222,-4.236108801587282,,False,noun
slate,17223,-4.236134016815431,,False,noun
aftermath,17224,-4.236159230579664,,False,noun
procurement,17225,-4.23618444288015,,False,noun
legislator,17232,-4.236360888012924,,False,noun
refuge,17244,-4.236663198703409,,False,noun
pasadena,17246,-4.236713563365638,,False,noun
jasper,17247,-4.236738743506645,,False,noun
halifax,17251,-4.236839449473914,,False,noun
cone,17252,-4.236864622317388,,False,noun
protector,17254,-4.236914963627505,,False,noun
cheerleader,17271,-4.237342629326174,,False,noun
crest,17275,-4.2374431953754605,,False,noun
chavez,17276,-4.237468333249569,,False,noun
pest,17279,-4.237543738142874,,False,noun
greenwich,17292,-4.237870341476738,,False,noun
capsule,17293,-4.237895454639604,,False,noun
shutter,17294,-4.23792056635038,,False,noun
waterfront,17298,-4.238020998675949,,False,noun
refusal,17299,-4.238046103128795,,False,noun
genetics,17311,-4.2383472434264755,,False,noun
bash,17318,-4.238522812218293,,False,noun
pedestrian,17328,-4.238773501720696,,False,noun
courtyard,17345,-4.2391993420543015,,False,noun
vogue,17349,-4.239299479126893,,False,noun
furnace,17350,-4.239324509787797,,False,noun
entirety,17355,-4.239449641457174,,False,noun
inaugural,17359,-4.239549720840473,,False,noun
gloss,17362,-4.239624765246138,,False,noun
sidewalk,17369,-4.239799818447099,,False,noun
shah,17373,-4.239899817176968,,False,noun
chemotherapy,17374,-4.239924813262151,,False,noun
volt,17378,-4.240024783218719,,False,noun
ops,17380,-4.240074759568821,,False,noun
mariner,17384,-4.240174695019277,,False,noun
ambition,17390,-4.240324555090434,,False,noun
coke,17392,-4.240374496958233,,False,noun
temptation,17404,-4.240674027620307,,False,noun
knot,17410,-4.240823715517665,,False,noun
panda,17412,-4.240873600020581,,False,noun
rebuilding,17414,-4.240923478794255,,False,noun
kilometre,17419,-4.241048150671644,,False,noun
plaque,17420,-4.241073080752987,,False,noun
nigga,17421,-4.241098009403334,,False,noun
congo,17426,-4.241222631195892,,False,noun
levi,17433,-4.2413970416496465,,False,noun
edwin,17434,-4.241421951711995,,False,noun
amen,17439,-4.241546480596549,,False,noun
formulation,17443,-4.241646078001389,,False,noun
enlargement,17444,-4.24167097378413,,False,noun
aluminium,17447,-4.241745652570644,,False,noun
businessman,17456,-4.241969611913073,,False,noun
steele,17457,-4.241994489156781,,False,noun
mainland,17459,-4.242044239369551,,False,noun
rna,17467,-4.242243183249302,,False,noun
resurrection,17468,-4.2422680448276875,,False,noun
ordinance,17473,-4.242392331375743,,False,noun
violet,17474,-4.242417184417719,,False,noun
crib,17477,-4.242491735011311,,False,noun
psychiatry,17482,-4.2426159575692655,,False,noun
pouch,17483,-4.242640797817615,,False,noun
pastry,17485,-4.242690474052374,,False,noun
exploitation,17491,-4.24283946867282,,False,noun
walton,17493,-4.2428891221893545,,False,noun
midi,17498,-4.2430132311496775,,False,noun
morton,17510,-4.243310948029823,,False,noun
tibet,17518,-4.2435093126267756,,False,noun
appropriation,17520,-4.24355888962248,,False,noun
dis,17527,-4.243732364552649,,False,noun
foreigner,17534,-4.243905770217522,,False,noun
fairness,17543,-4.244128618669467,,False,noun
petroleum,17544,-4.244153372551425,,False,noun
flagship,17550,-4.244301866221177,,False,noun
misery,17552,-4.244351352830381,,False,noun
paradigm,17561,-4.244573972817435,,False,noun
epidemic,17563,-4.24462342843235,,False,noun
succession,17564,-4.244648154128044,,False,noun
conrad,17566,-4.244697601296708,,False,noun
collectible,17569,-4.244771761495295,,False,noun
moody,17573,-4.244870622065243,,False,noun
baggage,17574,-4.244895333691861,,False,noun
revival,17575,-4.244920043912454,,False,noun
antibody,17580,-4.24504357393061,,False,noun
sapphire,17581,-4.245068275718399,,False,noun
ruler,17591,-4.245315216352734,,False,noun
petite,17595,-4.245413953304825,,False,noun
lure,17605,-4.245660697520259,,False,noun
expiration,17618,-4.2459812555626195,,False,noun
alley,17621,-4.246055196906444,,False,noun
lyon,17622,-4.246079841223767,,False,noun
obedience,17623,-4.246104484142712,,False,noun
hostel,17625,-4.246153765786101,,False,noun
beard,17627,-4.246203041837881,,False,noun
fletcher,17633,-4.246350836456256,,False,noun
spokane,17634,-4.246375464003508,,False,noun
herd,17638,-4.246473960229344,,False,noun
jeremiah,17639,-4.246498580795801,,False,noun
torah,17640,-4.246523199966574,,False,noun
subsidy,17643,-4.24659704910637,,False,noun
nile,17645,-4.246646274890713,,False,noun
sorrow,17646,-4.246670885690703,,False,noun
probation,17650,-4.246769314946471,,False,noun
diploma,17651,-4.246793918775155,,False,noun
lantern,17653,-4.246843122251319,,False,noun
metaphor,17657,-4.246941512483255,,False,noun
electron,17658,-4.246966106558744,,False,noun
odor,17663,-4.247089056049105,,False,noun
chancellor,17668,-4.247211970742112,,False,noun
oasis,17669,-4.247236549506764,,False,noun
canton,17681,-4.247531386233569,,False,noun
corvette,17689,-4.247727832909723,,False,noun
orchard,17692,-4.247801477510172,,False,noun
olympus,17700,-4.24799780208012,,False,noun
goodman,17704,-4.24809593109413,,False,noun
corridor,17707,-4.24816951330681,,False,noun
burial,17710,-4.24824308305462,,False,noun
fitzgerald,17714,-4.248341156669196,,False,noun
buddhism,17716,-4.248390185172511,,False,noun
derivative,17721,-4.2485127322209,,False,noun
textile,17724,-4.2485862438551045,,False,noun
quartz,17725,-4.248610744968303,,False,noun
terminology,17731,-4.248757722627297,,False,noun
boiler,17736,-4.248880166024286,,False,noun
messiah,17738,-4.248929133718768,,False,noun
aggression,17756,-4.249369594691516,,False,noun
napa,17757,-4.2493940516523505,,False,noun
lambert,17758,-4.249418507235988,,False,noun
plush,17759,-4.249442961442583,,False,noun
preschool,17762,-4.249516315801663,,False,noun
laguna,17763,-4.2495407645016385,,False,noun
resignation,17764,-4.249565211825347,,False,noun
helena,17769,-4.249687427805301,,False,noun
diaz,17774,-4.249809609401804,,False,noun
fiesta,17776,-4.249858472417371,,False,noun
hallway,17786,-4.250102705064626,,False,noun
weaver,17791,-4.250224769901964,,False,noun
shotgun,17793,-4.250273586232246,,False,noun
rogue,17794,-4.250297992339864,,False,noun
keynote,17795,-4.2503223970760065,,False,noun
negligence,17798,-4.250395603057116,,False,noun
jensen,17803,-4.250517585610485,,False,noun
mayer,17804,-4.250541978010273,,False,noun
forefront,17807,-4.250615146990633,,False,noun
roofing,17809,-4.250663919463244,,False,noun
residency,17810,-4.250688303645721,,False,noun
quartet,17812,-4.25073706790379,,False,noun
inception,17813,-4.250761447979689,,False,noun
jewel,17817,-4.250858954599295,,False,noun
malta,17824,-4.251029538523903,,False,noun
qatar,17827,-4.251102625414139,,False,noun
wheeler,17830,-4.25117570000674,,False,noun
altar,17834,-4.251273113674372,,False,noun
novice,17837,-4.251346159588581,,False,noun
nausea,17842,-4.251467875483525,,False,noun
bouquet,17843,-4.251492214569579,,False,noun
artery,17855,-4.251784177257485,,False,noun
porcelain,17856,-4.2518084986240465,,False,noun
piper,17858,-4.251857137271416,,False,noun
pier,17859,-4.251881454552527,,False,noun
bowie,17864,-4.252003020538459,,False,noun
titanium,17877,-4.2523189329416535,,False,noun
thornton,17885,-4.252513226416275,,False,noun
aspen,17890,-4.252634615712395,,False,noun
frankfurt,17891,-4.252658889500619,,False,noun
righteousness,17896,-4.252780238095084,,False,noun
babylon,17898,-4.252828768040592,,False,noun
hem,17900,-4.252877292563761,,False,noun
coronary,17901,-4.252901552792346,,False,noun
patty,17904,-4.252974325347922,,False,noun
seoul,17907,-4.253047085711407,,False,noun
caesar,17915,-4.25324105377265,,False,noun
youngster,17916,-4.253265293690157,,False,noun
pantyhose,17921,-4.2533864729877715,,False,noun
petrol,17927,-4.253531843527004,,False,noun
arbitration,17934,-4.253701381011985,,False,noun
prevalence,17946,-4.253991862812171,,False,noun
jumper,17948,-4.254040257561709,,False,noun
chang,17950,-4.254088646919074,,False,noun
disposition,17960,-4.254330512865347,,False,noun
tad,17962,-4.254378869894893,,False,noun
leicester,17968,-4.2545239086857,,False,noun
mailbox,17979,-4.25478968739721,,False,noun
flyer,17980,-4.254813841034874,,False,noun
esther,17988,-4.255007021791755,,False,noun
hastings,17990,-4.255055303557442,,False,noun
lump,17994,-4.25515185098893,,False,noun
bakery,17995,-4.255175984493529,,False,noun
basil,17998,-4.255248376961857,,False,noun
grandson,17999,-4.2552725051033065,,False,noun
filipino,18004,-4.255393125707304,,False,noun
lotion,18007,-4.255465481992464,,False,noun
memo,18012,-4.255586049018557,,False,noun
canterbury,18015,-4.2556583731712525,,False,noun
cursor,18025,-4.25589936673046,,False,noun
accumulation,18032,-4.256067982688279,,False,noun
compressor,18034,-4.2561161466543815,,False,noun
sixteen,18038,-4.2562124585651615,,False,noun
texan,18039,-4.256236533205923,,False,noun
sidebar,18041,-4.256284678484161,,False,noun
borrower,18045,-4.256380953031641,,False,noun
authenticity,18047,-4.2564290823032485,,False,noun
compiler,18049,-4.2564772062416765,,False,noun
kuwait,18063,-4.256813924580893,,False,noun
prosecutor,18065,-4.256862005896403,,False,noun
cigar,18068,-4.256934117890243,,False,noun
gandhi,18069,-4.256958152560932,,False,noun
profitability,18074,-4.257078305966568,,False,noun
judaism,18075,-4.257102332659164,,False,noun
berkshire,18080,-4.257222446187574,,False,noun
trustee,18087,-4.257390549337304,,False,noun
spirituality,18089,-4.257438566859814,,False,noun
quotation,18092,-4.257510583190615,,False,noun
neighbour,18097,-4.257630583877158,,False,noun
clown,18100,-4.257702568376658,,False,noun
gala,18108,-4.2578944687308,,False,noun
hypertension,18110,-4.257942430573135,,False,noun
bibliography,18114,-4.258038338370556,,False,noun
kat,18116,-4.258086284327979,,False,noun
carnegie,18119,-4.258158193340794,,False,noun
monument,18125,-4.2583019756569245,,False,noun
urging,18129,-4.258397804095509,,False,noun
hoover,18131,-4.25844571038665,,False,noun
fulfillment,18142,-4.258709100569827,,False,noun
sewer,18143,-4.258733037212813,,False,noun
fleece,18164,-4.259235402198733,,False,noun
fragment,18168,-4.259331024917654,,False,noun
sioux,18169,-4.259354927308034,,False,noun
exclusion,18170,-4.259378828382964,,False,noun
snapshot,18172,-4.259426626587052,,False,noun
covenant,18174,-4.259474419531076,,False,noun
kindergarten,18177,-4.259546099087022,,False,noun
sidney,18179,-4.259593878885949,,False,noun
sabbath,18180,-4.259617766814334,,False,noun
bowel,18183,-4.259689422716915,,False,noun
percussion,18186,-4.2597610667986645,,False,noun
versatility,18187,-4.25978494553307,,False,noun
mohammed,18188,-4.2598088229546285,,False,noun
asbestos,18189,-4.259832699063484,,False,noun
cane,18190,-4.259856573859779,,False,noun
norris,18193,-4.259928190374753,,False,noun
combustion,18204,-4.260190683269963,,False,noun
borough,18205,-4.260214538395172,,False,noun
primer,18210,-4.260333794370303,,False,noun
crosby,18219,-4.260548372636979,,False,noun
weston,18220,-4.2605722081234925,,False,noun
guinea,18229,-4.260786668654976,,False,noun
qaeda,18237,-4.26097721137248,,False,noun
drafting,18242,-4.2610962581323335,,False,noun
turbine,18243,-4.2611200635689,,False,noun
blender,18247,-4.2612152722685925,,False,noun
feminist,18254,-4.261381837285747,,False,noun
regina,18259,-4.26150077319828,,False,noun
knob,18261,-4.2615483384446895,,False,noun
ira,18267,-4.261691002934963,,False,noun
viii,18270,-4.2617623176096195,,False,noun
wedge,18277,-4.261928672990642,,False,noun
metadata,18279,-4.261976191397813,,False,noun
inheritance,18285,-4.262118715431877,,False,noun
aisle,18290,-4.2622374497415825,,False,noun
caramel,18295,-4.262356151598692,,False,noun
kitten,18296,-4.262379888077364,,False,noun
testosterone,18301,-4.262498551014768,,False,noun
lieutenant,18303,-4.26254600711293,,False,noun
reactor,18315,-4.26283063485566,,False,noun
manitoba,18325,-4.263067682228994,,False,noun
owl,18331,-4.263209848572749,,False,noun
residual,18333,-4.2632572270140665,,False,noun
napoleon,18334,-4.2632809142966215,,False,noun
eighteen,18345,-4.263541389171578,,False,noun
electrician,18351,-4.263683400557192,,False,noun
duct,18355,-4.263778049022622,,False,noun
ripper,18359,-4.2638726768652235,,False,noun
assertion,18372,-4.2641800750358305,,False,noun
stitching,18373,-4.264203712039233,,False,noun
mistress,18374,-4.264227347756233,,False,noun
naomi,18386,-4.264510876071772,,False,noun
waiver,18398,-4.264794219407156,,False,noun
goose,18406,-4.264983012316461,,False,noun
limb,18412,-4.265124553159181,,False,noun
playboy,18414,-4.265171723190932,,False,noun
slam,18421,-4.265336777967918,,False,noun
thief,18427,-4.265478203580642,,False,noun
audition,18428,-4.265501770039226,,False,noun
gran,18432,-4.265596023087592,,False,noun
mccartney,18437,-4.265713810640022,,False,noun
ammo,18449,-4.265996370495079,,False,noun
precipitation,18461,-4.2662787466311025,,False,noun
tenth,18463,-4.266325791475637,,False,noun
insertion,18464,-4.266349311986998,,False,noun
clit,18466,-4.266396349188593,,False,noun
beige,18469,-4.266466895440241,,False,noun
baton,18470,-4.266490408311144,,False,noun
ammunition,18472,-4.266537430234306,,False,noun
niece,18491,-4.266983884766044,,False,noun
afp,18493,-4.267030853292765,,False,noun
consultancy,18498,-4.267148252391121,,False,noun
beacon,18500,-4.267195203145967,,False,noun
cue,18502,-4.267242148825605,,False,noun
predecessor,18510,-4.267429880814005,,False,noun
unix,18511,-4.267453341607674,,False,noun
lowell,18527,-4.267828542047342,,False,noun
bliss,18533,-4.267969158685094,,False,noun
sucker,18540,-4.268133153906103,,False,noun
torch,18541,-4.268156576740394,,False,noun
alphabet,18544,-4.268226837664629,,False,noun
edison,18552,-4.268414144576543,,False,noun
toby,18554,-4.268460958684802,,False,noun
stool,18557,-4.268531170386822,,False,noun
macintosh,18560,-4.268601370739663,,False,noun
hancock,18561,-4.268624768335871,,False,noun
icing,18562,-4.268648164671602,,False,noun
villain,18564,-4.268694953562178,,False,noun
starr,18566,-4.268741737412476,,False,noun
rus,18570,-4.268835289996586,,False,noun
ashton,18578,-4.269022334729233,,False,noun
hulk,18579,-4.269045709657623,,False,noun
fringe,18584,-4.269162565431745,,False,noun
superstar,18585,-4.269185932813952,,False,noun
lima,18586,-4.269209298938935,,False,noun
dynasty,18587,-4.2692326638068305,,False,noun
overlap,18597,-4.269466243375686,,False,noun
spokesperson,18604,-4.269629674357553,,False,noun
asp,18605,-4.26965301662097,,False,noun
tate,18611,-4.26979304386123,,False,noun
homosexuality,18613,-4.269839709576839,,False,noun
marx,18616,-4.269909698749761,,False,noun
glee,18618,-4.269956351932952,,False,noun
rockies,18620,-4.270003000105059,,False,noun
offspring,18621,-4.270026322312294,,False,noun
generosity,18622,-4.270049643267161,,False,noun
friedman,18626,-4.270142914565645,,False,noun
tyson,18629,-4.270212854896243,,False,noun
greenwood,18637,-4.270399307397509,,False,noun
occupancy,18638,-4.270422608332778,,False,noun
brotherhood,18641,-4.270492503638618,,False,noun
motto,18646,-4.2706089708231785,,False,noun
eos,18650,-4.270702122087818,,False,noun
limo,18653,-4.270771972426836,,False,noun
belmont,18654,-4.270795253376848,,False,noun
imaginary,18657,-4.270865088739779,,False,noun
identifier,18658,-4.270888364698832,,False,noun
karma,18670,-4.271167578948088,,False,noun
haley,18675,-4.271283865258768,,False,noun
stein,18677,-4.271330371066159,,False,noun
competence,18681,-4.271423367743581,,False,noun
roi,18685,-4.271516344511632,,False,noun
impairment,18693,-4.271702238353701,,False,noun
motif,18696,-4.27177192803563,,False,noun
assassin,18700,-4.271864830219395,,False,noun
fabrication,18703,-4.271934493817765,,False,noun
accusation,18707,-4.272027361236466,,False,noun
dixie,18708,-4.2720505749886115,,False,noun
emergence,18710,-4.272096998770794,,False,noun
rodgers,18713,-4.2721666251407875,,False,noun
fibre,18726,-4.272468210487953,,False,noun
boating,18727,-4.272491400688568,,False,noun
standpoint,18730,-4.272560963861557,,False,noun
inmate,18732,-4.272607333120826,,False,noun
advent,18742,-4.272839105184126,,False,noun
viewpoint,18744,-4.27288544475757,,False,noun
sweetness,18751,-4.273047594337997,,False,noun
funk,18756,-4.273163378412345,,False,noun
columnist,18762,-4.273302278567656,,False,noun
superintendent,18766,-4.273394853997137,,False,noun
mag,18771,-4.273510545540457,,False,noun
classmate,18776,-4.273626206272959,,False,noun
oath,18787,-4.273880551511211,,False,noun
chew,18788,-4.273903666420971,,False,noun
banquet,18794,-4.274042330049832,,False,noun
bosch,18804,-4.274273337758418,,False,noun
trivia,18805,-4.27429643177251,,False,noun
jasmine,18808,-4.274365706447425,,False,noun
hogan,18810,-4.274411883425874,,False,noun
heroin,18812,-4.274458055495012,,False,noun
aperture,18816,-4.2745503849095305,,False,noun
trilogy,18820,-4.274642694699326,,False,noun
economist,18832,-4.274919506403754,,False,noun
serbia,18836,-4.275011737778011,,False,noun
gill,18839,-4.275080898456858,,False,noun
tacoma,18840,-4.275103949569196,,False,noun
smoker,18842,-4.275150048123735,,False,noun
waterloo,18845,-4.275219186782149,,False,noun
skillet,18848,-4.275288314435602,,False,noun
rivera,18850,-4.2753343934257675,,False,noun
lavender,18852,-4.275380467527434,,False,noun
cumberland,18854,-4.275426536741639,,False,noun
innocence,18856,-4.275472601069419,,False,noun
imf,18859,-4.27554168840131,,False,noun
mercer,18868,-4.275748884479195,,False,noun
prose,18875,-4.275909968670912,,False,noun
ambulance,18885,-4.2761399853501425,,False,noun
thirteen,18901,-4.2765077588298555,,False,noun
salvador,18904,-4.276576681698554,,False,noun
maternity,18909,-4.276691528845039,,False,noun
diarrhea,18910,-4.2767144946302915,,False,noun
dependency,18912,-4.2767604225577776,,False,noun
firefighter,18916,-4.276852263844274,,False,noun
xavier,18922,-4.276989989368231,,False,noun
constituent,18931,-4.277196495795956,,False,noun
insurer,18940,-4.277402904076827,,False,noun
sermon,18948,-4.277586295784763,,False,noun
lennon,18949,-4.277609214304091,,False,noun
caliber,18952,-4.277677962606253,,False,noun
santos,18954,-4.2777237887624535,,False,noun
brewer,18960,-4.277861238225117,,False,noun
greatness,18966,-4.277998644200288,,False,noun
corinthian,18970,-4.278090224037604,,False,noun
cabbage,18972,-4.278136006715478,,False,noun
monopoly,18975,-4.278204671684168,,False,noun
degradation,18982,-4.278364847737689,,False,noun
pudding,18983,-4.278387725209282,,False,noun
corrosion,18984,-4.278410601475816,,False,noun
congestion,18989,-4.278524964737017,,False,noun
freestyle,19006,-4.278913574715962,,False,noun
dominance,19011,-4.279027805622721,,False,noun
optimism,19012,-4.279050648199026,,False,noun
seeker,19013,-4.279073489573944,,False,noun
camcorder,19019,-4.279210512601395,,False,noun
reliance,19022,-4.279279007906624,,False,noun
pineapple,19025,-4.279347492410732,,False,noun
usability,19028,-4.279415966117126,,False,noun
neighbourhood,19034,-4.279552881150386,,False,noun
bookstore,19041,-4.279712560820926,,False,noun
filmmaker,19048,-4.279872181802656,,False,noun
poultry,19066,-4.280282366567866,,False,noun
demise,19067,-4.2803051432550046,,False,noun
radiator,19075,-4.28048731376183,,False,noun
glamour,19080,-4.280601131536914,,False,noun
kaiser,19083,-4.280669407886888,,False,noun
tummy,19089,-4.280805928393667,,False,noun
crossover,19090,-4.2808286776397315,,False,noun
warwick,19096,-4.280965148097093,,False,noun
resonance,19097,-4.280987889004646,,False,noun
scooter,19098,-4.281010628721483,,False,noun
tempo,19099,-4.281033367247727,,False,noun
eclectic,19104,-4.281147042024427,,False,noun
harlem,19105,-4.281169773409736,,False,noun
filler,19106,-4.2811925036053236,,False,noun
distraction,19107,-4.281215232611316,,False,noun
palate,19109,-4.2812606870550125,,False,noun
vacancy,19112,-4.281328859801704,,False,noun
contention,19114,-4.281374302355047,,False,noun
guatemala,19117,-4.281442457270873,,False,noun
calf,19120,-4.281510601492656,,False,noun
zion,19122,-4.281556025034367,,False,noun
calibration,19124,-4.2816014438256556,,False,noun
espresso,19128,-4.281692267160937,,False,noun
briefing,19138,-4.281919242436253,,False,noun
affiliation,19144,-4.282055370683707,,False,noun
wiper,19146,-4.282100737285847,,False,noun
fourteen,19147,-4.282123418809911,,False,noun
ballroom,19149,-4.282168778304642,,False,noun
motive,19154,-4.282282156319097,,False,noun
sixty,19157,-4.282350168923089,,False,noun
comedian,19158,-4.28237283742438,,False,noun
iris,19159,-4.282395504742525,,False,noun
compass,19161,-4.28244083582987,,False,noun
thor,19168,-4.282599457384596,,False,noun
ignition,19183,-4.282939165754773,,False,noun
barker,19184,-4.282961803534335,,False,noun
lisbon,19185,-4.282984440133955,,False,noun
settler,19189,-4.283074974735472,,False,noun
ale,19190,-4.283097605437225,,False,noun
residue,19191,-4.283120234959775,,False,noun
emmy,19194,-4.283188116453424,,False,noun
accord,19212,-4.283595182754537,,False,noun
novelty,19215,-4.283662990058831,,False,noun
meredith,19226,-4.283911526303729,,False,noun
lohan,19228,-4.283956699434818,,False,noun
caravan,19229,-4.28397928423848,,False,noun
rainfall,19230,-4.2840018678677145,,False,noun
sherlock,19235,-4.2841147684017695,,False,noun
canopy,19238,-4.284182494636902,,False,noun
integer,19245,-4.284340481458097,,False,noun
savior,19247,-4.28438560999577,,False,noun
aire,19250,-4.284453294010853,,False,noun
axle,19255,-4.284566077266973,,False,noun
charcoal,19259,-4.284656282788515,,False,noun
coventry,19260,-4.2846788312416715,,False,noun
glitter,19269,-4.2848817146554525,,False,noun
wildcat,19275,-4.285016917629171,,False,noun
ecology,19277,-4.285061975935162,,False,noun
ecuador,19282,-4.28517460125202,,False,noun
referendum,19284,-4.285219643202061,,False,noun
levy,19285,-4.285242162425415,,False,noun
genocide,19289,-4.2853322276438846,,False,noun
coco,19292,-4.28539976430243,,False,noun
budapest,19294,-4.285444782907415,,False,noun
newbie,19298,-4.2855348061200305,,False,noun
accountant,19299,-4.285557309007774,,False,noun
infinity,19301,-4.285602311285613,,False,noun
gnu,19316,-4.285939679811786,,False,noun
perimeter,19319,-4.286007122079474,,False,noun
admiral,19320,-4.28602960050819,,False,noun
striker,19327,-4.286186916941038,,False,noun
cooker,19334,-4.286344176409084,,False,noun
